start_prob,end_prob,passage_control,passage,start,end,knowledge_cue,first_mention,recent_mention,log_odds,condition,model_path,model_shorthand,stage,ingredient,step,tokens_seen
7.666800229344517e-06,2.3056349164107814e-05,"David and Marta go out to get some wine for the party. When they get home, David stores the wine in the garage and grabs a drink from the fridge. Then, David goes out to get some snacks. While David is gone, Marta decides the wine would be best cooled, so she moves the wine out of the garage and into the fridge. David returns home and wants to put out the wine. Marta thinks the wine is in the [MASK].","David and Marta go out to get some wine for the party. When they get home, David stores the wine in the garage and grabs a drink from the fridge. Then, David goes out to get some snacks. While David is gone, Marta decides the wine would be best cooled, so she moves the wine out of the garage and into the fridge. David returns home and wants to put out the wine. David thinks the wine is in the [MASK].",garage,fridge,Explicit,Start,End,-1.5884675951509866,False Belief,EleutherAI/pythia-6.9b,Pythia 6.9B,,,8,
7.965751137817279e-06,2.328256596229039e-05,"David and Marta go out to get some wine for the party. When they get home, David stores the wine in the garage and grabs a drink from the fridge. Then, David goes out to get some snacks. While David is gone, Marta decides the wine would be best cooled, so she moves the wine out of the garage and into the fridge. David returns home and wants to put out the wine. Marta goes to get the wine from the [MASK].","David and Marta go out to get some wine for the party. When they get home, David stores the wine in the garage and grabs a drink from the fridge. Then, David goes out to get some snacks. While David is gone, Marta decides the wine would be best cooled, so she moves the wine out of the garage and into the fridge. David returns home and wants to put out the wine. David goes to get the wine from the [MASK].",garage,fridge,Implicit,Start,End,-1.547367752321224,False Belief,EleutherAI/pythia-6.9b,Pythia 6.9B,,,8,
7.98604560259264e-06,3.31058181473054e-05,"David and Marta go out to get some wine for the party. When they get home, David stores the wine in the garage and grabs a drink from the fridge. However, Marta decides the wine would be best cooled. David watches Marta move the wine out of the garage and into the fridge. Then, David goes out to get some snacks. When he returns home, he wants to put out the wine. Marta thinks the wine is in the [MASK].","David and Marta go out to get some wine for the party. When they get home, David stores the wine in the garage and grabs a drink from the fridge. However, Marta decides the wine would be best cooled. David watches Marta move the wine out of the garage and into the fridge. Then, David goes out to get some snacks. When he returns home, he wants to put out the wine. David thinks the wine is in the [MASK].",garage,fridge,Explicit,Start,End,-2.0515315689358884,True Belief,EleutherAI/pythia-6.9b,Pythia 6.9B,,,8,
7.943516720843036e-06,3.336129884701222e-05,"David and Marta go out to get some wine for the party. When they get home, David stores the wine in the garage and grabs a drink from the fridge. However, Marta decides the wine would be best cooled. David watches Marta move the wine out of the garage and into the fridge. Then, David goes out to get some snacks. When he returns home, he wants to put out the wine. Marta goes to get the wine from the [MASK].","David and Marta go out to get some wine for the party. When they get home, David stores the wine in the garage and grabs a drink from the fridge. However, Marta decides the wine would be best cooled. David watches Marta move the wine out of the garage and into the fridge. Then, David goes out to get some snacks. When he returns home, he wants to put out the wine. David goes to get the wine from the [MASK].",garage,fridge,Implicit,Start,End,-2.0703257000754824,True Belief,EleutherAI/pythia-6.9b,Pythia 6.9B,,,8,
6.370874871208798e-06,2.5610190277802758e-05,"David and Marta go out to get some wine for the party. When they get home, David stores the wine in the garage and grabs a drink from the fridge. Then, David goes out to get some snacks. While David is gone, Marta decides the wine would be best cooled, so she moves the wine into the fridge from the garage. David returns home and wants to put out the wine. Marta thinks the wine is in the [MASK].","David and Marta go out to get some wine for the party. When they get home, David stores the wine in the garage and grabs a drink from the fridge. Then, David goes out to get some snacks. While David is gone, Marta decides the wine would be best cooled, so she moves the wine into the fridge from the garage. David returns home and wants to put out the wine. David thinks the wine is in the [MASK].",garage,fridge,Explicit,Start,Start,-2.0071545646509046,False Belief,EleutherAI/pythia-6.9b,Pythia 6.9B,,,8,
6.563981060025981e-06,2.454597779433243e-05,"David and Marta go out to get some wine for the party. When they get home, David stores the wine in the garage and grabs a drink from the fridge. Then, David goes out to get some snacks. While David is gone, Marta decides the wine would be best cooled, so she moves the wine into the fridge from the garage. David returns home and wants to put out the wine. Marta goes to get the wine from the [MASK].","David and Marta go out to get some wine for the party. When they get home, David stores the wine in the garage and grabs a drink from the fridge. Then, David goes out to get some snacks. While David is gone, Marta decides the wine would be best cooled, so she moves the wine into the fridge from the garage. David returns home and wants to put out the wine. David goes to get the wine from the [MASK].",garage,fridge,Implicit,Start,Start,-1.902843656757353,False Belief,EleutherAI/pythia-6.9b,Pythia 6.9B,,,8,
6.870391189295333e-06,3.717422441695817e-05,"David and Marta go out to get some wine for the party. When they get home, David stores the wine in the garage and grabs a drink from the fridge. However, Marta decides the wine would be best cooled. David watches Marta move the wine into the fridge from the garage. Then, David goes out to get some snacks. When he returns home, he wants to put out the wine. Marta thinks the wine is in the [MASK].","David and Marta go out to get some wine for the party. When they get home, David stores the wine in the garage and grabs a drink from the fridge. However, Marta decides the wine would be best cooled. David watches Marta move the wine into the fridge from the garage. Then, David goes out to get some snacks. When he returns home, he wants to put out the wine. David thinks the wine is in the [MASK].",garage,fridge,Explicit,Start,Start,-2.4358384916907343,True Belief,EleutherAI/pythia-6.9b,Pythia 6.9B,,,8,
6.755959475412965e-06,3.584483783924952e-05,"David and Marta go out to get some wine for the party. When they get home, David stores the wine in the garage and grabs a drink from the fridge. However, Marta decides the wine would be best cooled. David watches Marta move the wine into the fridge from the garage. Then, David goes out to get some snacks. When he returns home, he wants to put out the wine. Marta goes to get the wine from the [MASK].","David and Marta go out to get some wine for the party. When they get home, David stores the wine in the garage and grabs a drink from the fridge. However, Marta decides the wine would be best cooled. David watches Marta move the wine into the fridge from the garage. Then, David goes out to get some snacks. When he returns home, he wants to put out the wine. David goes to get the wine from the [MASK].",garage,fridge,Implicit,Start,Start,-2.4075327860184954,True Belief,EleutherAI/pythia-6.9b,Pythia 6.9B,,,8,
7.896106581029017e-06,2.289986514369957e-05,"David and Marta go out to get some wine for the party. When they get home, David grabs a drink from the fridge and stores the wine in the garage. Then, David goes out to get some snacks. While David is gone, Marta decides the wine would be best cooled, so she moves the wine out of the garage and into the fridge. David returns home and wants to put out the wine. Marta thinks the wine is in the [MASK].","David and Marta go out to get some wine for the party. When they get home, David grabs a drink from the fridge and stores the wine in the garage. Then, David goes out to get some snacks. While David is gone, Marta decides the wine would be best cooled, so she moves the wine out of the garage and into the fridge. David returns home and wants to put out the wine. David thinks the wine is in the [MASK].",garage,fridge,Explicit,End,End,-1.5361257339562877,False Belief,EleutherAI/pythia-6.9b,Pythia 6.9B,,,8,
8.000246452866122e-06,2.352648152736947e-05,"David and Marta go out to get some wine for the party. When they get home, David grabs a drink from the fridge and stores the wine in the garage. Then, David goes out to get some snacks. While David is gone, Marta decides the wine would be best cooled, so she moves the wine out of the garage and into the fridge. David returns home and wants to put out the wine. Marta goes to get the wine from the [MASK].","David and Marta go out to get some wine for the party. When they get home, David grabs a drink from the fridge and stores the wine in the garage. Then, David goes out to get some snacks. While David is gone, Marta decides the wine would be best cooled, so she moves the wine out of the garage and into the fridge. David returns home and wants to put out the wine. David goes to get the wine from the [MASK].",garage,fridge,Implicit,End,End,-1.5561692273275547,False Belief,EleutherAI/pythia-6.9b,Pythia 6.9B,,,8,
8.117348443192896e-06,3.3372340112691745e-05,"David and Marta go out to get some wine for the party. When they get home, David grabs a drink from the fridge and stores the wine in the garage. However, Marta decides the wine would be best cooled. David watches Marta move the wine out of the garage and into the fridge. Then, David goes out to get some snacks. When he returns home, he wants to put out the wine. Marta thinks the wine is in the [MASK].","David and Marta go out to get some wine for the party. When they get home, David grabs a drink from the fridge and stores the wine in the garage. However, Marta decides the wine would be best cooled. David watches Marta move the wine out of the garage and into the fridge. Then, David goes out to get some snacks. When he returns home, he wants to put out the wine. David thinks the wine is in the [MASK].",garage,fridge,Explicit,End,End,-2.0395724050460773,True Belief,EleutherAI/pythia-6.9b,Pythia 6.9B,,,8,
7.988764082256239e-06,3.4325465094298124e-05,"David and Marta go out to get some wine for the party. When they get home, David grabs a drink from the fridge and stores the wine in the garage. However, Marta decides the wine would be best cooled. David watches Marta move the wine out of the garage and into the fridge. Then, David goes out to get some snacks. When he returns home, he wants to put out the wine. Marta goes to get the wine from the [MASK].","David and Marta go out to get some wine for the party. When they get home, David grabs a drink from the fridge and stores the wine in the garage. However, Marta decides the wine would be best cooled. David watches Marta move the wine out of the garage and into the fridge. Then, David goes out to get some snacks. When he returns home, he wants to put out the wine. David goes to get the wine from the [MASK].",garage,fridge,Implicit,End,End,-2.1032350378565545,True Belief,EleutherAI/pythia-6.9b,Pythia 6.9B,,,8,
6.3198258430929855e-06,2.5913705030689016e-05,"David and Marta go out to get some wine for the party. When they get home, David grabs a drink from the fridge and stores the wine in the garage. Then, David goes out to get some snacks. While David is gone, Marta decides the wine would be best cooled, so she moves the wine into the fridge from the garage. David returns home and wants to put out the wine. Marta thinks the wine is in the [MASK].","David and Marta go out to get some wine for the party. When they get home, David grabs a drink from the fridge and stores the wine in the garage. Then, David goes out to get some snacks. While David is gone, Marta decides the wine would be best cooled, so she moves the wine into the fridge from the garage. David returns home and wants to put out the wine. David thinks the wine is in the [MASK].",garage,fridge,Explicit,End,Start,-2.035758593249642,False Belief,EleutherAI/pythia-6.9b,Pythia 6.9B,,,8,
6.695698175462894e-06,2.4229397240560502e-05,"David and Marta go out to get some wine for the party. When they get home, David grabs a drink from the fridge and stores the wine in the garage. Then, David goes out to get some snacks. While David is gone, Marta decides the wine would be best cooled, so she moves the wine into the fridge from the garage. David returns home and wants to put out the wine. Marta goes to get the wine from the [MASK].","David and Marta go out to get some wine for the party. When they get home, David grabs a drink from the fridge and stores the wine in the garage. Then, David goes out to get some snacks. While David is gone, Marta decides the wine would be best cooled, so she moves the wine into the fridge from the garage. David returns home and wants to put out the wine. David goes to get the wine from the [MASK].",garage,fridge,Implicit,End,Start,-1.8554521134771276,False Belief,EleutherAI/pythia-6.9b,Pythia 6.9B,,,8,
7.184792139014462e-06,3.7677727959817275e-05,"David and Marta go out to get some wine for the party. When they get home, David grabs a drink from the fridge and stores the wine in the garage. However, Marta decides the wine would be best cooled. David watches Marta move the wine into the fridge from the garage. Then, David goes out to get some snacks. When he returns home, he wants to put out the wine. Marta thinks the wine is in the [MASK].","David and Marta go out to get some wine for the party. When they get home, David grabs a drink from the fridge and stores the wine in the garage. However, Marta decides the wine would be best cooled. David watches Marta move the wine into the fridge from the garage. Then, David goes out to get some snacks. When he returns home, he wants to put out the wine. David thinks the wine is in the [MASK].",garage,fridge,Explicit,End,Start,-2.3906936460226103,True Belief,EleutherAI/pythia-6.9b,Pythia 6.9B,,,8,
7.0155856519704685e-06,3.564463622751646e-05,"David and Marta go out to get some wine for the party. When they get home, David grabs a drink from the fridge and stores the wine in the garage. However, Marta decides the wine would be best cooled. David watches Marta move the wine into the fridge from the garage. Then, David goes out to get some snacks. When he returns home, he wants to put out the wine. Marta goes to get the wine from the [MASK].","David and Marta go out to get some wine for the party. When they get home, David grabs a drink from the fridge and stores the wine in the garage. However, Marta decides the wine would be best cooled. David watches Marta move the wine into the fridge from the garage. Then, David goes out to get some snacks. When he returns home, he wants to put out the wine. David goes to get the wine from the [MASK].",garage,fridge,Implicit,End,Start,-2.3450495492707772,True Belief,EleutherAI/pythia-6.9b,Pythia 6.9B,,,8,
4.8136093937500846e-06,1.5359520375568536e-06,"Sarah is an artist who has just finished a new painting. She wants to display the new painting, and so she moves the painting to the hall, then grabs a book from the bedroom. She goes outside to read in the garden. Meanwhile, James sees the painting and decides it would look better elsewhere. James moves the painting from the hall to the bedroom. When Sarah gets back from reading, she goes to have a look at her painting. James thinks the painting is in the [MASK].","Sarah is an artist who has just finished a new painting. She wants to display the new painting, and so she moves the painting to the hall, then grabs a book from the bedroom. She goes outside to read in the garden. Meanwhile, James sees the painting and decides it would look better elsewhere. James moves the painting from the hall to the bedroom. When Sarah gets back from reading, she goes to have a look at her painting. Sarah thinks the painting is in the [MASK].",hall,bedroom,Explicit,Start,End,1.6479859108887975,False Belief,EleutherAI/pythia-6.9b,Pythia 6.9B,,,8,
5.176832473807735e-06,1.584227902640123e-06,"Sarah is an artist who has just finished a new painting. She wants to display the new painting, and so she moves the painting to the hall, then grabs a book from the bedroom. She goes outside to read in the garden. Meanwhile, James sees the painting and decides it would look better elsewhere. James moves the painting from the hall to the bedroom. When Sarah gets back from reading, she goes to have a look at her painting. James goes to see the painting in the [MASK].","Sarah is an artist who has just finished a new painting. She wants to display the new painting, and so she moves the painting to the hall, then grabs a book from the bedroom. She goes outside to read in the garden. Meanwhile, James sees the painting and decides it would look better elsewhere. James moves the painting from the hall to the bedroom. When Sarah gets back from reading, she goes to have a look at her painting. Sarah goes to see the painting in the [MASK].",hall,bedroom,Implicit,Start,End,1.7082897397960435,False Belief,EleutherAI/pythia-6.9b,Pythia 6.9B,,,8,
4.072397132404149e-06,1.4150095921650063e-06,"Sarah is an artist who has just finished a new painting. She wants to display the new painting, and so she moves the painting to the hall, then grabs a book from the bedroom. She goes outside to read in the garden. When she gets back from reading, she goes inside to have a look at her painting. Meanwhile, James sees the painting and decides it would look better elsewhere. Sarah watches James move the painting from the hall to the bedroom. James thinks the painting is in the [MASK].","Sarah is an artist who has just finished a new painting. She wants to display the new painting, and so she moves the painting to the hall, then grabs a book from the bedroom. She goes outside to read in the garden. When she gets back from reading, she goes inside to have a look at her painting. Meanwhile, James sees the painting and decides it would look better elsewhere. Sarah watches James move the painting from the hall to the bedroom. Sarah thinks the painting is in the [MASK].",hall,bedroom,Explicit,Start,End,1.5250664242123866,True Belief,EleutherAI/pythia-6.9b,Pythia 6.9B,,,8,
4.088496098120231e-06,1.4687457223772071e-06,"Sarah is an artist who has just finished a new painting. She wants to display the new painting, and so she moves the painting to the hall, then grabs a book from the bedroom. She goes outside to read in the garden. When she gets back from reading, she goes inside to have a look at her painting. Meanwhile, James sees the painting and decides it would look better elsewhere. Sarah watches James move the painting from the hall to the bedroom. James goes to see the painting in the [MASK].","Sarah is an artist who has just finished a new painting. She wants to display the new painting, and so she moves the painting to the hall, then grabs a book from the bedroom. She goes outside to read in the garden. When she gets back from reading, she goes inside to have a look at her painting. Meanwhile, James sees the painting and decides it would look better elsewhere. Sarah watches James move the painting from the hall to the bedroom. Sarah goes to see the painting in the [MASK].",hall,bedroom,Implicit,Start,End,1.4769856135828257,True Belief,EleutherAI/pythia-6.9b,Pythia 6.9B,,,8,
4.794595952262171e-06,1.5153801768974517e-06,"Sarah is an artist who has just finished a new painting. She wants to display the new painting, and so she moves the painting to the hall, then grabs a book from the bedroom. She goes outside to read in the garden. Meanwhile, James sees the painting and decides it would look better elsewhere. James moves the painting to the bedroom from the hall. When Sarah gets back from reading, she goes to have a look at her painting. James thinks the painting is in the [MASK].","Sarah is an artist who has just finished a new painting. She wants to display the new painting, and so she moves the painting to the hall, then grabs a book from the bedroom. She goes outside to read in the garden. Meanwhile, James sees the painting and decides it would look better elsewhere. James moves the painting to the bedroom from the hall. When Sarah gets back from reading, she goes to have a look at her painting. Sarah thinks the painting is in the [MASK].",hall,bedroom,Explicit,Start,Start,1.661729461468534,False Belief,EleutherAI/pythia-6.9b,Pythia 6.9B,,,8,
5.2139535000605974e-06,1.584839992574416e-06,"Sarah is an artist who has just finished a new painting. She wants to display the new painting, and so she moves the painting to the hall, then grabs a book from the bedroom. She goes outside to read in the garden. Meanwhile, James sees the painting and decides it would look better elsewhere. James moves the painting to the bedroom from the hall. When Sarah gets back from reading, she goes to have a look at her painting. James goes to see the painting in the [MASK].","Sarah is an artist who has just finished a new painting. She wants to display the new painting, and so she moves the painting to the hall, then grabs a book from the bedroom. She goes outside to read in the garden. Meanwhile, James sees the painting and decides it would look better elsewhere. James moves the painting to the bedroom from the hall. When Sarah gets back from reading, she goes to have a look at her painting. Sarah goes to see the painting in the [MASK].",hall,bedroom,Implicit,Start,Start,1.7180405250268347,False Belief,EleutherAI/pythia-6.9b,Pythia 6.9B,,,8,
4.094064024684485e-06,1.4372872101375833e-06,"Sarah is an artist who has just finished a new painting. She wants to display the new painting, and so she moves the painting to the hall, then grabs a book from the bedroom. She goes outside to read in the garden. When she gets back from reading, she goes inside to have a look at her painting. Meanwhile, James sees the painting and decides it would look better elsewhere. Sarah watches James move the painting to the bedroom from the hall. James thinks the painting is in the [MASK].","Sarah is an artist who has just finished a new painting. She wants to display the new painting, and so she moves the painting to the hall, then grabs a book from the bedroom. She goes outside to read in the garden. When she gets back from reading, she goes inside to have a look at her painting. Meanwhile, James sees the painting and decides it would look better elsewhere. Sarah watches James move the painting to the bedroom from the hall. Sarah thinks the painting is in the [MASK].",hall,bedroom,Explicit,Start,Start,1.5101852826292093,True Belief,EleutherAI/pythia-6.9b,Pythia 6.9B,,,8,
4.083854491909733e-06,1.4454137726715999e-06,"Sarah is an artist who has just finished a new painting. She wants to display the new painting, and so she moves the painting to the hall, then grabs a book from the bedroom. She goes outside to read in the garden. When she gets back from reading, she goes inside to have a look at her painting. Meanwhile, James sees the painting and decides it would look better elsewhere. Sarah watches James move the painting to the bedroom from the hall. James goes to see the painting in the [MASK].","Sarah is an artist who has just finished a new painting. She wants to display the new painting, and so she moves the painting to the hall, then grabs a book from the bedroom. She goes outside to read in the garden. When she gets back from reading, she goes inside to have a look at her painting. Meanwhile, James sees the painting and decides it would look better elsewhere. Sarah watches James move the painting to the bedroom from the hall. Sarah goes to see the painting in the [MASK].",hall,bedroom,Implicit,Start,Start,1.4984489175400797,True Belief,EleutherAI/pythia-6.9b,Pythia 6.9B,,,8,
5.248721663519973e-06,1.5625713558620191e-06,"Sarah is an artist who has just finished a new painting. She wants to display the new painting, and so after she grabs a book from the bedroom, she moves the painting to the hall. She goes outside to read in the garden. Meanwhile, James sees the painting and decides it would look better elsewhere. James moves the painting from the hall to the bedroom. When Sarah gets back from reading, she goes to have a look at her painting. James thinks the painting is in the [MASK].","Sarah is an artist who has just finished a new painting. She wants to display the new painting, and so after she grabs a book from the bedroom, she moves the painting to the hall. She goes outside to read in the garden. Meanwhile, James sees the painting and decides it would look better elsewhere. James moves the painting from the hall to the bedroom. When Sarah gets back from reading, she goes to have a look at her painting. Sarah thinks the painting is in the [MASK].",hall,bedroom,Explicit,End,End,1.7480440214376085,False Belief,EleutherAI/pythia-6.9b,Pythia 6.9B,,,8,
5.31260775460396e-06,1.5335165244323434e-06,"Sarah is an artist who has just finished a new painting. She wants to display the new painting, and so after she grabs a book from the bedroom, she moves the painting to the hall. She goes outside to read in the garden. Meanwhile, James sees the painting and decides it would look better elsewhere. James moves the painting from the hall to the bedroom. When Sarah gets back from reading, she goes to have a look at her painting. James goes to see the painting in the [MASK].","Sarah is an artist who has just finished a new painting. She wants to display the new painting, and so after she grabs a book from the bedroom, she moves the painting to the hall. She goes outside to read in the garden. Meanwhile, James sees the painting and decides it would look better elsewhere. James moves the painting from the hall to the bedroom. When Sarah gets back from reading, she goes to have a look at her painting. Sarah goes to see the painting in the [MASK].",hall,bedroom,Implicit,End,End,1.7925764858685673,False Belief,EleutherAI/pythia-6.9b,Pythia 6.9B,,,8,
4.2520400711509865e-06,1.395687604599516e-06,"Sarah is an artist who has just finished a new painting. She wants to display the new painting, and so after she grabs a book from the bedroom, she moves the painting to the hall. She goes outside to read in the garden. When she gets back from reading, she goes inside to have a look at her painting. Meanwhile, James sees the painting and decides it would look better elsewhere. Sarah watches James move the painting from the hall to the bedroom. James thinks the painting is in the [MASK].","Sarah is an artist who has just finished a new painting. She wants to display the new painting, and so after she grabs a book from the bedroom, she moves the painting to the hall. She goes outside to read in the garden. When she gets back from reading, she goes inside to have a look at her painting. Meanwhile, James sees the painting and decides it would look better elsewhere. Sarah watches James move the painting from the hall to the bedroom. Sarah thinks the painting is in the [MASK].",hall,bedroom,Explicit,End,End,1.6071791322138214,True Belief,EleutherAI/pythia-6.9b,Pythia 6.9B,,,8,
4.308797088015126e-06,1.4859455177429481e-06,"Sarah is an artist who has just finished a new painting. She wants to display the new painting, and so after she grabs a book from the bedroom, she moves the painting to the hall. She goes outside to read in the garden. When she gets back from reading, she goes inside to have a look at her painting. Meanwhile, James sees the painting and decides it would look better elsewhere. Sarah watches James move the painting from the hall to the bedroom. James goes to see the painting in the [MASK].","Sarah is an artist who has just finished a new painting. She wants to display the new painting, and so after she grabs a book from the bedroom, she moves the painting to the hall. She goes outside to read in the garden. When she gets back from reading, she goes inside to have a look at her painting. Meanwhile, James sees the painting and decides it would look better elsewhere. Sarah watches James move the painting from the hall to the bedroom. Sarah goes to see the painting in the [MASK].",hall,bedroom,Implicit,End,End,1.535903939576052,True Belief,EleutherAI/pythia-6.9b,Pythia 6.9B,,,8,
5.146966941538267e-06,1.5435202840308193e-06,"Sarah is an artist who has just finished a new painting. She wants to display the new painting, and so after she grabs a book from the bedroom, she moves the painting to the hall. She goes outside to read in the garden. Meanwhile, James sees the painting and decides it would look better elsewhere. James moves the painting to the bedroom from the hall. When Sarah gets back from reading, she goes to have a look at her painting. James thinks the painting is in the [MASK].","Sarah is an artist who has just finished a new painting. She wants to display the new painting, and so after she grabs a book from the bedroom, she moves the painting to the hall. She goes outside to read in the garden. Meanwhile, James sees the painting and decides it would look better elsewhere. James moves the painting to the bedroom from the hall. When Sarah gets back from reading, she goes to have a look at her painting. Sarah thinks the painting is in the [MASK].",hall,bedroom,Explicit,End,Start,1.7374980741633415,False Belief,EleutherAI/pythia-6.9b,Pythia 6.9B,,,8,
5.256616077531362e-06,1.536283093628299e-06,"Sarah is an artist who has just finished a new painting. She wants to display the new painting, and so after she grabs a book from the bedroom, she moves the painting to the hall. She goes outside to read in the garden. Meanwhile, James sees the painting and decides it would look better elsewhere. James moves the painting to the bedroom from the hall. When Sarah gets back from reading, she goes to have a look at her painting. James goes to see the painting in the [MASK].","Sarah is an artist who has just finished a new painting. She wants to display the new painting, and so after she grabs a book from the bedroom, she moves the painting to the hall. She goes outside to read in the garden. Meanwhile, James sees the painting and decides it would look better elsewhere. James moves the painting to the bedroom from the hall. When Sarah gets back from reading, she goes to have a look at her painting. Sarah goes to see the painting in the [MASK].",hall,bedroom,Implicit,End,Start,1.77469028146501,False Belief,EleutherAI/pythia-6.9b,Pythia 6.9B,,,8,
4.248428922437597e-06,1.4119119668976055e-06,"Sarah is an artist who has just finished a new painting. She wants to display the new painting, and so after she grabs a book from the bedroom, she moves the painting to the hall. She goes outside to read in the garden. When she gets back from reading, she goes inside to have a look at her painting. Meanwhile, James sees the painting and decides it would look better elsewhere. Sarah watches James move the painting to the bedroom from the hall. James thinks the painting is in the [MASK].","Sarah is an artist who has just finished a new painting. She wants to display the new painting, and so after she grabs a book from the bedroom, she moves the painting to the hall. She goes outside to read in the garden. When she gets back from reading, she goes inside to have a look at her painting. Meanwhile, James sees the painting and decides it would look better elsewhere. Sarah watches James move the painting to the bedroom from the hall. Sarah thinks the painting is in the [MASK].",hall,bedroom,Explicit,End,Start,1.589279289366677,True Belief,EleutherAI/pythia-6.9b,Pythia 6.9B,,,8,
4.281900601199595e-06,1.4584072687284788e-06,"Sarah is an artist who has just finished a new painting. She wants to display the new painting, and so after she grabs a book from the bedroom, she moves the painting to the hall. She goes outside to read in the garden. When she gets back from reading, she goes inside to have a look at her painting. Meanwhile, James sees the painting and decides it would look better elsewhere. Sarah watches James move the painting to the bedroom from the hall. James goes to see the painting in the [MASK].","Sarah is an artist who has just finished a new painting. She wants to display the new painting, and so after she grabs a book from the bedroom, she moves the painting to the hall. She goes outside to read in the garden. When she gets back from reading, she goes inside to have a look at her painting. Meanwhile, James sees the painting and decides it would look better elsewhere. Sarah watches James move the painting to the bedroom from the hall. Sarah goes to see the painting in the [MASK].",hall,bedroom,Implicit,End,Start,1.5538576488812452,True Belief,EleutherAI/pythia-6.9b,Pythia 6.9B,,,8,
1.1822969903443892e-12,4.024967893201392e-06,"Lisa is cooking dinner in the kitchen. She uses the grater and puts it away in the cupboard, then takes out the spatula from the drawer. She briefly leaves the kitchen, and while she is away, Robert moves the grater from the cupboard to the drawer. Lisa comes back and realizes she needs to use the grater again. Robert thinks the grater is in the [MASK].","Lisa is cooking dinner in the kitchen. She uses the grater and puts it away in the cupboard, then takes out the spatula from the drawer. She briefly leaves the kitchen, and while she is away, Robert moves the grater from the cupboard to the drawer. Lisa comes back and realizes she needs to use the grater again. Lisa thinks the grater is in the [MASK].",cupboard,drawer,Explicit,Start,End,-21.698953361562467,False Belief,EleutherAI/pythia-6.9b,Pythia 6.9B,,,8,
1.1171942277538038e-12,3.732707000381197e-06,"Lisa is cooking dinner in the kitchen. She uses the grater and puts it away in the cupboard, then takes out the spatula from the drawer. She briefly leaves the kitchen, and while she is away, Robert moves the grater from the cupboard to the drawer. Lisa comes back and realizes she needs to use the grater again. Robert goes to get the grater from the [MASK].","Lisa is cooking dinner in the kitchen. She uses the grater and puts it away in the cupboard, then takes out the spatula from the drawer. She briefly leaves the kitchen, and while she is away, Robert moves the grater from the cupboard to the drawer. Lisa comes back and realizes she needs to use the grater again. Lisa goes to get the grater from the [MASK].",cupboard,drawer,Implicit,Start,End,-21.671910813032504,False Belief,EleutherAI/pythia-6.9b,Pythia 6.9B,,,8,
1.3202538021173105e-12,4.229453224979807e-06,"Lisa is cooking dinner in the kitchen. She uses the grater and puts it away in the cupboard, then takes out the spatula from the drawer. She briefly leaves the kitchen, then comes back. She watches Robert move the grater from the cupboard to the drawer. Lisa realizes she needs to use the grater again. Robert thinks the grater is in the [MASK].","Lisa is cooking dinner in the kitchen. She uses the grater and puts it away in the cupboard, then takes out the spatula from the drawer. She briefly leaves the kitchen, then comes back. She watches Robert move the grater from the cupboard to the drawer. Lisa realizes she needs to use the grater again. Lisa thinks the grater is in the [MASK].",cupboard,drawer,Explicit,Start,End,-21.61122443993075,True Belief,EleutherAI/pythia-6.9b,Pythia 6.9B,,,8,
1.5360644613909846e-12,3.3426633763156133e-06,"Lisa is cooking dinner in the kitchen. She uses the grater and puts it away in the cupboard, then takes out the spatula from the drawer. She briefly leaves the kitchen, then comes back. She watches Robert move the grater from the cupboard to the drawer. Lisa realizes she needs to use the grater again. Robert goes to get the grater from the [MASK].","Lisa is cooking dinner in the kitchen. She uses the grater and puts it away in the cupboard, then takes out the spatula from the drawer. She briefly leaves the kitchen, then comes back. She watches Robert move the grater from the cupboard to the drawer. Lisa realizes she needs to use the grater again. Lisa goes to get the grater from the [MASK].",cupboard,drawer,Implicit,Start,End,-21.05332788421294,True Belief,EleutherAI/pythia-6.9b,Pythia 6.9B,,,8,
1.2027194561461951e-12,4.0892796278058086e-06,"Lisa is cooking dinner in the kitchen. She uses the grater and puts it away in the cupboard, then takes out the spatula from the drawer. She briefly leaves the kitchen, and while she is away, Robert moves the grater to the drawer from the cupboard. Lisa comes back and realizes she needs to use the grater again. Robert thinks the grater is in the [MASK].","Lisa is cooking dinner in the kitchen. She uses the grater and puts it away in the cupboard, then takes out the spatula from the drawer. She briefly leaves the kitchen, and while she is away, Robert moves the grater to the drawer from the cupboard. Lisa comes back and realizes she needs to use the grater again. Lisa thinks the grater is in the [MASK].",cupboard,drawer,Explicit,Start,Start,-21.697115126365883,False Belief,EleutherAI/pythia-6.9b,Pythia 6.9B,,,8,
1.1898937781265606e-12,3.6171220472169807e-06,"Lisa is cooking dinner in the kitchen. She uses the grater and puts it away in the cupboard, then takes out the spatula from the drawer. She briefly leaves the kitchen, and while she is away, Robert moves the grater to the drawer from the cupboard. Lisa comes back and realizes she needs to use the grater again. Robert goes to get the grater from the [MASK].","Lisa is cooking dinner in the kitchen. She uses the grater and puts it away in the cupboard, then takes out the spatula from the drawer. She briefly leaves the kitchen, and while she is away, Robert moves the grater to the drawer from the cupboard. Lisa comes back and realizes she needs to use the grater again. Lisa goes to get the grater from the [MASK].",cupboard,drawer,Implicit,Start,Start,-21.53557805704375,False Belief,EleutherAI/pythia-6.9b,Pythia 6.9B,,,8,
1.3545177349541526e-12,4.276575054973364e-06,"Lisa is cooking dinner in the kitchen. She uses the grater and puts it away in the cupboard, then takes out the spatula from the drawer. She briefly leaves the kitchen, then comes back. She watches Robert move the grater to the drawer from the cupboard. Lisa realizes she needs to use the grater again. Robert thinks the grater is in the [MASK].","Lisa is cooking dinner in the kitchen. She uses the grater and puts it away in the cupboard, then takes out the spatula from the drawer. She briefly leaves the kitchen, then comes back. She watches Robert move the grater to the drawer from the cupboard. Lisa realizes she needs to use the grater again. Lisa thinks the grater is in the [MASK].",cupboard,drawer,Explicit,Start,Start,-21.590245146066366,True Belief,EleutherAI/pythia-6.9b,Pythia 6.9B,,,8,
1.530931306205352e-12,3.5159735034540063e-06,"Lisa is cooking dinner in the kitchen. She uses the grater and puts it away in the cupboard, then takes out the spatula from the drawer. She briefly leaves the kitchen, then comes back. She watches Robert move the grater to the drawer from the cupboard. Lisa realizes she needs to use the grater again. Robert goes to get the grater from the [MASK].","Lisa is cooking dinner in the kitchen. She uses the grater and puts it away in the cupboard, then takes out the spatula from the drawer. She briefly leaves the kitchen, then comes back. She watches Robert move the grater to the drawer from the cupboard. Lisa realizes she needs to use the grater again. Lisa goes to get the grater from the [MASK].",cupboard,drawer,Implicit,Start,Start,-21.131083217918164,True Belief,EleutherAI/pythia-6.9b,Pythia 6.9B,,,8,
1.2901130901424307e-12,3.7022182368673384e-06,"Lisa is cooking dinner in the kitchen. She takes out a spatula from the drawer, then uses the grater and puts it away in the cupboard. She briefly leaves the kitchen, and while she is away, Robert moves the grater from the cupboard to the drawer. Lisa comes back and realizes she needs to use the grater again. Robert thinks the grater is in the [MASK].","Lisa is cooking dinner in the kitchen. She takes out a spatula from the drawer, then uses the grater and puts it away in the cupboard. She briefly leaves the kitchen, and while she is away, Robert moves the grater from the cupboard to the drawer. Lisa comes back and realizes she needs to use the grater again. Lisa thinks the grater is in the [MASK].",cupboard,drawer,Explicit,End,End,-21.452460973915166,False Belief,EleutherAI/pythia-6.9b,Pythia 6.9B,,,8,
1.264211933922621e-12,3.447494918873417e-06,"Lisa is cooking dinner in the kitchen. She takes out a spatula from the drawer, then uses the grater and puts it away in the cupboard. She briefly leaves the kitchen, and while she is away, Robert moves the grater from the cupboard to the drawer. Lisa comes back and realizes she needs to use the grater again. Robert goes to get the grater from the [MASK].","Lisa is cooking dinner in the kitchen. She takes out a spatula from the drawer, then uses the grater and puts it away in the cupboard. She briefly leaves the kitchen, and while she is away, Robert moves the grater from the cupboard to the drawer. Lisa comes back and realizes she needs to use the grater again. Lisa goes to get the grater from the [MASK].",cupboard,drawer,Implicit,End,End,-21.378878655910928,False Belief,EleutherAI/pythia-6.9b,Pythia 6.9B,,,8,
1.3047056924425648e-12,4.354830252850661e-06,"Lisa is cooking dinner in the kitchen. She takes out a spatula from the drawer, then uses the grater and puts it away in the cupboard. She briefly leaves the kitchen, then comes back. She watches Robert move the grater from the cupboard to the drawer. Lisa realizes she needs to use the grater again. Robert thinks the grater is in the [MASK].","Lisa is cooking dinner in the kitchen. She takes out a spatula from the drawer, then uses the grater and puts it away in the cupboard. She briefly leaves the kitchen, then comes back. She watches Robert move the grater from the cupboard to the drawer. Lisa realizes she needs to use the grater again. Lisa thinks the grater is in the [MASK].",cupboard,drawer,Explicit,End,End,-21.670460645220263,True Belief,EleutherAI/pythia-6.9b,Pythia 6.9B,,,8,
1.453656639505141e-12,3.451044221947086e-06,"Lisa is cooking dinner in the kitchen. She takes out a spatula from the drawer, then uses the grater and puts it away in the cupboard. She briefly leaves the kitchen, then comes back. She watches Robert move the grater from the cupboard to the drawer. Lisa realizes she needs to use the grater again. Robert goes to get the grater from the [MASK].","Lisa is cooking dinner in the kitchen. She takes out a spatula from the drawer, then uses the grater and puts it away in the cupboard. She briefly leaves the kitchen, then comes back. She watches Robert move the grater from the cupboard to the drawer. Lisa realizes she needs to use the grater again. Lisa goes to get the grater from the [MASK].",cupboard,drawer,Implicit,End,End,-21.178914991838635,True Belief,EleutherAI/pythia-6.9b,Pythia 6.9B,,,8,
1.3199643201372568e-12,3.7608817820000695e-06,"Lisa is cooking dinner in the kitchen. She takes out a spatula from the drawer, then uses the grater and puts it away in the cupboard. She briefly leaves the kitchen, and while she is away, Robert moves the grater to the drawer from the cupboard. Lisa comes back and realizes she needs to use the grater again. Robert thinks the grater is in the [MASK].","Lisa is cooking dinner in the kitchen. She takes out a spatula from the drawer, then uses the grater and puts it away in the cupboard. She briefly leaves the kitchen, and while she is away, Robert moves the grater to the drawer from the cupboard. Lisa comes back and realizes she needs to use the grater again. Lisa thinks the grater is in the [MASK].",cupboard,drawer,Explicit,End,Start,-21.442140594614305,False Belief,EleutherAI/pythia-6.9b,Pythia 6.9B,,,8,
1.358017647987153e-12,3.3356222957081627e-06,"Lisa is cooking dinner in the kitchen. She takes out a spatula from the drawer, then uses the grater and puts it away in the cupboard. She briefly leaves the kitchen, and while she is away, Robert moves the grater to the drawer from the cupboard. Lisa comes back and realizes she needs to use the grater again. Robert goes to get the grater from the [MASK].","Lisa is cooking dinner in the kitchen. She takes out a spatula from the drawer, then uses the grater and puts it away in the cupboard. She briefly leaves the kitchen, and while she is away, Robert moves the grater to the drawer from the cupboard. Lisa comes back and realizes she needs to use the grater again. Lisa goes to get the grater from the [MASK].",cupboard,drawer,Implicit,End,Start,-21.22802227779239,False Belief,EleutherAI/pythia-6.9b,Pythia 6.9B,,,8,
1.3150991797286626e-12,4.443093985173618e-06,"Lisa is cooking dinner in the kitchen. She takes out a spatula from the drawer, then uses the grater and puts it away in the cupboard. She briefly leaves the kitchen, then comes back. She watches Robert move the grater to the drawer from the cupboard. Lisa realizes she needs to use the grater again. Robert thinks the grater is in the [MASK].","Lisa is cooking dinner in the kitchen. She takes out a spatula from the drawer, then uses the grater and puts it away in the cupboard. She briefly leaves the kitchen, then comes back. She watches Robert move the grater to the drawer from the cupboard. Lisa realizes she needs to use the grater again. Lisa thinks the grater is in the [MASK].",cupboard,drawer,Explicit,End,Start,-21.687961622316156,True Belief,EleutherAI/pythia-6.9b,Pythia 6.9B,,,8,
1.4223653721848195e-12,3.6218025343259797e-06,"Lisa is cooking dinner in the kitchen. She takes out a spatula from the drawer, then uses the grater and puts it away in the cupboard. She briefly leaves the kitchen, then comes back. She watches Robert move the grater to the drawer from the cupboard. Lisa realizes she needs to use the grater again. Robert goes to get the grater from the [MASK].","Lisa is cooking dinner in the kitchen. She takes out a spatula from the drawer, then uses the grater and puts it away in the cupboard. She briefly leaves the kitchen, then comes back. She watches Robert move the grater to the drawer from the cupboard. Lisa realizes she needs to use the grater again. Lisa goes to get the grater from the [MASK].",cupboard,drawer,Implicit,End,Start,-21.279984353069025,True Belief,EleutherAI/pythia-6.9b,Pythia 6.9B,,,8,
2.3565234832934046e-11,1.1829170034616254e-05,"John and Karen are working on a building site. John is using a shovel to spread cement. When he is done, he leaves the shovel in the toolbox, then grabs his phone from the van. John goes to the office to talk to the boss. While John is away, Karen takes the shovel out of the toolbox to tidy up some edges. When Karen is finished, she puts the shovel away in the van. Then, John returns from the office. He needs to use the shovel again. Karen thinks the shovel is in the [MASK].","John and Karen are working on a building site. John is using a shovel to spread cement. When he is done, he leaves the shovel in the toolbox, then grabs his phone from the van. John goes to the office to talk to the boss. While John is away, Karen takes the shovel out of the toolbox to tidy up some edges. When Karen is finished, she puts the shovel away in the van. Then, John returns from the office. He needs to use the shovel again. John thinks the shovel is in the [MASK].",toolbox,van,Explicit,Start,End,-18.937257365100894,False Belief,EleutherAI/pythia-6.9b,Pythia 6.9B,,,8,
2.0221567476053082e-11,1.4054507118999027e-05,"John and Karen are working on a building site. John is using a shovel to spread cement. When he is done, he leaves the shovel in the toolbox, then grabs his phone from the van. John goes to the office to talk to the boss. While John is away, Karen takes the shovel out of the toolbox to tidy up some edges. When Karen is finished, she puts the shovel away in the van. Then, John returns from the office. He needs to use the shovel again. Karen goes to get the shovel from the [MASK].","John and Karen are working on a building site. John is using a shovel to spread cement. When he is done, he leaves the shovel in the toolbox, then grabs his phone from the van. John goes to the office to talk to the boss. While John is away, Karen takes the shovel out of the toolbox to tidy up some edges. When Karen is finished, she puts the shovel away in the van. Then, John returns from the office. He needs to use the shovel again. John goes to get the shovel from the [MASK].",toolbox,van,Implicit,Start,End,-19.40670659752812,False Belief,EleutherAI/pythia-6.9b,Pythia 6.9B,,,8,
1.953075201566179e-11,1.189310205518268e-05,"John and Karen are working on a building site. John is using a shovel to spread cement. When he is done, he leaves the shovel in the toolbox, then grabs his phone from the van. John goes to the office to talk to the boss, and comes back moments later. Then, Karen takes the shovel out of the toolbox to tidy up some edges. When Karen is finished, John watches her put the shovel away in the van. However, John needs to use the shovel again. Karen thinks the shovel is in the [MASK].","John and Karen are working on a building site. John is using a shovel to spread cement. When he is done, he leaves the shovel in the toolbox, then grabs his phone from the van. John goes to the office to talk to the boss, and comes back moments later. Then, Karen takes the shovel out of the toolbox to tidy up some edges. When Karen is finished, John watches her put the shovel away in the van. However, John needs to use the shovel again. John thinks the shovel is in the [MASK].",toolbox,van,Explicit,Start,End,-19.215946128804365,True Belief,EleutherAI/pythia-6.9b,Pythia 6.9B,,,8,
1.881782403512222e-11,1.4210552762961015e-05,"John and Karen are working on a building site. John is using a shovel to spread cement. When he is done, he leaves the shovel in the toolbox, then grabs his phone from the van. John goes to the office to talk to the boss and comes back moments later. Then, Karen takes the shovel out of the toolbox to tidy up some edges. When Karen is finished, John watches her put the shovel away in the van. However, John needs to use the shovel again. Karen goes to get the shovel from the [MASK].","John and Karen are working on a building site. John is using a shovel to spread cement. When he is done, he leaves the shovel in the toolbox, then grabs his phone from the van. John goes to the office to talk to the boss and comes back moments later. Then, Karen takes the shovel out of the toolbox to tidy up some edges. When Karen is finished, John watches her put the shovel away in the van. However, John needs to use the shovel again. John goes to get the shovel from the [MASK].",toolbox,van,Implicit,Start,End,-19.526431428745187,True Belief,EleutherAI/pythia-6.9b,Pythia 6.9B,,,8,
2.1070742373119344e-11,1.1432490282459185e-05,"John and Karen are working on a building site. John is using a shovel to spread cement. When he is done, he leaves the shovel in the toolbox, then grabs his phone from the van. John goes to the office to talk to the boss. While John is away, Karen uses the shovel to tidy up some edges. When Karen is finished, she puts the shovel away in the van instead of the toolbox. Then, John returns from the office. He needs to use the shovel again. Karen thinks the shovel is in the [MASK].","John and Karen are working on a building site. John is using a shovel to spread cement. When he is done, he leaves the shovel in the toolbox, then grabs his phone from the van. John goes to the office to talk to the boss. While John is away, Karen uses the shovel to tidy up some edges. When Karen is finished, she puts the shovel away in the van instead of the toolbox. Then, John returns from the office. He needs to use the shovel again. John thinks the shovel is in the [MASK].",toolbox,van,Explicit,Start,Start,-19.049467117508694,False Belief,EleutherAI/pythia-6.9b,Pythia 6.9B,,,8,
1.694118803574618e-11,1.3414934073807672e-05,"John and Karen are working on a building site. John is using a shovel to spread cement. When he is done, he leaves the shovel in the toolbox, then grabs his phone from the van. John goes to the office to talk to the boss. While John is away, Karen uses the shovel to tidy up some edges. When Karen is finished, she puts the shovel away in the van instead of the toolbox. Then, John returns from the office. He needs to use the shovel again. Karen goes to get the shovel from the [MASK].","John and Karen are working on a building site. John is using a shovel to spread cement. When he is done, he leaves the shovel in the toolbox, then grabs his phone from the van. John goes to the office to talk to the boss. While John is away, Karen uses the shovel to tidy up some edges. When Karen is finished, she puts the shovel away in the van instead of the toolbox. Then, John returns from the office. He needs to use the shovel again. John goes to get the shovel from the [MASK].",toolbox,van,Implicit,Start,Start,-19.59487348379418,False Belief,EleutherAI/pythia-6.9b,Pythia 6.9B,,,8,
2.747796955249182e-11,1.1329867447784636e-05,"John and Karen are working on a building site. John is using a shovel to spread cement. When he is done, he leaves the shovel in the toolbox, then grabs his phone from the van. John goes to the office to talk to the boss, and comes back moments later. Then, Karen uses the shovel to tidy up some edges. When Karen is finished, John watches her put the shovel away in the van instead of the toolbox. However, John needs to use the shovel again. Karen thinks the shovel is in the [MASK].","John and Karen are working on a building site. John is using a shovel to spread cement. When he is done, he leaves the shovel in the toolbox, then grabs his phone from the van. John goes to the office to talk to the boss, and comes back moments later. Then, Karen uses the shovel to tidy up some edges. When Karen is finished, John watches her put the shovel away in the van instead of the toolbox. However, John needs to use the shovel again. John thinks the shovel is in the [MASK].",toolbox,van,Explicit,Start,Start,-18.653424149880586,True Belief,EleutherAI/pythia-6.9b,Pythia 6.9B,,,8,
2.6013389359258454e-11,1.336128480033949e-05,"John and Karen are working on a building site. John is using a shovel to spread cement. When he is done, he leaves the shovel in the toolbox, then grabs his phone from the van. John goes to the office to talk to the boss and comes back moments later. Then, Karen uses the shovel to tidy up some edges. When Karen is finished, John watches her put the shovel away in the van instead of the toolbox. However, John needs to use the shovel again. Karen goes to get the shovel from the [MASK].","John and Karen are working on a building site. John is using a shovel to spread cement. When he is done, he leaves the shovel in the toolbox, then grabs his phone from the van. John goes to the office to talk to the boss and comes back moments later. Then, Karen uses the shovel to tidy up some edges. When Karen is finished, John watches her put the shovel away in the van instead of the toolbox. However, John needs to use the shovel again. John goes to get the shovel from the [MASK].",toolbox,van,Implicit,Start,Start,-18.970372926704247,True Belief,EleutherAI/pythia-6.9b,Pythia 6.9B,,,8,
2.2303669328094244e-11,1.1365828868292738e-05,"John and Karen are working on a building site. John is using a shovel to spread cement. When he is done, he grabs his phone from the van, then leaves the shovel in the toolbox. John goes to the office to talk to the boss. While John is away, Karen takes the shovel out of the toolbox to tidy up some edges. When Karen is finished, she puts the shovel away in the van. Then, John returns from the office. He needs to use the shovel again. Karen thinks the shovel is in the [MASK].","John and Karen are working on a building site. John is using a shovel to spread cement. When he is done, he grabs his phone from the van, then leaves the shovel in the toolbox. John goes to the office to talk to the boss. While John is away, Karen takes the shovel out of the toolbox to tidy up some edges. When Karen is finished, she puts the shovel away in the van. Then, John returns from the office. He needs to use the shovel again. John thinks the shovel is in the [MASK].",toolbox,van,Explicit,End,End,-18.958990390555172,False Belief,EleutherAI/pythia-6.9b,Pythia 6.9B,,,8,
2.079442174007795e-11,1.387220709148096e-05,"John and Karen are working on a building site. John is using a shovel to spread cement. When he is done, he grabs his phone from the van, then leaves the shovel in the toolbox. John goes to the office to talk to the boss. While John is away, Karen takes the shovel out of the toolbox to tidy up some edges. When Karen is finished, she puts the shovel away in the van. Then, John returns from the office. He needs to use the shovel again. Karen goes to get the shovel from the [MASK].","John and Karen are working on a building site. John is using a shovel to spread cement. When he is done, he grabs his phone from the van, then leaves the shovel in the toolbox. John goes to the office to talk to the boss. While John is away, Karen takes the shovel out of the toolbox to tidy up some edges. When Karen is finished, she puts the shovel away in the van. Then, John returns from the office. He needs to use the shovel again. John goes to get the shovel from the [MASK].",toolbox,van,Implicit,End,End,-19.347569343976136,False Belief,EleutherAI/pythia-6.9b,Pythia 6.9B,,,8,
1.7485794062688242e-11,1.1161780093971174e-05,"John and Karen are working on a building site. John is using a shovel to spread cement. When he is done, he grabs his phone from the van, then leaves the shovel in the toolbox. John goes to the office to talk to the boss, and comes back moments later. Then, Karen takes the shovel out of the toolbox to tidy up some edges. When Karen is finished, John watches her put the shovel away in the van. However, John needs to use the shovel again. Karen thinks the shovel is in the [MASK].","John and Karen are working on a building site. John is using a shovel to spread cement. When he is done, he grabs his phone from the van, then leaves the shovel in the toolbox. John goes to the office to talk to the boss, and comes back moments later. Then, Karen takes the shovel out of the toolbox to tidy up some edges. When Karen is finished, John watches her put the shovel away in the van. However, John needs to use the shovel again. John thinks the shovel is in the [MASK].",toolbox,van,Explicit,End,End,-19.283952384552364,True Belief,EleutherAI/pythia-6.9b,Pythia 6.9B,,,8,
1.700496340961699e-11,1.331212479271926e-05,"John and Karen are working on a building site. John is using a shovel to spread cement. When he is done, he grabs his phone from the van, then leaves the shovel in the toolbox. John goes to the office to talk to the boss and comes back moments later. Then, Karen takes the shovel out of the toolbox to tidy up some edges. When Karen is finished, John watches her put the shovel away in the van. However, John needs to use the shovel again. Karen goes to get the shovel from the [MASK].","John and Karen are working on a building site. John is using a shovel to spread cement. When he is done, he grabs his phone from the van, then leaves the shovel in the toolbox. John goes to the office to talk to the boss and comes back moments later. Then, Karen takes the shovel out of the toolbox to tidy up some edges. When Karen is finished, John watches her put the shovel away in the van. However, John needs to use the shovel again. John goes to get the shovel from the [MASK].",toolbox,van,Implicit,End,End,-19.57835353059535,True Belief,EleutherAI/pythia-6.9b,Pythia 6.9B,,,8,
1.961310280851336e-11,1.077124852599809e-05,"John and Karen are working on a building site. John is using a shovel to spread cement. When he is done, he grabs his phone from the van, then leaves the shovel in the toolbox. John goes to the office to talk to the boss. While John is away, Karen uses the shovel to tidy up some edges. When Karen is finished, she puts the shovel away in the van instead of the toolbox. Then, John returns from the office. He needs to use the shovel again. Karen thinks the shovel is in the [MASK].","John and Karen are working on a building site. John is using a shovel to spread cement. When he is done, he grabs his phone from the van, then leaves the shovel in the toolbox. John goes to the office to talk to the boss. While John is away, Karen uses the shovel to tidy up some edges. When Karen is finished, she puts the shovel away in the van instead of the toolbox. Then, John returns from the office. He needs to use the shovel again. John thinks the shovel is in the [MASK].",toolbox,van,Explicit,End,Start,-19.0669362666851,False Belief,EleutherAI/pythia-6.9b,Pythia 6.9B,,,8,
1.7254378481545984e-11,1.2993312338949181e-05,"John and Karen are working on a building site. John is using a shovel to spread cement. When he is done, he grabs his phone from the van, then leaves the shovel in the toolbox. John goes to the office to talk to the boss. While John is away, Karen uses the shovel to tidy up some edges. When Karen is finished, she puts the shovel away in the van instead of the toolbox. Then, John returns from the office. He needs to use the shovel again. Karen goes to get the shovel from the [MASK].","John and Karen are working on a building site. John is using a shovel to spread cement. When he is done, he grabs his phone from the van, then leaves the shovel in the toolbox. John goes to the office to talk to the boss. While John is away, Karen uses the shovel to tidy up some edges. When Karen is finished, she puts the shovel away in the van instead of the toolbox. Then, John returns from the office. He needs to use the shovel again. John goes to get the shovel from the [MASK].",toolbox,van,Implicit,End,Start,-19.522375320599544,False Belief,EleutherAI/pythia-6.9b,Pythia 6.9B,,,8,
2.4110820978640035e-11,1.0579034096735995e-05,"John and Karen are working on a building site. John is using a shovel to spread cement. When he is done, he grabs his phone from the van, then leaves the shovel in the toolbox. John goes to the office to talk to the boss, and comes back moments later. Then, Karen uses the shovel to tidy up some edges. When Karen is finished, John watches her put the shovel away in the van instead of the toolbox. However, John needs to use the shovel again. Karen thinks the shovel is in the [MASK].","John and Karen are working on a building site. John is using a shovel to spread cement. When he is done, he grabs his phone from the van, then leaves the shovel in the toolbox. John goes to the office to talk to the boss, and comes back moments later. Then, Karen uses the shovel to tidy up some edges. When Karen is finished, John watches her put the shovel away in the van instead of the toolbox. However, John needs to use the shovel again. John thinks the shovel is in the [MASK].",toolbox,van,Explicit,End,Start,-18.74309570377137,True Belief,EleutherAI/pythia-6.9b,Pythia 6.9B,,,8,
2.29575230353829e-11,1.2375341611914337e-05,"John and Karen are working on a building site. John is using a shovel to spread cement. When he is done, he grabs his phone from the van, then leaves the shovel in the toolbox. John goes to the office to talk to the boss and comes back moments later. Then, Karen uses the shovel to tidy up some edges. When Karen is finished, John watches her put the shovel away in the van instead of the toolbox. However, John needs to use the shovel again. Karen goes to get the shovel from the [MASK].","John and Karen are working on a building site. John is using a shovel to spread cement. When he is done, he grabs his phone from the van, then leaves the shovel in the toolbox. John goes to the office to talk to the boss and comes back moments later. Then, Karen uses the shovel to tidy up some edges. When Karen is finished, John watches her put the shovel away in the van instead of the toolbox. However, John needs to use the shovel again. John goes to get the shovel from the [MASK].",toolbox,van,Implicit,End,Start,-19.040069926393237,True Belief,EleutherAI/pythia-6.9b,Pythia 6.9B,,,8,
2.5556648779456737e-06,3.0983144370111404e-06,"Patrick and Nicole are sitting at the train station, waiting for their train. Patrick takes out the ticket to check it and puts it away in the suitcase, then grabs his camera from the backpack. Then he gets up to take photos of the trains. Patrick doesn't see Nicole take the ticket out of the suitcase and place it in the backpack. Patrick comes back to sit at the table with Nicole. He wants to check the ticket one more time. Nicole thinks the ticket is in the [MASK].","Patrick and Nicole are sitting at the train station, waiting for their train. Patrick takes out the ticket to check it and puts it away in the suitcase, then grabs his camera from the backpack. Then he gets up to take photos of the trains. Patrick doesn't see Nicole take the ticket out of the suitcase and place it in the backpack. Patrick comes back to sit at the table with Nicole. He wants to check the ticket one more time. Patrick thinks the ticket is in the [MASK].",suitcase,backpack,Explicit,Start,End,-0.27778489621765273,False Belief,EleutherAI/pythia-6.9b,Pythia 6.9B,,,8,
2.603929260658333e-06,3.0560129289369797e-06,"Patrick and Nicole are sitting at the train station, waiting for their train. Patrick takes out the ticket to check it and puts it away in the suitcase, then grabs his camera from the backpack. Then he gets up to take photos of the trains. Patrick doesn't see Nicole take the ticket out of the suitcase and place it in the backpack. Patrick comes back to sit at the table with Nicole. He wants to check the ticket one more time. Nicole reaches to get the ticket from the [MASK].","Patrick and Nicole are sitting at the train station, waiting for their train. Patrick takes out the ticket to check it and puts it away in the suitcase, then grabs his camera from the backpack. Then he gets up to take photos of the trains. Patrick doesn't see Nicole take the ticket out of the suitcase and place it in the backpack. Patrick comes back to sit at the table with Nicole. He wants to check the ticket one more time. Patrick reaches to get the ticket from the [MASK].",suitcase,backpack,Implicit,Start,End,-0.23096039070312102,False Belief,EleutherAI/pythia-6.9b,Pythia 6.9B,,,8,
2.9555585570051335e-06,4.357576472102664e-06,"Patrick and Nicole are sitting at the train station, waiting for their train. Patrick takes out the ticket to check it and puts it away in the suitcase, then grabs his camera from the backpack. Then he gets up to take photos of the trains. After he's done, he comes back to sit at the table with Nicole. Patrick watches Nicole take the ticket out of the suitcase and place it in the backpack. Patrick wants to check the ticket one more time. Nicole thinks the ticket is in the [MASK].","Patrick and Nicole are sitting at the train station, waiting for their train. Patrick takes out the ticket to check it and puts it away in the suitcase, then grabs his camera from the backpack. Then he gets up to take photos of the trains. After he's done, he comes back to sit at the table with Nicole. Patrick watches Nicole take the ticket out of the suitcase and place it in the backpack. Patrick wants to check the ticket one more time. Patrick thinks the ticket is in the [MASK].",suitcase,backpack,Explicit,Start,End,-0.5600951784891477,True Belief,EleutherAI/pythia-6.9b,Pythia 6.9B,,,8,
2.8574384032253874e-06,4.094099040230503e-06,"Patrick and Nicole are sitting at the train station, waiting for their train. Patrick takes out the ticket to check it and puts it away in the suitcase, then grabs his camera from the backpack. Then he gets up to take photos of the trains. After he's done, he comes back to sit at the table with Nicole. Patrick watches Nicole take the ticket out of the suitcase and place it in the backpack. Patrick wants to check the ticket one more time. Nicole reaches to get the ticket from the [MASK].","Patrick and Nicole are sitting at the train station, waiting for their train. Patrick takes out the ticket to check it and puts it away in the suitcase, then grabs his camera from the backpack. Then he gets up to take photos of the trains. After he's done, he comes back to sit at the table with Nicole. Patrick watches Nicole take the ticket out of the suitcase and place it in the backpack. Patrick wants to check the ticket one more time. Patrick reaches to get the ticket from the [MASK].",suitcase,backpack,Implicit,Start,End,-0.5188236038616413,True Belief,EleutherAI/pythia-6.9b,Pythia 6.9B,,,8,
2.3205614070320735e-06,3.1060596938914387e-06,"Patrick and Nicole are sitting at the train station, waiting for their train. Patrick takes out the ticket to check it and puts it away in the suitcase, then grabs his camera from the backpack. Then he gets up to take photos of the trains. Patrick doesn't see Nicole place the ticket in the backpack after taking it out of the suitcase. Patrick comes back to sit at the table with Nicole. He wants to check the ticket one more time. Nicole thinks the ticket is in the [MASK].","Patrick and Nicole are sitting at the train station, waiting for their train. Patrick takes out the ticket to check it and puts it away in the suitcase, then grabs his camera from the backpack. Then he gets up to take photos of the trains. Patrick doesn't see Nicole place the ticket in the backpack after taking it out of the suitcase. Patrick comes back to sit at the table with Nicole. He wants to check the ticket one more time. Patrick thinks the ticket is in the [MASK].",suitcase,backpack,Explicit,Start,Start,-0.42061168164656965,False Belief,EleutherAI/pythia-6.9b,Pythia 6.9B,,,8,
2.374608811805956e-06,3.1162367122306023e-06,"Patrick and Nicole are sitting at the train station, waiting for their train. Patrick takes out the ticket to check it and puts it away in the suitcase, then grabs his camera from the backpack. Then he gets up to take photos of the trains. Patrick doesn't see Nicole place the ticket in the backpack after taking it out of the suitcase. Patrick comes back to sit at the table with Nicole. He wants to check the ticket one more time. Nicole reaches to get the ticket from the [MASK].","Patrick and Nicole are sitting at the train station, waiting for their train. Patrick takes out the ticket to check it and puts it away in the suitcase, then grabs his camera from the backpack. Then he gets up to take photos of the trains. Patrick doesn't see Nicole place the ticket in the backpack after taking it out of the suitcase. Patrick comes back to sit at the table with Nicole. He wants to check the ticket one more time. Patrick reaches to get the ticket from the [MASK].",suitcase,backpack,Implicit,Start,Start,-0.39211495962481585,False Belief,EleutherAI/pythia-6.9b,Pythia 6.9B,,,8,
2.5124822968791705e-06,4.267391886969563e-06,"Patrick and Nicole are sitting at the train station, waiting for their train. Patrick takes out the ticket to check it and puts it away in the suitcase, then grabs his camera from the backpack. Then he gets up to take photos of the trains. After he's done, he comes back to sit at the table with Nicole. Patrick watches Nicole place the ticket in the backpack after taking it out of the suitcase. Patrick wants to check the ticket one more time. Nicole thinks the ticket is in the [MASK].","Patrick and Nicole are sitting at the train station, waiting for their train. Patrick takes out the ticket to check it and puts it away in the suitcase, then grabs his camera from the backpack. Then he gets up to take photos of the trains. After he's done, he comes back to sit at the table with Nicole. Patrick watches Nicole place the ticket in the backpack after taking it out of the suitcase. Patrick wants to check the ticket one more time. Patrick thinks the ticket is in the [MASK].",suitcase,backpack,Explicit,Start,Start,-0.7642411724909988,True Belief,EleutherAI/pythia-6.9b,Pythia 6.9B,,,8,
2.456277798046358e-06,3.8143189158290625e-06,"Patrick and Nicole are sitting at the train station, waiting for their train. Patrick takes out the ticket to check it and puts it away in the suitcase, then grabs his camera from the backpack. Then he gets up to take photos of the trains. After he's done, he comes back to sit at the table with Nicole. Patrick watches Nicole place the ticket in the backpack after taking it out of the suitcase. Patrick wants to check the ticket one more time. Nicole reaches to get the ticket from the [MASK].","Patrick and Nicole are sitting at the train station, waiting for their train. Patrick takes out the ticket to check it and puts it away in the suitcase, then grabs his camera from the backpack. Then he gets up to take photos of the trains. After he's done, he comes back to sit at the table with Nicole. Patrick watches Nicole place the ticket in the backpack after taking it out of the suitcase. Patrick wants to check the ticket one more time. Patrick reaches to get the ticket from the [MASK].",suitcase,backpack,Implicit,Start,Start,-0.6349517380129357,True Belief,EleutherAI/pythia-6.9b,Pythia 6.9B,,,8,
2.5025005925272126e-06,3.3687804261717247e-06,"Patrick and Nicole are sitting at the train station, waiting for their train. Patrick grabs his camera from the backpack, takes out the ticket to check it, then puts the ticket away in the suitcase. Then he gets up to take photos of the trains. Patrick doesn't see Nicole take the ticket out of the suitcase and place it in the backpack. Patrick comes back to sit at the table with Nicole. He wants to check the ticket one more time. Nicole thinks the ticket is in the [MASK].","Patrick and Nicole are sitting at the train station, waiting for their train. Patrick grabs his camera from the backpack, takes out the ticket to check it, then puts the ticket away in the suitcase. Then he gets up to take photos of the trains. Patrick doesn't see Nicole take the ticket out of the suitcase and place it in the backpack. Patrick comes back to sit at the table with Nicole. He wants to check the ticket one more time. Patrick thinks the ticket is in the [MASK].",suitcase,backpack,Explicit,End,End,-0.42885598741184533,False Belief,EleutherAI/pythia-6.9b,Pythia 6.9B,,,8,
2.335953013243852e-06,3.0354335649462882e-06,"Patrick and Nicole are sitting at the train station, waiting for their train. Patrick grabs his camera from the backpack, takes out the ticket to check it, then puts the ticket away in the suitcase. Then he gets up to take photos of the trains. Patrick doesn't see Nicole take the ticket out of the suitcase and place it in the backpack. Patrick comes back to sit at the table with Nicole. He wants to check the ticket one more time. Nicole reaches to get the ticket from the [MASK].","Patrick and Nicole are sitting at the train station, waiting for their train. Patrick grabs his camera from the backpack, takes out the ticket to check it, then puts the ticket away in the suitcase. Then he gets up to take photos of the trains. Patrick doesn't see Nicole take the ticket out of the suitcase and place it in the backpack. Patrick comes back to sit at the table with Nicole. He wants to check the ticket one more time. Patrick reaches to get the ticket from the [MASK].",suitcase,backpack,Implicit,End,End,-0.37789134269281954,False Belief,EleutherAI/pythia-6.9b,Pythia 6.9B,,,8,
2.6133802748518065e-06,3.914056378562236e-06,"Patrick and Nicole are sitting at the train station, waiting for their train. Patrick grabs his camera from the backpack, takes out the ticket to check it, then puts the ticket away in the suitcase. Then he gets up to take photos of the trains. After he's done, he comes back to sit at the table with Nicole. Patrick watches Nicole take the ticket out of the suitcase and place it in the backpack. Patrick wants to check the ticket one more time. Nicole thinks the ticket is in the [MASK].","Patrick and Nicole are sitting at the train station, waiting for their train. Patrick grabs his camera from the backpack, takes out the ticket to check it, then puts the ticket away in the suitcase. Then he gets up to take photos of the trains. After he's done, he comes back to sit at the table with Nicole. Patrick watches Nicole take the ticket out of the suitcase and place it in the backpack. Patrick wants to check the ticket one more time. Patrick thinks the ticket is in the [MASK].",suitcase,backpack,Explicit,End,End,-0.5827474693454602,True Belief,EleutherAI/pythia-6.9b,Pythia 6.9B,,,8,
2.5056360755115747e-06,3.922157247870928e-06,"Patrick and Nicole are sitting at the train station, waiting for their train. Patrick grabs his camera from the backpack, takes out the ticket to check it, then puts the ticket away in the suitcase. Then he gets up to take photos of the trains. After he's done, he comes back to sit at the table with Nicole. Patrick watches Nicole take the ticket out of the suitcase and place it in the backpack. Patrick wants to check the ticket one more time. Nicole reaches to get the ticket from the [MASK].","Patrick and Nicole are sitting at the train station, waiting for their train. Patrick grabs his camera from the backpack, takes out the ticket to check it, then puts the ticket away in the suitcase. Then he gets up to take photos of the trains. After he's done, he comes back to sit at the table with Nicole. Patrick watches Nicole take the ticket out of the suitcase and place it in the backpack. Patrick wants to check the ticket one more time. Patrick reaches to get the ticket from the [MASK].",suitcase,backpack,Implicit,End,End,-0.6464704880445282,True Belief,EleutherAI/pythia-6.9b,Pythia 6.9B,,,8,
2.332353687961586e-06,3.469120429144823e-06,"Patrick and Nicole are sitting at the train station, waiting for their train. Patrick grabs his camera from the backpack, takes out the ticket to check it, then puts the ticket away in the suitcase. Then he gets up to take photos of the trains. Patrick doesn't see Nicole place the ticket in the backpack after taking it out of the suitcase. Patrick comes back to sit at the table with Nicole. He wants to check the ticket one more time. Nicole thinks the ticket is in the [MASK].","Patrick and Nicole are sitting at the train station, waiting for their train. Patrick grabs his camera from the backpack, takes out the ticket to check it, then puts the ticket away in the suitcase. Then he gets up to take photos of the trains. Patrick doesn't see Nicole place the ticket in the backpack after taking it out of the suitcase. Patrick comes back to sit at the table with Nicole. He wants to check the ticket one more time. Patrick thinks the ticket is in the [MASK].",suitcase,backpack,Explicit,End,Start,-0.5727833425859155,False Belief,EleutherAI/pythia-6.9b,Pythia 6.9B,,,8,
2.1916516743658576e-06,3.144591573800426e-06,"Patrick and Nicole are sitting at the train station, waiting for their train. Patrick grabs his camera from the backpack, takes out the ticket to check it, then puts the ticket away in the suitcase. Then he gets up to take photos of the trains. Patrick doesn't see Nicole place the ticket in the backpack after taking it out of the suitcase. Patrick comes back to sit at the table with Nicole. He wants to check the ticket one more time. Nicole reaches to get the ticket from the [MASK].","Patrick and Nicole are sitting at the train station, waiting for their train. Patrick grabs his camera from the backpack, takes out the ticket to check it, then puts the ticket away in the suitcase. Then he gets up to take photos of the trains. Patrick doesn't see Nicole place the ticket in the backpack after taking it out of the suitcase. Patrick comes back to sit at the table with Nicole. He wants to check the ticket one more time. Patrick reaches to get the ticket from the [MASK].",suitcase,backpack,Implicit,End,Start,-0.5208541242315216,False Belief,EleutherAI/pythia-6.9b,Pythia 6.9B,,,8,
2.327256652279175e-06,3.895522240782157e-06,"Patrick and Nicole are sitting at the train station, waiting for their train. Patrick grabs his camera from the backpack, takes out the ticket to check it, then puts the ticket away in the suitcase. Then he gets up to take photos of the trains. After he's done, he comes back to sit at the table with Nicole. Patrick watches Nicole place the ticket in the backpack after taking it out of the suitcase. Patrick wants to check the ticket one more time. Nicole thinks the ticket is in the [MASK].","Patrick and Nicole are sitting at the train station, waiting for their train. Patrick grabs his camera from the backpack, takes out the ticket to check it, then puts the ticket away in the suitcase. Then he gets up to take photos of the trains. After he's done, he comes back to sit at the table with Nicole. Patrick watches Nicole place the ticket in the backpack after taking it out of the suitcase. Patrick wants to check the ticket one more time. Patrick thinks the ticket is in the [MASK].",suitcase,backpack,Explicit,End,Start,-0.7431864301448998,True Belief,EleutherAI/pythia-6.9b,Pythia 6.9B,,,8,
2.2637314032181166e-06,3.7604693261528155e-06,"Patrick and Nicole are sitting at the train station, waiting for their train. Patrick grabs his camera from the backpack, takes out the ticket to check it, then puts the ticket away in the suitcase. Then he gets up to take photos of the trains. After he's done, he comes back to sit at the table with Nicole. Patrick watches Nicole place the ticket in the backpack after taking it out of the suitcase. Patrick wants to check the ticket one more time. Nicole reaches to get the ticket from the [MASK].","Patrick and Nicole are sitting at the train station, waiting for their train. Patrick grabs his camera from the backpack, takes out the ticket to check it, then puts the ticket away in the suitcase. Then he gets up to take photos of the trains. After he's done, he comes back to sit at the table with Nicole. Patrick watches Nicole place the ticket in the backpack after taking it out of the suitcase. Patrick wants to check the ticket one more time. Patrick reaches to get the ticket from the [MASK].",suitcase,backpack,Implicit,End,Start,-0.7322099396542753,True Belief,EleutherAI/pythia-6.9b,Pythia 6.9B,,,8,
7.823568012099713e-05,9.368809514853638e-07,"Hannah has just come back from a ride and is putting her horse away. She puts the saddle in the stable, then puts her backpack in the hut. Then she goes inside to have a bath. Meanwhile, Martin takes the saddle from the stable and puts it in the hut. When Hannah finishes her bath, she wants to use the saddle again. Martin thinks the saddle is in the [MASK].","Hannah has just come back from a ride and is putting her horse away. She puts the saddle in the stable, then puts her backpack in the hut. Then she goes inside to have a bath. Meanwhile, Martin takes the saddle from the stable and puts it in the hut. When Hannah finishes her bath, she wants to use the saddle again. Hannah thinks the saddle is in the [MASK].",stable,hut,Explicit,Start,End,6.383817164356979,False Belief,EleutherAI/pythia-6.9b,Pythia 6.9B,,,8,
1.8634882508195005e-05,1.7107067833421752e-05,"Hannah has just come back from a ride and is putting her horse away. She puts the saddle in the stable, then puts her backpack in the hut. Then she goes inside to have a bath. Meanwhile, Martin takes the saddle from the stable and puts it in the hut. When Hannah finishes her bath, she wants to use the saddle again. Martin goes to get the saddle from [MASK].","Hannah has just come back from a ride and is putting her horse away. She puts the saddle in the stable, then puts her backpack in the hut. Then she goes inside to have a bath. Meanwhile, Martin takes the saddle from the stable and puts it in the hut. When Hannah finishes her bath, she wants to use the saddle again. Hannah goes to get the saddle from [MASK].",stable,hut,Implicit,Start,End,0.12341322118157796,False Belief,EleutherAI/pythia-6.9b,Pythia 6.9B,,,8,
8.559368143323809e-05,1.0962611440845649e-06,"Hannah has just come back from a ride and is putting her horse away. She puts the saddle in the stable, then puts her backpack in the hut. Then she goes inside to have a bath. When, she finishes, she comes back. She watches Martin take the saddle from the stable and put it in the hut. Hannah wants to use the saddle again. Martin thinks the saddle is in the [MASK].","Hannah has just come back from a ride and is putting her horse away. She puts the saddle in the stable, then puts her backpack in the hut. Then she goes inside to have a bath. When, she finishes, she comes back. She watches Martin take the saddle from the stable and put it in the hut. Hannah wants to use the saddle again. Hannah thinks the saddle is in the [MASK].",stable,hut,Explicit,Start,End,6.286840886486085,True Belief,EleutherAI/pythia-6.9b,Pythia 6.9B,,,8,
8.949480252340436e-05,1.1328965001666802e-06,"Hannah has just come back from a ride and is putting her horse away. She puts the saddle in the stable, then puts her backpack in the hut. Then she goes inside to have a bath. When, she finishes, she comes back. She watches Martin take the saddle from the stable and put it in the hut. Hannah wants to use the saddle again. Martin goes to get the saddle from the [MASK].","Hannah has just come back from a ride and is putting her horse away. She puts the saddle in the stable, then puts her backpack in the hut. Then she goes inside to have a bath. When, she finishes, she comes back. She watches Martin take the saddle from the stable and put it in the hut. Hannah wants to use the saddle again. Hannah goes to get the saddle from the [MASK].",stable,hut,Implicit,Start,End,6.303715929533886,True Belief,EleutherAI/pythia-6.9b,Pythia 6.9B,,,8,
7.677977555431426e-05,8.77114246122801e-07,"Hannah has just come back from a ride and is putting her horse away. She puts the saddle in the stable, then puts her backpack in the hut. Then she goes inside to have a bath. Meanwhile, Martin puts the saddle in the hut instead of the stable. When Hannah finishes her bath, she wants to use the saddle again. Martin thinks the saddle is in the [MASK].","Hannah has just come back from a ride and is putting her horse away. She puts the saddle in the stable, then puts her backpack in the hut. Then she goes inside to have a bath. Meanwhile, Martin puts the saddle in the hut instead of the stable. When Hannah finishes her bath, she wants to use the saddle again. Hannah thinks the saddle is in the [MASK].",stable,hut,Explicit,Start,Start,6.451817763407215,False Belief,EleutherAI/pythia-6.9b,Pythia 6.9B,,,8,
2.258281529066153e-05,1.4297292182163801e-05,"Hannah has just come back from a ride and is putting her horse away. She puts the saddle in the stable, then puts her backpack in the hut. Then she goes inside to have a bath. Meanwhile, Martin puts the saddle in the hut instead of the stable. When Hannah finishes her bath, she wants to use the saddle again. Martin goes to get the saddle from [MASK].","Hannah has just come back from a ride and is putting her horse away. She puts the saddle in the stable, then puts her backpack in the hut. Then she goes inside to have a bath. Meanwhile, Martin puts the saddle in the hut instead of the stable. When Hannah finishes her bath, she wants to use the saddle again. Hannah goes to get the saddle from [MASK].",stable,hut,Implicit,Start,Start,0.6594834157093029,False Belief,EleutherAI/pythia-6.9b,Pythia 6.9B,,,8,
8.48938143462874e-05,1.084580958377046e-06,"Hannah has just come back from a ride and is putting her horse away. She puts the saddle in the stable, then puts her backpack in the hut. Then she goes inside to have a bath. When, she finishes, she comes back. She watches Martin put the saddle in the hut instead of the stable. Hannah wants to use the saddle again. Martin thinks the saddle is in the [MASK].","Hannah has just come back from a ride and is putting her horse away. She puts the saddle in the stable, then puts her backpack in the hut. Then she goes inside to have a bath. When, she finishes, she comes back. She watches Martin put the saddle in the hut instead of the stable. Hannah wants to use the saddle again. Hannah thinks the saddle is in the [MASK].",stable,hut,Explicit,Start,Start,6.290449786022725,True Belief,EleutherAI/pythia-6.9b,Pythia 6.9B,,,8,
9.822671563597396e-05,1.2171547041361919e-06,"Hannah has just come back from a ride and is putting her horse away. She puts the saddle in the stable, then puts her backpack in the hut. Then she goes inside to have a bath. When, she finishes, she comes back. She watches Martin put the saddle in the hut instead of the stable. Hannah wants to use the saddle again. Martin goes to get the saddle from the [MASK].","Hannah has just come back from a ride and is putting her horse away. She puts the saddle in the stable, then puts her backpack in the hut. Then she goes inside to have a bath. When, she finishes, she comes back. She watches Martin put the saddle in the hut instead of the stable. Hannah wants to use the saddle again. Hannah goes to get the saddle from the [MASK].",stable,hut,Implicit,Start,Start,6.334531005304467,True Belief,EleutherAI/pythia-6.9b,Pythia 6.9B,,,8,
7.355205889325589e-05,9.417514093001955e-07,"Hannah has just come back from a ride and is putting her horse away. She puts her backpack in the hut, then puts the saddle in the stable. Then she goes inside to have a bath. Meanwhile, Martin takes the saddle from the stable and puts it in the hut. When Hannah finishes her bath, she wants to use the saddle again. Martin thinks the saddle is in the [MASK].","Hannah has just come back from a ride and is putting her horse away. She puts her backpack in the hut, then puts the saddle in the stable. Then she goes inside to have a bath. Meanwhile, Martin takes the saddle from the stable and puts it in the hut. When Hannah finishes her bath, she wants to use the saddle again. Hannah thinks the saddle is in the [MASK].",stable,hut,Explicit,End,End,6.287275629090614,False Belief,EleutherAI/pythia-6.9b,Pythia 6.9B,,,8,
1.7733147615217604e-05,1.5666635590605438e-05,"Hannah has just come back from a ride and is putting her horse away. She puts her backpack in the hut, then puts the saddle in the stable. Then she goes inside to have a bath. Meanwhile, Martin takes the saddle from the stable and puts it in the hut. When Hannah finishes her bath, she wants to use the saddle again. Martin goes to get the saddle from [MASK].","Hannah has just come back from a ride and is putting her horse away. She puts her backpack in the hut, then puts the saddle in the stable. Then she goes inside to have a bath. Meanwhile, Martin takes the saddle from the stable and puts it in the hut. When Hannah finishes her bath, she wants to use the saddle again. Hannah goes to get the saddle from [MASK].",stable,hut,Implicit,End,End,0.17875324146435445,False Belief,EleutherAI/pythia-6.9b,Pythia 6.9B,,,8,
9.24467749428004e-05,1.1822453416243661e-06,"Hannah has just come back from a ride and is putting her horse away. She puts her backpack in the hut, then puts the saddle in the stable. Then she goes inside to have a bath. When, she finishes, she comes back. She watches Martin take the saddle from the stable and put it in the hut. Hannah wants to use the saddle again. Martin thinks the saddle is in the [MASK].","Hannah has just come back from a ride and is putting her horse away. She puts her backpack in the hut, then puts the saddle in the stable. Then she goes inside to have a bath. When, she finishes, she comes back. She watches Martin take the saddle from the stable and put it in the hut. Hannah wants to use the saddle again. Hannah thinks the saddle is in the [MASK].",stable,hut,Explicit,End,End,6.2890216289882,True Belief,EleutherAI/pythia-6.9b,Pythia 6.9B,,,8,
0.00010066210961667821,1.2446445225577918e-06,"Hannah has just come back from a ride and is putting her horse away. She puts her backpack in the hut, then puts the saddle in the stable. Then she goes inside to have a bath. When, she finishes, she comes back. She watches Martin take the saddle from the stable and put it in the hut. Hannah wants to use the saddle again. Martin goes to get the saddle from the [MASK].","Hannah has just come back from a ride and is putting her horse away. She puts her backpack in the hut, then puts the saddle in the stable. Then she goes inside to have a bath. When, she finishes, she comes back. She watches Martin take the saddle from the stable and put it in the hut. Hannah wants to use the saddle again. Hannah goes to get the saddle from the [MASK].",stable,hut,Implicit,End,End,6.337643168840304,True Belief,EleutherAI/pythia-6.9b,Pythia 6.9B,,,8,
7.123684190446511e-05,8.751707127885311e-07,"Hannah has just come back from a ride and is putting her horse away. She puts her backpack in the hut, then puts the saddle in the stable. Then she goes inside to have a bath. Meanwhile, Martin puts the saddle in the hut instead of the stable. When Hannah finishes her bath, she wants to use the saddle again. Martin thinks the saddle is in the [MASK].","Hannah has just come back from a ride and is putting her horse away. She puts her backpack in the hut, then puts the saddle in the stable. Then she goes inside to have a bath. Meanwhile, Martin puts the saddle in the hut instead of the stable. When Hannah finishes her bath, she wants to use the saddle again. Hannah thinks the saddle is in the [MASK].",stable,hut,Explicit,End,Start,6.346915289822889,False Belief,EleutherAI/pythia-6.9b,Pythia 6.9B,,,8,
2.0889852748950943e-05,1.2714298463833984e-05,"Hannah has just come back from a ride and is putting her horse away. She puts her backpack in the hut, then puts the saddle in the stable. Then she goes inside to have a bath. Meanwhile, Martin puts the saddle in the hut instead of the stable. When Hannah finishes her bath, she wants to use the saddle again. Martin goes to get the saddle from [MASK].","Hannah has just come back from a ride and is putting her horse away. She puts her backpack in the hut, then puts the saddle in the stable. Then she goes inside to have a bath. Meanwhile, Martin puts the saddle in the hut instead of the stable. When Hannah finishes her bath, she wants to use the saddle again. Hannah goes to get the saddle from [MASK].",stable,hut,Implicit,End,Start,0.7163504622716961,False Belief,EleutherAI/pythia-6.9b,Pythia 6.9B,,,8,
9.179132030112669e-05,1.2549077155199484e-06,"Hannah has just come back from a ride and is putting her horse away. She puts her backpack in the hut, then puts the saddle in the stable. Then she goes inside to have a bath. When, she finishes, she comes back. She watches Martin put the saddle in the hut instead of the stablet. Hannah wants to use the saddle again. Martin thinks the saddle is in the [MASK].","Hannah has just come back from a ride and is putting her horse away. She puts her backpack in the hut, then puts the saddle in the stable. Then she goes inside to have a bath. When, she finishes, she comes back. She watches Martin put the saddle in the hut instead of the stablet. Hannah wants to use the saddle again. Hannah thinks the saddle is in the [MASK].",stable,hut,Explicit,End,Start,6.19270456119042,True Belief,EleutherAI/pythia-6.9b,Pythia 6.9B,,,8,
0.00010038055916083977,1.2961288575752405e-06,"Hannah has just come back from a ride and is putting her horse away. She puts her backpack in the hut, then puts the saddle in the stable. Then she goes inside to have a bath. When, she finishes, she comes back. She watches Martin put the saddle in the hut instead of the stable. Hannah wants to use the saddle again. Martin goes to get the saddle from the [MASK].","Hannah has just come back from a ride and is putting her horse away. She puts her backpack in the hut, then puts the saddle in the stable. Then she goes inside to have a bath. When, she finishes, she comes back. She watches Martin put the saddle in the hut instead of the stable. Hannah wants to use the saddle again. Hannah goes to get the saddle from the [MASK].",stable,hut,Implicit,End,Start,6.2751269232738505,True Belief,EleutherAI/pythia-6.9b,Pythia 6.9B,,,8,
3.0870799037074903e-06,2.214311098214239e-05,"Sean is reading a book. When he is done, he puts the book in the box and picks up a sweater from the basket. Then, Anna comes into the room. Sean leaves to get something to eat in the kitchen. While he is away, Anna moves the book from the box to the basket. Sean comes back into the room and wants to read more of his book. Anna thinks the book is in the [MASK].","Sean is reading a book. When he is done, he puts the book in the box and picks up a sweater from the basket. Then, Anna comes into the room. Sean leaves to get something to eat in the kitchen. While he is away, Anna moves the book from the box to the basket. Sean comes back into the room and wants to read more of his book. Sean thinks the book is in the [MASK].",box,basket,Explicit,Start,End,-2.8425431966644186,False Belief,EleutherAI/pythia-6.9b,Pythia 6.9B,,,8,
3.053419959542225e-06,2.2738066036254168e-05,"Sean is reading a book. When he is done, he puts the book in the box and picks up a sweater from the basket. Then, Anna comes into the room. Sean leaves to get something to eat in the kitchen. While he is away, Anna moves the book from the box to the basket. Sean comes back into the room and wants to read more of his book. Anna goes to get the book from the [MASK].","Sean is reading a book. When he is done, he puts the book in the box and picks up a sweater from the basket. Then, Anna comes into the room. Sean leaves to get something to eat in the kitchen. While he is away, Anna moves the book from the box to the basket. Sean comes back into the room and wants to read more of his book. Sean goes to get the book from the [MASK].",box,basket,Implicit,Start,End,-2.896611619570537,False Belief,EleutherAI/pythia-6.9b,Pythia 6.9B,,,8,
3.679241217469098e-06,2.2809934307588264e-05,"Sean is reading a book. When he is done, he puts the book in the box and picks up a sweater from the basket. Then, Anna comes into the room. Sean watches Anna move the book from the box to the basket. Sean leaves to get something to eat in the kitchen. Sean comes back into the room and wants to read more of his book. Anna thinks the book is in the [MASK].","Sean is reading a book. When he is done, he puts the book in the box and picks up a sweater from the basket. Then, Anna comes into the room. Sean watches Anna move the book from the box to the basket. Sean leaves to get something to eat in the kitchen. Sean comes back into the room and wants to read more of his book. Sean thinks the book is in the [MASK].",box,basket,Explicit,Start,End,-2.6321821215803793,True Belief,EleutherAI/pythia-6.9b,Pythia 6.9B,,,8,
3.925809323845897e-06,2.4622384444228373e-05,"Sean is reading a book. When he is done, he puts the book in the box and picks up a sweater from the basket. Then, Anna comes into the room. Sean watches Anna move the book from the box to the basket. Sean leaves to get something to eat in the kitchen. Sean comes back into the room and wants to read more of his book. Anna goes to get the book from the [MASK].","Sean is reading a book. When he is done, he puts the book in the box and picks up a sweater from the basket. Then, Anna comes into the room. Sean watches Anna move the book from the box to the basket. Sean leaves to get something to eat in the kitchen. Sean comes back into the room and wants to read more of his book. Sean goes to get the book from the [MASK].",box,basket,Implicit,Start,End,-2.648908471839978,True Belief,EleutherAI/pythia-6.9b,Pythia 6.9B,,,8,
3.0779610824538395e-06,2.2106944015831687e-05,"Sean is reading a book. When he is done, he puts the book in the box and picks up a sweater from the basket. Then, Anna comes into the room. Sean leaves to get something to eat in the kitchen. While he is away, Anna moves the book to the basket from the box. Sean comes back into the room and wants to read more of his book. Anna thinks the book is in the [MASK].","Sean is reading a book. When he is done, he puts the book in the box and picks up a sweater from the basket. Then, Anna comes into the room. Sean leaves to get something to eat in the kitchen. While he is away, Anna moves the book to the basket from the box. Sean comes back into the room and wants to read more of his book. Sean thinks the book is in the [MASK].",box,basket,Explicit,Start,Start,-2.8444527104319905,False Belief,EleutherAI/pythia-6.9b,Pythia 6.9B,,,8,
3.0472006073978264e-06,2.2998416170594282e-05,"Sean is reading a book. When he is done, he puts the book in the box and picks up a sweater from the basket. Then, Anna comes into the room. Sean leaves to get something to eat in the kitchen. While he is away, Anna moves the book to the basket from the box. Sean comes back into the room and wants to read more of his book. Anna goes to get the book from the [MASK].","Sean is reading a book. When he is done, he puts the book in the box and picks up a sweater from the basket. Then, Anna comes into the room. Sean leaves to get something to eat in the kitchen. While he is away, Anna moves the book to the basket from the box. Sean comes back into the room and wants to read more of his book. Sean goes to get the book from the [MASK].",box,basket,Implicit,Start,Start,-2.915978124970693,False Belief,EleutherAI/pythia-6.9b,Pythia 6.9B,,,8,
3.7432087083288934e-06,2.3086822693585418e-05,"Sean is reading a book. When he is done, he puts the book in the box and picks up a sweater from the basket. Then, Anna comes into the room. Sean watches Anna move the book to the basket from the box. Sean leaves to get something to eat in the kitchen. Sean comes back into the room and wants to read more of his book. Anna thinks the book is in the [MASK].","Sean is reading a book. When he is done, he puts the book in the box and picks up a sweater from the basket. Then, Anna comes into the room. Sean watches Anna move the book to the basket from the box. Sean leaves to get something to eat in the kitchen. Sean comes back into the room and wants to read more of his book. Sean thinks the book is in the [MASK].",box,basket,Explicit,Start,Start,-2.6247222417031044,True Belief,EleutherAI/pythia-6.9b,Pythia 6.9B,,,8,
3.911914518539561e-06,2.409542321402114e-05,"Sean is reading a book. When he is done, he puts the book in the box and picks up a sweater from the basket. Then, Anna comes into the room. Sean watches Anna move the book to the basket from the box. Sean leaves to get something to eat in the kitchen. Sean comes back into the room and wants to read more of his book. Anna goes to get the book from the [MASK].","Sean is reading a book. When he is done, he puts the book in the box and picks up a sweater from the basket. Then, Anna comes into the room. Sean watches Anna move the book to the basket from the box. Sean leaves to get something to eat in the kitchen. Sean comes back into the room and wants to read more of his book. Sean goes to get the book from the [MASK].",box,basket,Implicit,Start,Start,-2.622812390315833,True Belief,EleutherAI/pythia-6.9b,Pythia 6.9B,,,8,
2.7695853077602806e-06,2.204809607064817e-05,"Sean is reading a book. When he is done, he picks up a sweater from the basket and puts the book in the box. Then, Anna comes into the room. Sean leaves to get something to eat in the kitchen. While he is away, Anna moves the book from the box to the basket. Sean comes back into the room and wants to read more of his book. Anna thinks the book is in the [MASK].","Sean is reading a book. When he is done, he picks up a sweater from the basket and puts the book in the box. Then, Anna comes into the room. Sean leaves to get something to eat in the kitchen. While he is away, Anna moves the book from the box to the basket. Sean comes back into the room and wants to read more of his book. Sean thinks the book is in the [MASK].",box,basket,Explicit,End,End,-2.99291219778831,False Belief,EleutherAI/pythia-6.9b,Pythia 6.9B,,,8,
2.8618512715183897e-06,2.2711194105795585e-05,"Sean is reading a book. When he is done, he picks up a sweater from the basket and puts the book in the box. Then, Anna comes into the room. Sean leaves to get something to eat in the kitchen. While he is away, Anna moves the book from the box to the basket. Sean comes back into the room and wants to read more of his book. Anna goes to get the book from the [MASK].","Sean is reading a book. When he is done, he picks up a sweater from the basket and puts the book in the box. Then, Anna comes into the room. Sean leaves to get something to eat in the kitchen. While he is away, Anna moves the book from the box to the basket. Sean comes back into the room and wants to read more of his book. Sean goes to get the book from the [MASK].",box,basket,Implicit,End,End,-2.988382958608374,False Belief,EleutherAI/pythia-6.9b,Pythia 6.9B,,,8,
2.9459708912327187e-06,2.24574778258102e-05,"Sean is reading a book. When he is done, he picks up a sweater from the basket and puts the book in the box. Then, Anna comes into the room. Sean watches Anna move the book from the box to the basket. Sean leaves to get something to eat in the kitchen. Sean comes back into the room and wants to read more of his book. Anna thinks the book is in the [MASK].","Sean is reading a book. When he is done, he picks up a sweater from the basket and puts the book in the box. Then, Anna comes into the room. Sean watches Anna move the book from the box to the basket. Sean leaves to get something to eat in the kitchen. Sean comes back into the room and wants to read more of his book. Sean thinks the book is in the [MASK].",box,basket,Explicit,End,End,-2.9303808289028264,True Belief,EleutherAI/pythia-6.9b,Pythia 6.9B,,,8,
3.1831918931857217e-06,2.405818122497294e-05,"Sean is reading a book. When he is done, he picks up a sweater from the basket and puts the book in the box. Then, Anna comes into the room. Sean watches Anna move the book from the box to the basket. Sean leaves to get something to eat in the kitchen. Sean comes back into the room and wants to read more of his book. Anna goes to get the book from the [MASK].","Sean is reading a book. When he is done, he picks up a sweater from the basket and puts the book in the box. Then, Anna comes into the room. Sean watches Anna move the book from the box to the basket. Sean leaves to get something to eat in the kitchen. Sean comes back into the room and wants to read more of his book. Sean goes to get the book from the [MASK].",box,basket,Implicit,End,End,-2.9179815452301834,True Belief,EleutherAI/pythia-6.9b,Pythia 6.9B,,,8,
2.7607406991592143e-06,2.1930305592832156e-05,"Sean is reading a book. When he is done, he picks up a sweater from the basket and puts the book in the box. Then, Anna comes into the room. Sean leaves to get something to eat in the kitchen. While he is away, Anna moves the book to the basket from the box. Sean comes back into the room and wants to read more of his book. Anna thinks the book is in the [MASK].","Sean is reading a book. When he is done, he picks up a sweater from the basket and puts the book in the box. Then, Anna comes into the room. Sean leaves to get something to eat in the kitchen. While he is away, Anna moves the book to the basket from the box. Sean comes back into the room and wants to read more of his book. Sean thinks the book is in the [MASK].",box,basket,Explicit,End,Start,-2.989798620540005,False Belief,EleutherAI/pythia-6.9b,Pythia 6.9B,,,8,
2.8621075216506142e-06,2.2942249415791593e-05,"Sean is reading a book. When he is done, he picks up a sweater from the basket and puts the book in the box. Then, Anna comes into the room. Sean leaves to get something to eat in the kitchen. While he is away, Anna moves the book to the basket from the box. Sean comes back into the room and wants to read more of his book. Anna goes to get the book from the [MASK].","Sean is reading a book. When he is done, he picks up a sweater from the basket and puts the book in the box. Then, Anna comes into the room. Sean leaves to get something to eat in the kitchen. While he is away, Anna moves the book to the basket from the box. Sean comes back into the room and wants to read more of his book. Sean goes to get the book from the [MASK].",box,basket,Implicit,End,Start,-3.002857073672588,False Belief,EleutherAI/pythia-6.9b,Pythia 6.9B,,,8,
2.9820221243426204e-06,2.2832002287032083e-05,"Sean is reading a book. When he is done, he picks up a sweater from the basket and puts the book in the box. Then, Anna comes into the room. Sean watches Anna move the book to the basket from the box. Sean leaves to get something to eat in the kitchen. Sean comes back into the room and wants to read more of his book. Anna thinks the book is in the [MASK].","Sean is reading a book. When he is done, he picks up a sweater from the basket and puts the book in the box. Then, Anna comes into the room. Sean watches Anna move the book to the basket from the box. Sean leaves to get something to eat in the kitchen. Sean comes back into the room and wants to read more of his book. Sean thinks the book is in the [MASK].",box,basket,Explicit,End,Start,-2.936694517961176,True Belief,EleutherAI/pythia-6.9b,Pythia 6.9B,,,8,
3.1506974664807785e-06,2.3717446310911328e-05,"Sean is reading a book. When he is done, he picks up a sweater from the basket and puts the book in the box. Then, Anna comes into the room. Sean watches Anna move the book to the basket from the box. Sean leaves to get something to eat in the kitchen. Sean comes back into the room and wants to read more of his book. Anna goes to get the book from the [MASK].","Sean is reading a book. When he is done, he picks up a sweater from the basket and puts the book in the box. Then, Anna comes into the room. Sean watches Anna move the book to the basket from the box. Sean leaves to get something to eat in the kitchen. Sean comes back into the room and wants to read more of his book. Sean goes to get the book from the [MASK].",box,basket,Implicit,End,Start,-2.9122055444301913,True Belief,EleutherAI/pythia-6.9b,Pythia 6.9B,,,8,
2.095294640916401e-12,1.9713806977961212e-05,"Mary is feeling hungry and decides to make a sandwich. She gets out the jam and puts some on her sandwich. When she has finished eating, she puts the jam away in the cupboard and gets a soda out of the fridge. Then, James walks into the kitchen. Mary goes out of the kitchen to get something from her room. While she is away, James moves the jam out of the cupboard and into the fridge. Mary comes back into the kitchen and decides to make another sandwich. James thinks the jam is in the [MASK].","Mary is feeling hungry and decides to make a sandwich. She gets out the jam and puts some on her sandwich. When she has finished eating, she puts the jam away in the cupboard and gets a soda out of the fridge. Then, James walks into the kitchen. Mary goes out of the kitchen to get something from her room. While she is away, James moves the jam out of the cupboard and into the fridge. Mary comes back into the kitchen and decides to make another sandwich. Mary thinks the jam is in the [MASK].",cupboard,fridge,Explicit,Start,End,-23.165549939238716,False Belief,EleutherAI/pythia-6.9b,Pythia 6.9B,,,8,
2.129687702231986e-12,2.1103045583004132e-05,"Mary is feeling hungry and decides to make a sandwich. She gets out the jam and puts some on her sandwich. When she has finished eating, she puts the jam away in the cupboard and gets a soda out of the fridge. Then, James walks into the kitchen. Mary goes out of the kitchen to get something from her room. While she is away, James moves the jam out of the cupboard and into the fridge. Mary comes back into the kitchen and decides to make another sandwich. James goes to get the jam from the [MASK].","Mary is feeling hungry and decides to make a sandwich. She gets out the jam and puts some on her sandwich. When she has finished eating, she puts the jam away in the cupboard and gets a soda out of the fridge. Then, James walks into the kitchen. Mary goes out of the kitchen to get something from her room. While she is away, James moves the jam out of the cupboard and into the fridge. Mary comes back into the kitchen and decides to make another sandwich. Mary goes to get the jam from the [MASK].",cupboard,fridge,Implicit,Start,End,-23.24030599842059,False Belief,EleutherAI/pythia-6.9b,Pythia 6.9B,,,8,
2.001221237335482e-12,2.4178429157473147e-05,"Mary is feeling hungry and decides to make a sandwich. She gets out the jam and puts some on her sandwich. When she has finished eating, she puts the jam away in the cupboard and gets a soda out of the fridge. Then, James walks into the kitchen. Mary watches James move the jam out of the cupboard and into the fridge. Mary goes out of the kitchen to get something from her room. Mary comes back into the kitchen and decides to make another sandwich. James thinks the jam is in the [MASK].","Mary is feeling hungry and decides to make a sandwich. She gets out the jam and puts some on her sandwich. When she has finished eating, she puts the jam away in the cupboard and gets a soda out of the fridge. Then, James walks into the kitchen. Mary watches James move the jam out of the cupboard and into the fridge. Mary goes out of the kitchen to get something from her room. Mary comes back into the kitchen and decides to make another sandwich. Mary thinks the jam is in the [MASK].",cupboard,fridge,Explicit,Start,End,-23.526336514062265,True Belief,EleutherAI/pythia-6.9b,Pythia 6.9B,,,8,
2.3242664303618765e-12,2.449943895044271e-05,"Mary is feeling hungry and decides to make a sandwich. She gets out the jam and puts some on her sandwich. When she has finished eating, she puts the jam away in the cupboard and gets a soda out of the fridge. Then, James walks into the kitchen. Mary watches James move the jam out of the cupboard and into the fridge. Mary goes out of the kitchen to get something from her room. Mary comes back into the kitchen and decides to make another sandwich. James goes to get the jam from the [MASK].","Mary is feeling hungry and decides to make a sandwich. She gets out the jam and puts some on her sandwich. When she has finished eating, she puts the jam away in the cupboard and gets a soda out of the fridge. Then, James walks into the kitchen. Mary watches James move the jam out of the cupboard and into the fridge. Mary goes out of the kitchen to get something from her room. Mary comes back into the kitchen and decides to make another sandwich. Mary goes to get the jam from the [MASK].",cupboard,fridge,Implicit,Start,End,-23.329469921202126,True Belief,EleutherAI/pythia-6.9b,Pythia 6.9B,,,8,
1.9327295840143588e-12,2.2858452211949043e-05,"Mary is feeling hungry and decides to make a sandwich. She gets out the jam and puts some on her sandwich. When she has finished eating, she puts the jam away in the cupboard and gets a soda out of the fridge. Then, James walks into the kitchen. Mary goes out of the kitchen to get something from her room. While she is away, James moves the jam into the fridge after taking it out of the cupboard. Mary comes back into the kitchen and decides to make another sandwich. James thinks the jam is in the [MASK].","Mary is feeling hungry and decides to make a sandwich. She gets out the jam and puts some on her sandwich. When she has finished eating, she puts the jam away in the cupboard and gets a soda out of the fridge. Then, James walks into the kitchen. Mary goes out of the kitchen to get something from her room. While she is away, James moves the jam into the fridge after taking it out of the cupboard. Mary comes back into the kitchen and decides to make another sandwich. Mary thinks the jam is in the [MASK].",cupboard,fridge,Explicit,Start,Start,-23.495584585132004,False Belief,EleutherAI/pythia-6.9b,Pythia 6.9B,,,8,
2.3791032078418484e-12,2.4667488105478697e-05,"Mary is feeling hungry and decides to make a sandwich. She gets out the jam and puts some on her sandwich. When she has finished eating, she puts the jam away in the cupboard and gets a soda out of the fridge. Then, James walks into the kitchen. Mary goes out of the kitchen to get something from her room. While she is away, James moves the jam into the fridge after taking it out of the cupboard. Mary comes back into the kitchen and decides to make another sandwich. James goes to get the jam from the [MASK].","Mary is feeling hungry and decides to make a sandwich. She gets out the jam and puts some on her sandwich. When she has finished eating, she puts the jam away in the cupboard and gets a soda out of the fridge. Then, James walks into the kitchen. Mary goes out of the kitchen to get something from her room. While she is away, James moves the jam into the fridge after taking it out of the cupboard. Mary comes back into the kitchen and decides to make another sandwich. Mary goes to get the jam from the [MASK].",cupboard,fridge,Implicit,Start,Start,-23.3056896187936,False Belief,EleutherAI/pythia-6.9b,Pythia 6.9B,,,8,
2.1942172471339783e-12,2.324454180779867e-05,"Mary is feeling hungry and decides to make a sandwich. She gets out the jam and puts some on her sandwich. When she has finished eating, she puts the jam away in the cupboard and gets a soda out of the fridge. Then, James walks into the kitchen. Mary watches James move the jam into the fridge after taking it out of the cupboard. Mary goes out of the kitchen to get something from her room. Mary comes back into the kitchen and decides to make another sandwich. James thinks the jam is in the [MASK].","Mary is feeling hungry and decides to make a sandwich. She gets out the jam and puts some on her sandwich. When she has finished eating, she puts the jam away in the cupboard and gets a soda out of the fridge. Then, James walks into the kitchen. Mary watches James move the jam into the fridge after taking it out of the cupboard. Mary goes out of the kitchen to get something from her room. Mary comes back into the kitchen and decides to make another sandwich. Mary thinks the jam is in the [MASK].",cupboard,fridge,Explicit,Start,Start,-23.336682279678914,True Belief,EleutherAI/pythia-6.9b,Pythia 6.9B,,,8,
2.4270173544505003e-12,2.117285293934401e-05,"Mary is feeling hungry and decides to make a sandwich. She gets out the jam and puts some on her sandwich. When she has finished eating, she puts the jam away in the cupboard and gets a soda out of the fridge. Then, James walks into the kitchen. Mary watches James move the jam into the fridge after taking it out of the cupboard. Mary goes out of the kitchen to get something from her room. Mary comes back into the kitchen and decides to make another sandwich. James goes to get the jam from the [MASK].","Mary is feeling hungry and decides to make a sandwich. She gets out the jam and puts some on her sandwich. When she has finished eating, she puts the jam away in the cupboard and gets a soda out of the fridge. Then, James walks into the kitchen. Mary watches James move the jam into the fridge after taking it out of the cupboard. Mary goes out of the kitchen to get something from her room. Mary comes back into the kitchen and decides to make another sandwich. Mary goes to get the jam from the [MASK].",cupboard,fridge,Implicit,Start,Start,-23.056527918267392,True Belief,EleutherAI/pythia-6.9b,Pythia 6.9B,,,8,
2.100640841828927e-12,2.0984356524422765e-05,"Mary is feeling hungry and decides to make a sandwich. She gets out the jam and puts some on her sandwich. When she has finished eating, she gets a soda out of the fridge and puts the jam away in the cupboard. Then, James walks into the kitchen. Mary goes out of the kitchen to get something from her room. While she is away, James moves the jam out of the cupboard and into the fridge. Mary comes back into the kitchen and decides to make another sandwich. James thinks the jam is in the [MASK].","Mary is feeling hungry and decides to make a sandwich. She gets out the jam and puts some on her sandwich. When she has finished eating, she gets a soda out of the fridge and puts the jam away in the cupboard. Then, James walks into the kitchen. Mary goes out of the kitchen to get something from her room. While she is away, James moves the jam out of the cupboard and into the fridge. Mary comes back into the kitchen and decides to make another sandwich. Mary thinks the jam is in the [MASK].",cupboard,fridge,Explicit,End,End,-23.251981370984964,False Belief,EleutherAI/pythia-6.9b,Pythia 6.9B,,,8,
2.170569713549897e-12,2.1550727979047224e-05,"Mary is feeling hungry and decides to make a sandwich. She gets out the jam and puts some on her sandwich. When she has finished eating, she gets a soda out of the fridge and puts the jam away in the cupboard. Then, James walks into the kitchen. Mary goes out of the kitchen to get something from her room. While she is away, James moves the jam out of the cupboard and into the fridge. Mary comes back into the kitchen and decides to make another sandwich. James goes to get the jam from the [MASK].","Mary is feeling hungry and decides to make a sandwich. She gets out the jam and puts some on her sandwich. When she has finished eating, she gets a soda out of the fridge and puts the jam away in the cupboard. Then, James walks into the kitchen. Mary goes out of the kitchen to get something from her room. While she is away, James moves the jam out of the cupboard and into the fridge. Mary comes back into the kitchen and decides to make another sandwich. Mary goes to get the jam from the [MASK].",cupboard,fridge,Implicit,End,End,-23.243159509006254,False Belief,EleutherAI/pythia-6.9b,Pythia 6.9B,,,8,
2.277529293631675e-12,2.4507548005203716e-05,"Mary is feeling hungry and decides to make a sandwich. She gets out the jam and puts some on her sandwich. When she has finished eating, she gets a soda out of the fridge and puts the jam away in the cupboard. Then, James walks into the kitchen. Mary watches James move the jam out of the cupboard and into the fridge. Mary goes out of the kitchen to get something from her room. Mary comes back into the kitchen and decides to make another sandwich. James thinks the jam is in the [MASK].","Mary is feeling hungry and decides to make a sandwich. She gets out the jam and puts some on her sandwich. When she has finished eating, she gets a soda out of the fridge and puts the jam away in the cupboard. Then, James walks into the kitchen. Mary watches James move the jam out of the cupboard and into the fridge. Mary goes out of the kitchen to get something from her room. Mary comes back into the kitchen and decides to make another sandwich. Mary thinks the jam is in the [MASK].",cupboard,fridge,Explicit,End,End,-23.359253203015314,True Belief,EleutherAI/pythia-6.9b,Pythia 6.9B,,,8,
2.469453894843321e-12,2.6478968720766716e-05,"Mary is feeling hungry and decides to make a sandwich. She gets out the jam and puts some on her sandwich. When she has finished eating, she gets a soda out of the fridge and puts the jam away in the cupboard. Then, James walks into the kitchen. Mary watches James move the jam out of the cupboard and into the fridge. Mary goes out of the kitchen to get something from her room. Mary comes back into the kitchen and decides to make another sandwich. James goes to get the jam from the [MASK].","Mary is feeling hungry and decides to make a sandwich. She gets out the jam and puts some on her sandwich. When she has finished eating, she gets a soda out of the fridge and puts the jam away in the cupboard. Then, James walks into the kitchen. Mary watches James move the jam out of the cupboard and into the fridge. Mary goes out of the kitchen to get something from her room. Mary comes back into the kitchen and decides to make another sandwich. Mary goes to get the jam from the [MASK].",cupboard,fridge,Implicit,End,End,-23.354151565065372,True Belief,EleutherAI/pythia-6.9b,Pythia 6.9B,,,8,
1.944643448006933e-12,2.3149790649767965e-05,"Mary is feeling hungry and decides to make a sandwich. She gets out the jam and puts some on her sandwich. When she has finished eating, she gets a soda out of the fridge and puts the jam away in the cupboard. Then, James walks into the kitchen. Mary goes out of the kitchen to get something from her room. While she is away, James moves the jam into the fridge after taking it out of the cupboard. Mary comes back into the kitchen and decides to make another sandwich. James thinks the jam is in the [MASK].","Mary is feeling hungry and decides to make a sandwich. She gets out the jam and puts some on her sandwich. When she has finished eating, she gets a soda out of the fridge and puts the jam away in the cupboard. Then, James walks into the kitchen. Mary goes out of the kitchen to get something from her room. While she is away, James moves the jam into the fridge after taking it out of the cupboard. Mary comes back into the kitchen and decides to make another sandwich. Mary thinks the jam is in the [MASK].",cupboard,fridge,Explicit,End,Start,-23.50499015092564,False Belief,EleutherAI/pythia-6.9b,Pythia 6.9B,,,8,
2.192175694443188e-12,2.459147981426213e-05,"Mary is feeling hungry and decides to make a sandwich. She gets out the jam and puts some on her sandwich. When she has finished eating, she gets a soda out of the fridge and puts the jam away in the cupboard. Then, James walks into the kitchen. Mary goes out of the kitchen to get something from her room. While she is away, James moves the jam into the fridge after taking it out of the cupboard. Mary comes back into the kitchen and decides to make another sandwich. James goes to get the jam from the [MASK].","Mary is feeling hungry and decides to make a sandwich. She gets out the jam and puts some on her sandwich. When she has finished eating, she gets a soda out of the fridge and puts the jam away in the cupboard. Then, James walks into the kitchen. Mary goes out of the kitchen to get something from her room. While she is away, James moves the jam into the fridge after taking it out of the cupboard. Mary comes back into the kitchen and decides to make another sandwich. Mary goes to get the jam from the [MASK].",cupboard,fridge,Implicit,End,Start,-23.419291787834283,False Belief,EleutherAI/pythia-6.9b,Pythia 6.9B,,,8,
2.3599902414239704e-12,2.5440764147788286e-05,"Mary is feeling hungry and decides to make a sandwich. She gets out the jam and puts some on her sandwich. When she has finished eating, she gets a soda out of the fridge and puts the jam away in the cupboard. Then, James walks into the kitchen. Mary watches James move the jam into the fridge after taking it out of the cupboard. Mary goes out of the kitchen to get something from her room. Mary comes back into the kitchen and decides to make another sandwich. James thinks the jam is in the [MASK].","Mary is feeling hungry and decides to make a sandwich. She gets out the jam and puts some on her sandwich. When she has finished eating, she gets a soda out of the fridge and puts the jam away in the cupboard. Then, James walks into the kitchen. Mary watches James move the jam into the fridge after taking it out of the cupboard. Mary goes out of the kitchen to get something from her room. Mary comes back into the kitchen and decides to make another sandwich. Mary thinks the jam is in the [MASK].",cupboard,fridge,Explicit,End,Start,-23.361857774737576,True Belief,EleutherAI/pythia-6.9b,Pythia 6.9B,,,8,
2.5678749491359065e-12,2.277904422953725e-05,"Mary is feeling hungry and decides to make a sandwich. She gets out the jam and puts some on her sandwich. When she has finished eating, she gets a soda out of the fridge and puts the jam away in the cupboard. Then, James walks into the kitchen. Mary watches James move the jam into the fridge after taking it out of the cupboard. Mary goes out of the kitchen to get something from her room. Mary comes back into the kitchen and decides to make another sandwich. James goes to get the jam from the [MASK].","Mary is feeling hungry and decides to make a sandwich. She gets out the jam and puts some on her sandwich. When she has finished eating, she gets a soda out of the fridge and puts the jam away in the cupboard. Then, James walks into the kitchen. Mary watches James move the jam into the fridge after taking it out of the cupboard. Mary goes out of the kitchen to get something from her room. Mary comes back into the kitchen and decides to make another sandwich. Mary goes to get the jam from the [MASK].",cupboard,fridge,Implicit,End,Start,-23.08062893193246,True Belief,EleutherAI/pythia-6.9b,Pythia 6.9B,,,8,
1.4780181345486199e-06,2.885841968236491e-05,"While Cameron is eating, he gets a stain on his shirt. He puts his shirt in the sink and picks up a sweater from the basket. Then he goes to his room to get changed. Cameron doesn't see Helen move the shirt from the sink to the basket. When Cameron comes back into the room he wants to wash the stain off his shirt. Helen thinks the shirt is in the [MASK].","While Cameron is eating, he gets a stain on his shirt. He puts his shirt in the sink and picks up a sweater from the basket. Then he goes to his room to get changed. Cameron doesn't see Helen move the shirt from the sink to the basket. When Cameron comes back into the room he wants to wash the stain off his shirt. Cameron thinks the shirt is in the [MASK].",sink,basket,Explicit,Start,End,-4.287256422626232,False Belief,EleutherAI/pythia-6.9b,Pythia 6.9B,,,8,
1.3474921161105158e-06,2.8940965421497822e-05,"While Cameron is eating, he gets a stain on his shirt. He puts his shirt in the sink and picks up a sweater from the basket. Then he goes to his room to get changed. Cameron doesn't see Helen move the shirt from the sink to the basket. When Cameron comes back into the room he wants to wash the stain off his shirt. Helen goes to get his shirt out of the [MASK].","While Cameron is eating, he gets a stain on his shirt. He puts his shirt in the sink and picks up a sweater from the basket. Then he goes to his room to get changed. Cameron doesn't see Helen move the shirt from the sink to the basket. When Cameron comes back into the room he wants to wash the stain off his shirt. Cameron goes to get his shirt out of the [MASK].",sink,basket,Implicit,Start,End,-4.42476431131729,False Belief,EleutherAI/pythia-6.9b,Pythia 6.9B,,,8,
1.5205745285129524e-06,3.0354176487890072e-05,"While Cameron is eating, he gets a stain on his shirt. He puts his shirt in the sink and picks up a sweater from the basket. Cameron sees Helen move the shirt from the sink to the basket. Then he goes to his room to get changed. When Cameron comes back into the room he wants to wash the stain off his shirt. Helen thinks the shirt is in the [MASK].","While Cameron is eating, he gets a stain on his shirt. He puts his shirt in the sink and picks up a sweater from the basket. Cameron sees Helen move the shirt from the sink to the basket. Then he goes to his room to get changed. When Cameron comes back into the room he wants to wash the stain off his shirt. Cameron thinks the shirt is in the [MASK].",sink,basket,Explicit,Start,End,-4.319206598656679,True Belief,EleutherAI/pythia-6.9b,Pythia 6.9B,,,8,
1.3537508039007662e-06,2.3858166969148442e-05,"While Cameron is eating, he gets a stain on his shirt. He puts his shirt in the sink and picks up a sweater from the basket. Cameron sees Helen move the shirt from the sink to the basket. Then he goes to his room to get changed. When Cameron comes back into the room he wants to wash the stain off his shirt. Helen goes to get his shirt out of the [MASK].","While Cameron is eating, he gets a stain on his shirt. He puts his shirt in the sink and picks up a sweater from the basket. Cameron sees Helen move the shirt from the sink to the basket. Then he goes to his room to get changed. When Cameron comes back into the room he wants to wash the stain off his shirt. Cameron goes to get his shirt out of the [MASK].",sink,basket,Implicit,Start,End,-4.139449104889063,True Belief,EleutherAI/pythia-6.9b,Pythia 6.9B,,,8,
1.6091037196019897e-06,2.8863483748864383e-05,"While Cameron is eating, he gets a stain on his shirt. He puts his shirt in the sink and picks up a sweater from the basket. Then he goes to his room to get changed. Cameron doesn't see Helen move the shirt into the basket from the sink. When Cameron comes back into the room he wants to wash the stain off his shirt. Helen thinks the shirt is in the [MASK].","While Cameron is eating, he gets a stain on his shirt. He puts his shirt in the sink and picks up a sweater from the basket. Then he goes to his room to get changed. Cameron doesn't see Helen move the shirt into the basket from the sink. When Cameron comes back into the room he wants to wash the stain off his shirt. Cameron thinks the shirt is in the [MASK].",sink,basket,Explicit,Start,Start,-4.164916212546752,False Belief,EleutherAI/pythia-6.9b,Pythia 6.9B,,,8,
1.433323177479906e-06,2.918782047345303e-05,"While Cameron is eating, he gets a stain on his shirt. He puts his shirt in the sink and picks up a sweater from the basket. Then he goes to his room to get changed. Cameron doesn't see Helen move the shirt into the basket from the sink. When Cameron comes back into the room he wants to wash the stain off his shirt. Helen goes to get his shirt out of the [MASK].","While Cameron is eating, he gets a stain on his shirt. He puts his shirt in the sink and picks up a sweater from the basket. Then he goes to his room to get changed. Cameron doesn't see Helen move the shirt into the basket from the sink. When Cameron comes back into the room he wants to wash the stain off his shirt. Cameron goes to get his shirt out of the [MASK].",sink,basket,Implicit,Start,Start,-4.347930643280673,False Belief,EleutherAI/pythia-6.9b,Pythia 6.9B,,,8,
1.7046914990714868e-06,3.072686740779318e-05,"While Cameron is eating, he gets a stain on his shirt. He puts his shirt in the sink and picks up a sweater from the basket. Cameron sees Helen move the shirt into the basket from the sink. Then he goes to his room to get changed. When Cameron comes back into the room he wants to wash the stain off his shirt. Helen thinks the shirt is in the [MASK].","While Cameron is eating, he gets a stain on his shirt. He puts his shirt in the sink and picks up a sweater from the basket. Cameron sees Helen move the shirt into the basket from the sink. Then he goes to his room to get changed. When Cameron comes back into the room he wants to wash the stain off his shirt. Cameron thinks the shirt is in the [MASK].",sink,basket,Explicit,Start,Start,-4.171918111226996,True Belief,EleutherAI/pythia-6.9b,Pythia 6.9B,,,8,
1.5439707112818724e-06,2.3437352865585126e-05,"While Cameron is eating, he gets a stain on his shirt. He puts his shirt in the sink and picks up a sweater from the basket. Cameron sees Helen move the shirt into the basket from the sink. Then he goes to his room to get changed. When Cameron comes back into the room he wants to wash the stain off his shirt. Helen goes to get his shirt out of the [MASK].","While Cameron is eating, he gets a stain on his shirt. He puts his shirt in the sink and picks up a sweater from the basket. Cameron sees Helen move the shirt into the basket from the sink. Then he goes to his room to get changed. When Cameron comes back into the room he wants to wash the stain off his shirt. Cameron goes to get his shirt out of the [MASK].",sink,basket,Implicit,Start,Start,-3.9240923431773536,True Belief,EleutherAI/pythia-6.9b,Pythia 6.9B,,,8,
1.4474828731181333e-06,3.143220237689093e-05,"While Cameron is eating, he gets a stain on his shirt. He picks up a sweater from the basket and puts his shirt in the sink. Then he goes to his room to get changed. Cameron doesn't see Helen move the shirt from the sink to the basket. When Cameron comes back into the room he wants to wash the stain off his shirt. Helen thinks the shirt is in the [MASK].","While Cameron is eating, he gets a stain on his shirt. He picks up a sweater from the basket and puts his shirt in the sink. Then he goes to his room to get changed. Cameron doesn't see Helen move the shirt from the sink to the basket. When Cameron comes back into the room he wants to wash the stain off his shirt. Cameron thinks the shirt is in the [MASK].",sink,basket,Explicit,End,End,-4.44062517856449,False Belief,EleutherAI/pythia-6.9b,Pythia 6.9B,,,8,
1.2724506177619332e-06,2.994765600305982e-05,"While Cameron is eating, he gets a stain on his shirt. He picks up a sweater from the basket and puts his shirt in the sink. Then he goes to his room to get changed. Cameron doesn't see Helen move the shirt from the sink to the basket. When Cameron comes back into the room he wants to wash the stain off his shirt. Helen goes to get his shirt out of the [MASK].","While Cameron is eating, he gets a stain on his shirt. He picks up a sweater from the basket and puts his shirt in the sink. Then he goes to his room to get changed. Cameron doesn't see Helen move the shirt from the sink to the basket. When Cameron comes back into the room he wants to wash the stain off his shirt. Cameron goes to get his shirt out of the [MASK].",sink,basket,Implicit,End,End,-4.556761514699702,False Belief,EleutherAI/pythia-6.9b,Pythia 6.9B,,,8,
1.4255923588279984e-06,2.9136759621906094e-05,"While Cameron is eating, he gets a stain on his shirt. He picks up a sweater from the basket and puts his shirt in the sink. Cameron sees Helen move the shirt from the sink to the basket. Then he goes to his room to get changed. When Cameron comes back into the room he wants to wash the stain off his shirt. Helen thinks the shirt is in the [MASK].","While Cameron is eating, he gets a stain on his shirt. He picks up a sweater from the basket and puts his shirt in the sink. Cameron sees Helen move the shirt from the sink to the basket. Then he goes to his room to get changed. When Cameron comes back into the room he wants to wash the stain off his shirt. Cameron thinks the shirt is in the [MASK].",sink,basket,Explicit,End,End,-4.353207026030149,True Belief,EleutherAI/pythia-6.9b,Pythia 6.9B,,,8,
1.3124256383889588e-06,2.531372956582345e-05,"While Cameron is eating, he gets a stain on his shirt. He picks up a sweater from the basket and puts his shirt in the sink. Cameron sees Helen move the shirt from the sink to the basket. Then he goes to his room to get changed. When Cameron comes back into the room he wants to wash the stain off his shirt. Helen goes to get his shirt out of the [MASK].","While Cameron is eating, he gets a stain on his shirt. He picks up a sweater from the basket and puts his shirt in the sink. Cameron sees Helen move the shirt from the sink to the basket. Then he goes to his room to get changed. When Cameron comes back into the room he wants to wash the stain off his shirt. Cameron goes to get his shirt out of the [MASK].",sink,basket,Implicit,End,End,-4.269612493154989,True Belief,EleutherAI/pythia-6.9b,Pythia 6.9B,,,8,
1.5578797274429235e-06,3.076542270719074e-05,"While Cameron is eating, he gets a stain on his shirt. He picks up a sweater from the basket and puts his shirt in the sink. Then he goes to his room to get changed. Cameron doesn't see Helen move the shirt into the basket from the sink. When Cameron comes back into the room he wants to wash the stain off his shirt. Helen thinks the shirt is in the [MASK].","While Cameron is eating, he gets a stain on his shirt. He picks up a sweater from the basket and puts his shirt in the sink. Then he goes to his room to get changed. Cameron doesn't see Helen move the shirt into the basket from the sink. When Cameron comes back into the room he wants to wash the stain off his shirt. Cameron thinks the shirt is in the [MASK].",sink,basket,Explicit,End,Start,-4.303654052023492,False Belief,EleutherAI/pythia-6.9b,Pythia 6.9B,,,8,
1.3411256531981053e-06,2.971618960145861e-05,"While Cameron is eating, he gets a stain on his shirt. He picks up a sweater from the basket and puts his shirt in the sink. Then he goes to his room to get changed. Cameron doesn't see Helen move the shirt into the basket from the sink. When Cameron comes back into the room he wants to wash the stain off his shirt. Helen goes to get his shirt out of the [MASK].","While Cameron is eating, he gets a stain on his shirt. He picks up a sweater from the basket and puts his shirt in the sink. Then he goes to his room to get changed. Cameron doesn't see Helen move the shirt into the basket from the sink. When Cameron comes back into the room he wants to wash the stain off his shirt. Cameron goes to get his shirt out of the [MASK].",sink,basket,Implicit,End,Start,-4.4697328180569,False Belief,EleutherAI/pythia-6.9b,Pythia 6.9B,,,8,
1.5929283563309582e-06,2.843600304913707e-05,"While Cameron is eating, he gets a stain on his shirt. He picks up a sweater from the basket and puts his shirt in the sink. Cameron sees Helen move the shirt into the basket from the sink. Then he goes to his room to get changed. When Cameron comes back into the room he wants to wash the stain off his shirt. Helen thinks the shirt is in the [MASK].","While Cameron is eating, he gets a stain on his shirt. He picks up a sweater from the basket and puts his shirt in the sink. Cameron sees Helen move the shirt into the basket from the sink. Then he goes to his room to get changed. When Cameron comes back into the room he wants to wash the stain off his shirt. Cameron thinks the shirt is in the [MASK].",sink,basket,Explicit,End,Start,-4.157965408017887,True Belief,EleutherAI/pythia-6.9b,Pythia 6.9B,,,8,
1.4789360420763842e-06,2.405372833891306e-05,"While Cameron is eating, he gets a stain on his shirt. He picks up a sweater from the basket and puts his shirt in the sink. Cameron sees Helen move the shirt into the basket from the sink. Then he goes to his room to get changed. When Cameron comes back into the room he wants to wash the stain off his shirt. Helen goes to get his shirt out of the [MASK].","While Cameron is eating, he gets a stain on his shirt. He picks up a sweater from the basket and puts his shirt in the sink. Cameron sees Helen move the shirt into the basket from the sink. Then he goes to his room to get changed. When Cameron comes back into the room he wants to wash the stain off his shirt. Cameron goes to get his shirt out of the [MASK].",sink,basket,Implicit,End,Start,-4.023628961470081,True Belief,EleutherAI/pythia-6.9b,Pythia 6.9B,,,8,
7.709990654802823e-07,1.0526168807700742e-05,"Paula and Tim are playing catch with a football in the yard. After a while they get bored. Paula puts the football in the shed, and gets a bottle of water from the garage. Then Paula goes to run some errands. Paula is away while Tim moves the football out of the shed and into the garage. Paula gets back and wants to play catch again. Tim thinks the football is in the [MASK].","Paula and Tim are playing catch with a football in the yard. After a while they get bored. Paula puts the football in the shed, and gets a bottle of water from the garage. Then Paula goes to run some errands. Paula is away while Tim moves the football out of the shed and into the garage. Paula gets back and wants to play catch again. Paula thinks the football is in the [MASK].",shed,garage,Explicit,Start,End,-3.7711075148735924,False Belief,EleutherAI/pythia-6.9b,Pythia 6.9B,,,8,
8.386860486098158e-07,1.0479333468538243e-05,"Paula and Tim are playing catch with a football in the yard. After a while they get bored. Paula puts the football in the shed, and gets a bottle of water from the garage. Then Paula goes to run some errands. Paula is away while Tim moves the football out of the shed and into the garage. Paula gets back and wants to play catch again. Tim goes to get the football from the [MASK].","Paula and Tim are playing catch with a football in the yard. After a while they get bored. Paula puts the football in the shed, and gets a bottle of water from the garage. Then Paula goes to run some errands. Paula is away while Tim moves the football out of the shed and into the garage. Paula gets back and wants to play catch again. Paula goes to get the football from the [MASK].",shed,garage,Implicit,Start,End,-3.643272290557187,False Belief,EleutherAI/pythia-6.9b,Pythia 6.9B,,,8,
8.625545433460502e-07,8.115598575386684e-06,"Paula and Tim are playing catch with a football in the yard. After a while they get bored. Paula puts the football in the shed, and gets a bottle of water from the garage. Afterwards, Paula sees Tim move the football out of the shed and into the garage. Then Paula goes to run some errands. Paula gets back and wants to play catch again. Tim thinks the football is in the [MASK].","Paula and Tim are playing catch with a football in the yard. After a while they get bored. Paula puts the football in the shed, and gets a bottle of water from the garage. Afterwards, Paula sees Tim move the football out of the shed and into the garage. Then Paula goes to run some errands. Paula gets back and wants to play catch again. Paula thinks the football is in the [MASK].",shed,garage,Explicit,Start,End,-3.234009913233404,True Belief,EleutherAI/pythia-6.9b,Pythia 6.9B,,,8,
9.716096656120499e-07,7.736074621789157e-06,"Paula and Tim are playing catch with a football in the yard. After a while they get bored. Paula puts the football in the shed, and gets a bottle of water from the garage. Afterwards, Paula sees Tim move the football out of the shed and into the garage. Then Paula goes to run some errands. Paula gets back and wants to play catch again. Tim goes to get the football from the [MASK].","Paula and Tim are playing catch with a football in the yard. After a while they get bored. Paula puts the football in the shed, and gets a bottle of water from the garage. Afterwards, Paula sees Tim move the football out of the shed and into the garage. Then Paula goes to run some errands. Paula gets back and wants to play catch again. Paula goes to get the football from the [MASK].",shed,garage,Implicit,Start,End,-2.993152963900009,True Belief,EleutherAI/pythia-6.9b,Pythia 6.9B,,,8,
9.128777378464292e-07,1.2131757102906704e-05,"Paula and Tim are playing catch with a football in the yard. After a while they get bored. Paula puts the football in the shed, and gets a bottle of water from the garage. Then Paula goes to run some errands. Paula is away while Tim moves the football into the garage after taking it out of the shed. Paula gets back and wants to play catch again. Tim thinks the football is in the [MASK].","Paula and Tim are playing catch with a football in the yard. After a while they get bored. Paula puts the football in the shed, and gets a bottle of water from the garage. Then Paula goes to run some errands. Paula is away while Tim moves the football into the garage after taking it out of the shed. Paula gets back and wants to play catch again. Paula thinks the football is in the [MASK].",shed,garage,Explicit,Start,Start,-3.7322230557786713,False Belief,EleutherAI/pythia-6.9b,Pythia 6.9B,,,8,
9.266178722100449e-07,1.1729505786206573e-05,"Paula and Tim are playing catch with a football in the yard. After a while they get bored. Paula puts the football in the shed, and gets a bottle of water from the garage. Then Paula goes to run some errands. Paula is away while Tim moves the football into the garage after taking it out of the shed. Paula gets back and wants to play catch again. Tim goes to get the football from the [MASK].","Paula and Tim are playing catch with a football in the yard. After a while they get bored. Paula puts the football in the shed, and gets a bottle of water from the garage. Then Paula goes to run some errands. Paula is away while Tim moves the football into the garage after taking it out of the shed. Paula gets back and wants to play catch again. Paula goes to get the football from the [MASK].",shed,garage,Implicit,Start,Start,-3.662023908839131,False Belief,EleutherAI/pythia-6.9b,Pythia 6.9B,,,8,
9.104650189328822e-07,8.811885891191196e-06,"Paula and Tim are playing catch with a football in the yard. After a while they get bored. Paula puts the football in the shed, and gets a bottle of water from the garage. Afterwards, Paula sees Tim move the football into the garage after taking it out of the shed. Then Paula goes to run some errands. Paula gets back and wants to play catch again. Tim thinks the football is in the [MASK].","Paula and Tim are playing catch with a football in the yard. After a while they get bored. Paula puts the football in the shed, and gets a bottle of water from the garage. Afterwards, Paula sees Tim move the football into the garage after taking it out of the shed. Then Paula goes to run some errands. Paula gets back and wants to play catch again. Paula thinks the football is in the [MASK].",shed,garage,Explicit,Start,Start,-3.274775319646369,True Belief,EleutherAI/pythia-6.9b,Pythia 6.9B,,,8,
9.766904440766666e-07,8.586761396145448e-06,"Paula and Tim are playing catch with a football in the yard. After a while they get bored. Paula puts the football in the shed, and gets a bottle of water from the garage. Afterwards, Paula sees Tim move the football into the garage after taking it out of the shed. Then Paula goes to run some errands. Paula gets back and wants to play catch again. Tim goes to get the football from the [MASK].","Paula and Tim are playing catch with a football in the yard. After a while they get bored. Paula puts the football in the shed, and gets a bottle of water from the garage. Afterwards, Paula sees Tim move the football into the garage after taking it out of the shed. Then Paula goes to run some errands. Paula gets back and wants to play catch again. Paula goes to get the football from the [MASK].",shed,garage,Implicit,Start,Start,-3.1361408169840757,True Belief,EleutherAI/pythia-6.9b,Pythia 6.9B,,,8,
7.485403443752148e-07,1.044631608237978e-05,Paula and Tim are playing catch with a football in the yard. After a while they get bored. Paula gets a bottle of water from the garage and puts the football in the shed. Then Paula goes to run some errands. Paula is away while Tim moves the football out of the shed and into the garage. Paula gets back and wants to play catch again. Tim thinks the football is in the [MASK].,Paula and Tim are playing catch with a football in the yard. After a while they get bored. Paula gets a bottle of water from the garage and puts the football in the shed. Then Paula goes to run some errands. Paula is away while Tim moves the football out of the shed and into the garage. Paula gets back and wants to play catch again. Paula thinks the football is in the [MASK].,shed,garage,Explicit,End,End,-3.802770376128592,False Belief,EleutherAI/pythia-6.9b,Pythia 6.9B,,,8,
8.077373649939545e-07,1.0734783245425206e-05,Paula and Tim are playing catch with a football in the yard. After a while they get bored. Paula gets a bottle of water from the garage and puts the football in the shed. Then Paula goes to run some errands. Paula is away while Tim moves the football out of the shed and into the garage. Paula gets back and wants to play catch again. Tim goes to get the football from the [MASK].,Paula and Tim are playing catch with a football in the yard. After a while they get bored. Paula gets a bottle of water from the garage and puts the football in the shed. Then Paula goes to run some errands. Paula is away while Tim moves the football out of the shed and into the garage. Paula gets back and wants to play catch again. Paula goes to get the football from the [MASK].,shed,garage,Implicit,End,End,-3.7322629723028324,False Belief,EleutherAI/pythia-6.9b,Pythia 6.9B,,,8,
8.58208238696534e-07,8.244179298344534e-06,"Paula and Tim are playing catch with a football in the yard. After a while they get bored. Paula gets a bottle of water from the garage and puts the football in the shed. Afterwards, Paula sees Tim move the football out of the shed and into the garage. Then Paula goes to run some errands. Paula gets back and wants to play catch again. Tim thinks the football is in the [MASK].","Paula and Tim are playing catch with a football in the yard. After a while they get bored. Paula gets a bottle of water from the garage and puts the football in the shed. Afterwards, Paula sees Tim move the football out of the shed and into the garage. Then Paula goes to run some errands. Paula gets back and wants to play catch again. Paula thinks the football is in the [MASK].",shed,garage,Explicit,End,End,-3.2639762256730007,True Belief,EleutherAI/pythia-6.9b,Pythia 6.9B,,,8,
9.484797942604928e-07,8.359994353668299e-06,"Paula and Tim are playing catch with a football in the yard. After a while they get bored. Paula gets a bottle of water from the garage and puts the football in the shed. Afterwards, Paula sees Tim move the football out of the shed and into the garage. Then Paula goes to run some errands. Paula gets back and wants to play catch again. Tim goes to get the football from the [MASK].","Paula and Tim are playing catch with a football in the yard. After a while they get bored. Paula gets a bottle of water from the garage and puts the football in the shed. Afterwards, Paula sees Tim move the football out of the shed and into the garage. Then Paula goes to run some errands. Paula gets back and wants to play catch again. Paula goes to get the football from the [MASK].",shed,garage,Implicit,End,End,-3.1398130229848786,True Belief,EleutherAI/pythia-6.9b,Pythia 6.9B,,,8,
8.950034384724859e-07,1.2928703654324636e-05,Paula and Tim are playing catch with a football in the yard. After a while they get bored. Paula gets a bottle of water from the garage and puts the football in the shed. Then Paula goes to run some errands. Paula is away while Tim moves the football into the garage after taking it out of the shed. Paula gets back and wants to play catch again. Tim thinks the football is in the [MASK].,Paula and Tim are playing catch with a football in the yard. After a while they get bored. Paula gets a bottle of water from the garage and puts the football in the shed. Then Paula goes to run some errands. Paula is away while Tim moves the football into the garage after taking it out of the shed. Paula gets back and wants to play catch again. Paula thinks the football is in the [MASK].,shed,garage,Explicit,End,Start,-3.8525405898547307,False Belief,EleutherAI/pythia-6.9b,Pythia 6.9B,,,8,
9.156512987829046e-07,1.254064954991918e-05,Paula and Tim are playing catch with a football in the yard. After a while they get bored. Paula gets a bottle of water from the garage and puts the football in the shed. Then Paula goes to run some errands. Paula is away while Tim moves the football into the garage after taking it out of the shed. Paula gets back and wants to play catch again. Tim goes to get the football from the [MASK].,Paula and Tim are playing catch with a football in the yard. After a while they get bored. Paula gets a bottle of water from the garage and puts the football in the shed. Then Paula goes to run some errands. Paula is away while Tim moves the football into the garage after taking it out of the shed. Paula gets back and wants to play catch again. Paula goes to get the football from the [MASK].,shed,garage,Implicit,End,Start,-3.775669973810231,False Belief,EleutherAI/pythia-6.9b,Pythia 6.9B,,,8,
9.210725693264976e-07,9.937144568539225e-06,"Paula and Tim are playing catch with a football in the yard. After a while they get bored. Paula gets a bottle of water from the garage and puts the football in the shed. Afterwards, Paula sees Tim move the football into the garage after taking it out of the shed. Then Paula goes to run some errands. Paula gets back and wants to play catch again. Tim thinks the football is in the [MASK].","Paula and Tim are playing catch with a football in the yard. After a while they get bored. Paula gets a bottle of water from the garage and puts the football in the shed. Afterwards, Paula sees Tim move the football into the garage after taking it out of the shed. Then Paula goes to run some errands. Paula gets back and wants to play catch again. Paula thinks the football is in the [MASK].",shed,garage,Explicit,End,Start,-3.4314446211920346,True Belief,EleutherAI/pythia-6.9b,Pythia 6.9B,,,8,
9.94328274828149e-07,9.560351827531122e-06,"Paula and Tim are playing catch with a football in the yard. After a while they get bored. Paula gets a bottle of water from the garage and puts the football in the shed. Afterwards, Paula sees Tim move the football into the garage after taking it out of the shed. Then Paula goes to run some errands. Paula gets back and wants to play catch again. Tim goes to get the football from the [MASK].","Paula and Tim are playing catch with a football in the yard. After a while they get bored. Paula gets a bottle of water from the garage and puts the football in the shed. Afterwards, Paula sees Tim move the football into the garage after taking it out of the shed. Then Paula goes to run some errands. Paula gets back and wants to play catch again. Paula goes to get the football from the [MASK].",shed,garage,Implicit,End,Start,-3.265269573891376,True Belief,EleutherAI/pythia-6.9b,Pythia 6.9B,,,8,
6.242285053303931e-06,1.0950475370918866e-05,"Ed arrives home after a long day at work. He puts his keys in the hall and leaves his bag in the study. Seana arrives home a few minutes later. Afterwards, Ed goes to the bathroom. Ed doesn't see Seana move the keys from the hall to the study. When Ed gets back from the bathroom, he realizes he needs his keys. Seana thinks the keys are in the [MASK].","Ed arrives home after a long day at work. He puts his keys in the hall and leaves his bag in the study. Seana arrives home a few minutes later. Afterwards, Ed goes to the bathroom. Ed doesn't see Seana move the keys from the hall to the study. When Ed gets back from the bathroom, he realizes he needs his keys. Ed thinks the keys are in the [MASK].",hall,study,Explicit,Start,End,-0.8108473556037868,False Belief,EleutherAI/pythia-6.9b,Pythia 6.9B,,,8,
6.140797268017195e-06,1.0533932254475076e-05,"Ed arrives home after a long day at work. He puts his keys in the hall and leaves his bag in the study. Seana arrives home a few minutes later. Afterwards, Ed goes to the bathroom. Ed doesn't see Seana move the keys from the hall to the study. When Ed gets back from the bathroom, he realizes he needs his keys. Seana goes to get the keys from the [MASK].","Ed arrives home after a long day at work. He puts his keys in the hall and leaves his bag in the study. Seana arrives home a few minutes later. Afterwards, Ed goes to the bathroom. Ed doesn't see Seana move the keys from the hall to the study. When Ed gets back from the bathroom, he realizes he needs his keys. Ed goes to get the keys from the [MASK].",hall,study,Implicit,Start,End,-0.778546206497818,False Belief,EleutherAI/pythia-6.9b,Pythia 6.9B,,,8,
7.132171049306635e-06,1.0854662832571194e-05,"Ed arrives home after a long day at work. He puts his keys in the hall and leaves his bag in the study. Seana arrives home a few minutes later. Ed watches as Seana moves the keys from the hall to the study. Afterwards, Ed goes to the bathroom. When Ed gets back from the bathroom, he realizes he needs his keys. Seana thinks the keys are in the [MASK].","Ed arrives home after a long day at work. He puts his keys in the hall and leaves his bag in the study. Seana arrives home a few minutes later. Ed watches as Seana moves the keys from the hall to the study. Afterwards, Ed goes to the bathroom. When Ed gets back from the bathroom, he realizes he needs his keys. Ed thinks the keys are in the [MASK].",hall,study,Explicit,Start,End,-0.6059017053382881,True Belief,EleutherAI/pythia-6.9b,Pythia 6.9B,,,8,
6.612435754504986e-06,1.0687936082831584e-05,"Ed arrives home after a long day at work. He puts his keys in the hall and leaves his bag in the study. Seana arrives home a few minutes later. Ed watches as Seana moves the keys from the hall to the study. Afterwards, Ed goes to the bathroom. When Ed gets back from the bathroom, he realizes he needs his keys. Seana goes to get the keys from the [MASK].","Ed arrives home after a long day at work. He puts his keys in the hall and leaves his bag in the study. Seana arrives home a few minutes later. Ed watches as Seana moves the keys from the hall to the study. Afterwards, Ed goes to the bathroom. When Ed gets back from the bathroom, he realizes he needs his keys. Ed goes to get the keys from the [MASK].",hall,study,Implicit,Start,End,-0.6927295798017216,True Belief,EleutherAI/pythia-6.9b,Pythia 6.9B,,,8,
6.268635388551047e-06,1.0797422874020413e-05,"Ed arrives home after a long day at work. He puts his keys in the hall and leaves his bag in the study. Seana arrives home a few minutes later. Afterwards, Ed goes to the bathroom. Ed doesn't see Seana move the keys to the study from the hall. When Ed gets back from the bathroom, he realizes he needs his keys. Seana thinks the keys are in the [MASK].","Ed arrives home after a long day at work. He puts his keys in the hall and leaves his bag in the study. Seana arrives home a few minutes later. Afterwards, Ed goes to the bathroom. Ed doesn't see Seana move the keys to the study from the hall. When Ed gets back from the bathroom, he realizes he needs his keys. Ed thinks the keys are in the [MASK].",hall,study,Explicit,Start,Start,-0.7844636875850753,False Belief,EleutherAI/pythia-6.9b,Pythia 6.9B,,,8,
6.4607247622916475e-06,1.044104737957241e-05,"Ed arrives home after a long day at work. He puts his keys in the hall and leaves his bag in the study. Seana arrives home a few minutes later. Afterwards, Ed goes to the bathroom. Ed doesn't see Seana move the keys to the study from the hall. When Ed gets back from the bathroom, he realizes he needs his keys. Seana goes to get the keys from the [MASK].","Ed arrives home after a long day at work. He puts his keys in the hall and leaves his bag in the study. Seana arrives home a few minutes later. Afterwards, Ed goes to the bathroom. Ed doesn't see Seana move the keys to the study from the hall. When Ed gets back from the bathroom, he realizes he needs his keys. Ed goes to get the keys from the [MASK].",hall,study,Implicit,Start,Start,-0.6924985209372754,False Belief,EleutherAI/pythia-6.9b,Pythia 6.9B,,,8,
7.095894034137018e-06,1.1465454008430243e-05,"Ed arrives home after a long day at work. He puts his keys in the hall and leaves his bag in the study. Seana arrives home a few minutes later. Ed watches as Seana moves the keys to the study from the hall. Afterwards, Ed goes to the bathroom. When Ed gets back from the bathroom, he realizes he needs his keys. Seana thinks the keys are in the [MASK].","Ed arrives home after a long day at work. He puts his keys in the hall and leaves his bag in the study. Seana arrives home a few minutes later. Ed watches as Seana moves the keys to the study from the hall. Afterwards, Ed goes to the bathroom. When Ed gets back from the bathroom, he realizes he needs his keys. Ed thinks the keys are in the [MASK].",hall,study,Explicit,Start,Start,-0.6922371132479035,True Belief,EleutherAI/pythia-6.9b,Pythia 6.9B,,,8,
6.804253644077107e-06,1.1430277481849771e-05,"Ed arrives home after a long day at work. He puts his keys in the hall and leaves his bag in the study. Seana arrives home a few minutes later. Ed watches as Seana moves the keys to the study from the hall. Afterwards, Ed goes to the bathroom. When Ed gets back from the bathroom, he realizes he needs his keys. Seana goes to get the keys from the [MASK].","Ed arrives home after a long day at work. He puts his keys in the hall and leaves his bag in the study. Seana arrives home a few minutes later. Ed watches as Seana moves the keys to the study from the hall. Afterwards, Ed goes to the bathroom. When Ed gets back from the bathroom, he realizes he needs his keys. Ed goes to get the keys from the [MASK].",hall,study,Implicit,Start,Start,-0.7483516000318428,True Belief,EleutherAI/pythia-6.9b,Pythia 6.9B,,,8,
6.118513738329057e-06,1.0574060979706701e-05,"Ed arrives home after a long day at work. He leaves his bag in the study and puts his keys in the hall. Seana arrives home a few minutes later. Afterwards, Ed goes to the bathroom. Ed doesn't see Seana move the keys from the hall to the study. When Ed gets back from the bathroom, he realizes he needs his keys. Seana thinks the keys are in the [MASK].","Ed arrives home after a long day at work. He leaves his bag in the study and puts his keys in the hall. Seana arrives home a few minutes later. Afterwards, Ed goes to the bathroom. Ed doesn't see Seana move the keys from the hall to the study. When Ed gets back from the bathroom, he realizes he needs his keys. Ed thinks the keys are in the [MASK].",hall,study,Explicit,End,End,-0.7892763994021148,False Belief,EleutherAI/pythia-6.9b,Pythia 6.9B,,,8,
6.228393885976402e-06,1.0178688171436079e-05,"Ed arrives home after a long day at work. He leaves his bag in the study and puts his keys in the hall. Seana arrives home a few minutes later. Afterwards, Ed goes to the bathroom. Ed doesn't see Seana move the keys from the hall to the study. When Ed gets back from the bathroom, he realizes he needs his keys. Seana goes to get the keys from the [MASK].","Ed arrives home after a long day at work. He leaves his bag in the study and puts his keys in the hall. Seana arrives home a few minutes later. Afterwards, Ed goes to the bathroom. Ed doesn't see Seana move the keys from the hall to the study. When Ed gets back from the bathroom, he realizes he needs his keys. Ed goes to get the keys from the [MASK].",hall,study,Implicit,End,End,-0.7086195499734503,False Belief,EleutherAI/pythia-6.9b,Pythia 6.9B,,,8,
6.73681233820389e-06,1.070859707397176e-05,"Ed arrives home after a long day at work. He leaves his bag in the study and puts his keys in the hall. Seana arrives home a few minutes later. Ed watches as Seana moves the keys from the hall to the study. Afterwards, Ed goes to the bathroom. When Ed gets back from the bathroom, he realizes he needs his keys. Seana thinks the keys are in the [MASK].","Ed arrives home after a long day at work. He leaves his bag in the study and puts his keys in the hall. Seana arrives home a few minutes later. Ed watches as Seana moves the keys from the hall to the study. Afterwards, Ed goes to the bathroom. When Ed gets back from the bathroom, he realizes he needs his keys. Ed thinks the keys are in the [MASK].",hall,study,Explicit,End,End,-0.6686314689327363,True Belief,EleutherAI/pythia-6.9b,Pythia 6.9B,,,8,
6.308312549663242e-06,1.009842617349932e-05,"Ed arrives home after a long day at work. He leaves his bag in the study and puts his keys in the hall. Seana arrives home a few minutes later. Ed watches as Seana moves the keys from the hall to the study. Afterwards, Ed goes to the bathroom. When Ed gets back from the bathroom, he realizes he needs his keys. Seana goes to get the keys from the [MASK].","Ed arrives home after a long day at work. He leaves his bag in the study and puts his keys in the hall. Seana arrives home a few minutes later. Ed watches as Seana moves the keys from the hall to the study. Afterwards, Ed goes to the bathroom. When Ed gets back from the bathroom, he realizes he needs his keys. Ed goes to get the keys from the [MASK].",hall,study,Implicit,End,End,-0.6788044220370624,True Belief,EleutherAI/pythia-6.9b,Pythia 6.9B,,,8,
6.118058081483468e-06,1.03962065622909e-05,"Ed arrives home after a long day at work. He leaves his bag in the study and puts his keys in the hall. Seana arrives home a few minutes later. Afterwards, Ed goes to the bathroom. Ed doesn't see Seana move the keys to the study from the hall. When Ed gets back from the bathroom, he realizes he needs his keys. Seana thinks the keys are in the [MASK].","Ed arrives home after a long day at work. He leaves his bag in the study and puts his keys in the hall. Seana arrives home a few minutes later. Afterwards, Ed goes to the bathroom. Ed doesn't see Seana move the keys to the study from the hall. When Ed gets back from the bathroom, he realizes he needs his keys. Ed thinks the keys are in the [MASK].",hall,study,Explicit,End,Start,-0.7649114958958225,False Belief,EleutherAI/pythia-6.9b,Pythia 6.9B,,,8,
6.518094778584782e-06,1.0016926353273448e-05,"Ed arrives home after a long day at work. He leaves his bag in the study and puts his keys in the hall. Seana arrives home a few minutes later. Afterwards, Ed goes to the bathroom. Ed doesn't see Seana move the keys to the study from the hall. When Ed gets back from the bathroom, he realizes he needs his keys. Seana goes to get the keys from the [MASK].","Ed arrives home after a long day at work. He leaves his bag in the study and puts his keys in the hall. Seana arrives home a few minutes later. Afterwards, Ed goes to the bathroom. Ed doesn't see Seana move the keys to the study from the hall. When Ed gets back from the bathroom, he realizes he needs his keys. Ed goes to get the keys from the [MASK].",hall,study,Implicit,End,Start,-0.6199176569089798,False Belief,EleutherAI/pythia-6.9b,Pythia 6.9B,,,8,
6.739665423083352e-06,1.1190088116563857e-05,"Ed arrives home after a long day at work. He leaves his bag in the study and puts his keys in the hall. Seana arrives home a few minutes later. Ed watches as Seana moves the keys to the study from the hall. Afterwards, Ed goes to the bathroom. When Ed gets back from the bathroom, he realizes he needs his keys. Seana thinks the keys are in the [MASK].","Ed arrives home after a long day at work. He leaves his bag in the study and puts his keys in the hall. Seana arrives home a few minutes later. Ed watches as Seana moves the keys to the study from the hall. Afterwards, Ed goes to the bathroom. When Ed gets back from the bathroom, he realizes he needs his keys. Ed thinks the keys are in the [MASK].",hall,study,Explicit,End,Start,-0.7314725182384267,True Belief,EleutherAI/pythia-6.9b,Pythia 6.9B,,,8,
6.487335213023471e-06,1.0702206054702401e-05,"Ed arrives home after a long day at work. He leaves his bag in the study and puts his keys in the hall. Seana arrives home a few minutes later. Ed watches as Seana moves the keys to the study from the hall. Afterwards, Ed goes to the bathroom. When Ed gets back from the bathroom, he realizes he needs his keys. Seana goes to get the keys from the [MASK].","Ed arrives home after a long day at work. He leaves his bag in the study and puts his keys in the hall. Seana arrives home a few minutes later. Ed watches as Seana moves the keys to the study from the hall. Afterwards, Ed goes to the bathroom. When Ed gets back from the bathroom, he realizes he needs his keys. Ed goes to get the keys from the [MASK].",hall,study,Implicit,End,Start,-0.7222103185501719,True Belief,EleutherAI/pythia-6.9b,Pythia 6.9B,,,8,
8.36701292428188e-06,5.907758122702944e-07,"Laura is in the study, using the stapler. When she is finished, she puts the stapler away in a drawer and the documents away in a cabinet. Then Ross wanders into the study. Laura leaves to go and make a coffee. Laura doesn't see Ross take the stapler out of the drawer and put it in the cabinet. Laura comes back into the study and remembers she has one more document to staple together. Ross thinks the stapler is in the [MASK].","Laura is in the study, using the stapler. When she is finished, she puts the stapler away in a drawer and the documents away in a cabinet. Then Ross wanders into the study. Laura leaves to go and make a coffee. Laura doesn't see Ross take the stapler out of the drawer and put it in the cabinet. Laura comes back into the study and remembers she has one more document to staple together. Laura thinks the stapler is in the [MASK].",drawer,cabinet,Explicit,Start,End,3.824029998429311,False Belief,EleutherAI/pythia-6.9b,Pythia 6.9B,,,8,
7.981096132425591e-06,5.930319844082987e-07,"Laura is in the study, using the stapler. When she is finished, she puts the stapler away in a drawer and the documents away in a cabinet. Then Ross wanders into the study. Laura leaves to go and make a coffee. Laura doesn't see Ross take the stapler out of the drawer and put it in the cabinet. Laura comes back into the study and remembers she has one more document to staple together. Ross goes to get the stapler from the [MASK].","Laura is in the study, using the stapler. When she is finished, she puts the stapler away in a drawer and the documents away in a cabinet. Then Ross wanders into the study. Laura leaves to go and make a coffee. Laura doesn't see Ross take the stapler out of the drawer and put it in the cabinet. Laura comes back into the study and remembers she has one more document to staple together. Laura goes to get the stapler from the [MASK].",drawer,cabinet,Implicit,Start,End,3.7504050795000197,False Belief,EleutherAI/pythia-6.9b,Pythia 6.9B,,,8,
9.745054740051273e-06,6.261653311412374e-07,"Laura is in the study, using the stapler. When she is finished, she puts the stapler away in a drawer and the documents away in a cabinet. Then Ross wanders into the study. Laura watches Ross take the stapler out of the drawer and put it in the cabinet. Laura leaves to go and make a coffee. Laura comes back into the study and remembers she has one more document to staple together. Ross thinks the stapler is in the [MASK].","Laura is in the study, using the stapler. When she is finished, she puts the stapler away in a drawer and the documents away in a cabinet. Then Ross wanders into the study. Laura watches Ross take the stapler out of the drawer and put it in the cabinet. Laura leaves to go and make a coffee. Laura comes back into the study and remembers she has one more document to staple together. Laura thinks the stapler is in the [MASK].",drawer,cabinet,Explicit,Start,End,3.960054751242084,True Belief,EleutherAI/pythia-6.9b,Pythia 6.9B,,,8,
9.183829206449445e-06,6.291601266639191e-07,"Laura is in the study, using the stapler. When she is finished, she puts the stapler away in a drawer and the documents away in a cabinet. Then Ross wanders into the study. Laura watches Ross take the stapler out of the drawer and put it in the cabinet. Laura leaves to go and make a coffee. Laura comes back into the study and remembers she has one more document to staple together. Ross goes to get the stapler from the [MASK].","Laura is in the study, using the stapler. When she is finished, she puts the stapler away in a drawer and the documents away in a cabinet. Then Ross wanders into the study. Laura watches Ross take the stapler out of the drawer and put it in the cabinet. Laura leaves to go and make a coffee. Laura comes back into the study and remembers she has one more document to staple together. Laura goes to get the stapler from the [MASK].",drawer,cabinet,Implicit,Start,End,3.867596664920952,True Belief,EleutherAI/pythia-6.9b,Pythia 6.9B,,,8,
8.18215175968362e-06,6.343928475871508e-07,"Laura is in the study, using the stapler. When she is finished, she puts the stapler away in a drawer and the documents away in a cabinet. Then Ross wanders into the study. Laura leaves to go and make a coffee. Laura doesn't see Ross take the stapler, and put it back in the cabinet instead of the drawer. Laura comes back into the study and remembers she has one more document to staple together. Ross thinks the stapler is in the [MASK].","Laura is in the study, using the stapler. When she is finished, she puts the stapler away in a drawer and the documents away in a cabinet. Then Ross wanders into the study. Laura leaves to go and make a coffee. Laura doesn't see Ross take the stapler, and put it back in the cabinet instead of the drawer. Laura comes back into the study and remembers she has one more document to staple together. Laura thinks the stapler is in the [MASK].",drawer,cabinet,Explicit,Start,Start,3.6890318853830593,False Belief,EleutherAI/pythia-6.9b,Pythia 6.9B,,,8,
7.766790076857433e-06,6.06114781476208e-07,"Laura is in the study, using the stapler. When she is finished, she puts the stapler away in a drawer and the documents away in a cabinet. Then Ross wanders into the study. Laura leaves to go and make a coffee. Laura doesn't see Ross take the stapler, and put it back in the cabinet instead of the drawer. Laura comes back into the study and remembers she has one more document to staple together. Ross goes to get the stapler from the [MASK].","Laura is in the study, using the stapler. When she is finished, she puts the stapler away in a drawer and the documents away in a cabinet. Then Ross wanders into the study. Laura leaves to go and make a coffee. Laura doesn't see Ross take the stapler, and put it back in the cabinet instead of the drawer. Laura comes back into the study and remembers she has one more document to staple together. Laura goes to get the stapler from the [MASK].",drawer,cabinet,Implicit,Start,Start,3.679655541428843,False Belief,EleutherAI/pythia-6.9b,Pythia 6.9B,,,8,
8.145279934979044e-06,6.259068641156773e-07,"Laura is in the study, using the stapler. When she is finished, she puts the stapler away in a drawer and the documents away in a cabinet. Then Ross wanders into the study. Laura watches Ross take the stapler, and put it back in the cabinet instead of the drawer. Laura leaves to go and make a coffee. Laura comes back into the study and remembers she has one more document to staple together. Ross thinks the stapler is in the [MASK].","Laura is in the study, using the stapler. When she is finished, she puts the stapler away in a drawer and the documents away in a cabinet. Then Ross wanders into the study. Laura watches Ross take the stapler, and put it back in the cabinet instead of the drawer. Laura leaves to go and make a coffee. Laura comes back into the study and remembers she has one more document to staple together. Laura thinks the stapler is in the [MASK].",drawer,cabinet,Explicit,Start,Start,3.701944378746032,True Belief,EleutherAI/pythia-6.9b,Pythia 6.9B,,,8,
8.52952325658407e-06,6.288553322519874e-07,"Laura is in the study, using the stapler. When she is finished, she puts the stapler away in a drawer and the documents away in a cabinet. Then Ross wanders into the study. Laura watches Ross take the stapler, and put it back in the cabinet instead of the drawer. Laura leaves to go and make a coffee. Laura comes back into the study and remembers she has one more document to staple together. Ross goes to get the stapler from the [MASK].","Laura is in the study, using the stapler. When she is finished, she puts the stapler away in a drawer and the documents away in a cabinet. Then Ross wanders into the study. Laura watches Ross take the stapler, and put it back in the cabinet instead of the drawer. Laura leaves to go and make a coffee. Laura comes back into the study and remembers she has one more document to staple together. Laura goes to get the stapler from the [MASK].",drawer,cabinet,Implicit,Start,Start,3.761665037415062,True Belief,EleutherAI/pythia-6.9b,Pythia 6.9B,,,8,
8.036263352551032e-06,6.16713919043832e-07,"Laura is in the study, using the stapler. When she is finished, she puts the documents away in a cabinet and the stapler away in a drawer. Then Ross wanders into the study. Laura leaves to go and make a coffee. Laura doesn't see Ross take the stapler out of the drawer and put it in the cabinet. Laura comes back into the study and remembers she has one more document to staple together. Ross thinks the stapler is in the [MASK].","Laura is in the study, using the stapler. When she is finished, she puts the documents away in a cabinet and the stapler away in a drawer. Then Ross wanders into the study. Laura leaves to go and make a coffee. Laura doesn't see Ross take the stapler out of the drawer and put it in the cabinet. Laura comes back into the study and remembers she has one more document to staple together. Laura thinks the stapler is in the [MASK].",drawer,cabinet,Explicit,End,End,3.7038515297363315,False Belief,EleutherAI/pythia-6.9b,Pythia 6.9B,,,8,
7.575333711429266e-06,6.144877602309862e-07,"Laura is in the study, using the stapler. When she is finished, she puts the documents away in a cabinet and the stapler away in a drawer. Then Ross wanders into the study. Laura leaves to go and make a coffee. Laura doesn't see Ross take the stapler out of the drawer and put it in the cabinet. Laura comes back into the study and remembers she has one more document to staple together. Ross goes to get the stapler from the [MASK].","Laura is in the study, using the stapler. When she is finished, she puts the documents away in a cabinet and the stapler away in a drawer. Then Ross wanders into the study. Laura leaves to go and make a coffee. Laura doesn't see Ross take the stapler out of the drawer and put it in the cabinet. Laura comes back into the study and remembers she has one more document to staple together. Laura goes to get the stapler from the [MASK].",drawer,cabinet,Implicit,End,End,3.6238532646725417,False Belief,EleutherAI/pythia-6.9b,Pythia 6.9B,,,8,
9.79419201030396e-06,6.454649792431155e-07,"Laura is in the study, using the stapler. When she is finished, she puts the documents away in a cabinet and the stapler away in a drawer. Then Ross wanders into the study. Laura watches Ross take the stapler out of the drawer and put it in the cabinet. Laura leaves to go and make a coffee. Laura comes back into the study and remembers she has one more document to staple together. Ross thinks the stapler is in the [MASK].","Laura is in the study, using the stapler. When she is finished, she puts the documents away in a cabinet and the stapler away in a drawer. Then Ross wanders into the study. Laura watches Ross take the stapler out of the drawer and put it in the cabinet. Laura leaves to go and make a coffee. Laura comes back into the study and remembers she has one more document to staple together. Laura thinks the stapler is in the [MASK].",drawer,cabinet,Explicit,End,End,3.923515752656398,True Belief,EleutherAI/pythia-6.9b,Pythia 6.9B,,,8,
9.203652552969288e-06,6.507997909466212e-07,"Laura is in the study, using the stapler. When she is finished, she puts the documents away in a cabinet and the stapler away in a drawer. Then Ross wanders into the study. Laura watches Ross take the stapler out of the drawer and put it in the cabinet. Laura leaves to go and make a coffee. Laura comes back into the study and remembers she has one more document to staple together. Ross goes to get the stapler from the [MASK].","Laura is in the study, using the stapler. When she is finished, she puts the documents away in a cabinet and the stapler away in a drawer. Then Ross wanders into the study. Laura watches Ross take the stapler out of the drawer and put it in the cabinet. Laura leaves to go and make a coffee. Laura comes back into the study and remembers she has one more document to staple together. Laura goes to get the stapler from the [MASK].",drawer,cabinet,Implicit,End,End,3.821920828725454,True Belief,EleutherAI/pythia-6.9b,Pythia 6.9B,,,8,
7.547087989223655e-06,6.544063921865018e-07,"Laura is in the study, using the stapler. When she is finished, she puts the documents away in a cabinet and the stapler away in a drawer. Then Ross wanders into the study. Laura leaves to go and make a coffee. Laura doesn't see Ross take the stapler, and put it back in the cabinet instead of the drawer. Laura comes back into the study and remembers she has one more document to staple together. Ross thinks the stapler is in the [MASK].","Laura is in the study, using the stapler. When she is finished, she puts the documents away in a cabinet and the stapler away in a drawer. Then Ross wanders into the study. Laura leaves to go and make a coffee. Laura doesn't see Ross take the stapler, and put it back in the cabinet instead of the drawer. Laura comes back into the study and remembers she has one more document to staple together. Laura thinks the stapler is in the [MASK].",drawer,cabinet,Explicit,End,Start,3.527661348667792,False Belief,EleutherAI/pythia-6.9b,Pythia 6.9B,,,8,
7.163452664826764e-06,6.336436513265653e-07,"Laura is in the study, using the stapler. When she is finished, she puts the documents away in a cabinet and the stapler away in a drawer. Then Ross wanders into the study. Laura leaves to go and make a coffee. Laura doesn't see Ross take the stapler, and put it back in the cabinet instead of the drawer. Laura comes back into the study and remembers she has one more document to staple together. Ross goes to get the stapler from the [MASK].","Laura is in the study, using the stapler. When she is finished, she puts the documents away in a cabinet and the stapler away in a drawer. Then Ross wanders into the study. Laura leaves to go and make a coffee. Laura doesn't see Ross take the stapler, and put it back in the cabinet instead of the drawer. Laura comes back into the study and remembers she has one more document to staple together. Laura goes to get the stapler from the [MASK].",drawer,cabinet,Implicit,End,Start,3.4989114797502188,False Belief,EleutherAI/pythia-6.9b,Pythia 6.9B,,,8,
7.875425581005402e-06,6.513996595458593e-07,"Laura is in the study, using the stapler. When she is finished, she puts the documents away in a cabinet and the stapler away in a drawer. Then Ross wanders into the study. Laura watches Ross take the stapler, and put it back in the cabinet instead of the drawer. Laura leaves to go and make a coffee. Laura comes back into the study and remembers she has one more document to staple together. Ross thinks the stapler is in the [MASK].","Laura is in the study, using the stapler. When she is finished, she puts the documents away in a cabinet and the stapler away in a drawer. Then Ross wanders into the study. Laura watches Ross take the stapler, and put it back in the cabinet instead of the drawer. Laura leaves to go and make a coffee. Laura comes back into the study and remembers she has one more document to staple together. Laura thinks the stapler is in the [MASK].",drawer,cabinet,Explicit,End,Start,3.595743016743609,True Belief,EleutherAI/pythia-6.9b,Pythia 6.9B,,,8,
8.12071630207356e-06,6.484567620645976e-07,"Laura is in the study, using the stapler. When she is finished, she puts the documents away in a cabinet and the stapler away in a drawer. Then Ross wanders into the study. Laura watches Ross take the stapler, and put it back in the cabinet instead of the drawer. Laura leaves to go and make a coffee. Laura comes back into the study and remembers she has one more document to staple together. Ross goes to get the stapler from the [MASK].","Laura is in the study, using the stapler. When she is finished, she puts the documents away in a cabinet and the stapler away in a drawer. Then Ross wanders into the study. Laura watches Ross take the stapler, and put it back in the cabinet instead of the drawer. Laura leaves to go and make a coffee. Laura comes back into the study and remembers she has one more document to staple together. Laura goes to get the stapler from the [MASK].",drawer,cabinet,Implicit,End,Start,3.6465247020029996,True Belief,EleutherAI/pythia-6.9b,Pythia 6.9B,,,8,
