item,item_id,condition,knowledge_cue,first_mention,recent_mention,passage_hr,passage,question_id,question,correct_answer,distractor_answer,prob_correct,prob_distractor,log_odds,is_correct,model_path,model_shorthand,stage,ingredient,step,tokens_seen
7,7_fb_1_s_e_ex,False Belief,Explicit,Start,End,passage_hr,passage,1,"At the start of the story, David put the wine in the",garage,fridge,0.05074698105454445,0.7313020825386047,-3.849073566592838,False,EleutherAI/pythia-12b,Pythia 12B,,,15000,
7,7_fb_1_s_e_ex,False Belief,Explicit,Start,End,passage_hr,passage,2,"At the end of the story, the wine was in the",fridge,garage,0.764349639415741,0.0777205377817154,3.297864938129989,True,EleutherAI/pythia-12b,Pythia 12B,,,15000,
7,7_fb_1_s_e_ex,False Belief,Explicit,Start,End,passage_hr,passage,3,The person who put the wine in the garage was,David,Marta,0.022807080298662186,0.09526656568050385,-2.0624882127739412,False,EleutherAI/pythia-12b,Pythia 12B,,,15000,
7,7_fb_1_s_e_ex,False Belief,Explicit,Start,End,passage_hr,passage,4,The person who moved the wine to the fridge was,Marta,David,0.17961598932743073,0.022161956876516342,3.0187586032858977,True,EleutherAI/pythia-12b,Pythia 12B,,,15000,
7,7_fb_1_s_e_im,False Belief,Implicit,Start,End,passage_hr,passage,1,"At the start of the story, David put the wine in the",garage,fridge,0.05074698105454445,0.7313020825386047,-3.849073566592838,False,EleutherAI/pythia-12b,Pythia 12B,,,15000,
7,7_fb_1_s_e_im,False Belief,Implicit,Start,End,passage_hr,passage,2,"At the end of the story, the wine was in the",fridge,garage,0.764349639415741,0.0777205377817154,3.297864938129989,True,EleutherAI/pythia-12b,Pythia 12B,,,15000,
7,7_fb_1_s_e_im,False Belief,Implicit,Start,End,passage_hr,passage,3,The person who put the wine in the garage was,David,Marta,0.022807080298662186,0.09526656568050385,-2.0624882127739412,False,EleutherAI/pythia-12b,Pythia 12B,,,15000,
7,7_fb_1_s_e_im,False Belief,Implicit,Start,End,passage_hr,passage,4,The person who moved the wine to the fridge was,Marta,David,0.17961598932743073,0.022161956876516342,3.0187586032858977,True,EleutherAI/pythia-12b,Pythia 12B,,,15000,
7,7_tb_1_s_e_ex,True Belief,Explicit,Start,End,passage_hr,passage,1,"At the start of the story, David put the wine in the",garage,fridge,0.06345812231302261,0.689582347869873,-3.4418461058341308,False,EleutherAI/pythia-12b,Pythia 12B,,,15000,
7,7_tb_1_s_e_ex,True Belief,Explicit,Start,End,passage_hr,passage,2,"At the end of the story, the wine was in the",fridge,garage,0.7289987802505493,0.10056350380182266,2.857809578987774,True,EleutherAI/pythia-12b,Pythia 12B,,,15000,
7,7_tb_1_s_e_ex,True Belief,Explicit,Start,End,passage_hr,passage,3,The person who put the wine in the garage was,David,Marta,0.01892700605094433,0.14733555912971497,-2.9605875408699864,False,EleutherAI/pythia-12b,Pythia 12B,,,15000,
7,7_tb_1_s_e_ex,True Belief,Explicit,Start,End,passage_hr,passage,4,The person who moved the wine to the fridge was,Marta,David,0.1936558336019516,0.01673251949250698,3.532768361041917,True,EleutherAI/pythia-12b,Pythia 12B,,,15000,
7,7_tb_1_s_e_im,True Belief,Implicit,Start,End,passage_hr,passage,1,"At the start of the story, David put the wine in the",garage,fridge,0.06345812231302261,0.689582347869873,-3.4418461058341308,False,EleutherAI/pythia-12b,Pythia 12B,,,15000,
7,7_tb_1_s_e_im,True Belief,Implicit,Start,End,passage_hr,passage,2,"At the end of the story, the wine was in the",fridge,garage,0.7289987802505493,0.10056350380182266,2.857809578987774,True,EleutherAI/pythia-12b,Pythia 12B,,,15000,
7,7_tb_1_s_e_im,True Belief,Implicit,Start,End,passage_hr,passage,3,The person who put the wine in the garage was,David,Marta,0.01892700605094433,0.14733555912971497,-2.9605875408699864,False,EleutherAI/pythia-12b,Pythia 12B,,,15000,
7,7_tb_1_s_e_im,True Belief,Implicit,Start,End,passage_hr,passage,4,The person who moved the wine to the fridge was,Marta,David,0.1936558336019516,0.01673251949250698,3.532768361041917,True,EleutherAI/pythia-12b,Pythia 12B,,,15000,
7,7_fb_1_s_s_ex,False Belief,Explicit,Start,Start,passage_hr,passage,1,"At the start of the story, David put the wine in the",garage,fridge,0.048020899295806885,0.7647435665130615,-3.993241738471279,False,EleutherAI/pythia-12b,Pythia 12B,,,15000,
7,7_fb_1_s_s_ex,False Belief,Explicit,Start,Start,passage_hr,passage,2,"At the end of the story, the wine was in the",fridge,garage,0.758146345615387,0.08192885667085648,3.210032772835645,True,EleutherAI/pythia-12b,Pythia 12B,,,15000,
7,7_fb_1_s_s_ex,False Belief,Explicit,Start,Start,passage_hr,passage,3,The person who put the wine in the garage was,David,Marta,0.023234447464346886,0.09117274731397629,-1.9723373123582795,False,EleutherAI/pythia-12b,Pythia 12B,,,15000,
7,7_fb_1_s_s_ex,False Belief,Explicit,Start,Start,passage_hr,passage,4,The person who moved the wine to the fridge was,Marta,David,0.17165322601795197,0.021282529458403587,3.0117554388188577,True,EleutherAI/pythia-12b,Pythia 12B,,,15000,
7,7_fb_1_s_s_im,False Belief,Implicit,Start,Start,passage_hr,passage,1,"At the start of the story, David put the wine in the",garage,fridge,0.048020899295806885,0.7647435665130615,-3.993241738471279,False,EleutherAI/pythia-12b,Pythia 12B,,,15000,
7,7_fb_1_s_s_im,False Belief,Implicit,Start,Start,passage_hr,passage,2,"At the end of the story, the wine was in the",fridge,garage,0.758146345615387,0.08192885667085648,3.210032772835645,True,EleutherAI/pythia-12b,Pythia 12B,,,15000,
7,7_fb_1_s_s_im,False Belief,Implicit,Start,Start,passage_hr,passage,3,The person who put the wine in the garage was,David,Marta,0.023234447464346886,0.09117274731397629,-1.9723373123582795,False,EleutherAI/pythia-12b,Pythia 12B,,,15000,
7,7_fb_1_s_s_im,False Belief,Implicit,Start,Start,passage_hr,passage,4,The person who moved the wine to the fridge was,Marta,David,0.17165322601795197,0.021282529458403587,3.0117554388188577,True,EleutherAI/pythia-12b,Pythia 12B,,,15000,
7,7_tb_1_s_s_ex,True Belief,Explicit,Start,Start,passage_hr,passage,1,"At the start of the story, David put the wine in the",garage,fridge,0.05608001723885536,0.7330880761146545,-3.7084278419455017,False,EleutherAI/pythia-12b,Pythia 12B,,,15000,
7,7_tb_1_s_s_ex,True Belief,Explicit,Start,Start,passage_hr,passage,2,"At the end of the story, the wine was in the",fridge,garage,0.6894503235816956,0.12688279151916504,2.441950189214359,True,EleutherAI/pythia-12b,Pythia 12B,,,15000,
7,7_tb_1_s_s_ex,True Belief,Explicit,Start,Start,passage_hr,passage,3,The person who put the wine in the garage was,David,Marta,0.017577270045876503,0.14931945502758026,-3.0866192226458478,False,EleutherAI/pythia-12b,Pythia 12B,,,15000,
7,7_tb_1_s_s_ex,True Belief,Explicit,Start,Start,passage_hr,passage,4,The person who moved the wine to the fridge was,Marta,David,0.1983567774295807,0.01774783432483673,3.4823827961903975,True,EleutherAI/pythia-12b,Pythia 12B,,,15000,
7,7_tb_1_s_s_im,True Belief,Implicit,Start,Start,passage_hr,passage,1,"At the start of the story, David put the wine in the",garage,fridge,0.05608001723885536,0.7330880761146545,-3.7084278419455017,False,EleutherAI/pythia-12b,Pythia 12B,,,15000,
7,7_tb_1_s_s_im,True Belief,Implicit,Start,Start,passage_hr,passage,2,"At the end of the story, the wine was in the",fridge,garage,0.6894503235816956,0.12688279151916504,2.441950189214359,True,EleutherAI/pythia-12b,Pythia 12B,,,15000,
7,7_tb_1_s_s_im,True Belief,Implicit,Start,Start,passage_hr,passage,3,The person who put the wine in the garage was,David,Marta,0.017577270045876503,0.14931945502758026,-3.0866192226458478,False,EleutherAI/pythia-12b,Pythia 12B,,,15000,
7,7_tb_1_s_s_im,True Belief,Implicit,Start,Start,passage_hr,passage,4,The person who moved the wine to the fridge was,Marta,David,0.1983567774295807,0.01774783432483673,3.4823827961903975,True,EleutherAI/pythia-12b,Pythia 12B,,,15000,
7,7_fb_1_e_e_ex,False Belief,Explicit,End,End,passage_hr,passage,1,"At the start of the story, David put the wine in the",garage,fridge,0.05918653681874275,0.7146592736244202,-3.593914627612884,False,EleutherAI/pythia-12b,Pythia 12B,,,15000,
7,7_fb_1_e_e_ex,False Belief,Explicit,End,End,passage_hr,passage,2,"At the end of the story, the wine was in the",fridge,garage,0.7351428866386414,0.10507097095251083,2.8066605517651158,True,EleutherAI/pythia-12b,Pythia 12B,,,15000,
7,7_fb_1_e_e_ex,False Belief,Explicit,End,End,passage_hr,passage,3,The person who put the wine in the garage was,David,Marta,0.02494952827692032,0.09300442039966583,-1.8982867489381092,False,EleutherAI/pythia-12b,Pythia 12B,,,15000,
7,7_fb_1_e_e_ex,False Belief,Explicit,End,End,passage_hr,passage,4,The person who moved the wine to the fridge was,Marta,David,0.1717042624950409,0.023983174934983253,2.839831291136708,True,EleutherAI/pythia-12b,Pythia 12B,,,15000,
7,7_fb_1_e_e_im,False Belief,Implicit,End,End,passage_hr,passage,1,"At the start of the story, David put the wine in the",garage,fridge,0.05918653681874275,0.7146592736244202,-3.593914627612884,False,EleutherAI/pythia-12b,Pythia 12B,,,15000,
7,7_fb_1_e_e_im,False Belief,Implicit,End,End,passage_hr,passage,2,"At the end of the story, the wine was in the",fridge,garage,0.7351428866386414,0.10507097095251083,2.8066605517651158,True,EleutherAI/pythia-12b,Pythia 12B,,,15000,
7,7_fb_1_e_e_im,False Belief,Implicit,End,End,passage_hr,passage,3,The person who put the wine in the garage was,David,Marta,0.02494952827692032,0.09300442039966583,-1.8982867489381092,False,EleutherAI/pythia-12b,Pythia 12B,,,15000,
7,7_fb_1_e_e_im,False Belief,Implicit,End,End,passage_hr,passage,4,The person who moved the wine to the fridge was,Marta,David,0.1717042624950409,0.023983174934983253,2.839831291136708,True,EleutherAI/pythia-12b,Pythia 12B,,,15000,
7,7_tb_1_e_e_ex,True Belief,Explicit,End,End,passage_hr,passage,1,"At the start of the story, David put the wine in the",garage,fridge,0.06394906342029572,0.6975772380828857,-3.4473578307268435,False,EleutherAI/pythia-12b,Pythia 12B,,,15000,
7,7_tb_1_e_e_ex,True Belief,Explicit,End,End,passage_hr,passage,2,"At the end of the story, the wine was in the",fridge,garage,0.7074112296104431,0.12046784907579422,2.553900955088814,True,EleutherAI/pythia-12b,Pythia 12B,,,15000,
7,7_tb_1_e_e_ex,True Belief,Explicit,End,End,passage_hr,passage,3,The person who put the wine in the garage was,David,Marta,0.018897242844104767,0.14339274168014526,-2.9237243368561434,False,EleutherAI/pythia-12b,Pythia 12B,,,15000,
7,7_tb_1_e_e_ex,True Belief,Explicit,End,End,passage_hr,passage,4,The person who moved the wine to the fridge was,Marta,David,0.19592921435832977,0.01744074933230877,3.4897985979726274,True,EleutherAI/pythia-12b,Pythia 12B,,,15000,
7,7_tb_1_e_e_im,True Belief,Implicit,End,End,passage_hr,passage,1,"At the start of the story, David put the wine in the",garage,fridge,0.06394906342029572,0.6975772380828857,-3.4473578307268435,False,EleutherAI/pythia-12b,Pythia 12B,,,15000,
7,7_tb_1_e_e_im,True Belief,Implicit,End,End,passage_hr,passage,2,"At the end of the story, the wine was in the",fridge,garage,0.7074112296104431,0.12046784907579422,2.553900955088814,True,EleutherAI/pythia-12b,Pythia 12B,,,15000,
7,7_tb_1_e_e_im,True Belief,Implicit,End,End,passage_hr,passage,3,The person who put the wine in the garage was,David,Marta,0.018897242844104767,0.14339274168014526,-2.9237243368561434,False,EleutherAI/pythia-12b,Pythia 12B,,,15000,
7,7_tb_1_e_e_im,True Belief,Implicit,End,End,passage_hr,passage,4,The person who moved the wine to the fridge was,Marta,David,0.19592921435832977,0.01744074933230877,3.4897985979726274,True,EleutherAI/pythia-12b,Pythia 12B,,,15000,
7,7_fb_1_e_s_ex,False Belief,Explicit,End,Start,passage_hr,passage,1,"At the start of the story, David put the wine in the",garage,fridge,0.059858888387680054,0.746768593788147,-3.6410238620802966,False,EleutherAI/pythia-12b,Pythia 12B,,,15000,
7,7_fb_1_e_s_ex,False Belief,Explicit,End,Start,passage_hr,passage,2,"At the end of the story, the wine was in the",fridge,garage,0.7170405983924866,0.11936484277248383,2.5866768320022926,True,EleutherAI/pythia-12b,Pythia 12B,,,15000,
7,7_fb_1_e_s_ex,False Belief,Explicit,End,Start,passage_hr,passage,3,The person who put the wine in the garage was,David,Marta,0.026010194793343544,0.0917062982916832,-1.8179436161635716,False,EleutherAI/pythia-12b,Pythia 12B,,,15000,
7,7_fb_1_e_s_ex,False Belief,Explicit,End,Start,passage_hr,passage,4,The person who moved the wine to the fridge was,Marta,David,0.16672135889530182,0.023244084790349007,2.842503414151364,True,EleutherAI/pythia-12b,Pythia 12B,,,15000,
7,7_fb_1_e_s_im,False Belief,Implicit,End,Start,passage_hr,passage,1,"At the start of the story, David put the wine in the",garage,fridge,0.059858888387680054,0.746768593788147,-3.6410238620802966,False,EleutherAI/pythia-12b,Pythia 12B,,,15000,
7,7_fb_1_e_s_im,False Belief,Implicit,End,Start,passage_hr,passage,2,"At the end of the story, the wine was in the",fridge,garage,0.7170405983924866,0.11936484277248383,2.5866768320022926,True,EleutherAI/pythia-12b,Pythia 12B,,,15000,
7,7_fb_1_e_s_im,False Belief,Implicit,End,Start,passage_hr,passage,3,The person who put the wine in the garage was,David,Marta,0.026010194793343544,0.0917062982916832,-1.8179436161635716,False,EleutherAI/pythia-12b,Pythia 12B,,,15000,
7,7_fb_1_e_s_im,False Belief,Implicit,End,Start,passage_hr,passage,4,The person who moved the wine to the fridge was,Marta,David,0.16672135889530182,0.023244084790349007,2.842503414151364,True,EleutherAI/pythia-12b,Pythia 12B,,,15000,
7,7_tb_1_e_s_ex,True Belief,Explicit,End,Start,passage_hr,passage,1,"At the start of the story, David put the wine in the",garage,fridge,0.06167600303888321,0.7246105670928955,-3.5544246665333796,False,EleutherAI/pythia-12b,Pythia 12B,,,15000,
7,7_tb_1_e_s_ex,True Belief,Explicit,End,Start,passage_hr,passage,2,"At the end of the story, the wine was in the",fridge,garage,0.6422997117042542,0.17028242349624634,1.9153171207661959,True,EleutherAI/pythia-12b,Pythia 12B,,,15000,
7,7_tb_1_e_s_ex,True Belief,Explicit,End,Start,passage_hr,passage,3,The person who put the wine in the garage was,David,Marta,0.018090588971972466,0.14435866475105286,-2.9963464207738952,False,EleutherAI/pythia-12b,Pythia 12B,,,15000,
7,7_tb_1_e_s_ex,True Belief,Explicit,End,Start,passage_hr,passage,4,The person who moved the wine to the fridge was,Marta,David,0.20005586743354797,0.017902443185448647,3.482174548295375,True,EleutherAI/pythia-12b,Pythia 12B,,,15000,
7,7_tb_1_e_s_im,True Belief,Implicit,End,Start,passage_hr,passage,1,"At the start of the story, David put the wine in the",garage,fridge,0.06167600303888321,0.7246105670928955,-3.5544246665333796,False,EleutherAI/pythia-12b,Pythia 12B,,,15000,
7,7_tb_1_e_s_im,True Belief,Implicit,End,Start,passage_hr,passage,2,"At the end of the story, the wine was in the",fridge,garage,0.6422997117042542,0.17028242349624634,1.9153171207661959,True,EleutherAI/pythia-12b,Pythia 12B,,,15000,
7,7_tb_1_e_s_im,True Belief,Implicit,End,Start,passage_hr,passage,3,The person who put the wine in the garage was,David,Marta,0.018090588971972466,0.14435866475105286,-2.9963464207738952,False,EleutherAI/pythia-12b,Pythia 12B,,,15000,
7,7_tb_1_e_s_im,True Belief,Implicit,End,Start,passage_hr,passage,4,The person who moved the wine to the fridge was,Marta,David,0.20005586743354797,0.017902443185448647,3.482174548295375,True,EleutherAI/pythia-12b,Pythia 12B,,,15000,
8,8_fb_1_s_e_ex,False Belief,Explicit,Start,End,passage_hr,passage,1,"At the start of the story, Sarah put the painting in the",hall,bedroom,0.30309444665908813,0.15725712478160858,0.9466420369388562,True,EleutherAI/pythia-12b,Pythia 12B,,,15000,
8,8_fb_1_s_e_ex,False Belief,Explicit,Start,End,passage_hr,passage,2,"At the end of the story, the painting was in the",bedroom,hall,0.25666534900665283,0.19489866495132446,0.3971643304239163,True,EleutherAI/pythia-12b,Pythia 12B,,,15000,
8,8_fb_1_s_e_ex,False Belief,Explicit,Start,End,passage_hr,passage,3,The person who put the painting in the hall was,Sarah,James,0.02697455883026123,0.047253236174583435,-0.8088137722231887,False,EleutherAI/pythia-12b,Pythia 12B,,,15000,
8,8_fb_1_s_e_ex,False Belief,Explicit,Start,End,passage_hr,passage,4,The person who moved the painting to the bedroom was,James,Sarah,0.1129361093044281,0.02181263454258442,2.3722709006939082,True,EleutherAI/pythia-12b,Pythia 12B,,,15000,
8,8_fb_1_s_e_im,False Belief,Implicit,Start,End,passage_hr,passage,1,"At the start of the story, Sarah put the painting in the",hall,bedroom,0.30309444665908813,0.15725712478160858,0.9466420369388562,True,EleutherAI/pythia-12b,Pythia 12B,,,15000,
8,8_fb_1_s_e_im,False Belief,Implicit,Start,End,passage_hr,passage,2,"At the end of the story, the painting was in the",bedroom,hall,0.25666534900665283,0.19489866495132446,0.3971643304239163,True,EleutherAI/pythia-12b,Pythia 12B,,,15000,
8,8_fb_1_s_e_im,False Belief,Implicit,Start,End,passage_hr,passage,3,The person who put the painting in the hall was,Sarah,James,0.02697455883026123,0.047253236174583435,-0.8088137722231887,False,EleutherAI/pythia-12b,Pythia 12B,,,15000,
8,8_fb_1_s_e_im,False Belief,Implicit,Start,End,passage_hr,passage,4,The person who moved the painting to the bedroom was,James,Sarah,0.1129361093044281,0.02181263454258442,2.3722709006939082,True,EleutherAI/pythia-12b,Pythia 12B,,,15000,
8,8_tb_1_s_e_ex,True Belief,Explicit,Start,End,passage_hr,passage,1,"At the start of the story, Sarah put the painting in the",hall,bedroom,0.24429798126220703,0.22649529576301575,0.10916085579912704,True,EleutherAI/pythia-12b,Pythia 12B,,,15000,
8,8_tb_1_s_e_ex,True Belief,Explicit,Start,End,passage_hr,passage,2,"At the end of the story, the painting was in the",bedroom,hall,0.3709108233451843,0.1258249580860138,1.5596542496936456,True,EleutherAI/pythia-12b,Pythia 12B,,,15000,
8,8_tb_1_s_e_ex,True Belief,Explicit,Start,End,passage_hr,passage,3,The person who put the painting in the hall was,Sarah,James,0.05019298940896988,0.050613876432180405,-0.012047099063428957,False,EleutherAI/pythia-12b,Pythia 12B,,,15000,
8,8_tb_1_s_e_ex,True Belief,Explicit,Start,End,passage_hr,passage,4,The person who moved the painting to the bedroom was,James,Sarah,0.10283089429140091,0.055985771119594574,0.8771416543992953,True,EleutherAI/pythia-12b,Pythia 12B,,,15000,
8,8_tb_1_s_e_im,True Belief,Implicit,Start,End,passage_hr,passage,1,"At the start of the story, Sarah put the painting in the",hall,bedroom,0.24429798126220703,0.22649529576301575,0.10916085579912704,True,EleutherAI/pythia-12b,Pythia 12B,,,15000,
8,8_tb_1_s_e_im,True Belief,Implicit,Start,End,passage_hr,passage,2,"At the end of the story, the painting was in the",bedroom,hall,0.3709108233451843,0.1258249580860138,1.5596542496936456,True,EleutherAI/pythia-12b,Pythia 12B,,,15000,
8,8_tb_1_s_e_im,True Belief,Implicit,Start,End,passage_hr,passage,3,The person who put the painting in the hall was,Sarah,James,0.05019298940896988,0.050613876432180405,-0.012047099063428957,False,EleutherAI/pythia-12b,Pythia 12B,,,15000,
8,8_tb_1_s_e_im,True Belief,Implicit,Start,End,passage_hr,passage,4,The person who moved the painting to the bedroom was,James,Sarah,0.10283089429140091,0.055985771119594574,0.8771416543992953,True,EleutherAI/pythia-12b,Pythia 12B,,,15000,
8,8_fb_1_s_s_ex,False Belief,Explicit,Start,Start,passage_hr,passage,1,"At the start of the story, Sarah put the painting in the",hall,bedroom,0.27785539627075195,0.16628000140190125,0.7407195941160417,True,EleutherAI/pythia-12b,Pythia 12B,,,15000,
8,8_fb_1_s_s_ex,False Belief,Explicit,Start,Start,passage_hr,passage,2,"At the end of the story, the painting was in the",bedroom,hall,0.22464556992053986,0.23351514339447021,-0.055865499601775885,False,EleutherAI/pythia-12b,Pythia 12B,,,15000,
8,8_fb_1_s_s_ex,False Belief,Explicit,Start,Start,passage_hr,passage,3,The person who put the painting in the hall was,Sarah,James,0.02553432807326317,0.051407210528850555,-1.009532634782039,False,EleutherAI/pythia-12b,Pythia 12B,,,15000,
8,8_fb_1_s_s_ex,False Belief,Explicit,Start,Start,passage_hr,passage,4,The person who moved the painting to the bedroom was,James,Sarah,0.11273679882287979,0.022735686972737312,2.309928005876652,True,EleutherAI/pythia-12b,Pythia 12B,,,15000,
8,8_fb_1_s_s_im,False Belief,Implicit,Start,Start,passage_hr,passage,1,"At the start of the story, Sarah put the painting in the",hall,bedroom,0.27785539627075195,0.16628000140190125,0.7407195941160417,True,EleutherAI/pythia-12b,Pythia 12B,,,15000,
8,8_fb_1_s_s_im,False Belief,Implicit,Start,Start,passage_hr,passage,2,"At the end of the story, the painting was in the",bedroom,hall,0.22464556992053986,0.23351514339447021,-0.055865499601775885,False,EleutherAI/pythia-12b,Pythia 12B,,,15000,
8,8_fb_1_s_s_im,False Belief,Implicit,Start,Start,passage_hr,passage,3,The person who put the painting in the hall was,Sarah,James,0.02553432807326317,0.051407210528850555,-1.009532634782039,False,EleutherAI/pythia-12b,Pythia 12B,,,15000,
8,8_fb_1_s_s_im,False Belief,Implicit,Start,Start,passage_hr,passage,4,The person who moved the painting to the bedroom was,James,Sarah,0.11273679882287979,0.022735686972737312,2.309928005876652,True,EleutherAI/pythia-12b,Pythia 12B,,,15000,
8,8_tb_1_s_s_ex,True Belief,Explicit,Start,Start,passage_hr,passage,1,"At the start of the story, Sarah put the painting in the",hall,bedroom,0.22977367043495178,0.2631545662879944,-0.19569693857134984,False,EleutherAI/pythia-12b,Pythia 12B,,,15000,
8,8_tb_1_s_s_ex,True Belief,Explicit,Start,Start,passage_hr,passage,2,"At the end of the story, the painting was in the",bedroom,hall,0.343715101480484,0.17046122252941132,1.0117696551590933,True,EleutherAI/pythia-12b,Pythia 12B,,,15000,
8,8_tb_1_s_s_ex,True Belief,Explicit,Start,Start,passage_hr,passage,3,The person who put the painting in the hall was,Sarah,James,0.054520994424819946,0.05800984799861908,-0.08948596294832822,False,EleutherAI/pythia-12b,Pythia 12B,,,15000,
8,8_tb_1_s_s_ex,True Belief,Explicit,Start,Start,passage_hr,passage,4,The person who moved the painting to the bedroom was,James,Sarah,0.10788644850254059,0.05976163595914841,0.8522221136981977,True,EleutherAI/pythia-12b,Pythia 12B,,,15000,
8,8_tb_1_s_s_im,True Belief,Implicit,Start,Start,passage_hr,passage,1,"At the start of the story, Sarah put the painting in the",hall,bedroom,0.22977367043495178,0.2631545662879944,-0.19569693857134984,False,EleutherAI/pythia-12b,Pythia 12B,,,15000,
8,8_tb_1_s_s_im,True Belief,Implicit,Start,Start,passage_hr,passage,2,"At the end of the story, the painting was in the",bedroom,hall,0.343715101480484,0.17046122252941132,1.0117696551590933,True,EleutherAI/pythia-12b,Pythia 12B,,,15000,
8,8_tb_1_s_s_im,True Belief,Implicit,Start,Start,passage_hr,passage,3,The person who put the painting in the hall was,Sarah,James,0.054520994424819946,0.05800984799861908,-0.08948596294832822,False,EleutherAI/pythia-12b,Pythia 12B,,,15000,
8,8_tb_1_s_s_im,True Belief,Implicit,Start,Start,passage_hr,passage,4,The person who moved the painting to the bedroom was,James,Sarah,0.10788644850254059,0.05976163595914841,0.8522221136981977,True,EleutherAI/pythia-12b,Pythia 12B,,,15000,
8,8_fb_1_e_e_ex,False Belief,Explicit,End,End,passage_hr,passage,1,"At the start of the story, Sarah put the painting in the",hall,bedroom,0.2739115059375763,0.17427121102809906,0.6523756080617803,True,EleutherAI/pythia-12b,Pythia 12B,,,15000,
8,8_fb_1_e_e_ex,False Belief,Explicit,End,End,passage_hr,passage,2,"At the end of the story, the painting was in the",bedroom,hall,0.2926558554172516,0.14491161704063416,1.014031889018085,True,EleutherAI/pythia-12b,Pythia 12B,,,15000,
8,8_fb_1_e_e_ex,False Belief,Explicit,End,End,passage_hr,passage,3,The person who put the painting in the hall was,Sarah,James,0.026923485100269318,0.04338519647717476,-0.6883376915198307,False,EleutherAI/pythia-12b,Pythia 12B,,,15000,
8,8_fb_1_e_e_ex,False Belief,Explicit,End,End,passage_hr,passage,4,The person who moved the painting to the bedroom was,James,Sarah,0.10678456723690033,0.023475494235754013,2.185475723575625,True,EleutherAI/pythia-12b,Pythia 12B,,,15000,
8,8_fb_1_e_e_im,False Belief,Implicit,End,End,passage_hr,passage,1,"At the start of the story, Sarah put the painting in the",hall,bedroom,0.2739115059375763,0.17427121102809906,0.6523756080617803,True,EleutherAI/pythia-12b,Pythia 12B,,,15000,
8,8_fb_1_e_e_im,False Belief,Implicit,End,End,passage_hr,passage,2,"At the end of the story, the painting was in the",bedroom,hall,0.2926558554172516,0.14491161704063416,1.014031889018085,True,EleutherAI/pythia-12b,Pythia 12B,,,15000,
8,8_fb_1_e_e_im,False Belief,Implicit,End,End,passage_hr,passage,3,The person who put the painting in the hall was,Sarah,James,0.026923485100269318,0.04338519647717476,-0.6883376915198307,False,EleutherAI/pythia-12b,Pythia 12B,,,15000,
8,8_fb_1_e_e_im,False Belief,Implicit,End,End,passage_hr,passage,4,The person who moved the painting to the bedroom was,James,Sarah,0.10678456723690033,0.023475494235754013,2.185475723575625,True,EleutherAI/pythia-12b,Pythia 12B,,,15000,
8,8_tb_1_e_e_ex,True Belief,Explicit,End,End,passage_hr,passage,1,"At the start of the story, Sarah put the painting in the",hall,bedroom,0.22023895382881165,0.2532706558704376,-0.20161027297119063,False,EleutherAI/pythia-12b,Pythia 12B,,,15000,
8,8_tb_1_e_e_ex,True Belief,Explicit,End,End,passage_hr,passage,2,"At the end of the story, the painting was in the",bedroom,hall,0.42929860949516296,0.09442083537578583,2.184804347718203,True,EleutherAI/pythia-12b,Pythia 12B,,,15000,
8,8_tb_1_e_e_ex,True Belief,Explicit,End,End,passage_hr,passage,3,The person who put the painting in the hall was,Sarah,James,0.04685838147997856,0.05118926614522934,-0.12753420044348887,False,EleutherAI/pythia-12b,Pythia 12B,,,15000,
8,8_tb_1_e_e_ex,True Belief,Explicit,End,End,passage_hr,passage,4,The person who moved the painting to the bedroom was,James,Sarah,0.08977942913770676,0.0496281199157238,0.8552271215011414,True,EleutherAI/pythia-12b,Pythia 12B,,,15000,
8,8_tb_1_e_e_im,True Belief,Implicit,End,End,passage_hr,passage,1,"At the start of the story, Sarah put the painting in the",hall,bedroom,0.22023895382881165,0.2532706558704376,-0.20161027297119063,False,EleutherAI/pythia-12b,Pythia 12B,,,15000,
8,8_tb_1_e_e_im,True Belief,Implicit,End,End,passage_hr,passage,2,"At the end of the story, the painting was in the",bedroom,hall,0.42929860949516296,0.09442083537578583,2.184804347718203,True,EleutherAI/pythia-12b,Pythia 12B,,,15000,
8,8_tb_1_e_e_im,True Belief,Implicit,End,End,passage_hr,passage,3,The person who put the painting in the hall was,Sarah,James,0.04685838147997856,0.05118926614522934,-0.12753420044348887,False,EleutherAI/pythia-12b,Pythia 12B,,,15000,
8,8_tb_1_e_e_im,True Belief,Implicit,End,End,passage_hr,passage,4,The person who moved the painting to the bedroom was,James,Sarah,0.08977942913770676,0.0496281199157238,0.8552271215011414,True,EleutherAI/pythia-12b,Pythia 12B,,,15000,
8,8_fb_1_e_s_ex,False Belief,Explicit,End,Start,passage_hr,passage,1,"At the start of the story, Sarah put the painting in the",hall,bedroom,0.24463936686515808,0.19516071677207947,0.32599389106162197,True,EleutherAI/pythia-12b,Pythia 12B,,,15000,
8,8_fb_1_e_s_ex,False Belief,Explicit,End,Start,passage_hr,passage,2,"At the end of the story, the painting was in the",bedroom,hall,0.2668960988521576,0.1682133972644806,0.6659856053217488,True,EleutherAI/pythia-12b,Pythia 12B,,,15000,
8,8_fb_1_e_s_ex,False Belief,Explicit,End,Start,passage_hr,passage,3,The person who put the painting in the hall was,Sarah,James,0.02569824457168579,0.04986264556646347,-0.956289616708321,False,EleutherAI/pythia-12b,Pythia 12B,,,15000,
8,8_fb_1_e_s_ex,False Belief,Explicit,End,Start,passage_hr,passage,4,The person who moved the painting to the bedroom was,James,Sarah,0.10595361888408661,0.024698881432414055,2.100915252963548,True,EleutherAI/pythia-12b,Pythia 12B,,,15000,
8,8_fb_1_e_s_im,False Belief,Implicit,End,Start,passage_hr,passage,1,"At the start of the story, Sarah put the painting in the",hall,bedroom,0.24463936686515808,0.19516071677207947,0.32599389106162197,True,EleutherAI/pythia-12b,Pythia 12B,,,15000,
8,8_fb_1_e_s_im,False Belief,Implicit,End,Start,passage_hr,passage,2,"At the end of the story, the painting was in the",bedroom,hall,0.2668960988521576,0.1682133972644806,0.6659856053217488,True,EleutherAI/pythia-12b,Pythia 12B,,,15000,
8,8_fb_1_e_s_im,False Belief,Implicit,End,Start,passage_hr,passage,3,The person who put the painting in the hall was,Sarah,James,0.02569824457168579,0.04986264556646347,-0.956289616708321,False,EleutherAI/pythia-12b,Pythia 12B,,,15000,
8,8_fb_1_e_s_im,False Belief,Implicit,End,Start,passage_hr,passage,4,The person who moved the painting to the bedroom was,James,Sarah,0.10595361888408661,0.024698881432414055,2.100915252963548,True,EleutherAI/pythia-12b,Pythia 12B,,,15000,
8,8_tb_1_e_s_ex,True Belief,Explicit,End,Start,passage_hr,passage,1,"At the start of the story, Sarah put the painting in the",hall,bedroom,0.2093048393726349,0.2798912525177002,-0.41926073008042813,False,EleutherAI/pythia-12b,Pythia 12B,,,15000,
8,8_tb_1_e_s_ex,True Belief,Explicit,End,Start,passage_hr,passage,2,"At the end of the story, the painting was in the",bedroom,hall,0.394911527633667,0.12491410970687866,1.660593035131478,True,EleutherAI/pythia-12b,Pythia 12B,,,15000,
8,8_tb_1_e_s_ex,True Belief,Explicit,End,Start,passage_hr,passage,3,The person who put the painting in the hall was,Sarah,James,0.04877133667469025,0.060529161244630814,-0.3115968468759855,False,EleutherAI/pythia-12b,Pythia 12B,,,15000,
8,8_tb_1_e_s_ex,True Belief,Explicit,End,Start,passage_hr,passage,4,The person who moved the painting to the bedroom was,James,Sarah,0.09703321754932404,0.05126572027802467,0.9204842472435834,True,EleutherAI/pythia-12b,Pythia 12B,,,15000,
8,8_tb_1_e_s_im,True Belief,Implicit,End,Start,passage_hr,passage,1,"At the start of the story, Sarah put the painting in the",hall,bedroom,0.2093048393726349,0.2798912525177002,-0.41926073008042813,False,EleutherAI/pythia-12b,Pythia 12B,,,15000,
8,8_tb_1_e_s_im,True Belief,Implicit,End,Start,passage_hr,passage,2,"At the end of the story, the painting was in the",bedroom,hall,0.394911527633667,0.12491410970687866,1.660593035131478,True,EleutherAI/pythia-12b,Pythia 12B,,,15000,
8,8_tb_1_e_s_im,True Belief,Implicit,End,Start,passage_hr,passage,3,The person who put the painting in the hall was,Sarah,James,0.04877133667469025,0.060529161244630814,-0.3115968468759855,False,EleutherAI/pythia-12b,Pythia 12B,,,15000,
8,8_tb_1_e_s_im,True Belief,Implicit,End,Start,passage_hr,passage,4,The person who moved the painting to the bedroom was,James,Sarah,0.09703321754932404,0.05126572027802467,0.9204842472435834,True,EleutherAI/pythia-12b,Pythia 12B,,,15000,
9,9_fb_1_s_e_ex,False Belief,Explicit,Start,End,passage_hr,passage,1,"At the start of the story, Lisa put the grater in the",cupboard,drawer,0.2846662402153015,0.47298330068588257,-0.732517840306375,False,EleutherAI/pythia-12b,Pythia 12B,,,15000,
9,9_fb_1_s_e_ex,False Belief,Explicit,Start,End,passage_hr,passage,2,"At the end of the story, the grater was in the",drawer,cupboard,0.4241504669189453,0.18976075947284698,1.160394461037102,True,EleutherAI/pythia-12b,Pythia 12B,,,15000,
9,9_fb_1_s_e_ex,False Belief,Explicit,Start,End,passage_hr,passage,3,The person who put the grater in the cupboard was,Lisa,Robert,0.013042103499174118,0.08330297470092773,-2.6751914405206643,False,EleutherAI/pythia-12b,Pythia 12B,,,15000,
9,9_fb_1_s_e_ex,False Belief,Explicit,Start,End,passage_hr,passage,4,The person who moved the grater to the drawer was,Robert,Lisa,0.0869491770863533,0.01685776561498642,2.3667590441955273,True,EleutherAI/pythia-12b,Pythia 12B,,,15000,
9,9_fb_1_s_e_im,False Belief,Implicit,Start,End,passage_hr,passage,1,"At the start of the story, Lisa put the grater in the",cupboard,drawer,0.2846662402153015,0.47298330068588257,-0.732517840306375,False,EleutherAI/pythia-12b,Pythia 12B,,,15000,
9,9_fb_1_s_e_im,False Belief,Implicit,Start,End,passage_hr,passage,2,"At the end of the story, the grater was in the",drawer,cupboard,0.4241504669189453,0.18976075947284698,1.160394461037102,True,EleutherAI/pythia-12b,Pythia 12B,,,15000,
9,9_fb_1_s_e_im,False Belief,Implicit,Start,End,passage_hr,passage,3,The person who put the grater in the cupboard was,Lisa,Robert,0.013042103499174118,0.08330297470092773,-2.6751914405206643,False,EleutherAI/pythia-12b,Pythia 12B,,,15000,
9,9_fb_1_s_e_im,False Belief,Implicit,Start,End,passage_hr,passage,4,The person who moved the grater to the drawer was,Robert,Lisa,0.0869491770863533,0.01685776561498642,2.3667590441955273,True,EleutherAI/pythia-12b,Pythia 12B,,,15000,
9,9_tb_1_s_e_ex,True Belief,Explicit,Start,End,passage_hr,passage,1,"At the start of the story, Lisa put the grater in the",cupboard,drawer,0.28072935342788696,0.4633207321166992,-0.7228313179758472,False,EleutherAI/pythia-12b,Pythia 12B,,,15000,
9,9_tb_1_s_e_ex,True Belief,Explicit,Start,End,passage_hr,passage,2,"At the end of the story, the grater was in the",drawer,cupboard,0.441744863986969,0.18259751796722412,1.2745462061412547,True,EleutherAI/pythia-12b,Pythia 12B,,,15000,
9,9_tb_1_s_e_ex,True Belief,Explicit,Start,End,passage_hr,passage,3,The person who put the grater in the cupboard was,Lisa,Robert,0.017586736008524895,0.08587640523910522,-2.287774049464058,False,EleutherAI/pythia-12b,Pythia 12B,,,15000,
9,9_tb_1_s_e_ex,True Belief,Explicit,Start,End,passage_hr,passage,4,The person who moved the grater to the drawer was,Robert,Lisa,0.11326006054878235,0.024387547746300697,2.215422603723186,True,EleutherAI/pythia-12b,Pythia 12B,,,15000,
9,9_tb_1_s_e_im,True Belief,Implicit,Start,End,passage_hr,passage,1,"At the start of the story, Lisa put the grater in the",cupboard,drawer,0.28072935342788696,0.4633207321166992,-0.7228313179758472,False,EleutherAI/pythia-12b,Pythia 12B,,,15000,
9,9_tb_1_s_e_im,True Belief,Implicit,Start,End,passage_hr,passage,2,"At the end of the story, the grater was in the",drawer,cupboard,0.441744863986969,0.18259751796722412,1.2745462061412547,True,EleutherAI/pythia-12b,Pythia 12B,,,15000,
9,9_tb_1_s_e_im,True Belief,Implicit,Start,End,passage_hr,passage,3,The person who put the grater in the cupboard was,Lisa,Robert,0.017586736008524895,0.08587640523910522,-2.287774049464058,False,EleutherAI/pythia-12b,Pythia 12B,,,15000,
9,9_tb_1_s_e_im,True Belief,Implicit,Start,End,passage_hr,passage,4,The person who moved the grater to the drawer was,Robert,Lisa,0.11326006054878235,0.024387547746300697,2.215422603723186,True,EleutherAI/pythia-12b,Pythia 12B,,,15000,
9,9_fb_1_s_s_ex,False Belief,Explicit,Start,Start,passage_hr,passage,1,"At the start of the story, Lisa put the grater in the",cupboard,drawer,0.3524738550186157,0.4061146676540375,-0.20437088543661325,False,EleutherAI/pythia-12b,Pythia 12B,,,15000,
9,9_fb_1_s_s_ex,False Belief,Explicit,Start,Start,passage_hr,passage,2,"At the end of the story, the grater was in the",drawer,cupboard,0.31282925605773926,0.27468013763427734,0.187622849399942,True,EleutherAI/pythia-12b,Pythia 12B,,,15000,
9,9_fb_1_s_s_ex,False Belief,Explicit,Start,Start,passage_hr,passage,3,The person who put the grater in the cupboard was,Lisa,Robert,0.014776934869587421,0.09621666371822357,-2.7029397282160064,False,EleutherAI/pythia-12b,Pythia 12B,,,15000,
9,9_fb_1_s_s_ex,False Belief,Explicit,Start,Start,passage_hr,passage,4,The person who moved the grater to the drawer was,Robert,Lisa,0.09730707854032516,0.018958158791065216,2.359725899674947,True,EleutherAI/pythia-12b,Pythia 12B,,,15000,
9,9_fb_1_s_s_im,False Belief,Implicit,Start,Start,passage_hr,passage,1,"At the start of the story, Lisa put the grater in the",cupboard,drawer,0.3524738550186157,0.4061146676540375,-0.20437088543661325,False,EleutherAI/pythia-12b,Pythia 12B,,,15000,
9,9_fb_1_s_s_im,False Belief,Implicit,Start,Start,passage_hr,passage,2,"At the end of the story, the grater was in the",drawer,cupboard,0.31282925605773926,0.27468013763427734,0.187622849399942,True,EleutherAI/pythia-12b,Pythia 12B,,,15000,
9,9_fb_1_s_s_im,False Belief,Implicit,Start,Start,passage_hr,passage,3,The person who put the grater in the cupboard was,Lisa,Robert,0.014776934869587421,0.09621666371822357,-2.7029397282160064,False,EleutherAI/pythia-12b,Pythia 12B,,,15000,
9,9_fb_1_s_s_im,False Belief,Implicit,Start,Start,passage_hr,passage,4,The person who moved the grater to the drawer was,Robert,Lisa,0.09730707854032516,0.018958158791065216,2.359725899674947,True,EleutherAI/pythia-12b,Pythia 12B,,,15000,
9,9_tb_1_s_s_ex,True Belief,Explicit,Start,Start,passage_hr,passage,1,"At the start of the story, Lisa put the grater in the",cupboard,drawer,0.35303616523742676,0.3957418203353882,-0.1647435497105012,False,EleutherAI/pythia-12b,Pythia 12B,,,15000,
9,9_tb_1_s_s_ex,True Belief,Explicit,Start,Start,passage_hr,passage,2,"At the end of the story, the grater was in the",drawer,cupboard,0.2934570610523224,0.2978591322898865,-0.021480770332228043,False,EleutherAI/pythia-12b,Pythia 12B,,,15000,
9,9_tb_1_s_s_ex,True Belief,Explicit,Start,Start,passage_hr,passage,3,The person who put the grater in the cupboard was,Lisa,Robert,0.018201177939772606,0.0957048088312149,-2.394559595440833,False,EleutherAI/pythia-12b,Pythia 12B,,,15000,
9,9_tb_1_s_s_ex,True Belief,Explicit,Start,Start,passage_hr,passage,4,The person who moved the grater to the drawer was,Robert,Lisa,0.12989011406898499,0.025368209928274155,2.3561980051281437,True,EleutherAI/pythia-12b,Pythia 12B,,,15000,
9,9_tb_1_s_s_im,True Belief,Implicit,Start,Start,passage_hr,passage,1,"At the start of the story, Lisa put the grater in the",cupboard,drawer,0.35303616523742676,0.3957418203353882,-0.1647435497105012,False,EleutherAI/pythia-12b,Pythia 12B,,,15000,
9,9_tb_1_s_s_im,True Belief,Implicit,Start,Start,passage_hr,passage,2,"At the end of the story, the grater was in the",drawer,cupboard,0.2934570610523224,0.2978591322898865,-0.021480770332228043,False,EleutherAI/pythia-12b,Pythia 12B,,,15000,
9,9_tb_1_s_s_im,True Belief,Implicit,Start,Start,passage_hr,passage,3,The person who put the grater in the cupboard was,Lisa,Robert,0.018201177939772606,0.0957048088312149,-2.394559595440833,False,EleutherAI/pythia-12b,Pythia 12B,,,15000,
9,9_tb_1_s_s_im,True Belief,Implicit,Start,Start,passage_hr,passage,4,The person who moved the grater to the drawer was,Robert,Lisa,0.12989011406898499,0.025368209928274155,2.3561980051281437,True,EleutherAI/pythia-12b,Pythia 12B,,,15000,
9,9_fb_1_e_e_ex,False Belief,Explicit,End,End,passage_hr,passage,1,"At the start of the story, Lisa put the grater in the",cupboard,drawer,0.28794893622398376,0.46471142768859863,-0.690522130240889,False,EleutherAI/pythia-12b,Pythia 12B,,,15000,
9,9_fb_1_e_e_ex,False Belief,Explicit,End,End,passage_hr,passage,2,"At the end of the story, the grater was in the",drawer,cupboard,0.436235636472702,0.19109563529491425,1.1908128028920177,True,EleutherAI/pythia-12b,Pythia 12B,,,15000,
9,9_fb_1_e_e_ex,False Belief,Explicit,End,End,passage_hr,passage,3,The person who put the grater in the cupboard was,Lisa,Robert,0.011804474517703056,0.08229845762252808,-2.8015315722864673,False,EleutherAI/pythia-12b,Pythia 12B,,,15000,
9,9_fb_1_e_e_ex,False Belief,Explicit,End,End,passage_hr,passage,4,The person who moved the grater to the drawer was,Robert,Lisa,0.081588976085186,0.01389734260737896,2.5535651921489735,True,EleutherAI/pythia-12b,Pythia 12B,,,15000,
9,9_fb_1_e_e_im,False Belief,Implicit,End,End,passage_hr,passage,1,"At the start of the story, Lisa put the grater in the",cupboard,drawer,0.28794893622398376,0.46471142768859863,-0.690522130240889,False,EleutherAI/pythia-12b,Pythia 12B,,,15000,
9,9_fb_1_e_e_im,False Belief,Implicit,End,End,passage_hr,passage,2,"At the end of the story, the grater was in the",drawer,cupboard,0.436235636472702,0.19109563529491425,1.1908128028920177,True,EleutherAI/pythia-12b,Pythia 12B,,,15000,
9,9_fb_1_e_e_im,False Belief,Implicit,End,End,passage_hr,passage,3,The person who put the grater in the cupboard was,Lisa,Robert,0.011804474517703056,0.08229845762252808,-2.8015315722864673,False,EleutherAI/pythia-12b,Pythia 12B,,,15000,
9,9_fb_1_e_e_im,False Belief,Implicit,End,End,passage_hr,passage,4,The person who moved the grater to the drawer was,Robert,Lisa,0.081588976085186,0.01389734260737896,2.5535651921489735,True,EleutherAI/pythia-12b,Pythia 12B,,,15000,
9,9_tb_1_e_e_ex,True Belief,Explicit,End,End,passage_hr,passage,1,"At the start of the story, Lisa put the grater in the",cupboard,drawer,0.28419390320777893,0.45235684514045715,-0.6705856978574635,False,EleutherAI/pythia-12b,Pythia 12B,,,15000,
9,9_tb_1_e_e_ex,True Belief,Explicit,End,End,passage_hr,passage,2,"At the end of the story, the grater was in the",drawer,cupboard,0.4363229274749756,0.19235393404960632,1.181632948911864,True,EleutherAI/pythia-12b,Pythia 12B,,,15000,
9,9_tb_1_e_e_ex,True Belief,Explicit,End,End,passage_hr,passage,3,The person who put the grater in the cupboard was,Lisa,Robert,0.01670701615512371,0.08698177337646484,-2.380259029129717,False,EleutherAI/pythia-12b,Pythia 12B,,,15000,
9,9_tb_1_e_e_ex,True Belief,Explicit,End,End,passage_hr,passage,4,The person who moved the grater to the drawer was,Robert,Lisa,0.10482066869735718,0.02059306763112545,2.3476925566132474,True,EleutherAI/pythia-12b,Pythia 12B,,,15000,
9,9_tb_1_e_e_im,True Belief,Implicit,End,End,passage_hr,passage,1,"At the start of the story, Lisa put the grater in the",cupboard,drawer,0.28419390320777893,0.45235684514045715,-0.6705856978574635,False,EleutherAI/pythia-12b,Pythia 12B,,,15000,
9,9_tb_1_e_e_im,True Belief,Implicit,End,End,passage_hr,passage,2,"At the end of the story, the grater was in the",drawer,cupboard,0.4363229274749756,0.19235393404960632,1.181632948911864,True,EleutherAI/pythia-12b,Pythia 12B,,,15000,
9,9_tb_1_e_e_im,True Belief,Implicit,End,End,passage_hr,passage,3,The person who put the grater in the cupboard was,Lisa,Robert,0.01670701615512371,0.08698177337646484,-2.380259029129717,False,EleutherAI/pythia-12b,Pythia 12B,,,15000,
9,9_tb_1_e_e_im,True Belief,Implicit,End,End,passage_hr,passage,4,The person who moved the grater to the drawer was,Robert,Lisa,0.10482066869735718,0.02059306763112545,2.3476925566132474,True,EleutherAI/pythia-12b,Pythia 12B,,,15000,
9,9_fb_1_e_s_ex,False Belief,Explicit,End,Start,passage_hr,passage,1,"At the start of the story, Lisa put the grater in the",cupboard,drawer,0.35222291946411133,0.39796382188796997,-0.17614849445242886,False,EleutherAI/pythia-12b,Pythia 12B,,,15000,
9,9_fb_1_e_s_ex,False Belief,Explicit,End,Start,passage_hr,passage,2,"At the end of the story, the grater was in the",drawer,cupboard,0.3116910755634308,0.27659907937049866,0.17232049321282403,True,EleutherAI/pythia-12b,Pythia 12B,,,15000,
9,9_fb_1_e_s_ex,False Belief,Explicit,End,Start,passage_hr,passage,3,The person who put the grater in the cupboard was,Lisa,Robert,0.013454878702759743,0.09533704817295074,-2.8249075723752117,False,EleutherAI/pythia-12b,Pythia 12B,,,15000,
9,9_fb_1_e_s_ex,False Belief,Explicit,End,Start,passage_hr,passage,4,The person who moved the grater to the drawer was,Robert,Lisa,0.09127955883741379,0.015671590343117714,2.5421402279407226,True,EleutherAI/pythia-12b,Pythia 12B,,,15000,
9,9_fb_1_e_s_im,False Belief,Implicit,End,Start,passage_hr,passage,1,"At the start of the story, Lisa put the grater in the",cupboard,drawer,0.35222291946411133,0.39796382188796997,-0.17614849445242886,False,EleutherAI/pythia-12b,Pythia 12B,,,15000,
9,9_fb_1_e_s_im,False Belief,Implicit,End,Start,passage_hr,passage,2,"At the end of the story, the grater was in the",drawer,cupboard,0.3116910755634308,0.27659907937049866,0.17232049321282403,True,EleutherAI/pythia-12b,Pythia 12B,,,15000,
9,9_fb_1_e_s_im,False Belief,Implicit,End,Start,passage_hr,passage,3,The person who put the grater in the cupboard was,Lisa,Robert,0.013454878702759743,0.09533704817295074,-2.8249075723752117,False,EleutherAI/pythia-12b,Pythia 12B,,,15000,
9,9_fb_1_e_s_im,False Belief,Implicit,End,Start,passage_hr,passage,4,The person who moved the grater to the drawer was,Robert,Lisa,0.09127955883741379,0.015671590343117714,2.5421402279407226,True,EleutherAI/pythia-12b,Pythia 12B,,,15000,
9,9_tb_1_e_s_ex,True Belief,Explicit,End,Start,passage_hr,passage,1,"At the start of the story, Lisa put the grater in the",cupboard,drawer,0.3461728096008301,0.3924362361431122,-0.18096584934505225,False,EleutherAI/pythia-12b,Pythia 12B,,,15000,
9,9_tb_1_e_s_ex,True Belief,Explicit,End,Start,passage_hr,passage,2,"At the end of the story, the grater was in the",drawer,cupboard,0.2877681851387024,0.3041452169418335,-0.0798532157441298,False,EleutherAI/pythia-12b,Pythia 12B,,,15000,
9,9_tb_1_e_s_ex,True Belief,Explicit,End,Start,passage_hr,passage,3,The person who put the grater in the cupboard was,Lisa,Robert,0.018118318170309067,0.09741717576980591,-2.426727114795305,False,EleutherAI/pythia-12b,Pythia 12B,,,15000,
9,9_tb_1_e_s_ex,True Belief,Explicit,End,Start,passage_hr,passage,4,The person who moved the grater to the drawer was,Robert,Lisa,0.1206648126244545,0.022663772106170654,2.4125451243166935,True,EleutherAI/pythia-12b,Pythia 12B,,,15000,
9,9_tb_1_e_s_im,True Belief,Implicit,End,Start,passage_hr,passage,1,"At the start of the story, Lisa put the grater in the",cupboard,drawer,0.3461728096008301,0.3924362361431122,-0.18096584934505225,False,EleutherAI/pythia-12b,Pythia 12B,,,15000,
9,9_tb_1_e_s_im,True Belief,Implicit,End,Start,passage_hr,passage,2,"At the end of the story, the grater was in the",drawer,cupboard,0.2877681851387024,0.3041452169418335,-0.0798532157441298,False,EleutherAI/pythia-12b,Pythia 12B,,,15000,
9,9_tb_1_e_s_im,True Belief,Implicit,End,Start,passage_hr,passage,3,The person who put the grater in the cupboard was,Lisa,Robert,0.018118318170309067,0.09741717576980591,-2.426727114795305,False,EleutherAI/pythia-12b,Pythia 12B,,,15000,
9,9_tb_1_e_s_im,True Belief,Implicit,End,Start,passage_hr,passage,4,The person who moved the grater to the drawer was,Robert,Lisa,0.1206648126244545,0.022663772106170654,2.4125451243166935,True,EleutherAI/pythia-12b,Pythia 12B,,,15000,
10,10_fb_1_s_e_ex,False Belief,Explicit,Start,End,passage_hr,passage,1,"At the start of the story, John put the shovel in the",toolbox,van,0.7942764759063721,0.0589241161942482,3.7527111559226545,True,EleutherAI/pythia-12b,Pythia 12B,,,15000,
10,10_fb_1_s_e_ex,False Belief,Explicit,Start,End,passage_hr,passage,2,"At the end of the story, the shovel was in the",van,toolbox,0.13554435968399048,0.6207528114318848,-2.195253809952216,False,EleutherAI/pythia-12b,Pythia 12B,,,15000,
10,10_fb_1_s_e_ex,False Belief,Explicit,Start,End,passage_hr,passage,3,The person who put the shovel in the toolbox was,John,Karen,0.06091207265853882,0.07438389956951141,-0.2882621871729298,False,EleutherAI/pythia-12b,Pythia 12B,,,15000,
10,10_fb_1_s_e_ex,False Belief,Explicit,Start,End,passage_hr,passage,4,The person who moved the shovel to the van was,Karen,John,0.055618904531002045,0.04944564774632454,0.16973179050563464,True,EleutherAI/pythia-12b,Pythia 12B,,,15000,
10,10_fb_1_s_e_im,False Belief,Implicit,Start,End,passage_hr,passage,1,"At the start of the story, John put the shovel in the",toolbox,van,0.7942764759063721,0.0589241161942482,3.7527111559226545,True,EleutherAI/pythia-12b,Pythia 12B,,,15000,
10,10_fb_1_s_e_im,False Belief,Implicit,Start,End,passage_hr,passage,2,"At the end of the story, the shovel was in the",van,toolbox,0.13554435968399048,0.6207528114318848,-2.195253809952216,False,EleutherAI/pythia-12b,Pythia 12B,,,15000,
10,10_fb_1_s_e_im,False Belief,Implicit,Start,End,passage_hr,passage,3,The person who put the shovel in the toolbox was,John,Karen,0.06091207265853882,0.07438389956951141,-0.2882621871729298,False,EleutherAI/pythia-12b,Pythia 12B,,,15000,
10,10_fb_1_s_e_im,False Belief,Implicit,Start,End,passage_hr,passage,4,The person who moved the shovel to the van was,Karen,John,0.055618904531002045,0.04944564774632454,0.16973179050563464,True,EleutherAI/pythia-12b,Pythia 12B,,,15000,
10,10_tb_1_s_e_ex,True Belief,Explicit,Start,End,passage_hr,passage,1,"At the start of the story, John put the shovel in the",toolbox,van,0.7319656610488892,0.08001109957695007,3.1935039109237446,True,EleutherAI/pythia-12b,Pythia 12B,,,15000,
10,10_tb_1_s_e_ex,True Belief,Explicit,Start,End,passage_hr,passage,2,"At the end of the story, the shovel was in the",van,toolbox,0.1629624217748642,0.498750239610672,-1.613778209056828,False,EleutherAI/pythia-12b,Pythia 12B,,,15000,
10,10_tb_1_s_e_ex,True Belief,Explicit,Start,End,passage_hr,passage,3,The person who put the shovel in the toolbox was,John,Karen,0.050018612295389175,0.028044842183589935,0.8347295677006069,True,EleutherAI/pythia-12b,Pythia 12B,,,15000,
10,10_tb_1_s_e_ex,True Belief,Explicit,Start,End,passage_hr,passage,4,The person who moved the shovel to the van was,Karen,John,0.023987378925085068,0.045655954629182816,-0.9285275099239846,False,EleutherAI/pythia-12b,Pythia 12B,,,15000,
10,10_tb_1_s_e_im,True Belief,Implicit,Start,End,passage_hr,passage,1,"At the start of the story, John put the shovel in the",toolbox,van,0.7332060933113098,0.07714977115392685,3.248484992938557,True,EleutherAI/pythia-12b,Pythia 12B,,,15000,
10,10_tb_1_s_e_im,True Belief,Implicit,Start,End,passage_hr,passage,2,"At the end of the story, the shovel was in the",van,toolbox,0.15766854584217072,0.5002730488777161,-1.6658208546332702,False,EleutherAI/pythia-12b,Pythia 12B,,,15000,
10,10_tb_1_s_e_im,True Belief,Implicit,Start,End,passage_hr,passage,3,The person who put the shovel in the toolbox was,John,Karen,0.04827050492167473,0.026030004024505615,0.890966383018506,True,EleutherAI/pythia-12b,Pythia 12B,,,15000,
10,10_tb_1_s_e_im,True Belief,Implicit,Start,End,passage_hr,passage,4,The person who moved the shovel to the van was,Karen,John,0.021575449034571648,0.043629348278045654,-1.0159083378260898,False,EleutherAI/pythia-12b,Pythia 12B,,,15000,
10,10_fb_1_s_s_ex,False Belief,Explicit,Start,Start,passage_hr,passage,1,"At the start of the story, John put the shovel in the",toolbox,van,0.8159493207931519,0.0602269321680069,3.759998870054967,True,EleutherAI/pythia-12b,Pythia 12B,,,15000,
10,10_fb_1_s_s_ex,False Belief,Explicit,Start,Start,passage_hr,passage,2,"At the end of the story, the shovel was in the",van,toolbox,0.1456281691789627,0.6598552465438843,-2.1798601267354667,False,EleutherAI/pythia-12b,Pythia 12B,,,15000,
10,10_fb_1_s_s_ex,False Belief,Explicit,Start,Start,passage_hr,passage,3,The person who put the shovel in the toolbox was,John,Karen,0.05724711716175079,0.06388387829065323,-0.15824885506822547,False,EleutherAI/pythia-12b,Pythia 12B,,,15000,
10,10_fb_1_s_s_ex,False Belief,Explicit,Start,Start,passage_hr,passage,4,The person who moved the shovel to the van was,Karen,John,0.051535796374082565,0.04699113592505455,0.13318622284957327,True,EleutherAI/pythia-12b,Pythia 12B,,,15000,
10,10_fb_1_s_s_im,False Belief,Implicit,Start,Start,passage_hr,passage,1,"At the start of the story, John put the shovel in the",toolbox,van,0.8159493207931519,0.0602269321680069,3.759998870054967,True,EleutherAI/pythia-12b,Pythia 12B,,,15000,
10,10_fb_1_s_s_im,False Belief,Implicit,Start,Start,passage_hr,passage,2,"At the end of the story, the shovel was in the",van,toolbox,0.1456281691789627,0.6598552465438843,-2.1798601267354667,False,EleutherAI/pythia-12b,Pythia 12B,,,15000,
10,10_fb_1_s_s_im,False Belief,Implicit,Start,Start,passage_hr,passage,3,The person who put the shovel in the toolbox was,John,Karen,0.05724711716175079,0.06388387829065323,-0.15824885506822547,False,EleutherAI/pythia-12b,Pythia 12B,,,15000,
10,10_fb_1_s_s_im,False Belief,Implicit,Start,Start,passage_hr,passage,4,The person who moved the shovel to the van was,Karen,John,0.051535796374082565,0.04699113592505455,0.13318622284957327,True,EleutherAI/pythia-12b,Pythia 12B,,,15000,
10,10_tb_1_s_s_ex,True Belief,Explicit,Start,Start,passage_hr,passage,1,"At the start of the story, John put the shovel in the",toolbox,van,0.7923828363418579,0.06820440292358398,3.5382608503149413,True,EleutherAI/pythia-12b,Pythia 12B,,,15000,
10,10_tb_1_s_s_ex,True Belief,Explicit,Start,Start,passage_hr,passage,2,"At the end of the story, the shovel was in the",van,toolbox,0.15815649926662445,0.6019783020019531,-1.9283586436894955,False,EleutherAI/pythia-12b,Pythia 12B,,,15000,
10,10_tb_1_s_s_ex,True Belief,Explicit,Start,Start,passage_hr,passage,3,The person who put the shovel in the toolbox was,John,Karen,0.04506070166826248,0.024246005341410637,0.8941227036698097,True,EleutherAI/pythia-12b,Pythia 12B,,,15000,
10,10_tb_1_s_s_ex,True Belief,Explicit,Start,Start,passage_hr,passage,4,The person who moved the shovel to the van was,Karen,John,0.020642627030611038,0.04098852723836899,-0.9895935700248892,False,EleutherAI/pythia-12b,Pythia 12B,,,15000,
10,10_tb_1_s_s_im,True Belief,Implicit,Start,Start,passage_hr,passage,1,"At the start of the story, John put the shovel in the",toolbox,van,0.7974416017532349,0.0645466074347496,3.6269656966108936,True,EleutherAI/pythia-12b,Pythia 12B,,,15000,
10,10_tb_1_s_s_im,True Belief,Implicit,Start,Start,passage_hr,passage,2,"At the end of the story, the shovel was in the",van,toolbox,0.15205205976963043,0.6098700165748596,-2.0039364295837,False,EleutherAI/pythia-12b,Pythia 12B,,,15000,
10,10_tb_1_s_s_im,True Belief,Implicit,Start,Start,passage_hr,passage,3,The person who put the shovel in the toolbox was,John,Karen,0.0427938848733902,0.022928865626454353,0.9002396728976121,True,EleutherAI/pythia-12b,Pythia 12B,,,15000,
10,10_tb_1_s_s_im,True Belief,Implicit,Start,Start,passage_hr,passage,4,The person who moved the shovel to the van was,Karen,John,0.018635934218764305,0.038631826639175415,-1.0517027513908386,False,EleutherAI/pythia-12b,Pythia 12B,,,15000,
10,10_fb_1_e_e_ex,False Belief,Explicit,End,End,passage_hr,passage,1,"At the start of the story, John put the shovel in the",toolbox,van,0.790739119052887,0.0670090988278389,3.5607728884346534,True,EleutherAI/pythia-12b,Pythia 12B,,,15000,
10,10_fb_1_e_e_ex,False Belief,Explicit,End,End,passage_hr,passage,2,"At the end of the story, the shovel was in the",van,toolbox,0.18388299643993378,0.5638973116874695,-1.6166443843964091,False,EleutherAI/pythia-12b,Pythia 12B,,,15000,
10,10_fb_1_e_e_ex,False Belief,Explicit,End,End,passage_hr,passage,3,The person who put the shovel in the toolbox was,John,Karen,0.059794627130031586,0.08214167505502701,-0.45809851112910843,False,EleutherAI/pythia-12b,Pythia 12B,,,15000,
10,10_fb_1_e_e_ex,False Belief,Explicit,End,End,passage_hr,passage,4,The person who moved the shovel to the van was,Karen,John,0.06184711307287216,0.04637226462364197,0.41544407050472226,True,EleutherAI/pythia-12b,Pythia 12B,,,15000,
10,10_fb_1_e_e_im,False Belief,Implicit,End,End,passage_hr,passage,1,"At the start of the story, John put the shovel in the",toolbox,van,0.790739119052887,0.0670090988278389,3.5607728884346534,True,EleutherAI/pythia-12b,Pythia 12B,,,15000,
10,10_fb_1_e_e_im,False Belief,Implicit,End,End,passage_hr,passage,2,"At the end of the story, the shovel was in the",van,toolbox,0.18388299643993378,0.5638973116874695,-1.6166443843964091,False,EleutherAI/pythia-12b,Pythia 12B,,,15000,
10,10_fb_1_e_e_im,False Belief,Implicit,End,End,passage_hr,passage,3,The person who put the shovel in the toolbox was,John,Karen,0.059794627130031586,0.08214167505502701,-0.45809851112910843,False,EleutherAI/pythia-12b,Pythia 12B,,,15000,
10,10_fb_1_e_e_im,False Belief,Implicit,End,End,passage_hr,passage,4,The person who moved the shovel to the van was,Karen,John,0.06184711307287216,0.04637226462364197,0.41544407050472226,True,EleutherAI/pythia-12b,Pythia 12B,,,15000,
10,10_tb_1_e_e_ex,True Belief,Explicit,End,End,passage_hr,passage,1,"At the start of the story, John put the shovel in the",toolbox,van,0.7040359973907471,0.10869494825601578,2.695364305077818,True,EleutherAI/pythia-12b,Pythia 12B,,,15000,
10,10_tb_1_e_e_ex,True Belief,Explicit,End,End,passage_hr,passage,2,"At the end of the story, the shovel was in the",van,toolbox,0.2313443273305893,0.42782723903656006,-0.8869866155895061,False,EleutherAI/pythia-12b,Pythia 12B,,,15000,
10,10_tb_1_e_e_ex,True Belief,Explicit,End,End,passage_hr,passage,3,The person who put the shovel in the toolbox was,John,Karen,0.04899346083402634,0.03617612272500992,0.437551413857899,True,EleutherAI/pythia-12b,Pythia 12B,,,15000,
10,10_tb_1_e_e_ex,True Belief,Explicit,End,End,passage_hr,passage,4,The person who moved the shovel to the van was,Karen,John,0.03056497499346733,0.04325861111283302,-0.5011079592309365,False,EleutherAI/pythia-12b,Pythia 12B,,,15000,
10,10_tb_1_e_e_im,True Belief,Implicit,End,End,passage_hr,passage,1,"At the start of the story, John put the shovel in the",toolbox,van,0.7062544226646423,0.10784199088811874,2.711268961102464,True,EleutherAI/pythia-12b,Pythia 12B,,,15000,
10,10_tb_1_e_e_im,True Belief,Implicit,End,End,passage_hr,passage,2,"At the end of the story, the shovel was in the",van,toolbox,0.22774718701839447,0.43001997470855713,-0.9169704405688359,False,EleutherAI/pythia-12b,Pythia 12B,,,15000,
10,10_tb_1_e_e_im,True Belief,Implicit,End,End,passage_hr,passage,3,The person who put the shovel in the toolbox was,John,Karen,0.047764167189598083,0.0337279736995697,0.5019830630663631,True,EleutherAI/pythia-12b,Pythia 12B,,,15000,
10,10_tb_1_e_e_im,True Belief,Implicit,End,End,passage_hr,passage,4,The person who moved the shovel to the van was,Karen,John,0.02762220799922943,0.04151768237352371,-0.5878972639278693,False,EleutherAI/pythia-12b,Pythia 12B,,,15000,
10,10_fb_1_e_s_ex,False Belief,Explicit,End,Start,passage_hr,passage,1,"At the start of the story, John put the shovel in the",toolbox,van,0.826997697353363,0.060175493359565735,3.780635342387163,True,EleutherAI/pythia-12b,Pythia 12B,,,15000,
10,10_fb_1_e_s_ex,False Belief,Explicit,End,Start,passage_hr,passage,2,"At the end of the story, the shovel was in the",van,toolbox,0.1662830412387848,0.6452804207801819,-1.9562852120906775,False,EleutherAI/pythia-12b,Pythia 12B,,,15000,
10,10_fb_1_e_s_ex,False Belief,Explicit,End,Start,passage_hr,passage,3,The person who put the shovel in the toolbox was,John,Karen,0.05471242591738701,0.06871069222688675,-0.32866609216086373,False,EleutherAI/pythia-12b,Pythia 12B,,,15000,
10,10_fb_1_e_s_ex,False Belief,Explicit,End,Start,passage_hr,passage,4,The person who moved the shovel to the van was,Karen,John,0.055942367762327194,0.04374047741293907,0.3549723502012541,True,EleutherAI/pythia-12b,Pythia 12B,,,15000,
10,10_fb_1_e_s_im,False Belief,Implicit,End,Start,passage_hr,passage,1,"At the start of the story, John put the shovel in the",toolbox,van,0.826997697353363,0.060175493359565735,3.780635342387163,True,EleutherAI/pythia-12b,Pythia 12B,,,15000,
10,10_fb_1_e_s_im,False Belief,Implicit,End,Start,passage_hr,passage,2,"At the end of the story, the shovel was in the",van,toolbox,0.1662830412387848,0.6452804207801819,-1.9562852120906775,False,EleutherAI/pythia-12b,Pythia 12B,,,15000,
10,10_fb_1_e_s_im,False Belief,Implicit,End,Start,passage_hr,passage,3,The person who put the shovel in the toolbox was,John,Karen,0.05471242591738701,0.06871069222688675,-0.32866609216086373,False,EleutherAI/pythia-12b,Pythia 12B,,,15000,
10,10_fb_1_e_s_im,False Belief,Implicit,End,Start,passage_hr,passage,4,The person who moved the shovel to the van was,Karen,John,0.055942367762327194,0.04374047741293907,0.3549723502012541,True,EleutherAI/pythia-12b,Pythia 12B,,,15000,
10,10_tb_1_e_s_ex,True Belief,Explicit,End,Start,passage_hr,passage,1,"At the start of the story, John put the shovel in the",toolbox,van,0.7656387090682983,0.09487893432378769,3.0125040604700826,True,EleutherAI/pythia-12b,Pythia 12B,,,15000,
10,10_tb_1_e_s_ex,True Belief,Explicit,End,Start,passage_hr,passage,2,"At the end of the story, the shovel was in the",van,toolbox,0.22087974846363068,0.5418518781661987,-1.294637377042143,False,EleutherAI/pythia-12b,Pythia 12B,,,15000,
10,10_tb_1_e_s_ex,True Belief,Explicit,End,Start,passage_hr,passage,3,The person who put the shovel in the toolbox was,John,Karen,0.0438176654279232,0.030523626133799553,0.5215862596002387,True,EleutherAI/pythia-12b,Pythia 12B,,,15000,
10,10_tb_1_e_s_ex,True Belief,Explicit,End,Start,passage_hr,passage,4,The person who moved the shovel to the van was,Karen,John,0.025494836270809174,0.038152169436216354,-0.5815600220276254,False,EleutherAI/pythia-12b,Pythia 12B,,,15000,
10,10_tb_1_e_s_im,True Belief,Implicit,End,Start,passage_hr,passage,1,"At the start of the story, John put the shovel in the",toolbox,van,0.7743456363677979,0.09085159748792648,3.091393883058964,True,EleutherAI/pythia-12b,Pythia 12B,,,15000,
10,10_tb_1_e_s_im,True Belief,Implicit,End,Start,passage_hr,passage,2,"At the end of the story, the shovel was in the",van,toolbox,0.20959660410881042,0.5541452765464783,-1.402648905061876,False,EleutherAI/pythia-12b,Pythia 12B,,,15000,
10,10_tb_1_e_s_im,True Belief,Implicit,End,Start,passage_hr,passage,3,The person who put the shovel in the toolbox was,John,Karen,0.04245053604245186,0.029225869104266167,0.5385368439296425,True,EleutherAI/pythia-12b,Pythia 12B,,,15000,
10,10_tb_1_e_s_im,True Belief,Implicit,End,Start,passage_hr,passage,4,The person who moved the shovel to the van was,Karen,John,0.023364301770925522,0.03655793517827988,-0.6458786644018212,False,EleutherAI/pythia-12b,Pythia 12B,,,15000,
11,11_fb_1_s_e_ex,False Belief,Explicit,Start,End,passage_hr,passage,1,"At the start of the story, Patrick put the ticket in the",suitcase,backpack,0.3249005675315857,0.331560879945755,-0.02927553308041784,False,EleutherAI/pythia-12b,Pythia 12B,,,15000,
11,11_fb_1_s_e_ex,False Belief,Explicit,Start,End,passage_hr,passage,2,"At the end of the story, the ticket was in the",backpack,suitcase,0.6653463244438171,0.11099262535572052,2.583641660945187,True,EleutherAI/pythia-12b,Pythia 12B,,,15000,
11,11_fb_1_s_e_ex,False Belief,Explicit,Start,End,passage_hr,passage,3,The person who put the ticket in the suitcase was,Patrick,Nicole,0.02680250070989132,0.015613708645105362,0.7795543583161515,True,EleutherAI/pythia-12b,Pythia 12B,,,15000,
11,11_fb_1_s_e_ex,False Belief,Explicit,Start,End,passage_hr,passage,4,The person who moved the ticket to the backpack was,Nicole,Patrick,0.01449126098304987,0.022240132093429565,-0.6179822178028831,False,EleutherAI/pythia-12b,Pythia 12B,,,15000,
11,11_fb_1_s_e_im,False Belief,Implicit,Start,End,passage_hr,passage,1,"At the start of the story, Patrick put the ticket in the",suitcase,backpack,0.3249005675315857,0.331560879945755,-0.02927553308041784,False,EleutherAI/pythia-12b,Pythia 12B,,,15000,
11,11_fb_1_s_e_im,False Belief,Implicit,Start,End,passage_hr,passage,2,"At the end of the story, the ticket was in the",backpack,suitcase,0.6653463244438171,0.11099262535572052,2.583641660945187,True,EleutherAI/pythia-12b,Pythia 12B,,,15000,
11,11_fb_1_s_e_im,False Belief,Implicit,Start,End,passage_hr,passage,3,The person who put the ticket in the suitcase was,Patrick,Nicole,0.02680250070989132,0.015613708645105362,0.7795543583161515,True,EleutherAI/pythia-12b,Pythia 12B,,,15000,
11,11_fb_1_s_e_im,False Belief,Implicit,Start,End,passage_hr,passage,4,The person who moved the ticket to the backpack was,Nicole,Patrick,0.01449126098304987,0.022240132093429565,-0.6179822178028831,False,EleutherAI/pythia-12b,Pythia 12B,,,15000,
11,11_tb_1_s_e_ex,True Belief,Explicit,Start,End,passage_hr,passage,1,"At the start of the story, Patrick put the ticket in the",suitcase,backpack,0.3198215961456299,0.3100787103176117,0.04463288555097961,True,EleutherAI/pythia-12b,Pythia 12B,,,15000,
11,11_tb_1_s_e_ex,True Belief,Explicit,Start,End,passage_hr,passage,2,"At the end of the story, the ticket was in the",backpack,suitcase,0.6643310189247131,0.09095769375562668,2.8686346981817454,True,EleutherAI/pythia-12b,Pythia 12B,,,15000,
11,11_tb_1_s_e_ex,True Belief,Explicit,Start,End,passage_hr,passage,3,The person who put the ticket in the suitcase was,Patrick,Nicole,0.02861766889691353,0.007034576963633299,2.0243705873226263,True,EleutherAI/pythia-12b,Pythia 12B,,,15000,
11,11_tb_1_s_e_ex,True Belief,Explicit,Start,End,passage_hr,passage,4,The person who moved the ticket to the backpack was,Nicole,Patrick,0.005659671500325203,0.024322517216205597,-2.103502322264089,False,EleutherAI/pythia-12b,Pythia 12B,,,15000,
11,11_tb_1_s_e_im,True Belief,Implicit,Start,End,passage_hr,passage,1,"At the start of the story, Patrick put the ticket in the",suitcase,backpack,0.3198215961456299,0.3100787103176117,0.04463288555097961,True,EleutherAI/pythia-12b,Pythia 12B,,,15000,
11,11_tb_1_s_e_im,True Belief,Implicit,Start,End,passage_hr,passage,2,"At the end of the story, the ticket was in the",backpack,suitcase,0.6643310189247131,0.09095769375562668,2.8686346981817454,True,EleutherAI/pythia-12b,Pythia 12B,,,15000,
11,11_tb_1_s_e_im,True Belief,Implicit,Start,End,passage_hr,passage,3,The person who put the ticket in the suitcase was,Patrick,Nicole,0.02861766889691353,0.007034576963633299,2.0243705873226263,True,EleutherAI/pythia-12b,Pythia 12B,,,15000,
11,11_tb_1_s_e_im,True Belief,Implicit,Start,End,passage_hr,passage,4,The person who moved the ticket to the backpack was,Nicole,Patrick,0.005659671500325203,0.024322517216205597,-2.103502322264089,False,EleutherAI/pythia-12b,Pythia 12B,,,15000,
11,11_fb_1_s_s_ex,False Belief,Explicit,Start,Start,passage_hr,passage,1,"At the start of the story, Patrick put the ticket in the",suitcase,backpack,0.2615092098712921,0.4526599645614624,-0.7915659568736029,False,EleutherAI/pythia-12b,Pythia 12B,,,15000,
11,11_fb_1_s_s_ex,False Belief,Explicit,Start,Start,passage_hr,passage,2,"At the end of the story, the ticket was in the",backpack,suitcase,0.7730125188827515,0.061511166393756866,3.6515715405398748,True,EleutherAI/pythia-12b,Pythia 12B,,,15000,
11,11_fb_1_s_s_ex,False Belief,Explicit,Start,Start,passage_hr,passage,3,The person who put the ticket in the suitcase was,Patrick,Nicole,0.031592849642038345,0.01640619896352291,0.94535704280876,True,EleutherAI/pythia-12b,Pythia 12B,,,15000,
11,11_fb_1_s_s_ex,False Belief,Explicit,Start,Start,passage_hr,passage,4,The person who moved the ticket to the backpack was,Nicole,Patrick,0.011102790012955666,0.02424716204404831,-1.126893644059228,False,EleutherAI/pythia-12b,Pythia 12B,,,15000,
11,11_fb_1_s_s_im,False Belief,Implicit,Start,Start,passage_hr,passage,1,"At the start of the story, Patrick put the ticket in the",suitcase,backpack,0.2615092098712921,0.4526599645614624,-0.7915659568736029,False,EleutherAI/pythia-12b,Pythia 12B,,,15000,
11,11_fb_1_s_s_im,False Belief,Implicit,Start,Start,passage_hr,passage,2,"At the end of the story, the ticket was in the",backpack,suitcase,0.7730125188827515,0.061511166393756866,3.6515715405398748,True,EleutherAI/pythia-12b,Pythia 12B,,,15000,
11,11_fb_1_s_s_im,False Belief,Implicit,Start,Start,passage_hr,passage,3,The person who put the ticket in the suitcase was,Patrick,Nicole,0.031592849642038345,0.01640619896352291,0.94535704280876,True,EleutherAI/pythia-12b,Pythia 12B,,,15000,
11,11_fb_1_s_s_im,False Belief,Implicit,Start,Start,passage_hr,passage,4,The person who moved the ticket to the backpack was,Nicole,Patrick,0.011102790012955666,0.02424716204404831,-1.126893644059228,False,EleutherAI/pythia-12b,Pythia 12B,,,15000,
11,11_tb_1_s_s_ex,True Belief,Explicit,Start,Start,passage_hr,passage,1,"At the start of the story, Patrick put the ticket in the",suitcase,backpack,0.1923207938671112,0.49135473370552063,-1.353250198466939,False,EleutherAI/pythia-12b,Pythia 12B,,,15000,
11,11_tb_1_s_s_ex,True Belief,Explicit,Start,Start,passage_hr,passage,2,"At the end of the story, the ticket was in the",backpack,suitcase,0.783315896987915,0.0366552472114563,4.417502596858423,True,EleutherAI/pythia-12b,Pythia 12B,,,15000,
11,11_tb_1_s_s_ex,True Belief,Explicit,Start,Start,passage_hr,passage,3,The person who put the ticket in the suitcase was,Patrick,Nicole,0.02730049379169941,0.0076486822217702866,1.8356439309172436,True,EleutherAI/pythia-12b,Pythia 12B,,,15000,
11,11_tb_1_s_s_ex,True Belief,Explicit,Start,Start,passage_hr,passage,4,The person who moved the ticket to the backpack was,Nicole,Patrick,0.004899666178971529,0.02196396328508854,-2.164383039909358,False,EleutherAI/pythia-12b,Pythia 12B,,,15000,
11,11_tb_1_s_s_im,True Belief,Implicit,Start,Start,passage_hr,passage,1,"At the start of the story, Patrick put the ticket in the",suitcase,backpack,0.1923207938671112,0.49135473370552063,-1.353250198466939,False,EleutherAI/pythia-12b,Pythia 12B,,,15000,
11,11_tb_1_s_s_im,True Belief,Implicit,Start,Start,passage_hr,passage,2,"At the end of the story, the ticket was in the",backpack,suitcase,0.783315896987915,0.0366552472114563,4.417502596858423,True,EleutherAI/pythia-12b,Pythia 12B,,,15000,
11,11_tb_1_s_s_im,True Belief,Implicit,Start,Start,passage_hr,passage,3,The person who put the ticket in the suitcase was,Patrick,Nicole,0.02730049379169941,0.0076486822217702866,1.8356439309172436,True,EleutherAI/pythia-12b,Pythia 12B,,,15000,
11,11_tb_1_s_s_im,True Belief,Implicit,Start,Start,passage_hr,passage,4,The person who moved the ticket to the backpack was,Nicole,Patrick,0.004899666178971529,0.02196396328508854,-2.164383039909358,False,EleutherAI/pythia-12b,Pythia 12B,,,15000,
11,11_fb_1_e_e_ex,False Belief,Explicit,End,End,passage_hr,passage,1,"At the start of the story, Patrick put the ticket in the",suitcase,backpack,0.1898537129163742,0.5466601252555847,-1.5257559320039347,False,EleutherAI/pythia-12b,Pythia 12B,,,15000,
11,11_fb_1_e_e_ex,False Belief,Explicit,End,End,passage_hr,passage,2,"At the end of the story, the ticket was in the",backpack,suitcase,0.7876710891723633,0.07046574354171753,3.4825993474106713,True,EleutherAI/pythia-12b,Pythia 12B,,,15000,
11,11_fb_1_e_e_ex,False Belief,Explicit,End,End,passage_hr,passage,3,The person who put the ticket in the suitcase was,Patrick,Nicole,0.03392381966114044,0.02279706671833992,0.5734504138325027,True,EleutherAI/pythia-12b,Pythia 12B,,,15000,
11,11_fb_1_e_e_ex,False Belief,Explicit,End,End,passage_hr,passage,4,The person who moved the ticket to the backpack was,Nicole,Patrick,0.019154679030179977,0.02684539370238781,-0.4869777118553744,False,EleutherAI/pythia-12b,Pythia 12B,,,15000,
11,11_fb_1_e_e_im,False Belief,Implicit,End,End,passage_hr,passage,1,"At the start of the story, Patrick put the ticket in the",suitcase,backpack,0.2006232589483261,0.543647289276123,-1.438182082429125,False,EleutherAI/pythia-12b,Pythia 12B,,,15000,
11,11_fb_1_e_e_im,False Belief,Implicit,End,End,passage_hr,passage,2,"At the end of the story, the ticket was in the",backpack,suitcase,0.7985174655914307,0.07101087272167206,3.4912121206640734,True,EleutherAI/pythia-12b,Pythia 12B,,,15000,
11,11_fb_1_e_e_im,False Belief,Implicit,End,End,passage_hr,passage,3,The person who put the ticket in the suitcase was,Patrick,Nicole,0.04049733653664589,0.038447268307209015,0.07494592891373186,True,EleutherAI/pythia-12b,Pythia 12B,,,15000,
11,11_fb_1_e_e_im,False Belief,Implicit,End,End,passage_hr,passage,4,The person who moved the ticket to the backpack was,Nicole,Patrick,0.03629858046770096,0.03475448116660118,0.06271412193671509,True,EleutherAI/pythia-12b,Pythia 12B,,,15000,
11,11_tb_1_e_e_ex,True Belief,Explicit,End,End,passage_hr,passage,1,"At the start of the story, Patrick put the ticket in the",suitcase,backpack,0.2597683370113373,0.4285830557346344,-0.7223492210354875,False,EleutherAI/pythia-12b,Pythia 12B,,,15000,
11,11_tb_1_e_e_ex,True Belief,Explicit,End,End,passage_hr,passage,2,"At the end of the story, the ticket was in the",backpack,suitcase,0.761003851890564,0.07141170650720596,3.4136712566078313,True,EleutherAI/pythia-12b,Pythia 12B,,,15000,
11,11_tb_1_e_e_ex,True Belief,Explicit,End,End,passage_hr,passage,3,The person who put the ticket in the suitcase was,Patrick,Nicole,0.036199986934661865,0.009420393966138363,1.9421298760846226,True,EleutherAI/pythia-12b,Pythia 12B,,,15000,
11,11_tb_1_e_e_ex,True Belief,Explicit,End,End,passage_hr,passage,4,The person who moved the ticket to the backpack was,Nicole,Patrick,0.00764502165839076,0.029798433184623718,-1.9626439812423282,False,EleutherAI/pythia-12b,Pythia 12B,,,15000,
11,11_tb_1_e_e_im,True Belief,Implicit,End,End,passage_hr,passage,1,"At the start of the story, Patrick put the ticket in the",suitcase,backpack,0.2597683370113373,0.4285830557346344,-0.7223492210354875,False,EleutherAI/pythia-12b,Pythia 12B,,,15000,
11,11_tb_1_e_e_im,True Belief,Implicit,End,End,passage_hr,passage,2,"At the end of the story, the ticket was in the",backpack,suitcase,0.761003851890564,0.07141170650720596,3.4136712566078313,True,EleutherAI/pythia-12b,Pythia 12B,,,15000,
11,11_tb_1_e_e_im,True Belief,Implicit,End,End,passage_hr,passage,3,The person who put the ticket in the suitcase was,Patrick,Nicole,0.036199986934661865,0.009420393966138363,1.9421298760846226,True,EleutherAI/pythia-12b,Pythia 12B,,,15000,
11,11_tb_1_e_e_im,True Belief,Implicit,End,End,passage_hr,passage,4,The person who moved the ticket to the backpack was,Nicole,Patrick,0.00764502165839076,0.029798433184623718,-1.9626439812423282,False,EleutherAI/pythia-12b,Pythia 12B,,,15000,
11,11_fb_1_e_s_ex,False Belief,Explicit,End,Start,passage_hr,passage,1,"At the start of the story, Patrick put the ticket in the",suitcase,backpack,0.1571471393108368,0.6235308647155762,-1.9883449653684646,False,EleutherAI/pythia-12b,Pythia 12B,,,15000,
11,11_fb_1_e_s_ex,False Belief,Explicit,End,Start,passage_hr,passage,2,"At the end of the story, the ticket was in the",backpack,suitcase,0.8466171622276306,0.042728617787361145,4.308435180927519,True,EleutherAI/pythia-12b,Pythia 12B,,,15000,
11,11_fb_1_e_s_ex,False Belief,Explicit,End,Start,passage_hr,passage,3,The person who put the ticket in the suitcase was,Patrick,Nicole,0.038616809993982315,0.020740654319524765,0.8967675844293104,True,EleutherAI/pythia-12b,Pythia 12B,,,15000,
11,11_fb_1_e_s_ex,False Belief,Explicit,End,Start,passage_hr,passage,4,The person who moved the ticket to the backpack was,Nicole,Patrick,0.013733631931245327,0.029299063608050346,-1.0931413529132514,False,EleutherAI/pythia-12b,Pythia 12B,,,15000,
11,11_fb_1_e_s_im,False Belief,Implicit,End,Start,passage_hr,passage,1,"At the start of the story, Patrick put the ticket in the",suitcase,backpack,0.16521193087100983,0.6250680088996887,-1.9196952914577694,False,EleutherAI/pythia-12b,Pythia 12B,,,15000,
11,11_fb_1_e_s_im,False Belief,Implicit,End,Start,passage_hr,passage,2,"At the end of the story, the ticket was in the",backpack,suitcase,0.860285758972168,0.04089086502790451,4.394965467965238,True,EleutherAI/pythia-12b,Pythia 12B,,,15000,
11,11_fb_1_e_s_im,False Belief,Implicit,End,Start,passage_hr,passage,3,The person who put the ticket in the suitcase was,Patrick,Nicole,0.04595749452710152,0.03603304922580719,0.3509794063094915,True,EleutherAI/pythia-12b,Pythia 12B,,,15000,
11,11_fb_1_e_s_im,False Belief,Implicit,End,Start,passage_hr,passage,4,The person who moved the ticket to the backpack was,Nicole,Patrick,0.027692066505551338,0.03772256523370743,-0.44595506834568466,False,EleutherAI/pythia-12b,Pythia 12B,,,15000,
11,11_tb_1_e_s_ex,True Belief,Explicit,End,Start,passage_hr,passage,1,"At the start of the story, Patrick put the ticket in the",suitcase,backpack,0.13891945779323578,0.6262728571891785,-2.172542668597974,False,EleutherAI/pythia-12b,Pythia 12B,,,15000,
11,11_tb_1_e_s_ex,True Belief,Explicit,End,Start,passage_hr,passage,2,"At the end of the story, the ticket was in the",backpack,suitcase,0.8643340468406677,0.0239779744297266,5.171807295811522,True,EleutherAI/pythia-12b,Pythia 12B,,,15000,
11,11_tb_1_e_s_ex,True Belief,Explicit,End,Start,passage_hr,passage,3,The person who put the ticket in the suitcase was,Patrick,Nicole,0.03598758205771446,0.010716642253100872,1.7476462231442673,True,EleutherAI/pythia-12b,Pythia 12B,,,15000,
11,11_tb_1_e_s_ex,True Belief,Explicit,End,Start,passage_hr,passage,4,The person who moved the ticket to the backpack was,Nicole,Patrick,0.007146605756133795,0.028441566973924637,-1.9926708426749087,False,EleutherAI/pythia-12b,Pythia 12B,,,15000,
11,11_tb_1_e_s_im,True Belief,Implicit,End,Start,passage_hr,passage,1,"At the start of the story, Patrick put the ticket in the",suitcase,backpack,0.13891945779323578,0.6262728571891785,-2.172542668597974,False,EleutherAI/pythia-12b,Pythia 12B,,,15000,
11,11_tb_1_e_s_im,True Belief,Implicit,End,Start,passage_hr,passage,2,"At the end of the story, the ticket was in the",backpack,suitcase,0.8643340468406677,0.0239779744297266,5.171807295811522,True,EleutherAI/pythia-12b,Pythia 12B,,,15000,
11,11_tb_1_e_s_im,True Belief,Implicit,End,Start,passage_hr,passage,3,The person who put the ticket in the suitcase was,Patrick,Nicole,0.03598758205771446,0.010716642253100872,1.7476462231442673,True,EleutherAI/pythia-12b,Pythia 12B,,,15000,
11,11_tb_1_e_s_im,True Belief,Implicit,End,Start,passage_hr,passage,4,The person who moved the ticket to the backpack was,Nicole,Patrick,0.007146605756133795,0.028441566973924637,-1.9926708426749087,False,EleutherAI/pythia-12b,Pythia 12B,,,15000,
12,12_fb_1_s_e_ex,False Belief,Explicit,Start,End,passage_hr,passage,1,"At the start of the story, Hannah put the saddle in the",stable,hut,0.4489098787307739,0.09729768335819244,2.205948484417309,True,EleutherAI/pythia-12b,Pythia 12B,,,15000,
12,12_fb_1_s_e_ex,False Belief,Explicit,Start,End,passage_hr,passage,2,"At the end of the story, the saddle was in the",hut,stable,0.24526827037334442,0.26141709089279175,-0.09199285574641128,False,EleutherAI/pythia-12b,Pythia 12B,,,15000,
12,12_fb_1_s_e_ex,False Belief,Explicit,Start,End,passage_hr,passage,3,The person who put the saddle in the stable was,Hannah,Martin,0.04183328524231911,0.11348236352205276,-1.439744898411653,False,EleutherAI/pythia-12b,Pythia 12B,,,15000,
12,12_fb_1_s_e_ex,False Belief,Explicit,Start,End,passage_hr,passage,4,The person who moved the saddle to the hut was,Martin,Hannah,0.1303188055753708,0.050155919045209885,1.3775534135368,True,EleutherAI/pythia-12b,Pythia 12B,,,15000,
12,12_fb_1_s_e_im,False Belief,Implicit,Start,End,passage_hr,passage,1,"At the start of the story, Hannah put the saddle in the",stable,hut,0.4489098787307739,0.09729768335819244,2.205948484417309,True,EleutherAI/pythia-12b,Pythia 12B,,,15000,
12,12_fb_1_s_e_im,False Belief,Implicit,Start,End,passage_hr,passage,2,"At the end of the story, the saddle was in the",hut,stable,0.24526827037334442,0.26141709089279175,-0.09199285574641128,False,EleutherAI/pythia-12b,Pythia 12B,,,15000,
12,12_fb_1_s_e_im,False Belief,Implicit,Start,End,passage_hr,passage,3,The person who put the saddle in the stable was,Hannah,Martin,0.04183328524231911,0.11348236352205276,-1.439744898411653,False,EleutherAI/pythia-12b,Pythia 12B,,,15000,
12,12_fb_1_s_e_im,False Belief,Implicit,Start,End,passage_hr,passage,4,The person who moved the saddle to the hut was,Martin,Hannah,0.1303188055753708,0.050155919045209885,1.3775534135368,True,EleutherAI/pythia-12b,Pythia 12B,,,15000,
12,12_tb_1_s_e_ex,True Belief,Explicit,Start,End,passage_hr,passage,1,"At the start of the story, Hannah put the saddle in the",stable,hut,0.30652689933776855,0.09574928134679794,1.6786801195647023,True,EleutherAI/pythia-12b,Pythia 12B,,,15000,
12,12_tb_1_s_e_ex,True Belief,Explicit,Start,End,passage_hr,passage,2,"At the end of the story, the saddle was in the",hut,stable,0.18730126321315765,0.1363237202167511,0.4583240178087638,True,EleutherAI/pythia-12b,Pythia 12B,,,15000,
12,12_tb_1_s_e_ex,True Belief,Explicit,Start,End,passage_hr,passage,3,The person who put the saddle in the stable was,Hannah,Martin,0.013018809258937836,0.1500149518251419,-3.5264368934701813,False,EleutherAI/pythia-12b,Pythia 12B,,,15000,
12,12_tb_1_s_e_ex,True Belief,Explicit,Start,End,passage_hr,passage,4,The person who moved the saddle to the hut was,Martin,Hannah,0.14151901006698608,0.016012324020266533,3.1437412412862042,True,EleutherAI/pythia-12b,Pythia 12B,,,15000,
12,12_tb_1_s_e_im,True Belief,Implicit,Start,End,passage_hr,passage,1,"At the start of the story, Hannah put the saddle in the",stable,hut,0.30652689933776855,0.09574928134679794,1.6786801195647023,True,EleutherAI/pythia-12b,Pythia 12B,,,15000,
12,12_tb_1_s_e_im,True Belief,Implicit,Start,End,passage_hr,passage,2,"At the end of the story, the saddle was in the",hut,stable,0.18730126321315765,0.1363237202167511,0.4583240178087638,True,EleutherAI/pythia-12b,Pythia 12B,,,15000,
12,12_tb_1_s_e_im,True Belief,Implicit,Start,End,passage_hr,passage,3,The person who put the saddle in the stable was,Hannah,Martin,0.013018809258937836,0.1500149518251419,-3.5264368934701813,False,EleutherAI/pythia-12b,Pythia 12B,,,15000,
12,12_tb_1_s_e_im,True Belief,Implicit,Start,End,passage_hr,passage,4,The person who moved the saddle to the hut was,Martin,Hannah,0.14151901006698608,0.016012324020266533,3.1437412412862042,True,EleutherAI/pythia-12b,Pythia 12B,,,15000,
12,12_fb_1_s_s_ex,False Belief,Explicit,Start,Start,passage_hr,passage,1,"At the start of the story, Hannah put the saddle in the",stable,hut,0.4842579662799835,0.15653571486473083,1.6292839250327862,True,EleutherAI/pythia-12b,Pythia 12B,,,15000,
12,12_fb_1_s_s_ex,False Belief,Explicit,Start,Start,passage_hr,passage,2,"At the end of the story, the saddle was in the",hut,stable,0.23297055065631866,0.3443075120449066,-0.5635500595393961,False,EleutherAI/pythia-12b,Pythia 12B,,,15000,
12,12_fb_1_s_s_ex,False Belief,Explicit,Start,Start,passage_hr,passage,3,The person who put the saddle in the stable was,Hannah,Martin,0.04357578605413437,0.10615656524896622,-1.2845950032647877,False,EleutherAI/pythia-12b,Pythia 12B,,,15000,
12,12_fb_1_s_s_ex,False Belief,Explicit,Start,Start,passage_hr,passage,4,The person who moved the saddle to the hut was,Martin,Hannah,0.12456668168306351,0.05319971218705177,1.2274278911009437,True,EleutherAI/pythia-12b,Pythia 12B,,,15000,
12,12_fb_1_s_s_im,False Belief,Implicit,Start,Start,passage_hr,passage,1,"At the start of the story, Hannah put the saddle in the",stable,hut,0.4842579662799835,0.15653571486473083,1.6292839250327862,True,EleutherAI/pythia-12b,Pythia 12B,,,15000,
12,12_fb_1_s_s_im,False Belief,Implicit,Start,Start,passage_hr,passage,2,"At the end of the story, the saddle was in the",hut,stable,0.23297055065631866,0.3443075120449066,-0.5635500595393961,False,EleutherAI/pythia-12b,Pythia 12B,,,15000,
12,12_fb_1_s_s_im,False Belief,Implicit,Start,Start,passage_hr,passage,3,The person who put the saddle in the stable was,Hannah,Martin,0.04357578605413437,0.10615656524896622,-1.2845950032647877,False,EleutherAI/pythia-12b,Pythia 12B,,,15000,
12,12_fb_1_s_s_im,False Belief,Implicit,Start,Start,passage_hr,passage,4,The person who moved the saddle to the hut was,Martin,Hannah,0.12456668168306351,0.05319971218705177,1.2274278911009437,True,EleutherAI/pythia-12b,Pythia 12B,,,15000,
12,12_tb_1_s_s_ex,True Belief,Explicit,Start,Start,passage_hr,passage,1,"At the start of the story, Hannah put the saddle in the",stable,hut,0.44033393263816833,0.12646664679050446,1.79984107300743,True,EleutherAI/pythia-12b,Pythia 12B,,,15000,
12,12_tb_1_s_s_ex,True Belief,Explicit,Start,Start,passage_hr,passage,2,"At the end of the story, the saddle was in the",hut,stable,0.17828349769115448,0.2781071066856384,-0.6414674413083057,False,EleutherAI/pythia-12b,Pythia 12B,,,15000,
12,12_tb_1_s_s_ex,True Belief,Explicit,Start,Start,passage_hr,passage,3,The person who put the saddle in the stable was,Hannah,Martin,0.014825314283370972,0.14837686717510223,-3.3231315908122023,False,EleutherAI/pythia-12b,Pythia 12B,,,15000,
12,12_tb_1_s_s_ex,True Belief,Explicit,Start,Start,passage_hr,passage,4,The person who moved the saddle to the hut was,Martin,Hannah,0.142731174826622,0.016599314287304878,3.1041049268441077,True,EleutherAI/pythia-12b,Pythia 12B,,,15000,
12,12_tb_1_s_s_im,True Belief,Implicit,Start,Start,passage_hr,passage,1,"At the start of the story, Hannah put the saddle in the",stable,hut,0.44033393263816833,0.12646664679050446,1.79984107300743,True,EleutherAI/pythia-12b,Pythia 12B,,,15000,
12,12_tb_1_s_s_im,True Belief,Implicit,Start,Start,passage_hr,passage,2,"At the end of the story, the saddle was in the",hut,stable,0.17828349769115448,0.2781071066856384,-0.6414674413083057,False,EleutherAI/pythia-12b,Pythia 12B,,,15000,
12,12_tb_1_s_s_im,True Belief,Implicit,Start,Start,passage_hr,passage,3,The person who put the saddle in the stable was,Hannah,Martin,0.014825314283370972,0.14837686717510223,-3.3231315908122023,False,EleutherAI/pythia-12b,Pythia 12B,,,15000,
12,12_tb_1_s_s_im,True Belief,Implicit,Start,Start,passage_hr,passage,4,The person who moved the saddle to the hut was,Martin,Hannah,0.142731174826622,0.016599314287304878,3.1041049268441077,True,EleutherAI/pythia-12b,Pythia 12B,,,15000,
12,12_fb_1_e_e_ex,False Belief,Explicit,End,End,passage_hr,passage,1,"At the start of the story, Hannah put the saddle in the",stable,hut,0.38484054803848267,0.15928904712200165,1.2726137450230417,True,EleutherAI/pythia-12b,Pythia 12B,,,15000,
12,12_fb_1_e_e_ex,False Belief,Explicit,End,End,passage_hr,passage,2,"At the end of the story, the saddle was in the",hut,stable,0.2295842170715332,0.30514267086982727,-0.41046047283122256,False,EleutherAI/pythia-12b,Pythia 12B,,,15000,
12,12_fb_1_e_e_ex,False Belief,Explicit,End,End,passage_hr,passage,3,The person who put the saddle in the stable was,Hannah,Martin,0.04094419628381729,0.11976394057273865,-1.548462722236012,False,EleutherAI/pythia-12b,Pythia 12B,,,15000,
12,12_fb_1_e_e_ex,False Belief,Explicit,End,End,passage_hr,passage,4,The person who moved the saddle to the hut was,Martin,Hannah,0.11896634846925735,0.049719277769327164,1.2586762970952836,True,EleutherAI/pythia-12b,Pythia 12B,,,15000,
12,12_fb_1_e_e_im,False Belief,Implicit,End,End,passage_hr,passage,1,"At the start of the story, Hannah put the saddle in the",stable,hut,0.38484054803848267,0.15928904712200165,1.2726137450230417,True,EleutherAI/pythia-12b,Pythia 12B,,,15000,
12,12_fb_1_e_e_im,False Belief,Implicit,End,End,passage_hr,passage,2,"At the end of the story, the saddle was in the",hut,stable,0.2295842170715332,0.30514267086982727,-0.41046047283122256,False,EleutherAI/pythia-12b,Pythia 12B,,,15000,
12,12_fb_1_e_e_im,False Belief,Implicit,End,End,passage_hr,passage,3,The person who put the saddle in the stable was,Hannah,Martin,0.04094419628381729,0.11976394057273865,-1.548462722236012,False,EleutherAI/pythia-12b,Pythia 12B,,,15000,
12,12_fb_1_e_e_im,False Belief,Implicit,End,End,passage_hr,passage,4,The person who moved the saddle to the hut was,Martin,Hannah,0.11896634846925735,0.049719277769327164,1.2586762970952836,True,EleutherAI/pythia-12b,Pythia 12B,,,15000,
12,12_tb_1_e_e_ex,True Belief,Explicit,End,End,passage_hr,passage,1,"At the start of the story, Hannah put the saddle in the",stable,hut,0.2913976311683655,0.140779048204422,1.0495565122468593,True,EleutherAI/pythia-12b,Pythia 12B,,,15000,
12,12_tb_1_e_e_ex,True Belief,Explicit,End,End,passage_hr,passage,2,"At the end of the story, the saddle was in the",hut,stable,0.15923723578453064,0.1939302533864975,-0.284360150545549,False,EleutherAI/pythia-12b,Pythia 12B,,,15000,
12,12_tb_1_e_e_ex,True Belief,Explicit,End,End,passage_hr,passage,3,The person who put the saddle in the stable was,Hannah,Martin,0.014351117424666882,0.14986248314380646,-3.384404282178885,False,EleutherAI/pythia-12b,Pythia 12B,,,15000,
12,12_tb_1_e_e_ex,True Belief,Explicit,End,End,passage_hr,passage,4,The person who moved the saddle to the hut was,Martin,Hannah,0.13626563549041748,0.01702382229268551,3.0007948769291466,True,EleutherAI/pythia-12b,Pythia 12B,,,15000,
12,12_tb_1_e_e_im,True Belief,Implicit,End,End,passage_hr,passage,1,"At the start of the story, Hannah put the saddle in the",stable,hut,0.2913976311683655,0.140779048204422,1.0495565122468593,True,EleutherAI/pythia-12b,Pythia 12B,,,15000,
12,12_tb_1_e_e_im,True Belief,Implicit,End,End,passage_hr,passage,2,"At the end of the story, the saddle was in the",hut,stable,0.15923723578453064,0.1939302533864975,-0.284360150545549,False,EleutherAI/pythia-12b,Pythia 12B,,,15000,
12,12_tb_1_e_e_im,True Belief,Implicit,End,End,passage_hr,passage,3,The person who put the saddle in the stable was,Hannah,Martin,0.014351117424666882,0.14986248314380646,-3.384404282178885,False,EleutherAI/pythia-12b,Pythia 12B,,,15000,
12,12_tb_1_e_e_im,True Belief,Implicit,End,End,passage_hr,passage,4,The person who moved the saddle to the hut was,Martin,Hannah,0.13626563549041748,0.01702382229268551,3.0007948769291466,True,EleutherAI/pythia-12b,Pythia 12B,,,15000,
12,12_fb_1_e_s_ex,False Belief,Explicit,End,Start,passage_hr,passage,1,"At the start of the story, Hannah put the saddle in the",stable,hut,0.4531559348106384,0.20401041209697723,1.1513647943111855,True,EleutherAI/pythia-12b,Pythia 12B,,,15000,
12,12_fb_1_e_s_ex,False Belief,Explicit,End,Start,passage_hr,passage,2,"At the end of the story, the saddle was in the",hut,stable,0.20816469192504883,0.399616539478302,-0.9408909100274543,False,EleutherAI/pythia-12b,Pythia 12B,,,15000,
12,12_fb_1_e_s_ex,False Belief,Explicit,End,Start,passage_hr,passage,3,The person who put the saddle in the stable was,Hannah,Martin,0.0420934334397316,0.11214043200016022,-1.4136394365851512,False,EleutherAI/pythia-12b,Pythia 12B,,,15000,
12,12_fb_1_e_s_ex,False Belief,Explicit,End,Start,passage_hr,passage,4,The person who moved the saddle to the hut was,Martin,Hannah,0.11773151904344559,0.05491695553064346,1.1001770567989904,True,EleutherAI/pythia-12b,Pythia 12B,,,15000,
12,12_fb_1_e_s_im,False Belief,Implicit,End,Start,passage_hr,passage,1,"At the start of the story, Hannah put the saddle in the",stable,hut,0.4531559348106384,0.20401041209697723,1.1513647943111855,True,EleutherAI/pythia-12b,Pythia 12B,,,15000,
12,12_fb_1_e_s_im,False Belief,Implicit,End,Start,passage_hr,passage,2,"At the end of the story, the saddle was in the",hut,stable,0.20816469192504883,0.399616539478302,-0.9408909100274543,False,EleutherAI/pythia-12b,Pythia 12B,,,15000,
12,12_fb_1_e_s_im,False Belief,Implicit,End,Start,passage_hr,passage,3,The person who put the saddle in the stable was,Hannah,Martin,0.0420934334397316,0.11214043200016022,-1.4136394365851512,False,EleutherAI/pythia-12b,Pythia 12B,,,15000,
12,12_fb_1_e_s_im,False Belief,Implicit,End,Start,passage_hr,passage,4,The person who moved the saddle to the hut was,Martin,Hannah,0.11773151904344559,0.05491695553064346,1.1001770567989904,True,EleutherAI/pythia-12b,Pythia 12B,,,15000,
12,12_tb_1_e_s_ex,True Belief,Explicit,End,Start,passage_hr,passage,1,"At the start of the story, Hannah put the saddle in the",stable,hut,0.4231633245944977,0.15328063070774078,1.4650391925426531,True,EleutherAI/pythia-12b,Pythia 12B,,,15000,
12,12_tb_1_e_s_ex,True Belief,Explicit,End,Start,passage_hr,passage,2,"At the end of the story, the saddle was in the",hut,stable,0.14756716787815094,0.357422798871994,-1.2762598894440156,False,EleutherAI/pythia-12b,Pythia 12B,,,15000,
12,12_tb_1_e_s_ex,True Belief,Explicit,End,Start,passage_hr,passage,3,The person who put the saddle in the stable was,Hannah,Martin,0.016522815451025963,0.14759892225265503,-3.1591507422277876,False,EleutherAI/pythia-12b,Pythia 12B,,,15000,
12,12_tb_1_e_s_ex,True Belief,Explicit,End,Start,passage_hr,passage,4,The person who moved the saddle to the hut was,Martin,Hannah,0.15859802067279816,0.016580138355493546,3.2578468153173303,True,EleutherAI/pythia-12b,Pythia 12B,,,15000,
12,12_tb_1_e_s_im,True Belief,Implicit,End,Start,passage_hr,passage,1,"At the start of the story, Hannah put the saddle in the",stable,hut,0.42889276146888733,0.14657056331634521,1.5490215803632645,True,EleutherAI/pythia-12b,Pythia 12B,,,15000,
12,12_tb_1_e_s_im,True Belief,Implicit,End,Start,passage_hr,passage,2,"At the end of the story, the saddle was in the",hut,stable,0.13696420192718506,0.3471881151199341,-1.3419186945574044,False,EleutherAI/pythia-12b,Pythia 12B,,,15000,
12,12_tb_1_e_s_im,True Belief,Implicit,End,Start,passage_hr,passage,3,The person who put the saddle in the stable was,Hannah,Martin,0.014953765086829662,0.14542071521282196,-3.2816521164042274,False,EleutherAI/pythia-12b,Pythia 12B,,,15000,
12,12_tb_1_e_s_im,True Belief,Implicit,End,Start,passage_hr,passage,4,The person who moved the saddle to the hut was,Martin,Hannah,0.13775616884231567,0.01700865849852562,3.0177756625758705,True,EleutherAI/pythia-12b,Pythia 12B,,,15000,
1,1_fb_1_s_e_ex,False Belief,Explicit,Start,End,passage_hr,passage,1,"At the start of the story, Sean put the book in the",box,basket,0.5072736144065857,0.35614925622940063,0.510282143917919,True,EleutherAI/pythia-12b,Pythia 12B,,,15000,
1,1_fb_1_s_e_ex,False Belief,Explicit,Start,End,passage_hr,passage,2,"At the end of the story, the book was in the",basket,box,0.6566600203514099,0.21685349941253662,1.5984258973602727,True,EleutherAI/pythia-12b,Pythia 12B,,,15000,
1,1_fb_1_s_e_ex,False Belief,Explicit,Start,End,passage_hr,passage,3,The person who put the book in the box was,Sean,Anna,0.028578858822584152,0.02756144292652607,0.05229689002690127,True,EleutherAI/pythia-12b,Pythia 12B,,,15000,
1,1_fb_1_s_e_ex,False Belief,Explicit,Start,End,passage_hr,passage,4,The person who moved the book to the basket was,Anna,Sean,0.05588669329881668,0.041233040392398834,0.4387039713530644,True,EleutherAI/pythia-12b,Pythia 12B,,,15000,
1,1_fb_1_s_e_im,False Belief,Implicit,Start,End,passage_hr,passage,1,"At the start of the story, Sean put the book in the",box,basket,0.5072736144065857,0.35614925622940063,0.510282143917919,True,EleutherAI/pythia-12b,Pythia 12B,,,15000,
1,1_fb_1_s_e_im,False Belief,Implicit,Start,End,passage_hr,passage,2,"At the end of the story, the book was in the",basket,box,0.6566600203514099,0.21685349941253662,1.5984258973602727,True,EleutherAI/pythia-12b,Pythia 12B,,,15000,
1,1_fb_1_s_e_im,False Belief,Implicit,Start,End,passage_hr,passage,3,The person who put the book in the box was,Sean,Anna,0.028578858822584152,0.02756144292652607,0.05229689002690127,True,EleutherAI/pythia-12b,Pythia 12B,,,15000,
1,1_fb_1_s_e_im,False Belief,Implicit,Start,End,passage_hr,passage,4,The person who moved the book to the basket was,Anna,Sean,0.05588669329881668,0.041233040392398834,0.4387039713530644,True,EleutherAI/pythia-12b,Pythia 12B,,,15000,
1,1_tb_1_s_e_ex,True Belief,Explicit,Start,End,passage_hr,passage,1,"At the start of the story, Sean put the book in the",box,basket,0.6262000203132629,0.19990670680999756,1.6472966803960858,True,EleutherAI/pythia-12b,Pythia 12B,,,15000,
1,1_tb_1_s_e_ex,True Belief,Explicit,Start,End,passage_hr,passage,2,"At the end of the story, the book was in the",basket,box,0.45469698309898376,0.326788991689682,0.4765460466236836,True,EleutherAI/pythia-12b,Pythia 12B,,,15000,
1,1_tb_1_s_e_ex,True Belief,Explicit,Start,End,passage_hr,passage,3,The person who put the book in the box was,Sean,Anna,0.03592877835035324,0.037924472242593765,-0.0779892223663282,False,EleutherAI/pythia-12b,Pythia 12B,,,15000,
1,1_tb_1_s_e_ex,True Belief,Explicit,Start,End,passage_hr,passage,4,The person who moved the book to the basket was,Anna,Sean,0.07993258535861969,0.049004968255758286,0.7058557319083296,True,EleutherAI/pythia-12b,Pythia 12B,,,15000,
1,1_tb_1_s_e_im,True Belief,Implicit,Start,End,passage_hr,passage,1,"At the start of the story, Sean put the book in the",box,basket,0.6262000203132629,0.19990670680999756,1.6472966803960858,True,EleutherAI/pythia-12b,Pythia 12B,,,15000,
1,1_tb_1_s_e_im,True Belief,Implicit,Start,End,passage_hr,passage,2,"At the end of the story, the book was in the",basket,box,0.45469698309898376,0.326788991689682,0.4765460466236836,True,EleutherAI/pythia-12b,Pythia 12B,,,15000,
1,1_tb_1_s_e_im,True Belief,Implicit,Start,End,passage_hr,passage,3,The person who put the book in the box was,Sean,Anna,0.03592877835035324,0.037924472242593765,-0.0779892223663282,False,EleutherAI/pythia-12b,Pythia 12B,,,15000,
1,1_tb_1_s_e_im,True Belief,Implicit,Start,End,passage_hr,passage,4,The person who moved the book to the basket was,Anna,Sean,0.07993258535861969,0.049004968255758286,0.7058557319083296,True,EleutherAI/pythia-12b,Pythia 12B,,,15000,
1,1_fb_1_s_s_ex,False Belief,Explicit,Start,Start,passage_hr,passage,1,"At the start of the story, Sean put the book in the",box,basket,0.5125070214271545,0.3581829071044922,0.5168752779842902,True,EleutherAI/pythia-12b,Pythia 12B,,,15000,
1,1_fb_1_s_s_ex,False Belief,Explicit,Start,Start,passage_hr,passage,2,"At the end of the story, the book was in the",basket,box,0.5872208476066589,0.2798140347003937,1.06943486195354,True,EleutherAI/pythia-12b,Pythia 12B,,,15000,
1,1_fb_1_s_s_ex,False Belief,Explicit,Start,Start,passage_hr,passage,3,The person who put the book in the box was,Sean,Anna,0.030711954459547997,0.02689095214009285,0.19167948776456706,True,EleutherAI/pythia-12b,Pythia 12B,,,15000,
1,1_fb_1_s_s_ex,False Belief,Explicit,Start,Start,passage_hr,passage,4,The person who moved the book to the basket was,Anna,Sean,0.05016512796282768,0.04197925701737404,0.257008197485138,True,EleutherAI/pythia-12b,Pythia 12B,,,15000,
1,1_fb_1_s_s_im,False Belief,Implicit,Start,Start,passage_hr,passage,1,"At the start of the story, Sean put the book in the",box,basket,0.5125070214271545,0.3581829071044922,0.5168752779842902,True,EleutherAI/pythia-12b,Pythia 12B,,,15000,
1,1_fb_1_s_s_im,False Belief,Implicit,Start,Start,passage_hr,passage,2,"At the end of the story, the book was in the",basket,box,0.5872208476066589,0.2798140347003937,1.06943486195354,True,EleutherAI/pythia-12b,Pythia 12B,,,15000,
1,1_fb_1_s_s_im,False Belief,Implicit,Start,Start,passage_hr,passage,3,The person who put the book in the box was,Sean,Anna,0.030711954459547997,0.02689095214009285,0.19167948776456706,True,EleutherAI/pythia-12b,Pythia 12B,,,15000,
1,1_fb_1_s_s_im,False Belief,Implicit,Start,Start,passage_hr,passage,4,The person who moved the book to the basket was,Anna,Sean,0.05016512796282768,0.04197925701737404,0.257008197485138,True,EleutherAI/pythia-12b,Pythia 12B,,,15000,
1,1_tb_1_s_s_ex,True Belief,Explicit,Start,Start,passage_hr,passage,1,"At the start of the story, Sean put the book in the",box,basket,0.6122874617576599,0.2296656370162964,1.4146741260616458,True,EleutherAI/pythia-12b,Pythia 12B,,,15000,
1,1_tb_1_s_s_ex,True Belief,Explicit,Start,Start,passage_hr,passage,2,"At the end of the story, the book was in the",basket,box,0.43419259786605835,0.3687939941883087,0.23551996937210845,True,EleutherAI/pythia-12b,Pythia 12B,,,15000,
1,1_tb_1_s_s_ex,True Belief,Explicit,Start,Start,passage_hr,passage,3,The person who put the book in the box was,Sean,Anna,0.0374506451189518,0.037710048258304596,-0.009958426189451955,False,EleutherAI/pythia-12b,Pythia 12B,,,15000,
1,1_tb_1_s_s_ex,True Belief,Explicit,Start,Start,passage_hr,passage,4,The person who moved the book to the basket was,Anna,Sean,0.07233739644289017,0.0486808642745018,0.57138689193495,True,EleutherAI/pythia-12b,Pythia 12B,,,15000,
1,1_tb_1_s_s_im,True Belief,Implicit,Start,Start,passage_hr,passage,1,"At the start of the story, Sean put the book in the",box,basket,0.6122874617576599,0.2296656370162964,1.4146741260616458,True,EleutherAI/pythia-12b,Pythia 12B,,,15000,
1,1_tb_1_s_s_im,True Belief,Implicit,Start,Start,passage_hr,passage,2,"At the end of the story, the book was in the",basket,box,0.43419259786605835,0.3687939941883087,0.23551996937210845,True,EleutherAI/pythia-12b,Pythia 12B,,,15000,
1,1_tb_1_s_s_im,True Belief,Implicit,Start,Start,passage_hr,passage,3,The person who put the book in the box was,Sean,Anna,0.0374506451189518,0.037710048258304596,-0.009958426189451955,False,EleutherAI/pythia-12b,Pythia 12B,,,15000,
1,1_tb_1_s_s_im,True Belief,Implicit,Start,Start,passage_hr,passage,4,The person who moved the book to the basket was,Anna,Sean,0.07233739644289017,0.0486808642745018,0.57138689193495,True,EleutherAI/pythia-12b,Pythia 12B,,,15000,
1,1_fb_1_e_e_ex,False Belief,Explicit,End,End,passage_hr,passage,1,"At the start of the story, Sean put the book in the",box,basket,0.38892024755477905,0.4865032136440277,-0.32297499010812525,False,EleutherAI/pythia-12b,Pythia 12B,,,15000,
1,1_fb_1_e_e_ex,False Belief,Explicit,End,End,passage_hr,passage,2,"At the end of the story, the book was in the",basket,box,0.765113890171051,0.13375194370746613,2.5161146573726363,True,EleutherAI/pythia-12b,Pythia 12B,,,15000,
1,1_fb_1_e_e_ex,False Belief,Explicit,End,End,passage_hr,passage,3,The person who put the book in the box was,Sean,Anna,0.02979932725429535,0.03184901922941208,-0.09596918531492851,False,EleutherAI/pythia-12b,Pythia 12B,,,15000,
1,1_fb_1_e_e_ex,False Belief,Explicit,End,End,passage_hr,passage,4,The person who moved the book to the basket was,Anna,Sean,0.05707298964262009,0.041978295892477036,0.44316453572824765,True,EleutherAI/pythia-12b,Pythia 12B,,,15000,
1,1_fb_1_e_e_im,False Belief,Implicit,End,End,passage_hr,passage,1,"At the start of the story, Sean put the book in the",box,basket,0.38892024755477905,0.4865032136440277,-0.32297499010812525,False,EleutherAI/pythia-12b,Pythia 12B,,,15000,
1,1_fb_1_e_e_im,False Belief,Implicit,End,End,passage_hr,passage,2,"At the end of the story, the book was in the",basket,box,0.765113890171051,0.13375194370746613,2.5161146573726363,True,EleutherAI/pythia-12b,Pythia 12B,,,15000,
1,1_fb_1_e_e_im,False Belief,Implicit,End,End,passage_hr,passage,3,The person who put the book in the box was,Sean,Anna,0.02979932725429535,0.03184901922941208,-0.09596918531492851,False,EleutherAI/pythia-12b,Pythia 12B,,,15000,
1,1_fb_1_e_e_im,False Belief,Implicit,End,End,passage_hr,passage,4,The person who moved the book to the basket was,Anna,Sean,0.05707298964262009,0.041978295892477036,0.44316453572824765,True,EleutherAI/pythia-12b,Pythia 12B,,,15000,
1,1_tb_1_e_e_ex,True Belief,Explicit,End,End,passage_hr,passage,1,"At the start of the story, Sean put the book in the",box,basket,0.46602869033813477,0.3619963526725769,0.3644436135348836,True,EleutherAI/pythia-12b,Pythia 12B,,,15000,
1,1_tb_1_e_e_ex,True Belief,Explicit,End,End,passage_hr,passage,2,"At the end of the story, the book was in the",basket,box,0.6154769062995911,0.20332421362400055,1.5979226913017688,True,EleutherAI/pythia-12b,Pythia 12B,,,15000,
1,1_tb_1_e_e_ex,True Belief,Explicit,End,End,passage_hr,passage,3,The person who put the book in the box was,Sean,Anna,0.037482962012290955,0.04155796766281128,-0.14889013943800378,False,EleutherAI/pythia-12b,Pythia 12B,,,15000,
1,1_tb_1_e_e_ex,True Belief,Explicit,End,End,passage_hr,passage,4,The person who moved the book to the basket was,Anna,Sean,0.08398650586605072,0.049959588795900345,0.7493959457647007,True,EleutherAI/pythia-12b,Pythia 12B,,,15000,
1,1_tb_1_e_e_im,True Belief,Implicit,End,End,passage_hr,passage,1,"At the start of the story, Sean put the book in the",box,basket,0.46602869033813477,0.3619963526725769,0.3644436135348836,True,EleutherAI/pythia-12b,Pythia 12B,,,15000,
1,1_tb_1_e_e_im,True Belief,Implicit,End,End,passage_hr,passage,2,"At the end of the story, the book was in the",basket,box,0.6154769062995911,0.20332421362400055,1.5979226913017688,True,EleutherAI/pythia-12b,Pythia 12B,,,15000,
1,1_tb_1_e_e_im,True Belief,Implicit,End,End,passage_hr,passage,3,The person who put the book in the box was,Sean,Anna,0.037482962012290955,0.04155796766281128,-0.14889013943800378,False,EleutherAI/pythia-12b,Pythia 12B,,,15000,
1,1_tb_1_e_e_im,True Belief,Implicit,End,End,passage_hr,passage,4,The person who moved the book to the basket was,Anna,Sean,0.08398650586605072,0.049959588795900345,0.7493959457647007,True,EleutherAI/pythia-12b,Pythia 12B,,,15000,
1,1_fb_1_e_s_ex,False Belief,Explicit,End,Start,passage_hr,passage,1,"At the start of the story, Sean put the book in the",box,basket,0.4380369186401367,0.44100627303123474,-0.009746709124307912,False,EleutherAI/pythia-12b,Pythia 12B,,,15000,
1,1_fb_1_e_s_ex,False Belief,Explicit,End,Start,passage_hr,passage,2,"At the end of the story, the book was in the",basket,box,0.6924425363540649,0.19332320988178253,1.8406794972067928,True,EleutherAI/pythia-12b,Pythia 12B,,,15000,
1,1_fb_1_e_s_ex,False Belief,Explicit,End,Start,passage_hr,passage,3,The person who put the book in the box was,Sean,Anna,0.031158016994595528,0.031019559130072594,0.006425236142706298,True,EleutherAI/pythia-12b,Pythia 12B,,,15000,
1,1_fb_1_e_s_ex,False Belief,Explicit,End,Start,passage_hr,passage,4,The person who moved the book to the basket was,Anna,Sean,0.05199601128697395,0.04181217402219772,0.31447789741583265,True,EleutherAI/pythia-12b,Pythia 12B,,,15000,
1,1_fb_1_e_s_im,False Belief,Implicit,End,Start,passage_hr,passage,1,"At the start of the story, Sean put the book in the",box,basket,0.4380369186401367,0.44100627303123474,-0.009746709124307912,False,EleutherAI/pythia-12b,Pythia 12B,,,15000,
1,1_fb_1_e_s_im,False Belief,Implicit,End,Start,passage_hr,passage,2,"At the end of the story, the book was in the",basket,box,0.6924425363540649,0.19332320988178253,1.8406794972067928,True,EleutherAI/pythia-12b,Pythia 12B,,,15000,
1,1_fb_1_e_s_im,False Belief,Implicit,End,Start,passage_hr,passage,3,The person who put the book in the box was,Sean,Anna,0.031158016994595528,0.031019559130072594,0.006425236142706298,True,EleutherAI/pythia-12b,Pythia 12B,,,15000,
1,1_fb_1_e_s_im,False Belief,Implicit,End,Start,passage_hr,passage,4,The person who moved the book to the basket was,Anna,Sean,0.05199601128697395,0.04181217402219772,0.31447789741583265,True,EleutherAI/pythia-12b,Pythia 12B,,,15000,
1,1_tb_1_e_s_ex,True Belief,Explicit,End,Start,passage_hr,passage,1,"At the start of the story, Sean put the book in the",box,basket,0.4982028901576996,0.3375152349472046,0.5617807661257684,True,EleutherAI/pythia-12b,Pythia 12B,,,15000,
1,1_tb_1_e_s_ex,True Belief,Explicit,End,Start,passage_hr,passage,2,"At the end of the story, the book was in the",basket,box,0.5618789792060852,0.2532109022140503,1.1499199051916904,True,EleutherAI/pythia-12b,Pythia 12B,,,15000,
1,1_tb_1_e_s_ex,True Belief,Explicit,End,Start,passage_hr,passage,3,The person who put the book in the box was,Sean,Anna,0.03757892921566963,0.04152030497789383,-0.143893081925924,False,EleutherAI/pythia-12b,Pythia 12B,,,15000,
1,1_tb_1_e_s_ex,True Belief,Explicit,End,Start,passage_hr,passage,4,The person who moved the book to the basket was,Anna,Sean,0.08044783025979996,0.04885012283921242,0.7196913208527573,True,EleutherAI/pythia-12b,Pythia 12B,,,15000,
1,1_tb_1_e_s_im,True Belief,Implicit,End,Start,passage_hr,passage,1,"At the start of the story, Sean put the book in the",box,basket,0.4982028901576996,0.3375152349472046,0.5617807661257684,True,EleutherAI/pythia-12b,Pythia 12B,,,15000,
1,1_tb_1_e_s_im,True Belief,Implicit,End,Start,passage_hr,passage,2,"At the end of the story, the book was in the",basket,box,0.5618789792060852,0.2532109022140503,1.1499199051916904,True,EleutherAI/pythia-12b,Pythia 12B,,,15000,
1,1_tb_1_e_s_im,True Belief,Implicit,End,Start,passage_hr,passage,3,The person who put the book in the box was,Sean,Anna,0.03757892921566963,0.04152030497789383,-0.143893081925924,False,EleutherAI/pythia-12b,Pythia 12B,,,15000,
1,1_tb_1_e_s_im,True Belief,Implicit,End,Start,passage_hr,passage,4,The person who moved the book to the basket was,Anna,Sean,0.08044783025979996,0.04885012283921242,0.7196913208527573,True,EleutherAI/pythia-12b,Pythia 12B,,,15000,
2,2_fb_1_s_e_ex,False Belief,Explicit,Start,End,passage_hr,passage,1,"At the start of the story, Mary put the jam in the",cupboard,fridge,0.1667456030845642,0.6060364246368408,-1.8617557871941872,False,EleutherAI/pythia-12b,Pythia 12B,,,15000,
2,2_fb_1_s_e_ex,False Belief,Explicit,Start,End,passage_hr,passage,2,"At the end of the story, the jam was in the",fridge,cupboard,0.6797767281532288,0.13051483035087585,2.3808472237148974,True,EleutherAI/pythia-12b,Pythia 12B,,,15000,
2,2_fb_1_s_e_ex,False Belief,Explicit,Start,End,passage_hr,passage,3,The person who put the jam in the cupboard was,Mary,James,0.017830854281783104,0.1571204960346222,-3.1394236597083744,False,EleutherAI/pythia-12b,Pythia 12B,,,15000,
2,2_fb_1_s_e_ex,False Belief,Explicit,Start,End,passage_hr,passage,4,The person who moved the jam to the fridge was,James,Mary,0.21381776034832,0.014275502413511276,3.904768266685657,True,EleutherAI/pythia-12b,Pythia 12B,,,15000,
2,2_fb_1_s_e_im,False Belief,Implicit,Start,End,passage_hr,passage,1,"At the start of the story, Mary put the jam in the",cupboard,fridge,0.1667456030845642,0.6060364246368408,-1.8617557871941872,False,EleutherAI/pythia-12b,Pythia 12B,,,15000,
2,2_fb_1_s_e_im,False Belief,Implicit,Start,End,passage_hr,passage,2,"At the end of the story, the jam was in the",fridge,cupboard,0.6797767281532288,0.13051483035087585,2.3808472237148974,True,EleutherAI/pythia-12b,Pythia 12B,,,15000,
2,2_fb_1_s_e_im,False Belief,Implicit,Start,End,passage_hr,passage,3,The person who put the jam in the cupboard was,Mary,James,0.017830854281783104,0.1571204960346222,-3.1394236597083744,False,EleutherAI/pythia-12b,Pythia 12B,,,15000,
2,2_fb_1_s_e_im,False Belief,Implicit,Start,End,passage_hr,passage,4,The person who moved the jam to the fridge was,James,Mary,0.21381776034832,0.014275502413511276,3.904768266685657,True,EleutherAI/pythia-12b,Pythia 12B,,,15000,
2,2_tb_1_s_e_ex,True Belief,Explicit,Start,End,passage_hr,passage,1,"At the start of the story, Mary put the jam in the",cupboard,fridge,0.16563916206359863,0.5981633067131042,-1.8524956040309983,False,EleutherAI/pythia-12b,Pythia 12B,,,15000,
2,2_tb_1_s_e_ex,True Belief,Explicit,Start,End,passage_hr,passage,2,"At the end of the story, the jam was in the",fridge,cupboard,0.6586142778396606,0.14000406861305237,2.2339650344157254,True,EleutherAI/pythia-12b,Pythia 12B,,,15000,
2,2_tb_1_s_e_ex,True Belief,Explicit,Start,End,passage_hr,passage,3,The person who put the jam in the cupboard was,Mary,James,0.020673183724284172,0.20480336248874664,-3.3084069121008404,False,EleutherAI/pythia-12b,Pythia 12B,,,15000,
2,2_tb_1_s_e_ex,True Belief,Explicit,Start,End,passage_hr,passage,4,The person who moved the jam to the fridge was,James,Mary,0.28788289427757263,0.01720810867846012,4.064321621497629,True,EleutherAI/pythia-12b,Pythia 12B,,,15000,
2,2_tb_1_s_e_im,True Belief,Implicit,Start,End,passage_hr,passage,1,"At the start of the story, Mary put the jam in the",cupboard,fridge,0.16563916206359863,0.5981633067131042,-1.8524956040309983,False,EleutherAI/pythia-12b,Pythia 12B,,,15000,
2,2_tb_1_s_e_im,True Belief,Implicit,Start,End,passage_hr,passage,2,"At the end of the story, the jam was in the",fridge,cupboard,0.6586142778396606,0.14000406861305237,2.2339650344157254,True,EleutherAI/pythia-12b,Pythia 12B,,,15000,
2,2_tb_1_s_e_im,True Belief,Implicit,Start,End,passage_hr,passage,3,The person who put the jam in the cupboard was,Mary,James,0.020673183724284172,0.20480336248874664,-3.3084069121008404,False,EleutherAI/pythia-12b,Pythia 12B,,,15000,
2,2_tb_1_s_e_im,True Belief,Implicit,Start,End,passage_hr,passage,4,The person who moved the jam to the fridge was,James,Mary,0.28788289427757263,0.01720810867846012,4.064321621497629,True,EleutherAI/pythia-12b,Pythia 12B,,,15000,
2,2_fb_1_s_s_ex,False Belief,Explicit,Start,Start,passage_hr,passage,1,"At the start of the story, Mary put the jam in the",cupboard,fridge,0.13966456055641174,0.6775243878364563,-2.278306890096373,False,EleutherAI/pythia-12b,Pythia 12B,,,15000,
2,2_fb_1_s_s_ex,False Belief,Explicit,Start,Start,passage_hr,passage,2,"At the end of the story, the jam was in the",fridge,cupboard,0.7723028063774109,0.08652733266353607,3.157938778626161,True,EleutherAI/pythia-12b,Pythia 12B,,,15000,
2,2_fb_1_s_s_ex,False Belief,Explicit,Start,Start,passage_hr,passage,3,The person who put the jam in the cupboard was,Mary,James,0.0155352633446455,0.16328780353069305,-3.3937984330874515,False,EleutherAI/pythia-12b,Pythia 12B,,,15000,
2,2_fb_1_s_s_ex,False Belief,Explicit,Start,Start,passage_hr,passage,4,The person who moved the jam to the fridge was,James,Mary,0.20900259912014008,0.013573229312896729,3.9446849739813916,True,EleutherAI/pythia-12b,Pythia 12B,,,15000,
2,2_fb_1_s_s_im,False Belief,Implicit,Start,Start,passage_hr,passage,1,"At the start of the story, Mary put the jam in the",cupboard,fridge,0.13966456055641174,0.6775243878364563,-2.278306890096373,False,EleutherAI/pythia-12b,Pythia 12B,,,15000,
2,2_fb_1_s_s_im,False Belief,Implicit,Start,Start,passage_hr,passage,2,"At the end of the story, the jam was in the",fridge,cupboard,0.7723028063774109,0.08652733266353607,3.157938778626161,True,EleutherAI/pythia-12b,Pythia 12B,,,15000,
2,2_fb_1_s_s_im,False Belief,Implicit,Start,Start,passage_hr,passage,3,The person who put the jam in the cupboard was,Mary,James,0.0155352633446455,0.16328780353069305,-3.3937984330874515,False,EleutherAI/pythia-12b,Pythia 12B,,,15000,
2,2_fb_1_s_s_im,False Belief,Implicit,Start,Start,passage_hr,passage,4,The person who moved the jam to the fridge was,James,Mary,0.20900259912014008,0.013573229312896729,3.9446849739813916,True,EleutherAI/pythia-12b,Pythia 12B,,,15000,
2,2_tb_1_s_s_ex,True Belief,Explicit,Start,Start,passage_hr,passage,1,"At the start of the story, Mary put the jam in the",cupboard,fridge,0.0905051976442337,0.7381929159164429,-3.027925340237499,False,EleutherAI/pythia-12b,Pythia 12B,,,15000,
2,2_tb_1_s_s_ex,True Belief,Explicit,Start,Start,passage_hr,passage,2,"At the end of the story, the jam was in the",fridge,cupboard,0.7666375041007996,0.07777684926986694,3.301131879193023,True,EleutherAI/pythia-12b,Pythia 12B,,,15000,
2,2_tb_1_s_s_ex,True Belief,Explicit,Start,Start,passage_hr,passage,3,The person who put the jam in the cupboard was,Mary,James,0.017972314730286598,0.2094910740852356,-3.5430406387290585,False,EleutherAI/pythia-12b,Pythia 12B,,,15000,
2,2_tb_1_s_s_ex,True Belief,Explicit,Start,Start,passage_hr,passage,4,The person who moved the jam to the fridge was,James,Mary,0.2903701066970825,0.015115916728973389,4.26375255573,True,EleutherAI/pythia-12b,Pythia 12B,,,15000,
2,2_tb_1_s_s_im,True Belief,Implicit,Start,Start,passage_hr,passage,1,"At the start of the story, Mary put the jam in the",cupboard,fridge,0.0905051976442337,0.7381929159164429,-3.027925340237499,False,EleutherAI/pythia-12b,Pythia 12B,,,15000,
2,2_tb_1_s_s_im,True Belief,Implicit,Start,Start,passage_hr,passage,2,"At the end of the story, the jam was in the",fridge,cupboard,0.7666375041007996,0.07777684926986694,3.301131879193023,True,EleutherAI/pythia-12b,Pythia 12B,,,15000,
2,2_tb_1_s_s_im,True Belief,Implicit,Start,Start,passage_hr,passage,3,The person who put the jam in the cupboard was,Mary,James,0.017972314730286598,0.2094910740852356,-3.5430406387290585,False,EleutherAI/pythia-12b,Pythia 12B,,,15000,
2,2_tb_1_s_s_im,True Belief,Implicit,Start,Start,passage_hr,passage,4,The person who moved the jam to the fridge was,James,Mary,0.2903701066970825,0.015115916728973389,4.26375255573,True,EleutherAI/pythia-12b,Pythia 12B,,,15000,
2,2_fb_1_e_e_ex,False Belief,Explicit,End,End,passage_hr,passage,1,"At the start of the story, Mary put the jam in the",cupboard,fridge,0.1424919217824936,0.5932121276855469,-2.057667961024083,False,EleutherAI/pythia-12b,Pythia 12B,,,15000,
2,2_fb_1_e_e_ex,False Belief,Explicit,End,End,passage_hr,passage,2,"At the end of the story, the jam was in the",fridge,cupboard,0.6600937843322754,0.13234218955039978,2.318397959530171,True,EleutherAI/pythia-12b,Pythia 12B,,,15000,
2,2_fb_1_e_e_ex,False Belief,Explicit,End,End,passage_hr,passage,3,The person who put the jam in the cupboard was,Mary,James,0.01869014836847782,0.1760549694299698,-3.235676023301429,False,EleutherAI/pythia-12b,Pythia 12B,,,15000,
2,2_fb_1_e_e_ex,False Belief,Explicit,End,End,passage_hr,passage,4,The person who moved the jam to the fridge was,James,Mary,0.23048514127731323,0.01503816433250904,3.9379733701517026,True,EleutherAI/pythia-12b,Pythia 12B,,,15000,
2,2_fb_1_e_e_im,False Belief,Implicit,End,End,passage_hr,passage,1,"At the start of the story, Mary put the jam in the",cupboard,fridge,0.1424919217824936,0.5932121276855469,-2.057667961024083,False,EleutherAI/pythia-12b,Pythia 12B,,,15000,
2,2_fb_1_e_e_im,False Belief,Implicit,End,End,passage_hr,passage,2,"At the end of the story, the jam was in the",fridge,cupboard,0.6600937843322754,0.13234218955039978,2.318397959530171,True,EleutherAI/pythia-12b,Pythia 12B,,,15000,
2,2_fb_1_e_e_im,False Belief,Implicit,End,End,passage_hr,passage,3,The person who put the jam in the cupboard was,Mary,James,0.01869014836847782,0.1760549694299698,-3.235676023301429,False,EleutherAI/pythia-12b,Pythia 12B,,,15000,
2,2_fb_1_e_e_im,False Belief,Implicit,End,End,passage_hr,passage,4,The person who moved the jam to the fridge was,James,Mary,0.23048514127731323,0.01503816433250904,3.9379733701517026,True,EleutherAI/pythia-12b,Pythia 12B,,,15000,
2,2_tb_1_e_e_ex,True Belief,Explicit,End,End,passage_hr,passage,1,"At the start of the story, Mary put the jam in the",cupboard,fridge,0.11652661114931107,0.607456386089325,-2.3821213700301596,False,EleutherAI/pythia-12b,Pythia 12B,,,15000,
2,2_tb_1_e_e_ex,True Belief,Explicit,End,End,passage_hr,passage,2,"At the end of the story, the jam was in the",fridge,cupboard,0.660639762878418,0.12294099479913712,2.4258977417481393,True,EleutherAI/pythia-12b,Pythia 12B,,,15000,
2,2_tb_1_e_e_ex,True Belief,Explicit,End,End,passage_hr,passage,3,The person who put the jam in the cupboard was,Mary,James,0.02162848599255085,0.22320935130119324,-3.3673928853908297,False,EleutherAI/pythia-12b,Pythia 12B,,,15000,
2,2_tb_1_e_e_ex,True Belief,Explicit,End,End,passage_hr,passage,4,The person who moved the jam to the fridge was,James,Mary,0.3032829761505127,0.017720859497785568,4.0971440346709915,True,EleutherAI/pythia-12b,Pythia 12B,,,15000,
2,2_tb_1_e_e_im,True Belief,Implicit,End,End,passage_hr,passage,1,"At the start of the story, Mary put the jam in the",cupboard,fridge,0.11652661114931107,0.607456386089325,-2.3821213700301596,False,EleutherAI/pythia-12b,Pythia 12B,,,15000,
2,2_tb_1_e_e_im,True Belief,Implicit,End,End,passage_hr,passage,2,"At the end of the story, the jam was in the",fridge,cupboard,0.660639762878418,0.12294099479913712,2.4258977417481393,True,EleutherAI/pythia-12b,Pythia 12B,,,15000,
2,2_tb_1_e_e_im,True Belief,Implicit,End,End,passage_hr,passage,3,The person who put the jam in the cupboard was,Mary,James,0.02162848599255085,0.22320935130119324,-3.3673928853908297,False,EleutherAI/pythia-12b,Pythia 12B,,,15000,
2,2_tb_1_e_e_im,True Belief,Implicit,End,End,passage_hr,passage,4,The person who moved the jam to the fridge was,James,Mary,0.3032829761505127,0.017720859497785568,4.0971440346709915,True,EleutherAI/pythia-12b,Pythia 12B,,,15000,
2,2_fb_1_e_s_ex,False Belief,Explicit,End,Start,passage_hr,passage,1,"At the start of the story, Mary put the jam in the",cupboard,fridge,0.1313745230436325,0.6503793597221375,-2.3075959466479987,False,EleutherAI/pythia-12b,Pythia 12B,,,15000,
2,2_fb_1_e_s_ex,False Belief,Explicit,End,Start,passage_hr,passage,2,"At the end of the story, the jam was in the",fridge,cupboard,0.7481755018234253,0.09112734347581863,3.037420811125712,True,EleutherAI/pythia-12b,Pythia 12B,,,15000,
2,2_fb_1_e_s_ex,False Belief,Explicit,End,Start,passage_hr,passage,3,The person who put the jam in the cupboard was,Mary,James,0.016442742198705673,0.18632149696350098,-3.50227130957201,False,EleutherAI/pythia-12b,Pythia 12B,,,15000,
2,2_fb_1_e_s_ex,False Belief,Explicit,End,Start,passage_hr,passage,4,The person who moved the jam to the fridge was,James,Mary,0.22390799224376678,0.014283386990427971,3.9704959967495377,True,EleutherAI/pythia-12b,Pythia 12B,,,15000,
2,2_fb_1_e_s_im,False Belief,Implicit,End,Start,passage_hr,passage,1,"At the start of the story, Mary put the jam in the",cupboard,fridge,0.1313745230436325,0.6503793597221375,-2.3075959466479987,False,EleutherAI/pythia-12b,Pythia 12B,,,15000,
2,2_fb_1_e_s_im,False Belief,Implicit,End,Start,passage_hr,passage,2,"At the end of the story, the jam was in the",fridge,cupboard,0.7481755018234253,0.09112734347581863,3.037420811125712,True,EleutherAI/pythia-12b,Pythia 12B,,,15000,
2,2_fb_1_e_s_im,False Belief,Implicit,End,Start,passage_hr,passage,3,The person who put the jam in the cupboard was,Mary,James,0.016442742198705673,0.18632149696350098,-3.50227130957201,False,EleutherAI/pythia-12b,Pythia 12B,,,15000,
2,2_fb_1_e_s_im,False Belief,Implicit,End,Start,passage_hr,passage,4,The person who moved the jam to the fridge was,James,Mary,0.22390799224376678,0.014283386990427971,3.9704959967495377,True,EleutherAI/pythia-12b,Pythia 12B,,,15000,
2,2_tb_1_e_s_ex,True Belief,Explicit,End,Start,passage_hr,passage,1,"At the start of the story, Mary put the jam in the",cupboard,fridge,0.08182637393474579,0.7202175855636597,-3.1377949995961654,False,EleutherAI/pythia-12b,Pythia 12B,,,15000,
2,2_tb_1_e_s_ex,True Belief,Explicit,End,Start,passage_hr,passage,2,"At the end of the story, the jam was in the",fridge,cupboard,0.7503558397293091,0.07665211707353592,3.291177380537386,True,EleutherAI/pythia-12b,Pythia 12B,,,15000,
2,2_tb_1_e_s_ex,True Belief,Explicit,End,Start,passage_hr,passage,3,The person who put the jam in the cupboard was,Mary,James,0.018930381163954735,0.2250862568616867,-3.5717026073835236,False,EleutherAI/pythia-12b,Pythia 12B,,,15000,
2,2_tb_1_e_s_ex,True Belief,Explicit,End,Start,passage_hr,passage,4,The person who moved the jam to the fridge was,James,Mary,0.3136543035507202,0.015915513038635254,4.300669789244691,True,EleutherAI/pythia-12b,Pythia 12B,,,15000,
2,2_tb_1_e_s_im,True Belief,Implicit,End,Start,passage_hr,passage,1,"At the start of the story, Mary put the jam in the",cupboard,fridge,0.08182637393474579,0.7202175855636597,-3.1377949995961654,False,EleutherAI/pythia-12b,Pythia 12B,,,15000,
2,2_tb_1_e_s_im,True Belief,Implicit,End,Start,passage_hr,passage,2,"At the end of the story, the jam was in the",fridge,cupboard,0.7503558397293091,0.07665211707353592,3.291177380537386,True,EleutherAI/pythia-12b,Pythia 12B,,,15000,
2,2_tb_1_e_s_im,True Belief,Implicit,End,Start,passage_hr,passage,3,The person who put the jam in the cupboard was,Mary,James,0.018930381163954735,0.2250862568616867,-3.5717026073835236,False,EleutherAI/pythia-12b,Pythia 12B,,,15000,
2,2_tb_1_e_s_im,True Belief,Implicit,End,Start,passage_hr,passage,4,The person who moved the jam to the fridge was,James,Mary,0.3136543035507202,0.015915513038635254,4.300669789244691,True,EleutherAI/pythia-12b,Pythia 12B,,,15000,
3,3_fb_1_s_e_ex,False Belief,Explicit,Start,End,passage_hr,passage,1,"At the start of the story, Cameron put the shirt in the",sink,basket,0.4775814712047577,0.2894148528575897,0.7226079019324173,True,EleutherAI/pythia-12b,Pythia 12B,,,15000,
3,3_fb_1_s_e_ex,False Belief,Explicit,Start,End,passage_hr,passage,2,"At the end of the story, the shirt was in the",basket,sink,0.505074679851532,0.20886294543743134,1.2739401538389004,True,EleutherAI/pythia-12b,Pythia 12B,,,15000,
3,3_fb_1_s_e_ex,False Belief,Explicit,Start,End,passage_hr,passage,3,The person who put the shirt in the sink was,Cameron,Helen,0.027389809489250183,0.14966794848442078,-2.4500541636542885,False,EleutherAI/pythia-12b,Pythia 12B,,,15000,
3,3_fb_1_s_e_ex,False Belief,Explicit,Start,End,passage_hr,passage,4,The person who moved the shirt to the basket was,Helen,Cameron,0.26179400086402893,0.03521464392542839,2.89418463757518,True,EleutherAI/pythia-12b,Pythia 12B,,,15000,
3,3_fb_1_s_e_im,False Belief,Implicit,Start,End,passage_hr,passage,1,"At the start of the story, Cameron put the shirt in the",sink,basket,0.4775814712047577,0.2894148528575897,0.7226079019324173,True,EleutherAI/pythia-12b,Pythia 12B,,,15000,
3,3_fb_1_s_e_im,False Belief,Implicit,Start,End,passage_hr,passage,2,"At the end of the story, the shirt was in the",basket,sink,0.505074679851532,0.20886294543743134,1.2739401538389004,True,EleutherAI/pythia-12b,Pythia 12B,,,15000,
3,3_fb_1_s_e_im,False Belief,Implicit,Start,End,passage_hr,passage,3,The person who put the shirt in the sink was,Cameron,Helen,0.027389809489250183,0.14966794848442078,-2.4500541636542885,False,EleutherAI/pythia-12b,Pythia 12B,,,15000,
3,3_fb_1_s_e_im,False Belief,Implicit,Start,End,passage_hr,passage,4,The person who moved the shirt to the basket was,Helen,Cameron,0.26179400086402893,0.03521464392542839,2.89418463757518,True,EleutherAI/pythia-12b,Pythia 12B,,,15000,
3,3_tb_1_s_e_ex,True Belief,Explicit,Start,End,passage_hr,passage,1,"At the start of the story, Cameron put the shirt in the",sink,basket,0.5367591977119446,0.13232284784317017,2.0202128182588024,True,EleutherAI/pythia-12b,Pythia 12B,,,15000,
3,3_tb_1_s_e_ex,True Belief,Explicit,Start,End,passage_hr,passage,2,"At the end of the story, the shirt was in the",basket,sink,0.3944660723209381,0.18972881138324738,1.05596244393402,True,EleutherAI/pythia-12b,Pythia 12B,,,15000,
3,3_tb_1_s_e_ex,True Belief,Explicit,Start,End,passage_hr,passage,3,The person who put the shirt in the sink was,Cameron,Helen,0.029542503878474236,0.13513199985027313,-2.1935053394447226,False,EleutherAI/pythia-12b,Pythia 12B,,,15000,
3,3_tb_1_s_e_ex,True Belief,Explicit,Start,End,passage_hr,passage,4,The person who moved the shirt to the basket was,Helen,Cameron,0.18408121168613434,0.03827516734600067,2.265861794446206,True,EleutherAI/pythia-12b,Pythia 12B,,,15000,
3,3_tb_1_s_e_im,True Belief,Implicit,Start,End,passage_hr,passage,1,"At the start of the story, Cameron put the shirt in the",sink,basket,0.5367591977119446,0.13232284784317017,2.0202128182588024,True,EleutherAI/pythia-12b,Pythia 12B,,,15000,
3,3_tb_1_s_e_im,True Belief,Implicit,Start,End,passage_hr,passage,2,"At the end of the story, the shirt was in the",basket,sink,0.3944660723209381,0.18972881138324738,1.05596244393402,True,EleutherAI/pythia-12b,Pythia 12B,,,15000,
3,3_tb_1_s_e_im,True Belief,Implicit,Start,End,passage_hr,passage,3,The person who put the shirt in the sink was,Cameron,Helen,0.029542503878474236,0.13513199985027313,-2.1935053394447226,False,EleutherAI/pythia-12b,Pythia 12B,,,15000,
3,3_tb_1_s_e_im,True Belief,Implicit,Start,End,passage_hr,passage,4,The person who moved the shirt to the basket was,Helen,Cameron,0.18408121168613434,0.03827516734600067,2.265861794446206,True,EleutherAI/pythia-12b,Pythia 12B,,,15000,
3,3_fb_1_s_s_ex,False Belief,Explicit,Start,Start,passage_hr,passage,1,"At the start of the story, Cameron put the shirt in the",sink,basket,0.36527398228645325,0.4581579267978668,-0.3268659831145792,False,EleutherAI/pythia-12b,Pythia 12B,,,15000,
3,3_fb_1_s_s_ex,False Belief,Explicit,Start,Start,passage_hr,passage,2,"At the end of the story, the shirt was in the",basket,sink,0.6693136096000671,0.15043215453624725,2.1535693770696698,True,EleutherAI/pythia-12b,Pythia 12B,,,15000,
3,3_fb_1_s_s_ex,False Belief,Explicit,Start,Start,passage_hr,passage,3,The person who put the shirt in the sink was,Cameron,Helen,0.026928281411528587,0.1523543745279312,-2.5002368607781236,False,EleutherAI/pythia-12b,Pythia 12B,,,15000,
3,3_fb_1_s_s_ex,False Belief,Explicit,Start,Start,passage_hr,passage,4,The person who moved the shirt to the basket was,Helen,Cameron,0.24454885721206665,0.036295387893915176,2.7522645832233272,True,EleutherAI/pythia-12b,Pythia 12B,,,15000,
3,3_fb_1_s_s_im,False Belief,Implicit,Start,Start,passage_hr,passage,1,"At the start of the story, Cameron put the shirt in the",sink,basket,0.36527398228645325,0.4581579267978668,-0.3268659831145792,False,EleutherAI/pythia-12b,Pythia 12B,,,15000,
3,3_fb_1_s_s_im,False Belief,Implicit,Start,Start,passage_hr,passage,2,"At the end of the story, the shirt was in the",basket,sink,0.6693136096000671,0.15043215453624725,2.1535693770696698,True,EleutherAI/pythia-12b,Pythia 12B,,,15000,
3,3_fb_1_s_s_im,False Belief,Implicit,Start,Start,passage_hr,passage,3,The person who put the shirt in the sink was,Cameron,Helen,0.026928281411528587,0.1523543745279312,-2.5002368607781236,False,EleutherAI/pythia-12b,Pythia 12B,,,15000,
3,3_fb_1_s_s_im,False Belief,Implicit,Start,Start,passage_hr,passage,4,The person who moved the shirt to the basket was,Helen,Cameron,0.24454885721206665,0.036295387893915176,2.7522645832233272,True,EleutherAI/pythia-12b,Pythia 12B,,,15000,
3,3_tb_1_s_s_ex,True Belief,Explicit,Start,Start,passage_hr,passage,1,"At the start of the story, Cameron put the shirt in the",sink,basket,0.46608245372772217,0.25162166357040405,0.8893290642328106,True,EleutherAI/pythia-12b,Pythia 12B,,,15000,
3,3_tb_1_s_s_ex,True Belief,Explicit,Start,Start,passage_hr,passage,2,"At the end of the story, the shirt was in the",basket,sink,0.4987599551677704,0.1758546531200409,1.5039621283536637,True,EleutherAI/pythia-12b,Pythia 12B,,,15000,
3,3_tb_1_s_s_ex,True Belief,Explicit,Start,Start,passage_hr,passage,3,The person who put the shirt in the sink was,Cameron,Helen,0.030109962448477745,0.1465015858411789,-2.2826034676019953,False,EleutherAI/pythia-12b,Pythia 12B,,,15000,
3,3_tb_1_s_s_ex,True Belief,Explicit,Start,Start,passage_hr,passage,4,The person who moved the shirt to the basket was,Helen,Cameron,0.17465808987617493,0.04185961186885834,2.0609026277519114,True,EleutherAI/pythia-12b,Pythia 12B,,,15000,
3,3_tb_1_s_s_im,True Belief,Implicit,Start,Start,passage_hr,passage,1,"At the start of the story, Cameron put the shirt in the",sink,basket,0.46608245372772217,0.25162166357040405,0.8893290642328106,True,EleutherAI/pythia-12b,Pythia 12B,,,15000,
3,3_tb_1_s_s_im,True Belief,Implicit,Start,Start,passage_hr,passage,2,"At the end of the story, the shirt was in the",basket,sink,0.4987599551677704,0.1758546531200409,1.5039621283536637,True,EleutherAI/pythia-12b,Pythia 12B,,,15000,
3,3_tb_1_s_s_im,True Belief,Implicit,Start,Start,passage_hr,passage,3,The person who put the shirt in the sink was,Cameron,Helen,0.030109962448477745,0.1465015858411789,-2.2826034676019953,False,EleutherAI/pythia-12b,Pythia 12B,,,15000,
3,3_tb_1_s_s_im,True Belief,Implicit,Start,Start,passage_hr,passage,4,The person who moved the shirt to the basket was,Helen,Cameron,0.17465808987617493,0.04185961186885834,2.0609026277519114,True,EleutherAI/pythia-12b,Pythia 12B,,,15000,
3,3_fb_1_e_e_ex,False Belief,Explicit,End,End,passage_hr,passage,1,"At the start of the story, Cameron put the shirt in the",sink,basket,0.48768046498298645,0.28597983717918396,0.7700227491723144,True,EleutherAI/pythia-12b,Pythia 12B,,,15000,
3,3_fb_1_e_e_ex,False Belief,Explicit,End,End,passage_hr,passage,2,"At the end of the story, the shirt was in the",basket,sink,0.4072607159614563,0.3139027953147888,0.3756347836340092,True,EleutherAI/pythia-12b,Pythia 12B,,,15000,
3,3_fb_1_e_e_ex,False Belief,Explicit,End,End,passage_hr,passage,3,The person who put the shirt in the sink was,Cameron,Helen,0.029246516525745392,0.14389628171920776,-2.2986926088123996,False,EleutherAI/pythia-12b,Pythia 12B,,,15000,
3,3_fb_1_e_e_ex,False Belief,Explicit,End,End,passage_hr,passage,4,The person who moved the shirt to the basket was,Helen,Cameron,0.24031195044517517,0.03339047357439995,2.847399933579996,True,EleutherAI/pythia-12b,Pythia 12B,,,15000,
3,3_fb_1_e_e_im,False Belief,Implicit,End,End,passage_hr,passage,1,"At the start of the story, Cameron put the shirt in the",sink,basket,0.48768046498298645,0.28597983717918396,0.7700227491723144,True,EleutherAI/pythia-12b,Pythia 12B,,,15000,
3,3_fb_1_e_e_im,False Belief,Implicit,End,End,passage_hr,passage,2,"At the end of the story, the shirt was in the",basket,sink,0.4072607159614563,0.3139027953147888,0.3756347836340092,True,EleutherAI/pythia-12b,Pythia 12B,,,15000,
3,3_fb_1_e_e_im,False Belief,Implicit,End,End,passage_hr,passage,3,The person who put the shirt in the sink was,Cameron,Helen,0.029246516525745392,0.14389628171920776,-2.2986926088123996,False,EleutherAI/pythia-12b,Pythia 12B,,,15000,
3,3_fb_1_e_e_im,False Belief,Implicit,End,End,passage_hr,passage,4,The person who moved the shirt to the basket was,Helen,Cameron,0.24031195044517517,0.03339047357439995,2.847399933579996,True,EleutherAI/pythia-12b,Pythia 12B,,,15000,
3,3_tb_1_e_e_ex,True Belief,Explicit,End,End,passage_hr,passage,1,"At the start of the story, Cameron put the shirt in the",sink,basket,0.5116867423057556,0.1576075404882431,1.6989242939603535,True,EleutherAI/pythia-12b,Pythia 12B,,,15000,
3,3_tb_1_e_e_ex,True Belief,Explicit,End,End,passage_hr,passage,2,"At the end of the story, the shirt was in the",basket,sink,0.29232245683670044,0.2982899248600006,-0.029154585225416755,False,EleutherAI/pythia-12b,Pythia 12B,,,15000,
3,3_tb_1_e_e_ex,True Belief,Explicit,End,End,passage_hr,passage,3,The person who put the shirt in the sink was,Cameron,Helen,0.02966008149087429,0.14436551928520203,-2.2831317388407517,False,EleutherAI/pythia-12b,Pythia 12B,,,15000,
3,3_tb_1_e_e_ex,True Belief,Explicit,End,End,passage_hr,passage,4,The person who moved the shirt to the basket was,Helen,Cameron,0.1856171190738678,0.034502532333135605,2.4275556149916295,True,EleutherAI/pythia-12b,Pythia 12B,,,15000,
3,3_tb_1_e_e_im,True Belief,Implicit,End,End,passage_hr,passage,1,"At the start of the story, Cameron put the shirt in the",sink,basket,0.5116867423057556,0.1576075404882431,1.6989242939603535,True,EleutherAI/pythia-12b,Pythia 12B,,,15000,
3,3_tb_1_e_e_im,True Belief,Implicit,End,End,passage_hr,passage,2,"At the end of the story, the shirt was in the",basket,sink,0.29232245683670044,0.2982899248600006,-0.029154585225416755,False,EleutherAI/pythia-12b,Pythia 12B,,,15000,
3,3_tb_1_e_e_im,True Belief,Implicit,End,End,passage_hr,passage,3,The person who put the shirt in the sink was,Cameron,Helen,0.02966008149087429,0.14436551928520203,-2.2831317388407517,False,EleutherAI/pythia-12b,Pythia 12B,,,15000,
3,3_tb_1_e_e_im,True Belief,Implicit,End,End,passage_hr,passage,4,The person who moved the shirt to the basket was,Helen,Cameron,0.1856171190738678,0.034502532333135605,2.4275556149916295,True,EleutherAI/pythia-12b,Pythia 12B,,,15000,
3,3_fb_1_e_s_ex,False Belief,Explicit,End,Start,passage_hr,passage,1,"At the start of the story, Cameron put the shirt in the",sink,basket,0.4002944827079773,0.4183559715747833,-0.06366929705390052,False,EleutherAI/pythia-12b,Pythia 12B,,,15000,
3,3_fb_1_e_s_ex,False Belief,Explicit,End,Start,passage_hr,passage,2,"At the end of the story, the shirt was in the",basket,sink,0.560141921043396,0.23744246363639832,1.2382144375312816,True,EleutherAI/pythia-12b,Pythia 12B,,,15000,
3,3_fb_1_e_s_ex,False Belief,Explicit,End,Start,passage_hr,passage,3,The person who put the shirt in the sink was,Cameron,Helen,0.02860838547348976,0.1422162652015686,-2.313576488730649,False,EleutherAI/pythia-12b,Pythia 12B,,,15000,
3,3_fb_1_e_s_ex,False Belief,Explicit,End,Start,passage_hr,passage,4,The person who moved the shirt to the basket was,Helen,Cameron,0.22300779819488525,0.03448093682527542,2.693223282379142,True,EleutherAI/pythia-12b,Pythia 12B,,,15000,
3,3_fb_1_e_s_im,False Belief,Implicit,End,Start,passage_hr,passage,1,"At the start of the story, Cameron put the shirt in the",sink,basket,0.4002944827079773,0.4183559715747833,-0.06366929705390052,False,EleutherAI/pythia-12b,Pythia 12B,,,15000,
3,3_fb_1_e_s_im,False Belief,Implicit,End,Start,passage_hr,passage,2,"At the end of the story, the shirt was in the",basket,sink,0.560141921043396,0.23744246363639832,1.2382144375312816,True,EleutherAI/pythia-12b,Pythia 12B,,,15000,
3,3_fb_1_e_s_im,False Belief,Implicit,End,Start,passage_hr,passage,3,The person who put the shirt in the sink was,Cameron,Helen,0.02860838547348976,0.1422162652015686,-2.313576488730649,False,EleutherAI/pythia-12b,Pythia 12B,,,15000,
3,3_fb_1_e_s_im,False Belief,Implicit,End,Start,passage_hr,passage,4,The person who moved the shirt to the basket was,Helen,Cameron,0.22300779819488525,0.03448093682527542,2.693223282379142,True,EleutherAI/pythia-12b,Pythia 12B,,,15000,
3,3_tb_1_e_s_ex,True Belief,Explicit,End,Start,passage_hr,passage,1,"At the start of the story, Cameron put the shirt in the",sink,basket,0.4578762948513031,0.2465679794549942,0.8929724194624423,True,EleutherAI/pythia-12b,Pythia 12B,,,15000,
3,3_tb_1_e_s_ex,True Belief,Explicit,End,Start,passage_hr,passage,2,"At the end of the story, the shirt was in the",basket,sink,0.3931732773780823,0.26786938309669495,0.5536355764252253,True,EleutherAI/pythia-12b,Pythia 12B,,,15000,
3,3_tb_1_e_s_ex,True Belief,Explicit,End,Start,passage_hr,passage,3,The person who put the shirt in the sink was,Cameron,Helen,0.029938777908682823,0.15033970773220062,-2.328138866918814,False,EleutherAI/pythia-12b,Pythia 12B,,,15000,
3,3_tb_1_e_s_ex,True Belief,Explicit,End,Start,passage_hr,passage,4,The person who moved the shirt to the basket was,Helen,Cameron,0.1718326210975647,0.03758332133293152,2.1928394748961475,True,EleutherAI/pythia-12b,Pythia 12B,,,15000,
3,3_tb_1_e_s_im,True Belief,Implicit,End,Start,passage_hr,passage,1,"At the start of the story, Cameron put the shirt in the",sink,basket,0.4578762948513031,0.2465679794549942,0.8929724194624423,True,EleutherAI/pythia-12b,Pythia 12B,,,15000,
3,3_tb_1_e_s_im,True Belief,Implicit,End,Start,passage_hr,passage,2,"At the end of the story, the shirt was in the",basket,sink,0.3931732773780823,0.26786938309669495,0.5536355764252253,True,EleutherAI/pythia-12b,Pythia 12B,,,15000,
3,3_tb_1_e_s_im,True Belief,Implicit,End,Start,passage_hr,passage,3,The person who put the shirt in the sink was,Cameron,Helen,0.029938777908682823,0.15033970773220062,-2.328138866918814,False,EleutherAI/pythia-12b,Pythia 12B,,,15000,
3,3_tb_1_e_s_im,True Belief,Implicit,End,Start,passage_hr,passage,4,The person who moved the shirt to the basket was,Helen,Cameron,0.1718326210975647,0.03758332133293152,2.1928394748961475,True,EleutherAI/pythia-12b,Pythia 12B,,,15000,
4,4_fb_1_s_e_ex,False Belief,Explicit,Start,End,passage_hr,passage,1,"At the start of the story, Paula put the football in the",shed,garage,0.819791316986084,0.10024517774581909,3.0317238713258985,True,EleutherAI/pythia-12b,Pythia 12B,,,15000,
4,4_fb_1_s_e_ex,False Belief,Explicit,Start,End,passage_hr,passage,2,"At the end of the story, the football was in the",garage,shed,0.39138174057006836,0.45736920833587646,-0.22478279145351468,False,EleutherAI/pythia-12b,Pythia 12B,,,15000,
4,4_fb_1_s_e_ex,False Belief,Explicit,Start,End,passage_hr,passage,3,The person who put the football in the shed was,Paula,Tim,0.04485677555203438,0.053052064031362534,-0.2420829627577607,False,EleutherAI/pythia-12b,Pythia 12B,,,15000,
4,4_fb_1_s_e_ex,False Belief,Explicit,Start,End,passage_hr,passage,4,The person who moved the football to the garage was,Tim,Paula,0.07234726846218109,0.045515239238739014,0.6685888836611463,True,EleutherAI/pythia-12b,Pythia 12B,,,15000,
4,4_fb_1_s_e_im,False Belief,Implicit,Start,End,passage_hr,passage,1,"At the start of the story, Paula put the football in the",shed,garage,0.819791316986084,0.10024517774581909,3.0317238713258985,True,EleutherAI/pythia-12b,Pythia 12B,,,15000,
4,4_fb_1_s_e_im,False Belief,Implicit,Start,End,passage_hr,passage,2,"At the end of the story, the football was in the",garage,shed,0.39138174057006836,0.45736920833587646,-0.22478279145351468,False,EleutherAI/pythia-12b,Pythia 12B,,,15000,
4,4_fb_1_s_e_im,False Belief,Implicit,Start,End,passage_hr,passage,3,The person who put the football in the shed was,Paula,Tim,0.04485677555203438,0.053052064031362534,-0.2420829627577607,False,EleutherAI/pythia-12b,Pythia 12B,,,15000,
4,4_fb_1_s_e_im,False Belief,Implicit,Start,End,passage_hr,passage,4,The person who moved the football to the garage was,Tim,Paula,0.07234726846218109,0.045515239238739014,0.6685888836611463,True,EleutherAI/pythia-12b,Pythia 12B,,,15000,
4,4_tb_1_s_e_ex,True Belief,Explicit,Start,End,passage_hr,passage,1,"At the start of the story, Paula put the football in the",shed,garage,0.8356401920318604,0.09145206212997437,3.1917942773733516,True,EleutherAI/pythia-12b,Pythia 12B,,,15000,
4,4_tb_1_s_e_ex,True Belief,Explicit,Start,End,passage_hr,passage,2,"At the end of the story, the football was in the",garage,shed,0.4000575542449951,0.46226823329925537,-0.2085226570117615,False,EleutherAI/pythia-12b,Pythia 12B,,,15000,
4,4_tb_1_s_e_ex,True Belief,Explicit,Start,End,passage_hr,passage,3,The person who put the football in the shed was,Paula,Tim,0.037391845136880875,0.06232547014951706,-0.7370981965268012,False,EleutherAI/pythia-12b,Pythia 12B,,,15000,
4,4_tb_1_s_e_ex,True Belief,Explicit,Start,End,passage_hr,passage,4,The person who moved the football to the garage was,Tim,Paula,0.1028209701180458,0.04696867987513542,1.1303635789432314,True,EleutherAI/pythia-12b,Pythia 12B,,,15000,
4,4_tb_1_s_e_im,True Belief,Implicit,Start,End,passage_hr,passage,1,"At the start of the story, Paula put the football in the",shed,garage,0.8356401920318604,0.09145206212997437,3.1917942773733516,True,EleutherAI/pythia-12b,Pythia 12B,,,15000,
4,4_tb_1_s_e_im,True Belief,Implicit,Start,End,passage_hr,passage,2,"At the end of the story, the football was in the",garage,shed,0.4000575542449951,0.46226823329925537,-0.2085226570117615,False,EleutherAI/pythia-12b,Pythia 12B,,,15000,
4,4_tb_1_s_e_im,True Belief,Implicit,Start,End,passage_hr,passage,3,The person who put the football in the shed was,Paula,Tim,0.037391845136880875,0.06232547014951706,-0.7370981965268012,False,EleutherAI/pythia-12b,Pythia 12B,,,15000,
4,4_tb_1_s_e_im,True Belief,Implicit,Start,End,passage_hr,passage,4,The person who moved the football to the garage was,Tim,Paula,0.1028209701180458,0.04696867987513542,1.1303635789432314,True,EleutherAI/pythia-12b,Pythia 12B,,,15000,
4,4_fb_1_s_s_ex,False Belief,Explicit,Start,Start,passage_hr,passage,1,"At the start of the story, Paula put the football in the",shed,garage,0.8062858581542969,0.1085977852344513,2.8922967373672357,True,EleutherAI/pythia-12b,Pythia 12B,,,15000,
4,4_fb_1_s_s_ex,False Belief,Explicit,Start,Start,passage_hr,passage,2,"At the end of the story, the football was in the",garage,shed,0.41794994473457336,0.42940494418144226,-0.03900863248668364,False,EleutherAI/pythia-12b,Pythia 12B,,,15000,
4,4_fb_1_s_s_ex,False Belief,Explicit,Start,Start,passage_hr,passage,3,The person who put the football in the shed was,Paula,Tim,0.03479187935590744,0.044243648648262024,-0.34671975420483325,False,EleutherAI/pythia-12b,Pythia 12B,,,15000,
4,4_fb_1_s_s_ex,False Belief,Explicit,Start,Start,passage_hr,passage,4,The person who moved the football to the garage was,Tim,Paula,0.06248988211154938,0.04360358789563179,0.5191757672273554,True,EleutherAI/pythia-12b,Pythia 12B,,,15000,
4,4_fb_1_s_s_im,False Belief,Implicit,Start,Start,passage_hr,passage,1,"At the start of the story, Paula put the football in the",shed,garage,0.8062858581542969,0.1085977852344513,2.8922967373672357,True,EleutherAI/pythia-12b,Pythia 12B,,,15000,
4,4_fb_1_s_s_im,False Belief,Implicit,Start,Start,passage_hr,passage,2,"At the end of the story, the football was in the",garage,shed,0.41794994473457336,0.42940494418144226,-0.03900863248668364,False,EleutherAI/pythia-12b,Pythia 12B,,,15000,
4,4_fb_1_s_s_im,False Belief,Implicit,Start,Start,passage_hr,passage,3,The person who put the football in the shed was,Paula,Tim,0.03479187935590744,0.044243648648262024,-0.34671975420483325,False,EleutherAI/pythia-12b,Pythia 12B,,,15000,
4,4_fb_1_s_s_im,False Belief,Implicit,Start,Start,passage_hr,passage,4,The person who moved the football to the garage was,Tim,Paula,0.06248988211154938,0.04360358789563179,0.5191757672273554,True,EleutherAI/pythia-12b,Pythia 12B,,,15000,
4,4_tb_1_s_s_ex,True Belief,Explicit,Start,Start,passage_hr,passage,1,"At the start of the story, Paula put the football in the",shed,garage,0.7577199339866638,0.15201237797737122,2.3174758992008635,True,EleutherAI/pythia-12b,Pythia 12B,,,15000,
4,4_tb_1_s_s_ex,True Belief,Explicit,Start,Start,passage_hr,passage,2,"At the end of the story, the football was in the",garage,shed,0.499422162771225,0.36447253823280334,0.4544497284374056,True,EleutherAI/pythia-12b,Pythia 12B,,,15000,
4,4_tb_1_s_s_ex,True Belief,Explicit,Start,Start,passage_hr,passage,3,The person who put the football in the shed was,Paula,Tim,0.0305307749658823,0.05437407270073891,-0.8326546821458914,False,EleutherAI/pythia-12b,Pythia 12B,,,15000,
4,4_tb_1_s_s_ex,True Belief,Explicit,Start,Start,passage_hr,passage,4,The person who moved the football to the garage was,Tim,Paula,0.08956443518400192,0.04579095542430878,0.9678633044313054,True,EleutherAI/pythia-12b,Pythia 12B,,,15000,
4,4_tb_1_s_s_im,True Belief,Implicit,Start,Start,passage_hr,passage,1,"At the start of the story, Paula put the football in the",shed,garage,0.7577199339866638,0.15201237797737122,2.3174758992008635,True,EleutherAI/pythia-12b,Pythia 12B,,,15000,
4,4_tb_1_s_s_im,True Belief,Implicit,Start,Start,passage_hr,passage,2,"At the end of the story, the football was in the",garage,shed,0.499422162771225,0.36447253823280334,0.4544497284374056,True,EleutherAI/pythia-12b,Pythia 12B,,,15000,
4,4_tb_1_s_s_im,True Belief,Implicit,Start,Start,passage_hr,passage,3,The person who put the football in the shed was,Paula,Tim,0.0305307749658823,0.05437407270073891,-0.8326546821458914,False,EleutherAI/pythia-12b,Pythia 12B,,,15000,
4,4_tb_1_s_s_im,True Belief,Implicit,Start,Start,passage_hr,passage,4,The person who moved the football to the garage was,Tim,Paula,0.08956443518400192,0.04579095542430878,0.9678633044313054,True,EleutherAI/pythia-12b,Pythia 12B,,,15000,
4,4_fb_1_e_e_ex,False Belief,Explicit,End,End,passage_hr,passage,1,"At the start of the story, Paula put the football in the",shed,garage,0.7261951565742493,0.16004538536071777,2.1818762281820527,True,EleutherAI/pythia-12b,Pythia 12B,,,15000,
4,4_fb_1_e_e_ex,False Belief,Explicit,End,End,passage_hr,passage,2,"At the end of the story, the football was in the",garage,shed,0.4553479850292206,0.3851015567779541,0.24173054476484013,True,EleutherAI/pythia-12b,Pythia 12B,,,15000,
4,4_fb_1_e_e_ex,False Belief,Explicit,End,End,passage_hr,passage,3,The person who put the football in the shed was,Paula,Tim,0.04224247857928276,0.0588177926838398,-0.4775581563567514,False,EleutherAI/pythia-12b,Pythia 12B,,,15000,
4,4_fb_1_e_e_ex,False Belief,Explicit,End,End,passage_hr,passage,4,The person who moved the football to the garage was,Tim,Paula,0.07346887141466141,0.04253982752561569,0.7883189289486529,True,EleutherAI/pythia-12b,Pythia 12B,,,15000,
4,4_fb_1_e_e_im,False Belief,Implicit,End,End,passage_hr,passage,1,"At the start of the story, Paula put the football in the",shed,garage,0.7261951565742493,0.16004538536071777,2.1818762281820527,True,EleutherAI/pythia-12b,Pythia 12B,,,15000,
4,4_fb_1_e_e_im,False Belief,Implicit,End,End,passage_hr,passage,2,"At the end of the story, the football was in the",garage,shed,0.4553479850292206,0.3851015567779541,0.24173054476484013,True,EleutherAI/pythia-12b,Pythia 12B,,,15000,
4,4_fb_1_e_e_im,False Belief,Implicit,End,End,passage_hr,passage,3,The person who put the football in the shed was,Paula,Tim,0.04224247857928276,0.0588177926838398,-0.4775581563567514,False,EleutherAI/pythia-12b,Pythia 12B,,,15000,
4,4_fb_1_e_e_im,False Belief,Implicit,End,End,passage_hr,passage,4,The person who moved the football to the garage was,Tim,Paula,0.07346887141466141,0.04253982752561569,0.7883189289486529,True,EleutherAI/pythia-12b,Pythia 12B,,,15000,
4,4_tb_1_e_e_ex,True Belief,Explicit,End,End,passage_hr,passage,1,"At the start of the story, Paula put the football in the",shed,garage,0.7562421560287476,0.14397308230400085,2.3930491675658674,True,EleutherAI/pythia-12b,Pythia 12B,,,15000,
4,4_tb_1_e_e_ex,True Belief,Explicit,End,End,passage_hr,passage,2,"At the end of the story, the football was in the",garage,shed,0.4321903586387634,0.41726651787757874,0.05069772759556066,True,EleutherAI/pythia-12b,Pythia 12B,,,15000,
4,4_tb_1_e_e_ex,True Belief,Explicit,End,End,passage_hr,passage,3,The person who put the football in the shed was,Paula,Tim,0.038550034165382385,0.06925063580274582,-0.8450951781246439,False,EleutherAI/pythia-12b,Pythia 12B,,,15000,
4,4_tb_1_e_e_ex,True Belief,Explicit,End,End,passage_hr,passage,4,The person who moved the football to the garage was,Tim,Paula,0.11105798184871674,0.05160333216190338,1.1057769521979997,True,EleutherAI/pythia-12b,Pythia 12B,,,15000,
4,4_tb_1_e_e_im,True Belief,Implicit,End,End,passage_hr,passage,1,"At the start of the story, Paula put the football in the",shed,garage,0.7562421560287476,0.14397308230400085,2.3930491675658674,True,EleutherAI/pythia-12b,Pythia 12B,,,15000,
4,4_tb_1_e_e_im,True Belief,Implicit,End,End,passage_hr,passage,2,"At the end of the story, the football was in the",garage,shed,0.4321903586387634,0.41726651787757874,0.05069772759556066,True,EleutherAI/pythia-12b,Pythia 12B,,,15000,
4,4_tb_1_e_e_im,True Belief,Implicit,End,End,passage_hr,passage,3,The person who put the football in the shed was,Paula,Tim,0.038550034165382385,0.06925063580274582,-0.8450951781246439,False,EleutherAI/pythia-12b,Pythia 12B,,,15000,
4,4_tb_1_e_e_im,True Belief,Implicit,End,End,passage_hr,passage,4,The person who moved the football to the garage was,Tim,Paula,0.11105798184871674,0.05160333216190338,1.1057769521979997,True,EleutherAI/pythia-12b,Pythia 12B,,,15000,
4,4_fb_1_e_s_ex,False Belief,Explicit,End,Start,passage_hr,passage,1,"At the start of the story, Paula put the football in the",shed,garage,0.742336630821228,0.14246788620948792,2.3814368038346903,True,EleutherAI/pythia-12b,Pythia 12B,,,15000,
4,4_fb_1_e_s_ex,False Belief,Explicit,End,Start,passage_hr,passage,2,"At the end of the story, the football was in the",garage,shed,0.4356279969215393,0.4004514813423157,0.12146921964884452,True,EleutherAI/pythia-12b,Pythia 12B,,,15000,
4,4_fb_1_e_s_ex,False Belief,Explicit,End,Start,passage_hr,passage,3,The person who put the football in the shed was,Paula,Tim,0.03160012513399124,0.047595832496881485,-0.5909049849493254,False,EleutherAI/pythia-12b,Pythia 12B,,,15000,
4,4_fb_1_e_s_ex,False Belief,Explicit,End,Start,passage_hr,passage,4,The person who moved the football to the garage was,Tim,Paula,0.06366560608148575,0.03970860689878464,0.6810624516983829,True,EleutherAI/pythia-12b,Pythia 12B,,,15000,
4,4_fb_1_e_s_im,False Belief,Implicit,End,Start,passage_hr,passage,1,"At the start of the story, Paula put the football in the",shed,garage,0.742336630821228,0.14246788620948792,2.3814368038346903,True,EleutherAI/pythia-12b,Pythia 12B,,,15000,
4,4_fb_1_e_s_im,False Belief,Implicit,End,Start,passage_hr,passage,2,"At the end of the story, the football was in the",garage,shed,0.4356279969215393,0.4004514813423157,0.12146921964884452,True,EleutherAI/pythia-12b,Pythia 12B,,,15000,
4,4_fb_1_e_s_im,False Belief,Implicit,End,Start,passage_hr,passage,3,The person who put the football in the shed was,Paula,Tim,0.03160012513399124,0.047595832496881485,-0.5909049849493254,False,EleutherAI/pythia-12b,Pythia 12B,,,15000,
4,4_fb_1_e_s_im,False Belief,Implicit,End,Start,passage_hr,passage,4,The person who moved the football to the garage was,Tim,Paula,0.06366560608148575,0.03970860689878464,0.6810624516983829,True,EleutherAI/pythia-12b,Pythia 12B,,,15000,
4,4_tb_1_e_s_ex,True Belief,Explicit,End,Start,passage_hr,passage,1,"At the start of the story, Paula put the football in the",shed,garage,0.6923828125,0.19261756539344788,1.8458306391090675,True,EleutherAI/pythia-12b,Pythia 12B,,,15000,
4,4_tb_1_e_s_ex,True Belief,Explicit,End,Start,passage_hr,passage,2,"At the end of the story, the football was in the",garage,shed,0.49295780062675476,0.3615841269493103,0.4471328040015257,True,EleutherAI/pythia-12b,Pythia 12B,,,15000,
4,4_tb_1_e_s_ex,True Belief,Explicit,End,Start,passage_hr,passage,3,The person who put the football in the shed was,Paula,Tim,0.030352508649230003,0.06089244410395622,-1.0044474602321718,False,EleutherAI/pythia-12b,Pythia 12B,,,15000,
4,4_tb_1_e_s_ex,True Belief,Explicit,End,Start,passage_hr,passage,4,The person who moved the football to the garage was,Tim,Paula,0.09347257763147354,0.0495646670460701,0.915231139596969,True,EleutherAI/pythia-12b,Pythia 12B,,,15000,
4,4_tb_1_e_s_im,True Belief,Implicit,End,Start,passage_hr,passage,1,"At the start of the story, Paula put the football in the",shed,garage,0.6923828125,0.19261756539344788,1.8458306391090675,True,EleutherAI/pythia-12b,Pythia 12B,,,15000,
4,4_tb_1_e_s_im,True Belief,Implicit,End,Start,passage_hr,passage,2,"At the end of the story, the football was in the",garage,shed,0.49295780062675476,0.3615841269493103,0.4471328040015257,True,EleutherAI/pythia-12b,Pythia 12B,,,15000,
4,4_tb_1_e_s_im,True Belief,Implicit,End,Start,passage_hr,passage,3,The person who put the football in the shed was,Paula,Tim,0.030352508649230003,0.06089244410395622,-1.0044474602321718,False,EleutherAI/pythia-12b,Pythia 12B,,,15000,
4,4_tb_1_e_s_im,True Belief,Implicit,End,Start,passage_hr,passage,4,The person who moved the football to the garage was,Tim,Paula,0.09347257763147354,0.0495646670460701,0.915231139596969,True,EleutherAI/pythia-12b,Pythia 12B,,,15000,
5,5_fb_1_s_e_ex,False Belief,Explicit,Start,End,passage_hr,passage,1,"At the start of the story, Ed put the keys in the",hall,study,0.28095826506614685,0.1259673833847046,1.1573056148682006,True,EleutherAI/pythia-12b,Pythia 12B,,,15000,
5,5_fb_1_s_e_ex,False Belief,Explicit,Start,End,passage_hr,passage,2,"At the end of the story, the keys were in the",study,hall,0.20314036309719086,0.21995775401592255,-0.11474953517809602,False,EleutherAI/pythia-12b,Pythia 12B,,,15000,
5,5_fb_1_s_e_ex,False Belief,Explicit,Start,End,passage_hr,passage,3,The person who put the keys in the hall was,Ed,Seana,0.03691137209534645,0.030145354568958282,0.2921296690287278,True,EleutherAI/pythia-12b,Pythia 12B,,,15000,
5,5_fb_1_s_e_ex,False Belief,Explicit,Start,End,passage_hr,passage,4,The person who moved the keys to the study was,Seana,Ed,0.050564974546432495,0.041856490075588226,0.2726870640111606,True,EleutherAI/pythia-12b,Pythia 12B,,,15000,
5,5_fb_1_s_e_im,False Belief,Implicit,Start,End,passage_hr,passage,1,"At the start of the story, Ed put the keys in the",hall,study,0.28095826506614685,0.1259673833847046,1.1573056148682006,True,EleutherAI/pythia-12b,Pythia 12B,,,15000,
5,5_fb_1_s_e_im,False Belief,Implicit,Start,End,passage_hr,passage,2,"At the end of the story, the keys were in the",study,hall,0.20314036309719086,0.21995775401592255,-0.11474953517809602,False,EleutherAI/pythia-12b,Pythia 12B,,,15000,
5,5_fb_1_s_e_im,False Belief,Implicit,Start,End,passage_hr,passage,3,The person who put the keys in the hall was,Ed,Seana,0.03691137209534645,0.030145354568958282,0.2921296690287278,True,EleutherAI/pythia-12b,Pythia 12B,,,15000,
5,5_fb_1_s_e_im,False Belief,Implicit,Start,End,passage_hr,passage,4,The person who moved the keys to the study was,Seana,Ed,0.050564974546432495,0.041856490075588226,0.2726870640111606,True,EleutherAI/pythia-12b,Pythia 12B,,,15000,
5,5_tb_1_s_e_ex,True Belief,Explicit,Start,End,passage_hr,passage,1,"At the start of the story, Ed put the keys in the",hall,study,0.1752711534500122,0.09151583909988403,0.9374952088971502,True,EleutherAI/pythia-12b,Pythia 12B,,,15000,
5,5_tb_1_s_e_ex,True Belief,Explicit,Start,End,passage_hr,passage,2,"At the end of the story, the keys were in the",study,hall,0.15009988844394684,0.1442400962114334,0.057450640536885644,True,EleutherAI/pythia-12b,Pythia 12B,,,15000,
5,5_tb_1_s_e_ex,True Belief,Explicit,Start,End,passage_hr,passage,3,The person who put the keys in the hall was,Ed,Seana,0.045880161225795746,0.02414816990494728,0.9259566040773716,True,EleutherAI/pythia-12b,Pythia 12B,,,15000,
5,5_tb_1_s_e_ex,True Belief,Explicit,Start,End,passage_hr,passage,4,The person who moved the keys to the study was,Seana,Ed,0.027360765263438225,0.03521746024489403,-0.36418228893964977,False,EleutherAI/pythia-12b,Pythia 12B,,,15000,
5,5_tb_1_s_e_im,True Belief,Implicit,Start,End,passage_hr,passage,1,"At the start of the story, Ed put the keys in the",hall,study,0.1752711534500122,0.09151583909988403,0.9374952088971502,True,EleutherAI/pythia-12b,Pythia 12B,,,15000,
5,5_tb_1_s_e_im,True Belief,Implicit,Start,End,passage_hr,passage,2,"At the end of the story, the keys were in the",study,hall,0.15009988844394684,0.1442400962114334,0.057450640536885644,True,EleutherAI/pythia-12b,Pythia 12B,,,15000,
5,5_tb_1_s_e_im,True Belief,Implicit,Start,End,passage_hr,passage,3,The person who put the keys in the hall was,Ed,Seana,0.045880161225795746,0.02414816990494728,0.9259566040773716,True,EleutherAI/pythia-12b,Pythia 12B,,,15000,
5,5_tb_1_s_e_im,True Belief,Implicit,Start,End,passage_hr,passage,4,The person who moved the keys to the study was,Seana,Ed,0.027360765263438225,0.03521746024489403,-0.36418228893964977,False,EleutherAI/pythia-12b,Pythia 12B,,,15000,
5,5_fb_1_s_s_ex,False Belief,Explicit,Start,Start,passage_hr,passage,1,"At the start of the story, Ed put the keys in the",hall,study,0.19872324168682098,0.1933467537164688,0.039570071089563404,True,EleutherAI/pythia-12b,Pythia 12B,,,15000,
5,5_fb_1_s_s_ex,False Belief,Explicit,Start,Start,passage_hr,passage,2,"At the end of the story, the keys were in the",study,hall,0.23235855996608734,0.2032168060541153,0.19333307585167778,True,EleutherAI/pythia-12b,Pythia 12B,,,15000,
5,5_fb_1_s_s_ex,False Belief,Explicit,Start,Start,passage_hr,passage,3,The person who put the keys in the hall was,Ed,Seana,0.039884161204099655,0.03207211568951607,0.3144964105475241,True,EleutherAI/pythia-12b,Pythia 12B,,,15000,
5,5_fb_1_s_s_ex,False Belief,Explicit,Start,Start,passage_hr,passage,4,The person who moved the keys to the study was,Seana,Ed,0.05141090229153633,0.04347849637269974,0.24177228429765998,True,EleutherAI/pythia-12b,Pythia 12B,,,15000,
5,5_fb_1_s_s_im,False Belief,Implicit,Start,Start,passage_hr,passage,1,"At the start of the story, Ed put the keys in the",hall,study,0.19872324168682098,0.1933467537164688,0.039570071089563404,True,EleutherAI/pythia-12b,Pythia 12B,,,15000,
5,5_fb_1_s_s_im,False Belief,Implicit,Start,Start,passage_hr,passage,2,"At the end of the story, the keys were in the",study,hall,0.23235855996608734,0.2032168060541153,0.19333307585167778,True,EleutherAI/pythia-12b,Pythia 12B,,,15000,
5,5_fb_1_s_s_im,False Belief,Implicit,Start,Start,passage_hr,passage,3,The person who put the keys in the hall was,Ed,Seana,0.039884161204099655,0.03207211568951607,0.3144964105475241,True,EleutherAI/pythia-12b,Pythia 12B,,,15000,
5,5_fb_1_s_s_im,False Belief,Implicit,Start,Start,passage_hr,passage,4,The person who moved the keys to the study was,Seana,Ed,0.05141090229153633,0.04347849637269974,0.24177228429765998,True,EleutherAI/pythia-12b,Pythia 12B,,,15000,
5,5_tb_1_s_s_ex,True Belief,Explicit,Start,Start,passage_hr,passage,1,"At the start of the story, Ed put the keys in the",hall,study,0.13420946896076202,0.10474257171154022,0.3576385300792345,True,EleutherAI/pythia-12b,Pythia 12B,,,15000,
5,5_tb_1_s_s_ex,True Belief,Explicit,Start,Start,passage_hr,passage,2,"At the end of the story, the keys were in the",study,hall,0.16027191281318665,0.12260519713163376,0.38650148457202543,True,EleutherAI/pythia-12b,Pythia 12B,,,15000,
5,5_tb_1_s_s_ex,True Belief,Explicit,Start,Start,passage_hr,passage,3,The person who put the keys in the hall was,Ed,Seana,0.04949995130300522,0.026590073481202126,0.8965393418368254,True,EleutherAI/pythia-12b,Pythia 12B,,,15000,
5,5_tb_1_s_s_ex,True Belief,Explicit,Start,Start,passage_hr,passage,4,The person who moved the keys to the study was,Seana,Ed,0.028715062886476517,0.03649795800447464,-0.34600802878711695,False,EleutherAI/pythia-12b,Pythia 12B,,,15000,
5,5_tb_1_s_s_im,True Belief,Implicit,Start,Start,passage_hr,passage,1,"At the start of the story, Ed put the keys in the",hall,study,0.13420946896076202,0.10474257171154022,0.3576385300792345,True,EleutherAI/pythia-12b,Pythia 12B,,,15000,
5,5_tb_1_s_s_im,True Belief,Implicit,Start,Start,passage_hr,passage,2,"At the end of the story, the keys were in the",study,hall,0.16027191281318665,0.12260519713163376,0.38650148457202543,True,EleutherAI/pythia-12b,Pythia 12B,,,15000,
5,5_tb_1_s_s_im,True Belief,Implicit,Start,Start,passage_hr,passage,3,The person who put the keys in the hall was,Ed,Seana,0.04949995130300522,0.026590073481202126,0.8965393418368254,True,EleutherAI/pythia-12b,Pythia 12B,,,15000,
5,5_tb_1_s_s_im,True Belief,Implicit,Start,Start,passage_hr,passage,4,The person who moved the keys to the study was,Seana,Ed,0.028715062886476517,0.03649795800447464,-0.34600802878711695,False,EleutherAI/pythia-12b,Pythia 12B,,,15000,
5,5_fb_1_e_e_ex,False Belief,Explicit,End,End,passage_hr,passage,1,"At the start of the story, Ed put the keys in the",hall,study,0.31410732865333557,0.12170703709125519,1.3678450169127867,True,EleutherAI/pythia-12b,Pythia 12B,,,15000,
5,5_fb_1_e_e_ex,False Belief,Explicit,End,End,passage_hr,passage,2,"At the end of the story, the keys were in the",study,hall,0.19589240849018097,0.2870398163795471,-0.5511893832172491,False,EleutherAI/pythia-12b,Pythia 12B,,,15000,
5,5_fb_1_e_e_ex,False Belief,Explicit,End,End,passage_hr,passage,3,The person who put the keys in the hall was,Ed,Seana,0.042738884687423706,0.04054636508226395,0.07597667506246226,True,EleutherAI/pythia-12b,Pythia 12B,,,15000,
5,5_fb_1_e_e_ex,False Belief,Explicit,End,End,passage_hr,passage,4,The person who moved the keys to the study was,Seana,Ed,0.05628834292292595,0.04544342681765556,0.308764546896453,True,EleutherAI/pythia-12b,Pythia 12B,,,15000,
5,5_fb_1_e_e_im,False Belief,Implicit,End,End,passage_hr,passage,1,"At the start of the story, Ed put the keys in the",hall,study,0.31410732865333557,0.12170703709125519,1.3678450169127867,True,EleutherAI/pythia-12b,Pythia 12B,,,15000,
5,5_fb_1_e_e_im,False Belief,Implicit,End,End,passage_hr,passage,2,"At the end of the story, the keys were in the",study,hall,0.19589240849018097,0.2870398163795471,-0.5511893832172491,False,EleutherAI/pythia-12b,Pythia 12B,,,15000,
5,5_fb_1_e_e_im,False Belief,Implicit,End,End,passage_hr,passage,3,The person who put the keys in the hall was,Ed,Seana,0.042738884687423706,0.04054636508226395,0.07597667506246226,True,EleutherAI/pythia-12b,Pythia 12B,,,15000,
5,5_fb_1_e_e_im,False Belief,Implicit,End,End,passage_hr,passage,4,The person who moved the keys to the study was,Seana,Ed,0.05628834292292595,0.04544342681765556,0.308764546896453,True,EleutherAI/pythia-12b,Pythia 12B,,,15000,
5,5_tb_1_e_e_ex,True Belief,Explicit,End,End,passage_hr,passage,1,"At the start of the story, Ed put the keys in the",hall,study,0.19613704085350037,0.1007147952914238,0.9615863820246052,True,EleutherAI/pythia-12b,Pythia 12B,,,15000,
5,5_tb_1_e_e_ex,True Belief,Explicit,End,End,passage_hr,passage,2,"At the end of the story, the keys were in the",study,hall,0.1566605418920517,0.18860100209712982,-0.267695487725999,False,EleutherAI/pythia-12b,Pythia 12B,,,15000,
5,5_tb_1_e_e_ex,True Belief,Explicit,End,End,passage_hr,passage,3,The person who put the keys in the hall was,Ed,Seana,0.05418364703655243,0.03399178758263588,0.6726712696110311,True,EleutherAI/pythia-12b,Pythia 12B,,,15000,
5,5_tb_1_e_e_ex,True Belief,Explicit,End,End,passage_hr,passage,4,The person who moved the keys to the study was,Seana,Ed,0.031294696033000946,0.038623493164777756,-0.3035604862442435,False,EleutherAI/pythia-12b,Pythia 12B,,,15000,
5,5_tb_1_e_e_im,True Belief,Implicit,End,End,passage_hr,passage,1,"At the start of the story, Ed put the keys in the",hall,study,0.19613704085350037,0.1007147952914238,0.9615863820246052,True,EleutherAI/pythia-12b,Pythia 12B,,,15000,
5,5_tb_1_e_e_im,True Belief,Implicit,End,End,passage_hr,passage,2,"At the end of the story, the keys were in the",study,hall,0.1566605418920517,0.18860100209712982,-0.267695487725999,False,EleutherAI/pythia-12b,Pythia 12B,,,15000,
5,5_tb_1_e_e_im,True Belief,Implicit,End,End,passage_hr,passage,3,The person who put the keys in the hall was,Ed,Seana,0.05418364703655243,0.03399178758263588,0.6726712696110311,True,EleutherAI/pythia-12b,Pythia 12B,,,15000,
5,5_tb_1_e_e_im,True Belief,Implicit,End,End,passage_hr,passage,4,The person who moved the keys to the study was,Seana,Ed,0.031294696033000946,0.038623493164777756,-0.3035604862442435,False,EleutherAI/pythia-12b,Pythia 12B,,,15000,
5,5_fb_1_e_s_ex,False Belief,Explicit,End,Start,passage_hr,passage,1,"At the start of the story, Ed put the keys in the",hall,study,0.23190075159072876,0.189608633518219,0.2904828392837406,True,EleutherAI/pythia-12b,Pythia 12B,,,15000,
5,5_fb_1_e_s_ex,False Belief,Explicit,End,Start,passage_hr,passage,2,"At the end of the story, the keys were in the",study,hall,0.22461853921413422,0.276593416929245,-0.30028981242346764,False,EleutherAI/pythia-12b,Pythia 12B,,,15000,
5,5_fb_1_e_s_ex,False Belief,Explicit,End,Start,passage_hr,passage,3,The person who put the keys in the hall was,Ed,Seana,0.04550667852163315,0.04164879024028778,0.12780369887642695,True,EleutherAI/pythia-12b,Pythia 12B,,,15000,
5,5_fb_1_e_s_ex,False Belief,Explicit,End,Start,passage_hr,passage,4,The person who moved the keys to the study was,Seana,Ed,0.057534072548151016,0.045983221381902695,0.3233090565206756,True,EleutherAI/pythia-12b,Pythia 12B,,,15000,
5,5_fb_1_e_s_im,False Belief,Implicit,End,Start,passage_hr,passage,1,"At the start of the story, Ed put the keys in the",hall,study,0.23190075159072876,0.189608633518219,0.2904828392837406,True,EleutherAI/pythia-12b,Pythia 12B,,,15000,
5,5_fb_1_e_s_im,False Belief,Implicit,End,Start,passage_hr,passage,2,"At the end of the story, the keys were in the",study,hall,0.22461853921413422,0.276593416929245,-0.30028981242346764,False,EleutherAI/pythia-12b,Pythia 12B,,,15000,
5,5_fb_1_e_s_im,False Belief,Implicit,End,Start,passage_hr,passage,3,The person who put the keys in the hall was,Ed,Seana,0.04550667852163315,0.04164879024028778,0.12780369887642695,True,EleutherAI/pythia-12b,Pythia 12B,,,15000,
5,5_fb_1_e_s_im,False Belief,Implicit,End,Start,passage_hr,passage,4,The person who moved the keys to the study was,Seana,Ed,0.057534072548151016,0.045983221381902695,0.3233090565206756,True,EleutherAI/pythia-12b,Pythia 12B,,,15000,
5,5_tb_1_e_s_ex,True Belief,Explicit,End,Start,passage_hr,passage,1,"At the start of the story, Ed put the keys in the",hall,study,0.15819977223873138,0.11218277364969254,0.4958963644386482,True,EleutherAI/pythia-12b,Pythia 12B,,,15000,
5,5_tb_1_e_s_ex,True Belief,Explicit,End,Start,passage_hr,passage,2,"At the end of the story, the keys were in the",study,hall,0.16440965235233307,0.17489704489707947,-0.0892109124221422,False,EleutherAI/pythia-12b,Pythia 12B,,,15000,
5,5_tb_1_e_s_ex,True Belief,Explicit,End,Start,passage_hr,passage,3,The person who put the keys in the hall was,Ed,Seana,0.05681895464658737,0.03519224375486374,0.6911147900620127,True,EleutherAI/pythia-12b,Pythia 12B,,,15000,
5,5_tb_1_e_s_ex,True Belief,Explicit,End,Start,passage_hr,passage,4,The person who moved the keys to the study was,Seana,Ed,0.031882621347904205,0.03942522034049034,-0.3063485672765151,False,EleutherAI/pythia-12b,Pythia 12B,,,15000,
5,5_tb_1_e_s_im,True Belief,Implicit,End,Start,passage_hr,passage,1,"At the start of the story, Ed put the keys in the",hall,study,0.15819977223873138,0.11218277364969254,0.4958963644386482,True,EleutherAI/pythia-12b,Pythia 12B,,,15000,
5,5_tb_1_e_s_im,True Belief,Implicit,End,Start,passage_hr,passage,2,"At the end of the story, the keys were in the",study,hall,0.16440965235233307,0.17489704489707947,-0.0892109124221422,False,EleutherAI/pythia-12b,Pythia 12B,,,15000,
5,5_tb_1_e_s_im,True Belief,Implicit,End,Start,passage_hr,passage,3,The person who put the keys in the hall was,Ed,Seana,0.05681895464658737,0.03519224375486374,0.6911147900620127,True,EleutherAI/pythia-12b,Pythia 12B,,,15000,
5,5_tb_1_e_s_im,True Belief,Implicit,End,Start,passage_hr,passage,4,The person who moved the keys to the study was,Seana,Ed,0.031882621347904205,0.03942522034049034,-0.3063485672765151,False,EleutherAI/pythia-12b,Pythia 12B,,,15000,
6,6_fb_1_s_e_ex,False Belief,Explicit,Start,End,passage_hr,passage,1,"At the start of the story, Laura put the stapler in the",drawer,cabinet,0.6034579873085022,0.1411956548690796,2.095557642133888,True,EleutherAI/pythia-12b,Pythia 12B,,,15000,
6,6_fb_1_s_e_ex,False Belief,Explicit,Start,End,passage_hr,passage,2,"At the end of the story, the stapler was in the",cabinet,drawer,0.20884238183498383,0.4415934383869171,-1.0803042176038278,False,EleutherAI/pythia-12b,Pythia 12B,,,15000,
6,6_fb_1_s_e_ex,False Belief,Explicit,Start,End,passage_hr,passage,3,The person who put the stapler in the drawer was,Laura,Ross,0.05005986988544464,0.04881579801440239,0.036306425620280705,True,EleutherAI/pythia-12b,Pythia 12B,,,15000,
6,6_fb_1_s_e_ex,False Belief,Explicit,Start,End,passage_hr,passage,4,The person who moved the stapler to the cabinet was,Ross,Laura,0.04578688368201256,0.032297104597091675,0.5035295419947889,True,EleutherAI/pythia-12b,Pythia 12B,,,15000,
6,6_fb_1_s_e_im,False Belief,Implicit,Start,End,passage_hr,passage,1,"At the start of the story, Laura put the stapler in the",drawer,cabinet,0.6034579873085022,0.1411956548690796,2.095557642133888,True,EleutherAI/pythia-12b,Pythia 12B,,,15000,
6,6_fb_1_s_e_im,False Belief,Implicit,Start,End,passage_hr,passage,2,"At the end of the story, the stapler was in the",cabinet,drawer,0.20884238183498383,0.4415934383869171,-1.0803042176038278,False,EleutherAI/pythia-12b,Pythia 12B,,,15000,
6,6_fb_1_s_e_im,False Belief,Implicit,Start,End,passage_hr,passage,3,The person who put the stapler in the drawer was,Laura,Ross,0.05005986988544464,0.04881579801440239,0.036306425620280705,True,EleutherAI/pythia-12b,Pythia 12B,,,15000,
6,6_fb_1_s_e_im,False Belief,Implicit,Start,End,passage_hr,passage,4,The person who moved the stapler to the cabinet was,Ross,Laura,0.04578688368201256,0.032297104597091675,0.5035295419947889,True,EleutherAI/pythia-12b,Pythia 12B,,,15000,
6,6_tb_1_s_e_ex,True Belief,Explicit,Start,End,passage_hr,passage,1,"At the start of the story, Laura put the stapler in the",drawer,cabinet,0.5549072623252869,0.17810986936092377,1.639479223562321,True,EleutherAI/pythia-12b,Pythia 12B,,,15000,
6,6_tb_1_s_e_ex,True Belief,Explicit,Start,End,passage_hr,passage,2,"At the end of the story, the stapler was in the",cabinet,drawer,0.3072158694267273,0.3864935338497162,-0.33119153634731197,False,EleutherAI/pythia-12b,Pythia 12B,,,15000,
6,6_tb_1_s_e_ex,True Belief,Explicit,Start,End,passage_hr,passage,3,The person who put the stapler in the drawer was,Laura,Ross,0.0354958139359951,0.033697713166475296,0.0749982070134309,True,EleutherAI/pythia-12b,Pythia 12B,,,15000,
6,6_tb_1_s_e_ex,True Belief,Explicit,Start,End,passage_hr,passage,4,The person who moved the stapler to the cabinet was,Ross,Laura,0.030482565984129906,0.023655278608202934,0.36582219941199506,True,EleutherAI/pythia-12b,Pythia 12B,,,15000,
6,6_tb_1_s_e_im,True Belief,Implicit,Start,End,passage_hr,passage,1,"At the start of the story, Laura put the stapler in the",drawer,cabinet,0.5549072623252869,0.17810986936092377,1.639479223562321,True,EleutherAI/pythia-12b,Pythia 12B,,,15000,
6,6_tb_1_s_e_im,True Belief,Implicit,Start,End,passage_hr,passage,2,"At the end of the story, the stapler was in the",cabinet,drawer,0.3072158694267273,0.3864935338497162,-0.33119153634731197,False,EleutherAI/pythia-12b,Pythia 12B,,,15000,
6,6_tb_1_s_e_im,True Belief,Implicit,Start,End,passage_hr,passage,3,The person who put the stapler in the drawer was,Laura,Ross,0.0354958139359951,0.033697713166475296,0.0749982070134309,True,EleutherAI/pythia-12b,Pythia 12B,,,15000,
6,6_tb_1_s_e_im,True Belief,Implicit,Start,End,passage_hr,passage,4,The person who moved the stapler to the cabinet was,Ross,Laura,0.030482565984129906,0.023655278608202934,0.36582219941199506,True,EleutherAI/pythia-12b,Pythia 12B,,,15000,
6,6_fb_1_s_s_ex,False Belief,Explicit,Start,Start,passage_hr,passage,1,"At the start of the story, Laura put the stapler in the",drawer,cabinet,0.6533587574958801,0.08283992111682892,2.979477304335025,True,EleutherAI/pythia-12b,Pythia 12B,,,15000,
6,6_fb_1_s_s_ex,False Belief,Explicit,Start,Start,passage_hr,passage,2,"At the end of the story, the stapler was in the",cabinet,drawer,0.1012076660990715,0.5019174218177795,-2.310131450790068,False,EleutherAI/pythia-12b,Pythia 12B,,,15000,
6,6_fb_1_s_s_ex,False Belief,Explicit,Start,Start,passage_hr,passage,3,The person who put the stapler in the drawer was,Laura,Ross,0.04728645831346512,0.06217193603515625,-0.3948364150286109,False,EleutherAI/pythia-12b,Pythia 12B,,,15000,
6,6_fb_1_s_s_ex,False Belief,Explicit,Start,Start,passage_hr,passage,4,The person who moved the stapler to the cabinet was,Ross,Laura,0.04814715310931206,0.031858548521995544,0.5957699564856369,True,EleutherAI/pythia-12b,Pythia 12B,,,15000,
6,6_fb_1_s_s_im,False Belief,Implicit,Start,Start,passage_hr,passage,1,"At the start of the story, Laura put the stapler in the",drawer,cabinet,0.6533587574958801,0.08283992111682892,2.979477304335025,True,EleutherAI/pythia-12b,Pythia 12B,,,15000,
6,6_fb_1_s_s_im,False Belief,Implicit,Start,Start,passage_hr,passage,2,"At the end of the story, the stapler was in the",cabinet,drawer,0.1012076660990715,0.5019174218177795,-2.310131450790068,False,EleutherAI/pythia-12b,Pythia 12B,,,15000,
6,6_fb_1_s_s_im,False Belief,Implicit,Start,Start,passage_hr,passage,3,The person who put the stapler in the drawer was,Laura,Ross,0.04728645831346512,0.06217193603515625,-0.3948364150286109,False,EleutherAI/pythia-12b,Pythia 12B,,,15000,
6,6_fb_1_s_s_im,False Belief,Implicit,Start,Start,passage_hr,passage,4,The person who moved the stapler to the cabinet was,Ross,Laura,0.04814715310931206,0.031858548521995544,0.5957699564856369,True,EleutherAI/pythia-12b,Pythia 12B,,,15000,
6,6_tb_1_s_s_ex,True Belief,Explicit,Start,Start,passage_hr,passage,1,"At the start of the story, Laura put the stapler in the",drawer,cabinet,0.6884815096855164,0.08636739104986191,2.99485929384585,True,EleutherAI/pythia-12b,Pythia 12B,,,15000,
6,6_tb_1_s_s_ex,True Belief,Explicit,Start,Start,passage_hr,passage,2,"At the end of the story, the stapler was in the",cabinet,drawer,0.11203653365373611,0.5997675657272339,-2.4204342530955905,False,EleutherAI/pythia-12b,Pythia 12B,,,15000,
6,6_tb_1_s_s_ex,True Belief,Explicit,Start,Start,passage_hr,passage,3,The person who put the stapler in the drawer was,Laura,Ross,0.03688303753733635,0.048541150987148285,-0.3962508422958822,False,EleutherAI/pythia-12b,Pythia 12B,,,15000,
6,6_tb_1_s_s_ex,True Belief,Explicit,Start,Start,passage_hr,passage,4,The person who moved the stapler to the cabinet was,Ross,Laura,0.03413558378815651,0.024434303864836693,0.48236842243962996,True,EleutherAI/pythia-12b,Pythia 12B,,,15000,
6,6_tb_1_s_s_im,True Belief,Implicit,Start,Start,passage_hr,passage,1,"At the start of the story, Laura put the stapler in the",drawer,cabinet,0.6884815096855164,0.08636739104986191,2.99485929384585,True,EleutherAI/pythia-12b,Pythia 12B,,,15000,
6,6_tb_1_s_s_im,True Belief,Implicit,Start,Start,passage_hr,passage,2,"At the end of the story, the stapler was in the",cabinet,drawer,0.11203653365373611,0.5997675657272339,-2.4204342530955905,False,EleutherAI/pythia-12b,Pythia 12B,,,15000,
6,6_tb_1_s_s_im,True Belief,Implicit,Start,Start,passage_hr,passage,3,The person who put the stapler in the drawer was,Laura,Ross,0.03688303753733635,0.048541150987148285,-0.3962508422958822,False,EleutherAI/pythia-12b,Pythia 12B,,,15000,
6,6_tb_1_s_s_im,True Belief,Implicit,Start,Start,passage_hr,passage,4,The person who moved the stapler to the cabinet was,Ross,Laura,0.03413558378815651,0.024434303864836693,0.48236842243962996,True,EleutherAI/pythia-12b,Pythia 12B,,,15000,
6,6_fb_1_e_e_ex,False Belief,Explicit,End,End,passage_hr,passage,1,"At the start of the story, Laura put the stapler in the",drawer,cabinet,0.549518883228302,0.15465664863586426,1.8291002019257523,True,EleutherAI/pythia-12b,Pythia 12B,,,15000,
6,6_fb_1_e_e_ex,False Belief,Explicit,End,End,passage_hr,passage,2,"At the end of the story, the stapler was in the",cabinet,drawer,0.1858309656381607,0.4422503411769867,-1.250872333018855,False,EleutherAI/pythia-12b,Pythia 12B,,,15000,
6,6_fb_1_e_e_ex,False Belief,Explicit,End,End,passage_hr,passage,3,The person who put the stapler in the drawer was,Laura,Ross,0.049714095890522,0.05342930182814598,-0.10397619502694197,False,EleutherAI/pythia-12b,Pythia 12B,,,15000,
6,6_fb_1_e_e_ex,False Belief,Explicit,End,End,passage_hr,passage,4,The person who moved the stapler to the cabinet was,Ross,Laura,0.04404580220580101,0.03534761071205139,0.3173918286125543,True,EleutherAI/pythia-12b,Pythia 12B,,,15000,
6,6_fb_1_e_e_im,False Belief,Implicit,End,End,passage_hr,passage,1,"At the start of the story, Laura put the stapler in the",drawer,cabinet,0.549518883228302,0.15465664863586426,1.8291002019257523,True,EleutherAI/pythia-12b,Pythia 12B,,,15000,
6,6_fb_1_e_e_im,False Belief,Implicit,End,End,passage_hr,passage,2,"At the end of the story, the stapler was in the",cabinet,drawer,0.1858309656381607,0.4422503411769867,-1.250872333018855,False,EleutherAI/pythia-12b,Pythia 12B,,,15000,
6,6_fb_1_e_e_im,False Belief,Implicit,End,End,passage_hr,passage,3,The person who put the stapler in the drawer was,Laura,Ross,0.049714095890522,0.05342930182814598,-0.10397619502694197,False,EleutherAI/pythia-12b,Pythia 12B,,,15000,
6,6_fb_1_e_e_im,False Belief,Implicit,End,End,passage_hr,passage,4,The person who moved the stapler to the cabinet was,Ross,Laura,0.04404580220580101,0.03534761071205139,0.3173918286125543,True,EleutherAI/pythia-12b,Pythia 12B,,,15000,
6,6_tb_1_e_e_ex,True Belief,Explicit,End,End,passage_hr,passage,1,"At the start of the story, Laura put the stapler in the",drawer,cabinet,0.5211988687515259,0.1722436547279358,1.597383116011879,True,EleutherAI/pythia-12b,Pythia 12B,,,15000,
6,6_tb_1_e_e_ex,True Belief,Explicit,End,End,passage_hr,passage,2,"At the end of the story, the stapler was in the",cabinet,drawer,0.2279394119977951,0.4342716336250305,-0.9299473236496426,False,EleutherAI/pythia-12b,Pythia 12B,,,15000,
6,6_tb_1_e_e_ex,True Belief,Explicit,End,End,passage_hr,passage,3,The person who put the stapler in the drawer was,Laura,Ross,0.035515714436769485,0.03612292930483818,-0.02445738258329855,False,EleutherAI/pythia-12b,Pythia 12B,,,15000,
6,6_tb_1_e_e_ex,True Belief,Explicit,End,End,passage_hr,passage,4,The person who moved the stapler to the cabinet was,Ross,Laura,0.03005138970911503,0.025623556226491928,0.22996099162114775,True,EleutherAI/pythia-12b,Pythia 12B,,,15000,
6,6_tb_1_e_e_im,True Belief,Implicit,End,End,passage_hr,passage,1,"At the start of the story, Laura put the stapler in the",drawer,cabinet,0.5211988687515259,0.1722436547279358,1.597383116011879,True,EleutherAI/pythia-12b,Pythia 12B,,,15000,
6,6_tb_1_e_e_im,True Belief,Implicit,End,End,passage_hr,passage,2,"At the end of the story, the stapler was in the",cabinet,drawer,0.2279394119977951,0.4342716336250305,-0.9299473236496426,False,EleutherAI/pythia-12b,Pythia 12B,,,15000,
6,6_tb_1_e_e_im,True Belief,Implicit,End,End,passage_hr,passage,3,The person who put the stapler in the drawer was,Laura,Ross,0.035515714436769485,0.03612292930483818,-0.02445738258329855,False,EleutherAI/pythia-12b,Pythia 12B,,,15000,
6,6_tb_1_e_e_im,True Belief,Implicit,End,End,passage_hr,passage,4,The person who moved the stapler to the cabinet was,Ross,Laura,0.03005138970911503,0.025623556226491928,0.22996099162114775,True,EleutherAI/pythia-12b,Pythia 12B,,,15000,
6,6_fb_1_e_s_ex,False Belief,Explicit,End,Start,passage_hr,passage,1,"At the start of the story, Laura put the stapler in the",drawer,cabinet,0.5879928469657898,0.09361622482538223,2.6509681114233445,True,EleutherAI/pythia-12b,Pythia 12B,,,15000,
6,6_fb_1_e_s_ex,False Belief,Explicit,End,Start,passage_hr,passage,2,"At the end of the story, the stapler was in the",cabinet,drawer,0.09734109044075012,0.4776369631290436,-2.294793646208469,False,EleutherAI/pythia-12b,Pythia 12B,,,15000,
6,6_fb_1_e_s_ex,False Belief,Explicit,End,Start,passage_hr,passage,3,The person who put the stapler in the drawer was,Laura,Ross,0.04909198358654976,0.06877633184194565,-0.4864247116475007,False,EleutherAI/pythia-12b,Pythia 12B,,,15000,
6,6_fb_1_e_s_ex,False Belief,Explicit,End,Start,passage_hr,passage,4,The person who moved the stapler to the cabinet was,Ross,Laura,0.048205237835645676,0.036072734743356705,0.41828111310532384,True,EleutherAI/pythia-12b,Pythia 12B,,,15000,
6,6_fb_1_e_s_im,False Belief,Implicit,End,Start,passage_hr,passage,1,"At the start of the story, Laura put the stapler in the",drawer,cabinet,0.5879928469657898,0.09361622482538223,2.6509681114233445,True,EleutherAI/pythia-12b,Pythia 12B,,,15000,
6,6_fb_1_e_s_im,False Belief,Implicit,End,Start,passage_hr,passage,2,"At the end of the story, the stapler was in the",cabinet,drawer,0.09734109044075012,0.4776369631290436,-2.294793646208469,False,EleutherAI/pythia-12b,Pythia 12B,,,15000,
6,6_fb_1_e_s_im,False Belief,Implicit,End,Start,passage_hr,passage,3,The person who put the stapler in the drawer was,Laura,Ross,0.04909198358654976,0.06877633184194565,-0.4864247116475007,False,EleutherAI/pythia-12b,Pythia 12B,,,15000,
6,6_fb_1_e_s_im,False Belief,Implicit,End,Start,passage_hr,passage,4,The person who moved the stapler to the cabinet was,Ross,Laura,0.048205237835645676,0.036072734743356705,0.41828111310532384,True,EleutherAI/pythia-12b,Pythia 12B,,,15000,
6,6_tb_1_e_s_ex,True Belief,Explicit,End,Start,passage_hr,passage,1,"At the start of the story, Laura put the stapler in the",drawer,cabinet,0.6025976538658142,0.11225064098834991,2.424471372744563,True,EleutherAI/pythia-12b,Pythia 12B,,,15000,
6,6_tb_1_e_s_ex,True Belief,Explicit,End,Start,passage_hr,passage,2,"At the end of the story, the stapler was in the",cabinet,drawer,0.12462745606899261,0.5418714880943298,-2.120328801652635,False,EleutherAI/pythia-12b,Pythia 12B,,,15000,
6,6_tb_1_e_s_ex,True Belief,Explicit,End,Start,passage_hr,passage,3,The person who put the stapler in the drawer was,Laura,Ross,0.03775251656770706,0.053917109966278076,-0.5141703509680734,False,EleutherAI/pythia-12b,Pythia 12B,,,15000,
6,6_tb_1_e_s_ex,True Belief,Explicit,End,Start,passage_hr,passage,4,The person who moved the stapler to the cabinet was,Ross,Laura,0.03561614081263542,0.02674938179552555,0.4130256518693734,True,EleutherAI/pythia-12b,Pythia 12B,,,15000,
6,6_tb_1_e_s_im,True Belief,Implicit,End,Start,passage_hr,passage,1,"At the start of the story, Laura put the stapler in the",drawer,cabinet,0.6025976538658142,0.11225064098834991,2.424471372744563,True,EleutherAI/pythia-12b,Pythia 12B,,,15000,
6,6_tb_1_e_s_im,True Belief,Implicit,End,Start,passage_hr,passage,2,"At the end of the story, the stapler was in the",cabinet,drawer,0.12462745606899261,0.5418714880943298,-2.120328801652635,False,EleutherAI/pythia-12b,Pythia 12B,,,15000,
6,6_tb_1_e_s_im,True Belief,Implicit,End,Start,passage_hr,passage,3,The person who put the stapler in the drawer was,Laura,Ross,0.03775251656770706,0.053917109966278076,-0.5141703509680734,False,EleutherAI/pythia-12b,Pythia 12B,,,15000,
6,6_tb_1_e_s_im,True Belief,Implicit,End,Start,passage_hr,passage,4,The person who moved the stapler to the cabinet was,Ross,Laura,0.03561614081263542,0.02674938179552555,0.4130256518693734,True,EleutherAI/pythia-12b,Pythia 12B,,,15000,
