item,item_id,condition,question_id,question,correct_answer,distractor_answer,prob_correct,prob_distractor,log_odds,is_correct,model_path,model_shorthand,stage,ingredient,step,tokens_seen
7,,,1,"At the start of the story, David put the wine in the",garage,fridge,0.7028041481971741,0.24536193907260895,1.5182112334172762,True,allenai/OLMo-2-1124-7B,OLMO 2 7B,stage2,ingredient3,4000,17B
7,,,2,"At the end of the story, the wine was in the",fridge,garage,0.5412160754203796,0.3158249855041504,0.7770793814559356,True,allenai/OLMo-2-1124-7B,OLMO 2 7B,stage2,ingredient3,4000,17B
7,,,3,The person who put the wine in the garage was,David,Marta,0.08980302512645721,0.020203353837132454,2.1521692387842077,True,allenai/OLMo-2-1124-7B,OLMO 2 7B,stage2,ingredient3,4000,17B
7,,,4,The person who moved the wine to the fridge was,Marta,David,0.06269466131925583,0.05417448654770851,0.21072902259514353,True,allenai/OLMo-2-1124-7B,OLMO 2 7B,stage2,ingredient3,4000,17B
7,,,1,"At the start of the story, David put the wine in the",garage,fridge,0.7028041481971741,0.24536193907260895,1.5182112334172762,True,allenai/OLMo-2-1124-7B,OLMO 2 7B,stage2,ingredient3,4000,17B
7,,,2,"At the end of the story, the wine was in the",fridge,garage,0.5412160754203796,0.3158249855041504,0.7770793814559356,True,allenai/OLMo-2-1124-7B,OLMO 2 7B,stage2,ingredient3,4000,17B
7,,,3,The person who put the wine in the garage was,David,Marta,0.08980302512645721,0.020203353837132454,2.1521692387842077,True,allenai/OLMo-2-1124-7B,OLMO 2 7B,stage2,ingredient3,4000,17B
7,,,4,The person who moved the wine to the fridge was,Marta,David,0.06269466131925583,0.05417448654770851,0.21072902259514353,True,allenai/OLMo-2-1124-7B,OLMO 2 7B,stage2,ingredient3,4000,17B
7,,,1,"At the start of the story, David put the wine in the",garage,fridge,0.4814506769180298,0.4512229263782501,0.09354763403933217,True,allenai/OLMo-2-1124-7B,OLMO 2 7B,stage2,ingredient3,4000,17B
7,,,2,"At the end of the story, the wine was in the",fridge,garage,0.6902076601982117,0.1833297312259674,1.9125897136938799,True,allenai/OLMo-2-1124-7B,OLMO 2 7B,stage2,ingredient3,4000,17B
7,,,3,The person who put the wine in the garage was,David,Marta,0.08698616921901703,0.03724152594804764,1.2238738433870981,True,allenai/OLMo-2-1124-7B,OLMO 2 7B,stage2,ingredient3,4000,17B
7,,,4,The person who moved the wine to the fridge was,Marta,David,0.01276235282421112,0.030876370146870613,-1.2746088340796935,False,allenai/OLMo-2-1124-7B,OLMO 2 7B,stage2,ingredient3,4000,17B
7,,,1,"At the start of the story, David put the wine in the",garage,fridge,0.4814506769180298,0.4512229263782501,0.09354763403933217,True,allenai/OLMo-2-1124-7B,OLMO 2 7B,stage2,ingredient3,4000,17B
7,,,2,"At the end of the story, the wine was in the",fridge,garage,0.6902076601982117,0.1833297312259674,1.9125897136938799,True,allenai/OLMo-2-1124-7B,OLMO 2 7B,stage2,ingredient3,4000,17B
7,,,3,The person who put the wine in the garage was,David,Marta,0.08698616921901703,0.03724152594804764,1.2238738433870981,True,allenai/OLMo-2-1124-7B,OLMO 2 7B,stage2,ingredient3,4000,17B
7,,,4,The person who moved the wine to the fridge was,Marta,David,0.01276235282421112,0.030876370146870613,-1.2746088340796935,False,allenai/OLMo-2-1124-7B,OLMO 2 7B,stage2,ingredient3,4000,17B
7,,,1,"At the start of the story, David put the wine in the",garage,fridge,0.707184374332428,0.22806233167648315,1.6326582168440569,True,allenai/OLMo-2-1124-7B,OLMO 2 7B,stage2,ingredient3,4000,17B
7,,,2,"At the end of the story, the wine was in the",fridge,garage,0.5108157396316528,0.33802247047424316,0.595683824424492,True,allenai/OLMo-2-1124-7B,OLMO 2 7B,stage2,ingredient3,4000,17B
7,,,3,The person who put the wine in the garage was,David,Marta,0.08779136091470718,0.01043388620018959,3.072802375280391,True,allenai/OLMo-2-1124-7B,OLMO 2 7B,stage2,ingredient3,4000,17B
7,,,4,The person who moved the wine to the fridge was,Marta,David,0.0357210636138916,0.046656154096126556,-0.38529235160424896,False,allenai/OLMo-2-1124-7B,OLMO 2 7B,stage2,ingredient3,4000,17B
7,,,1,"At the start of the story, David put the wine in the",garage,fridge,0.707184374332428,0.22806233167648315,1.6326582168440569,True,allenai/OLMo-2-1124-7B,OLMO 2 7B,stage2,ingredient3,4000,17B
7,,,2,"At the end of the story, the wine was in the",fridge,garage,0.5108157396316528,0.33802247047424316,0.595683824424492,True,allenai/OLMo-2-1124-7B,OLMO 2 7B,stage2,ingredient3,4000,17B
7,,,3,The person who put the wine in the garage was,David,Marta,0.08779136091470718,0.01043388620018959,3.072802375280391,True,allenai/OLMo-2-1124-7B,OLMO 2 7B,stage2,ingredient3,4000,17B
7,,,4,The person who moved the wine to the fridge was,Marta,David,0.0357210636138916,0.046656154096126556,-0.38529235160424896,False,allenai/OLMo-2-1124-7B,OLMO 2 7B,stage2,ingredient3,4000,17B
7,,,1,"At the start of the story, David put the wine in the",garage,fridge,0.28808900713920593,0.6348081231117249,-1.13980597787139,False,allenai/OLMo-2-1124-7B,OLMO 2 7B,stage2,ingredient3,4000,17B
7,,,2,"At the end of the story, the wine was in the",fridge,garage,0.7248609066009521,0.12129893153905869,2.5791373407096807,True,allenai/OLMo-2-1124-7B,OLMO 2 7B,stage2,ingredient3,4000,17B
7,,,3,The person who put the wine in the garage was,David,Marta,0.085367351770401,0.0419732928276062,1.024212777422532,True,allenai/OLMo-2-1124-7B,OLMO 2 7B,stage2,ingredient3,4000,17B
7,,,4,The person who moved the wine to the fridge was,Marta,David,0.014981243759393692,0.024509500712156296,-0.7101836921769836,False,allenai/OLMo-2-1124-7B,OLMO 2 7B,stage2,ingredient3,4000,17B
7,,,1,"At the start of the story, David put the wine in the",garage,fridge,0.28808900713920593,0.6348081231117249,-1.13980597787139,False,allenai/OLMo-2-1124-7B,OLMO 2 7B,stage2,ingredient3,4000,17B
7,,,2,"At the end of the story, the wine was in the",fridge,garage,0.7248609066009521,0.12129893153905869,2.5791373407096807,True,allenai/OLMo-2-1124-7B,OLMO 2 7B,stage2,ingredient3,4000,17B
7,,,3,The person who put the wine in the garage was,David,Marta,0.085367351770401,0.0419732928276062,1.024212777422532,True,allenai/OLMo-2-1124-7B,OLMO 2 7B,stage2,ingredient3,4000,17B
7,,,4,The person who moved the wine to the fridge was,Marta,David,0.014981243759393692,0.024509500712156296,-0.7101836921769836,False,allenai/OLMo-2-1124-7B,OLMO 2 7B,stage2,ingredient3,4000,17B
7,,,1,"At the start of the story, David put the wine in the",garage,fridge,0.7118114233016968,0.24369631707668304,1.5464106375856563,True,allenai/OLMo-2-1124-7B,OLMO 2 7B,stage2,ingredient3,4000,17B
7,,,2,"At the end of the story, the wine was in the",fridge,garage,0.5117068886756897,0.31797292828559875,0.6864137133038868,True,allenai/OLMo-2-1124-7B,OLMO 2 7B,stage2,ingredient3,4000,17B
7,,,3,The person who put the wine in the garage was,David,Marta,0.0699058398604393,0.021275710314512253,1.7162056830842634,True,allenai/OLMo-2-1124-7B,OLMO 2 7B,stage2,ingredient3,4000,17B
7,,,4,The person who moved the wine to the fridge was,Marta,David,0.10070504248142242,0.048001520335674286,1.0689839178170808,True,allenai/OLMo-2-1124-7B,OLMO 2 7B,stage2,ingredient3,4000,17B
7,,,1,"At the start of the story, David put the wine in the",garage,fridge,0.7118114233016968,0.24369631707668304,1.5464106375856563,True,allenai/OLMo-2-1124-7B,OLMO 2 7B,stage2,ingredient3,4000,17B
7,,,2,"At the end of the story, the wine was in the",fridge,garage,0.5117068886756897,0.31797292828559875,0.6864137133038868,True,allenai/OLMo-2-1124-7B,OLMO 2 7B,stage2,ingredient3,4000,17B
7,,,3,The person who put the wine in the garage was,David,Marta,0.0699058398604393,0.021275710314512253,1.7162056830842634,True,allenai/OLMo-2-1124-7B,OLMO 2 7B,stage2,ingredient3,4000,17B
7,,,4,The person who moved the wine to the fridge was,Marta,David,0.10070504248142242,0.048001520335674286,1.0689839178170808,True,allenai/OLMo-2-1124-7B,OLMO 2 7B,stage2,ingredient3,4000,17B
7,,,1,"At the start of the story, David put the wine in the",garage,fridge,0.5883998274803162,0.3346831798553467,0.8140007761505252,True,allenai/OLMo-2-1124-7B,OLMO 2 7B,stage2,ingredient3,4000,17B
7,,,2,"At the end of the story, the wine was in the",fridge,garage,0.6071687936782837,0.23556193709373474,1.3659912008685164,True,allenai/OLMo-2-1124-7B,OLMO 2 7B,stage2,ingredient3,4000,17B
7,,,3,The person who put the wine in the garage was,David,Marta,0.11917977780103683,0.06340599060058594,0.9104484050005113,True,allenai/OLMo-2-1124-7B,OLMO 2 7B,stage2,ingredient3,4000,17B
7,,,4,The person who moved the wine to the fridge was,Marta,David,0.033933017402887344,0.05164816230535507,-0.6060272938786997,False,allenai/OLMo-2-1124-7B,OLMO 2 7B,stage2,ingredient3,4000,17B
7,,,1,"At the start of the story, David put the wine in the",garage,fridge,0.5883998274803162,0.3346831798553467,0.8140007761505252,True,allenai/OLMo-2-1124-7B,OLMO 2 7B,stage2,ingredient3,4000,17B
7,,,2,"At the end of the story, the wine was in the",fridge,garage,0.6071687936782837,0.23556193709373474,1.3659912008685164,True,allenai/OLMo-2-1124-7B,OLMO 2 7B,stage2,ingredient3,4000,17B
7,,,3,The person who put the wine in the garage was,David,Marta,0.11917977780103683,0.06340599060058594,0.9104484050005113,True,allenai/OLMo-2-1124-7B,OLMO 2 7B,stage2,ingredient3,4000,17B
7,,,4,The person who moved the wine to the fridge was,Marta,David,0.033933017402887344,0.05164816230535507,-0.6060272938786997,False,allenai/OLMo-2-1124-7B,OLMO 2 7B,stage2,ingredient3,4000,17B
7,,,1,"At the start of the story, David put the wine in the",garage,fridge,0.7588326930999756,0.19081902503967285,1.9915768182054323,True,allenai/OLMo-2-1124-7B,OLMO 2 7B,stage2,ingredient3,4000,17B
7,,,2,"At the end of the story, the wine was in the",fridge,garage,0.436325341463089,0.40832188725471497,0.09569736450631813,True,allenai/OLMo-2-1124-7B,OLMO 2 7B,stage2,ingredient3,4000,17B
7,,,3,The person who put the wine in the garage was,David,Marta,0.0753544494509697,0.017253370955586433,2.1268144385748142,True,allenai/OLMo-2-1124-7B,OLMO 2 7B,stage2,ingredient3,4000,17B
7,,,4,The person who moved the wine to the fridge was,Marta,David,0.06656600534915924,0.04924962669610977,0.4346728049609307,True,allenai/OLMo-2-1124-7B,OLMO 2 7B,stage2,ingredient3,4000,17B
7,,,1,"At the start of the story, David put the wine in the",garage,fridge,0.7588326930999756,0.19081902503967285,1.9915768182054323,True,allenai/OLMo-2-1124-7B,OLMO 2 7B,stage2,ingredient3,4000,17B
7,,,2,"At the end of the story, the wine was in the",fridge,garage,0.436325341463089,0.40832188725471497,0.09569736450631813,True,allenai/OLMo-2-1124-7B,OLMO 2 7B,stage2,ingredient3,4000,17B
7,,,3,The person who put the wine in the garage was,David,Marta,0.0753544494509697,0.017253370955586433,2.1268144385748142,True,allenai/OLMo-2-1124-7B,OLMO 2 7B,stage2,ingredient3,4000,17B
7,,,4,The person who moved the wine to the fridge was,Marta,David,0.06656600534915924,0.04924962669610977,0.4346728049609307,True,allenai/OLMo-2-1124-7B,OLMO 2 7B,stage2,ingredient3,4000,17B
7,,,1,"At the start of the story, David put the wine in the",garage,fridge,0.42723700404167175,0.48427510261535645,-0.18079022572343467,False,allenai/OLMo-2-1124-7B,OLMO 2 7B,stage2,ingredient3,4000,17B
7,,,2,"At the end of the story, the wine was in the",fridge,garage,0.5856172442436218,0.22508957982063293,1.3794587652677406,True,allenai/OLMo-2-1124-7B,OLMO 2 7B,stage2,ingredient3,4000,17B
7,,,3,The person who put the wine in the garage was,David,Marta,0.10883516818284988,0.08070112019777298,0.4314842090712728,True,allenai/OLMo-2-1124-7B,OLMO 2 7B,stage2,ingredient3,4000,17B
7,,,4,The person who moved the wine to the fridge was,Marta,David,0.03794046491384506,0.04244367405772209,-0.16181218855648022,False,allenai/OLMo-2-1124-7B,OLMO 2 7B,stage2,ingredient3,4000,17B
7,,,1,"At the start of the story, David put the wine in the",garage,fridge,0.42723700404167175,0.48427510261535645,-0.18079022572343467,False,allenai/OLMo-2-1124-7B,OLMO 2 7B,stage2,ingredient3,4000,17B
7,,,2,"At the end of the story, the wine was in the",fridge,garage,0.5856172442436218,0.22508957982063293,1.3794587652677406,True,allenai/OLMo-2-1124-7B,OLMO 2 7B,stage2,ingredient3,4000,17B
7,,,3,The person who put the wine in the garage was,David,Marta,0.10883516818284988,0.08070112019777298,0.4314842090712728,True,allenai/OLMo-2-1124-7B,OLMO 2 7B,stage2,ingredient3,4000,17B
7,,,4,The person who moved the wine to the fridge was,Marta,David,0.03794046491384506,0.04244367405772209,-0.16181218855648022,False,allenai/OLMo-2-1124-7B,OLMO 2 7B,stage2,ingredient3,4000,17B
8,,,1,"At the start of the story, Sarah put the painting in the",hall,bedroom,0.6220361590385437,0.11468224972486496,2.439356335476721,True,allenai/OLMo-2-1124-7B,OLMO 2 7B,stage2,ingredient3,4000,17B
8,,,2,"At the end of the story, the painting was in the",bedroom,hall,0.3573789596557617,0.1659409999847412,1.1067843144006033,True,allenai/OLMo-2-1124-7B,OLMO 2 7B,stage2,ingredient3,4000,17B
8,,,3,The person who put the painting in the hall was,Sarah,James,0.038595832884311676,0.08219551295042038,-1.0906145484218477,False,allenai/OLMo-2-1124-7B,OLMO 2 7B,stage2,ingredient3,4000,17B
8,,,4,The person who moved the painting to the bedroom was,James,Sarah,0.17649352550506592,0.03205781802535057,2.46086712184768,True,allenai/OLMo-2-1124-7B,OLMO 2 7B,stage2,ingredient3,4000,17B
8,,,1,"At the start of the story, Sarah put the painting in the",hall,bedroom,0.6220361590385437,0.11468224972486496,2.439356335476721,True,allenai/OLMo-2-1124-7B,OLMO 2 7B,stage2,ingredient3,4000,17B
8,,,2,"At the end of the story, the painting was in the",bedroom,hall,0.3573789596557617,0.1659409999847412,1.1067843144006033,True,allenai/OLMo-2-1124-7B,OLMO 2 7B,stage2,ingredient3,4000,17B
8,,,3,The person who put the painting in the hall was,Sarah,James,0.038595832884311676,0.08219551295042038,-1.0906145484218477,False,allenai/OLMo-2-1124-7B,OLMO 2 7B,stage2,ingredient3,4000,17B
8,,,4,The person who moved the painting to the bedroom was,James,Sarah,0.17649352550506592,0.03205781802535057,2.46086712184768,True,allenai/OLMo-2-1124-7B,OLMO 2 7B,stage2,ingredient3,4000,17B
8,,,1,"At the start of the story, Sarah put the painting in the",hall,bedroom,0.7236775159835815,0.096781425178051,2.9025448598179455,True,allenai/OLMo-2-1124-7B,OLMO 2 7B,stage2,ingredient3,4000,17B
8,,,2,"At the end of the story, the painting was in the",bedroom,hall,0.4460131824016571,0.07879424840211868,2.500924122288365,True,allenai/OLMo-2-1124-7B,OLMO 2 7B,stage2,ingredient3,4000,17B
8,,,3,The person who put the painting in the hall was,Sarah,James,0.13145767152309418,0.29078102111816406,-1.145334773295532,False,allenai/OLMo-2-1124-7B,OLMO 2 7B,stage2,ingredient3,4000,17B
8,,,4,The person who moved the painting to the bedroom was,James,Sarah,0.2506431043148041,0.024664493277668953,3.345126990139394,True,allenai/OLMo-2-1124-7B,OLMO 2 7B,stage2,ingredient3,4000,17B
8,,,1,"At the start of the story, Sarah put the painting in the",hall,bedroom,0.7236775159835815,0.096781425178051,2.9025448598179455,True,allenai/OLMo-2-1124-7B,OLMO 2 7B,stage2,ingredient3,4000,17B
8,,,2,"At the end of the story, the painting was in the",bedroom,hall,0.4460131824016571,0.07879424840211868,2.500924122288365,True,allenai/OLMo-2-1124-7B,OLMO 2 7B,stage2,ingredient3,4000,17B
8,,,3,The person who put the painting in the hall was,Sarah,James,0.13145767152309418,0.29078102111816406,-1.145334773295532,False,allenai/OLMo-2-1124-7B,OLMO 2 7B,stage2,ingredient3,4000,17B
8,,,4,The person who moved the painting to the bedroom was,James,Sarah,0.2506431043148041,0.024664493277668953,3.345126990139394,True,allenai/OLMo-2-1124-7B,OLMO 2 7B,stage2,ingredient3,4000,17B
8,,,1,"At the start of the story, Sarah put the painting in the",hall,bedroom,0.6210829019546509,0.13037049770355225,2.2521684211182715,True,allenai/OLMo-2-1124-7B,OLMO 2 7B,stage2,ingredient3,4000,17B
8,,,2,"At the end of the story, the painting was in the",bedroom,hall,0.40972793102264404,0.1772339940071106,1.209010900599607,True,allenai/OLMo-2-1124-7B,OLMO 2 7B,stage2,ingredient3,4000,17B
8,,,3,The person who put the painting in the hall was,Sarah,James,0.030941342934966087,0.07042957842350006,-1.1866456322143526,False,allenai/OLMo-2-1124-7B,OLMO 2 7B,stage2,ingredient3,4000,17B
8,,,4,The person who moved the painting to the bedroom was,James,Sarah,0.1763291358947754,0.03460099920630455,2.34938527363025,True,allenai/OLMo-2-1124-7B,OLMO 2 7B,stage2,ingredient3,4000,17B
8,,,1,"At the start of the story, Sarah put the painting in the",hall,bedroom,0.6210829019546509,0.13037049770355225,2.2521684211182715,True,allenai/OLMo-2-1124-7B,OLMO 2 7B,stage2,ingredient3,4000,17B
8,,,2,"At the end of the story, the painting was in the",bedroom,hall,0.40972793102264404,0.1772339940071106,1.209010900599607,True,allenai/OLMo-2-1124-7B,OLMO 2 7B,stage2,ingredient3,4000,17B
8,,,3,The person who put the painting in the hall was,Sarah,James,0.030941342934966087,0.07042957842350006,-1.1866456322143526,False,allenai/OLMo-2-1124-7B,OLMO 2 7B,stage2,ingredient3,4000,17B
8,,,4,The person who moved the painting to the bedroom was,James,Sarah,0.1763291358947754,0.03460099920630455,2.34938527363025,True,allenai/OLMo-2-1124-7B,OLMO 2 7B,stage2,ingredient3,4000,17B
8,,,1,"At the start of the story, Sarah put the painting in the",hall,bedroom,0.8068737983703613,0.03560474514961243,4.502201610551014,True,allenai/OLMo-2-1124-7B,OLMO 2 7B,stage2,ingredient3,4000,17B
8,,,2,"At the end of the story, the painting was in the",bedroom,hall,0.46875467896461487,0.11678020656108856,2.0050373230171616,True,allenai/OLMo-2-1124-7B,OLMO 2 7B,stage2,ingredient3,4000,17B
8,,,3,The person who put the painting in the hall was,Sarah,James,0.12361730635166168,0.25227007269859314,-1.0290883328215084,False,allenai/OLMo-2-1124-7B,OLMO 2 7B,stage2,ingredient3,4000,17B
8,,,4,The person who moved the painting to the bedroom was,James,Sarah,0.28827500343322754,0.0245378240942955,3.554366516991463,True,allenai/OLMo-2-1124-7B,OLMO 2 7B,stage2,ingredient3,4000,17B
8,,,1,"At the start of the story, Sarah put the painting in the",hall,bedroom,0.8068737983703613,0.03560474514961243,4.502201610551014,True,allenai/OLMo-2-1124-7B,OLMO 2 7B,stage2,ingredient3,4000,17B
8,,,2,"At the end of the story, the painting was in the",bedroom,hall,0.46875467896461487,0.11678020656108856,2.0050373230171616,True,allenai/OLMo-2-1124-7B,OLMO 2 7B,stage2,ingredient3,4000,17B
8,,,3,The person who put the painting in the hall was,Sarah,James,0.12361730635166168,0.25227007269859314,-1.0290883328215084,False,allenai/OLMo-2-1124-7B,OLMO 2 7B,stage2,ingredient3,4000,17B
8,,,4,The person who moved the painting to the bedroom was,James,Sarah,0.28827500343322754,0.0245378240942955,3.554366516991463,True,allenai/OLMo-2-1124-7B,OLMO 2 7B,stage2,ingredient3,4000,17B
8,,,1,"At the start of the story, Sarah put the painting in the",hall,bedroom,0.5984001159667969,0.15058191120624542,1.9905619794931726,True,allenai/OLMo-2-1124-7B,OLMO 2 7B,stage2,ingredient3,4000,17B
8,,,2,"At the end of the story, the painting was in the",bedroom,hall,0.5026331543922424,0.08442293107509613,2.5737990124307584,True,allenai/OLMo-2-1124-7B,OLMO 2 7B,stage2,ingredient3,4000,17B
8,,,3,The person who put the painting in the hall was,Sarah,James,0.02573520503938198,0.09167298674583435,-1.832753400951777,False,allenai/OLMo-2-1124-7B,OLMO 2 7B,stage2,ingredient3,4000,17B
8,,,4,The person who moved the painting to the bedroom was,James,Sarah,0.18540345132350922,0.02046540379524231,3.1794090628276015,True,allenai/OLMo-2-1124-7B,OLMO 2 7B,stage2,ingredient3,4000,17B
8,,,1,"At the start of the story, Sarah put the painting in the",hall,bedroom,0.5984001159667969,0.15058191120624542,1.9905619794931726,True,allenai/OLMo-2-1124-7B,OLMO 2 7B,stage2,ingredient3,4000,17B
8,,,2,"At the end of the story, the painting was in the",bedroom,hall,0.5026331543922424,0.08442293107509613,2.5737990124307584,True,allenai/OLMo-2-1124-7B,OLMO 2 7B,stage2,ingredient3,4000,17B
8,,,3,The person who put the painting in the hall was,Sarah,James,0.02573520503938198,0.09167298674583435,-1.832753400951777,False,allenai/OLMo-2-1124-7B,OLMO 2 7B,stage2,ingredient3,4000,17B
8,,,4,The person who moved the painting to the bedroom was,James,Sarah,0.18540345132350922,0.02046540379524231,3.1794090628276015,True,allenai/OLMo-2-1124-7B,OLMO 2 7B,stage2,ingredient3,4000,17B
8,,,1,"At the start of the story, Sarah put the painting in the",hall,bedroom,0.6058498620986938,0.17822936177253723,1.7652252901959256,True,allenai/OLMo-2-1124-7B,OLMO 2 7B,stage2,ingredient3,4000,17B
8,,,2,"At the end of the story, the painting was in the",bedroom,hall,0.6050861477851868,0.04158667474985123,3.86294731996623,True,allenai/OLMo-2-1124-7B,OLMO 2 7B,stage2,ingredient3,4000,17B
8,,,3,The person who put the painting in the hall was,Sarah,James,0.15719950199127197,0.3223549425601959,-1.036053456876134,False,allenai/OLMo-2-1124-7B,OLMO 2 7B,stage2,ingredient3,4000,17B
8,,,4,The person who moved the painting to the bedroom was,James,Sarah,0.44289159774780273,0.03165844827890396,3.80629117817612,True,allenai/OLMo-2-1124-7B,OLMO 2 7B,stage2,ingredient3,4000,17B
8,,,1,"At the start of the story, Sarah put the painting in the",hall,bedroom,0.6058498620986938,0.17822936177253723,1.7652252901959256,True,allenai/OLMo-2-1124-7B,OLMO 2 7B,stage2,ingredient3,4000,17B
8,,,2,"At the end of the story, the painting was in the",bedroom,hall,0.6050861477851868,0.04158667474985123,3.86294731996623,True,allenai/OLMo-2-1124-7B,OLMO 2 7B,stage2,ingredient3,4000,17B
8,,,3,The person who put the painting in the hall was,Sarah,James,0.15719950199127197,0.3223549425601959,-1.036053456876134,False,allenai/OLMo-2-1124-7B,OLMO 2 7B,stage2,ingredient3,4000,17B
8,,,4,The person who moved the painting to the bedroom was,James,Sarah,0.44289159774780273,0.03165844827890396,3.80629117817612,True,allenai/OLMo-2-1124-7B,OLMO 2 7B,stage2,ingredient3,4000,17B
8,,,1,"At the start of the story, Sarah put the painting in the",hall,bedroom,0.5702273845672607,0.1750338226556778,1.7039035967129128,True,allenai/OLMo-2-1124-7B,OLMO 2 7B,stage2,ingredient3,4000,17B
8,,,2,"At the end of the story, the painting was in the",bedroom,hall,0.5563433766365051,0.10658792406320572,2.3839315966952954,True,allenai/OLMo-2-1124-7B,OLMO 2 7B,stage2,ingredient3,4000,17B
8,,,3,The person who put the painting in the hall was,Sarah,James,0.02237095683813095,0.0840555727481842,-1.909716507107186,False,allenai/OLMo-2-1124-7B,OLMO 2 7B,stage2,ingredient3,4000,17B
8,,,4,The person who moved the painting to the bedroom was,James,Sarah,0.164994016289711,0.020075298845767975,3.038920334991971,True,allenai/OLMo-2-1124-7B,OLMO 2 7B,stage2,ingredient3,4000,17B
8,,,1,"At the start of the story, Sarah put the painting in the",hall,bedroom,0.5702273845672607,0.1750338226556778,1.7039035967129128,True,allenai/OLMo-2-1124-7B,OLMO 2 7B,stage2,ingredient3,4000,17B
8,,,2,"At the end of the story, the painting was in the",bedroom,hall,0.5563433766365051,0.10658792406320572,2.3839315966952954,True,allenai/OLMo-2-1124-7B,OLMO 2 7B,stage2,ingredient3,4000,17B
8,,,3,The person who put the painting in the hall was,Sarah,James,0.02237095683813095,0.0840555727481842,-1.909716507107186,False,allenai/OLMo-2-1124-7B,OLMO 2 7B,stage2,ingredient3,4000,17B
8,,,4,The person who moved the painting to the bedroom was,James,Sarah,0.164994016289711,0.020075298845767975,3.038920334991971,True,allenai/OLMo-2-1124-7B,OLMO 2 7B,stage2,ingredient3,4000,17B
8,,,1,"At the start of the story, Sarah put the painting in the",hall,bedroom,0.6848812699317932,0.09697294980287552,2.8201996313284208,True,allenai/OLMo-2-1124-7B,OLMO 2 7B,stage2,ingredient3,4000,17B
8,,,2,"At the end of the story, the painting was in the",bedroom,hall,0.6308500170707703,0.07161793857812881,3.1389041506140285,True,allenai/OLMo-2-1124-7B,OLMO 2 7B,stage2,ingredient3,4000,17B
8,,,3,The person who put the painting in the hall was,Sarah,James,0.13202010095119476,0.2529764771461487,-0.9382456367296631,False,allenai/OLMo-2-1124-7B,OLMO 2 7B,stage2,ingredient3,4000,17B
8,,,4,The person who moved the painting to the bedroom was,James,Sarah,0.49856728315353394,0.025321288034319878,4.299365515548208,True,allenai/OLMo-2-1124-7B,OLMO 2 7B,stage2,ingredient3,4000,17B
8,,,1,"At the start of the story, Sarah put the painting in the",hall,bedroom,0.6848812699317932,0.09697294980287552,2.8201996313284208,True,allenai/OLMo-2-1124-7B,OLMO 2 7B,stage2,ingredient3,4000,17B
8,,,2,"At the end of the story, the painting was in the",bedroom,hall,0.6308500170707703,0.07161793857812881,3.1389041506140285,True,allenai/OLMo-2-1124-7B,OLMO 2 7B,stage2,ingredient3,4000,17B
8,,,3,The person who put the painting in the hall was,Sarah,James,0.13202010095119476,0.2529764771461487,-0.9382456367296631,False,allenai/OLMo-2-1124-7B,OLMO 2 7B,stage2,ingredient3,4000,17B
8,,,4,The person who moved the painting to the bedroom was,James,Sarah,0.49856728315353394,0.025321288034319878,4.299365515548208,True,allenai/OLMo-2-1124-7B,OLMO 2 7B,stage2,ingredient3,4000,17B
9,,,1,"At the start of the story, Lisa put the grater in the",cupboard,drawer,0.7385958433151245,0.11086009442806244,2.7360450017452633,True,allenai/OLMo-2-1124-7B,OLMO 2 7B,stage2,ingredient3,4000,17B
9,,,2,"At the end of the story, the grater was in the",drawer,cupboard,0.5075422525405884,0.11828360706567764,2.101277786345792,True,allenai/OLMo-2-1124-7B,OLMO 2 7B,stage2,ingredient3,4000,17B
9,,,3,The person who put the grater in the cupboard was,Lisa,Robert,0.259505033493042,0.03839779272675514,2.7566672360941906,True,allenai/OLMo-2-1124-7B,OLMO 2 7B,stage2,ingredient3,4000,17B
9,,,4,The person who moved the grater to the drawer was,Robert,Lisa,0.036049652844667435,0.06514078378677368,-0.8535757121370893,False,allenai/OLMo-2-1124-7B,OLMO 2 7B,stage2,ingredient3,4000,17B
9,,,1,"At the start of the story, Lisa put the grater in the",cupboard,drawer,0.7385958433151245,0.11086009442806244,2.7360450017452633,True,allenai/OLMo-2-1124-7B,OLMO 2 7B,stage2,ingredient3,4000,17B
9,,,2,"At the end of the story, the grater was in the",drawer,cupboard,0.5075422525405884,0.11828360706567764,2.101277786345792,True,allenai/OLMo-2-1124-7B,OLMO 2 7B,stage2,ingredient3,4000,17B
9,,,3,The person who put the grater in the cupboard was,Lisa,Robert,0.259505033493042,0.03839779272675514,2.7566672360941906,True,allenai/OLMo-2-1124-7B,OLMO 2 7B,stage2,ingredient3,4000,17B
9,,,4,The person who moved the grater to the drawer was,Robert,Lisa,0.036049652844667435,0.06514078378677368,-0.8535757121370893,False,allenai/OLMo-2-1124-7B,OLMO 2 7B,stage2,ingredient3,4000,17B
9,,,1,"At the start of the story, Lisa put the grater in the",cupboard,drawer,0.648716151714325,0.10531547665596008,2.6228698959709877,True,allenai/OLMo-2-1124-7B,OLMO 2 7B,stage2,ingredient3,4000,17B
9,,,2,"At the end of the story, the grater was in the",drawer,cupboard,0.3600035011768341,0.22539952397346497,0.6755264687527576,True,allenai/OLMo-2-1124-7B,OLMO 2 7B,stage2,ingredient3,4000,17B
9,,,3,The person who put the grater in the cupboard was,Lisa,Robert,0.1637832075357437,0.13382185995578766,0.29147364591204117,True,allenai/OLMo-2-1124-7B,OLMO 2 7B,stage2,ingredient3,4000,17B
9,,,4,The person who moved the grater to the drawer was,Robert,Lisa,0.13323688507080078,0.05372164770960808,1.3104180711203686,True,allenai/OLMo-2-1124-7B,OLMO 2 7B,stage2,ingredient3,4000,17B
9,,,1,"At the start of the story, Lisa put the grater in the",cupboard,drawer,0.648716151714325,0.10531547665596008,2.6228698959709877,True,allenai/OLMo-2-1124-7B,OLMO 2 7B,stage2,ingredient3,4000,17B
9,,,2,"At the end of the story, the grater was in the",drawer,cupboard,0.3600035011768341,0.22539952397346497,0.6755264687527576,True,allenai/OLMo-2-1124-7B,OLMO 2 7B,stage2,ingredient3,4000,17B
9,,,3,The person who put the grater in the cupboard was,Lisa,Robert,0.1637832075357437,0.13382185995578766,0.29147364591204117,True,allenai/OLMo-2-1124-7B,OLMO 2 7B,stage2,ingredient3,4000,17B
9,,,4,The person who moved the grater to the drawer was,Robert,Lisa,0.13323688507080078,0.05372164770960808,1.3104180711203686,True,allenai/OLMo-2-1124-7B,OLMO 2 7B,stage2,ingredient3,4000,17B
9,,,1,"At the start of the story, Lisa put the grater in the",cupboard,drawer,0.7065005302429199,0.16409337520599365,2.1061736479312394,True,allenai/OLMo-2-1124-7B,OLMO 2 7B,stage2,ingredient3,4000,17B
9,,,2,"At the end of the story, the grater was in the",drawer,cupboard,0.49356400966644287,0.22558675706386566,1.1295548203652308,True,allenai/OLMo-2-1124-7B,OLMO 2 7B,stage2,ingredient3,4000,17B
9,,,3,The person who put the grater in the cupboard was,Lisa,Robert,0.11341197788715363,0.045348528772592545,1.322445365306359,True,allenai/OLMo-2-1124-7B,OLMO 2 7B,stage2,ingredient3,4000,17B
9,,,4,The person who moved the grater to the drawer was,Robert,Lisa,0.05322740972042084,0.07440277189016342,-0.4831870101337606,False,allenai/OLMo-2-1124-7B,OLMO 2 7B,stage2,ingredient3,4000,17B
9,,,1,"At the start of the story, Lisa put the grater in the",cupboard,drawer,0.7065005302429199,0.16409337520599365,2.1061736479312394,True,allenai/OLMo-2-1124-7B,OLMO 2 7B,stage2,ingredient3,4000,17B
9,,,2,"At the end of the story, the grater was in the",drawer,cupboard,0.49356400966644287,0.22558675706386566,1.1295548203652308,True,allenai/OLMo-2-1124-7B,OLMO 2 7B,stage2,ingredient3,4000,17B
9,,,3,The person who put the grater in the cupboard was,Lisa,Robert,0.11341197788715363,0.045348528772592545,1.322445365306359,True,allenai/OLMo-2-1124-7B,OLMO 2 7B,stage2,ingredient3,4000,17B
9,,,4,The person who moved the grater to the drawer was,Robert,Lisa,0.05322740972042084,0.07440277189016342,-0.4831870101337606,False,allenai/OLMo-2-1124-7B,OLMO 2 7B,stage2,ingredient3,4000,17B
9,,,1,"At the start of the story, Lisa put the grater in the",cupboard,drawer,0.6758773326873779,0.12620435655117035,2.420999717809987,True,allenai/OLMo-2-1124-7B,OLMO 2 7B,stage2,ingredient3,4000,17B
9,,,2,"At the end of the story, the grater was in the",drawer,cupboard,0.36718711256980896,0.3366684317588806,0.12518697338028698,True,allenai/OLMo-2-1124-7B,OLMO 2 7B,stage2,ingredient3,4000,17B
9,,,3,The person who put the grater in the cupboard was,Lisa,Robert,0.10285519808530807,0.14325237274169922,-0.47794432859099373,False,allenai/OLMo-2-1124-7B,OLMO 2 7B,stage2,ingredient3,4000,17B
9,,,4,The person who moved the grater to the drawer was,Robert,Lisa,0.14624620974063873,0.05531710758805275,1.402601606720343,True,allenai/OLMo-2-1124-7B,OLMO 2 7B,stage2,ingredient3,4000,17B
9,,,1,"At the start of the story, Lisa put the grater in the",cupboard,drawer,0.6758773326873779,0.12620435655117035,2.420999717809987,True,allenai/OLMo-2-1124-7B,OLMO 2 7B,stage2,ingredient3,4000,17B
9,,,2,"At the end of the story, the grater was in the",drawer,cupboard,0.36718711256980896,0.3366684317588806,0.12518697338028698,True,allenai/OLMo-2-1124-7B,OLMO 2 7B,stage2,ingredient3,4000,17B
9,,,3,The person who put the grater in the cupboard was,Lisa,Robert,0.10285519808530807,0.14325237274169922,-0.47794432859099373,False,allenai/OLMo-2-1124-7B,OLMO 2 7B,stage2,ingredient3,4000,17B
9,,,4,The person who moved the grater to the drawer was,Robert,Lisa,0.14624620974063873,0.05531710758805275,1.402601606720343,True,allenai/OLMo-2-1124-7B,OLMO 2 7B,stage2,ingredient3,4000,17B
9,,,1,"At the start of the story, Lisa put the grater in the",cupboard,drawer,0.7007360458374023,0.2044260948896408,1.7772917429851502,True,allenai/OLMo-2-1124-7B,OLMO 2 7B,stage2,ingredient3,4000,17B
9,,,2,"At the end of the story, the grater was in the",drawer,cupboard,0.6439765691757202,0.06669995188713074,3.27125057156589,True,allenai/OLMo-2-1124-7B,OLMO 2 7B,stage2,ingredient3,4000,17B
9,,,3,The person who put the grater in the cupboard was,Lisa,Robert,0.21436570584774017,0.05880008637905121,1.866183942859449,True,allenai/OLMo-2-1124-7B,OLMO 2 7B,stage2,ingredient3,4000,17B
9,,,4,The person who moved the grater to the drawer was,Robert,Lisa,0.08204944431781769,0.09157131612300873,-0.15840219498446567,False,allenai/OLMo-2-1124-7B,OLMO 2 7B,stage2,ingredient3,4000,17B
9,,,1,"At the start of the story, Lisa put the grater in the",cupboard,drawer,0.7007360458374023,0.2044260948896408,1.7772917429851502,True,allenai/OLMo-2-1124-7B,OLMO 2 7B,stage2,ingredient3,4000,17B
9,,,2,"At the end of the story, the grater was in the",drawer,cupboard,0.6439765691757202,0.06669995188713074,3.27125057156589,True,allenai/OLMo-2-1124-7B,OLMO 2 7B,stage2,ingredient3,4000,17B
9,,,3,The person who put the grater in the cupboard was,Lisa,Robert,0.21436570584774017,0.05880008637905121,1.866183942859449,True,allenai/OLMo-2-1124-7B,OLMO 2 7B,stage2,ingredient3,4000,17B
9,,,4,The person who moved the grater to the drawer was,Robert,Lisa,0.08204944431781769,0.09157131612300873,-0.15840219498446567,False,allenai/OLMo-2-1124-7B,OLMO 2 7B,stage2,ingredient3,4000,17B
9,,,1,"At the start of the story, Lisa put the grater in the",cupboard,drawer,0.6522002816200256,0.16509506106376648,1.982018102394151,True,allenai/OLMo-2-1124-7B,OLMO 2 7B,stage2,ingredient3,4000,17B
9,,,2,"At the end of the story, the grater was in the",drawer,cupboard,0.5117745399475098,0.15609458088874817,1.7130879247784376,True,allenai/OLMo-2-1124-7B,OLMO 2 7B,stage2,ingredient3,4000,17B
9,,,3,The person who put the grater in the cupboard was,Lisa,Robert,0.1471983641386032,0.1535392701625824,-0.0608460571212483,False,allenai/OLMo-2-1124-7B,OLMO 2 7B,stage2,ingredient3,4000,17B
9,,,4,The person who moved the grater to the drawer was,Robert,Lisa,0.1749507337808609,0.07817821949720383,1.1621100827145678,True,allenai/OLMo-2-1124-7B,OLMO 2 7B,stage2,ingredient3,4000,17B
9,,,1,"At the start of the story, Lisa put the grater in the",cupboard,drawer,0.6522002816200256,0.16509506106376648,1.982018102394151,True,allenai/OLMo-2-1124-7B,OLMO 2 7B,stage2,ingredient3,4000,17B
9,,,2,"At the end of the story, the grater was in the",drawer,cupboard,0.5117745399475098,0.15609458088874817,1.7130879247784376,True,allenai/OLMo-2-1124-7B,OLMO 2 7B,stage2,ingredient3,4000,17B
9,,,3,The person who put the grater in the cupboard was,Lisa,Robert,0.1471983641386032,0.1535392701625824,-0.0608460571212483,False,allenai/OLMo-2-1124-7B,OLMO 2 7B,stage2,ingredient3,4000,17B
9,,,4,The person who moved the grater to the drawer was,Robert,Lisa,0.1749507337808609,0.07817821949720383,1.1621100827145678,True,allenai/OLMo-2-1124-7B,OLMO 2 7B,stage2,ingredient3,4000,17B
9,,,1,"At the start of the story, Lisa put the grater in the",cupboard,drawer,0.7581477761268616,0.1501006931066513,2.3365484432669192,True,allenai/OLMo-2-1124-7B,OLMO 2 7B,stage2,ingredient3,4000,17B
9,,,2,"At the end of the story, the grater was in the",drawer,cupboard,0.6170892119407654,0.12353097647428513,2.3206062177697566,True,allenai/OLMo-2-1124-7B,OLMO 2 7B,stage2,ingredient3,4000,17B
9,,,3,The person who put the grater in the cupboard was,Lisa,Robert,0.07349441200494766,0.04892231523990631,0.5871418810280423,True,allenai/OLMo-2-1124-7B,OLMO 2 7B,stage2,ingredient3,4000,17B
9,,,4,The person who moved the grater to the drawer was,Robert,Lisa,0.09638344496488571,0.10282759368419647,-0.09337018995510746,False,allenai/OLMo-2-1124-7B,OLMO 2 7B,stage2,ingredient3,4000,17B
9,,,1,"At the start of the story, Lisa put the grater in the",cupboard,drawer,0.7581477761268616,0.1501006931066513,2.3365484432669192,True,allenai/OLMo-2-1124-7B,OLMO 2 7B,stage2,ingredient3,4000,17B
9,,,2,"At the end of the story, the grater was in the",drawer,cupboard,0.6170892119407654,0.12353097647428513,2.3206062177697566,True,allenai/OLMo-2-1124-7B,OLMO 2 7B,stage2,ingredient3,4000,17B
9,,,3,The person who put the grater in the cupboard was,Lisa,Robert,0.07349441200494766,0.04892231523990631,0.5871418810280423,True,allenai/OLMo-2-1124-7B,OLMO 2 7B,stage2,ingredient3,4000,17B
9,,,4,The person who moved the grater to the drawer was,Robert,Lisa,0.09638344496488571,0.10282759368419647,-0.09337018995510746,False,allenai/OLMo-2-1124-7B,OLMO 2 7B,stage2,ingredient3,4000,17B
9,,,1,"At the start of the story, Lisa put the grater in the",cupboard,drawer,0.7080546617507935,0.13759425282478333,2.3634405291637886,True,allenai/OLMo-2-1124-7B,OLMO 2 7B,stage2,ingredient3,4000,17B
9,,,2,"At the end of the story, the grater was in the",drawer,cupboard,0.5111629366874695,0.22960041463375092,1.1546579860295834,True,allenai/OLMo-2-1124-7B,OLMO 2 7B,stage2,ingredient3,4000,17B
9,,,3,The person who put the grater in the cupboard was,Lisa,Robert,0.08667121827602386,0.14941246807575226,-0.7856756534176411,False,allenai/OLMo-2-1124-7B,OLMO 2 7B,stage2,ingredient3,4000,17B
9,,,4,The person who moved the grater to the drawer was,Robert,Lisa,0.18028861284255981,0.07910457998514175,1.188475146828914,True,allenai/OLMo-2-1124-7B,OLMO 2 7B,stage2,ingredient3,4000,17B
9,,,1,"At the start of the story, Lisa put the grater in the",cupboard,drawer,0.7080546617507935,0.13759425282478333,2.3634405291637886,True,allenai/OLMo-2-1124-7B,OLMO 2 7B,stage2,ingredient3,4000,17B
9,,,2,"At the end of the story, the grater was in the",drawer,cupboard,0.5111629366874695,0.22960041463375092,1.1546579860295834,True,allenai/OLMo-2-1124-7B,OLMO 2 7B,stage2,ingredient3,4000,17B
9,,,3,The person who put the grater in the cupboard was,Lisa,Robert,0.08667121827602386,0.14941246807575226,-0.7856756534176411,False,allenai/OLMo-2-1124-7B,OLMO 2 7B,stage2,ingredient3,4000,17B
9,,,4,The person who moved the grater to the drawer was,Robert,Lisa,0.18028861284255981,0.07910457998514175,1.188475146828914,True,allenai/OLMo-2-1124-7B,OLMO 2 7B,stage2,ingredient3,4000,17B
10,,,1,"At the start of the story, John put the shovel in the",toolbox,van,0.6987844705581665,0.07379983365535736,3.2431580772961337,True,allenai/OLMo-2-1124-7B,OLMO 2 7B,stage2,ingredient3,4000,17B
10,,,2,"At the end of the story, the shovel was in the",van,toolbox,0.4016333818435669,0.5097419023513794,-0.34388776790942066,False,allenai/OLMo-2-1124-7B,OLMO 2 7B,stage2,ingredient3,4000,17B
10,,,3,The person who put the shovel in the toolbox was,John,Karen,0.06231909245252609,0.030367035418748856,1.0371681514072102,True,allenai/OLMo-2-1124-7B,OLMO 2 7B,stage2,ingredient3,4000,17B
10,,,4,The person who moved the shovel to the van was,Karen,John,0.07941365987062454,0.031595516949892044,1.3296673147111342,True,allenai/OLMo-2-1124-7B,OLMO 2 7B,stage2,ingredient3,4000,17B
10,,,1,"At the start of the story, John put the shovel in the",toolbox,van,0.6987844705581665,0.07379983365535736,3.2431580772961337,True,allenai/OLMo-2-1124-7B,OLMO 2 7B,stage2,ingredient3,4000,17B
10,,,2,"At the end of the story, the shovel was in the",van,toolbox,0.4016333818435669,0.5097419023513794,-0.34388776790942066,False,allenai/OLMo-2-1124-7B,OLMO 2 7B,stage2,ingredient3,4000,17B
10,,,3,The person who put the shovel in the toolbox was,John,Karen,0.06231909245252609,0.030367035418748856,1.0371681514072102,True,allenai/OLMo-2-1124-7B,OLMO 2 7B,stage2,ingredient3,4000,17B
10,,,4,The person who moved the shovel to the van was,Karen,John,0.07941365987062454,0.031595516949892044,1.3296673147111342,True,allenai/OLMo-2-1124-7B,OLMO 2 7B,stage2,ingredient3,4000,17B
10,,,1,"At the start of the story, John put the shovel in the",toolbox,van,0.7744367122650146,0.12289668619632721,2.6557013301632693,True,allenai/OLMo-2-1124-7B,OLMO 2 7B,stage2,ingredient3,4000,17B
10,,,2,"At the end of the story, the shovel was in the",van,toolbox,0.34208944439888,0.5749788284301758,-0.7491352462543106,False,allenai/OLMo-2-1124-7B,OLMO 2 7B,stage2,ingredient3,4000,17B
10,,,3,The person who put the shovel in the toolbox was,John,Karen,0.14404980838298798,0.2170836329460144,-0.5916832164316761,False,allenai/OLMo-2-1124-7B,OLMO 2 7B,stage2,ingredient3,4000,17B
10,,,4,The person who moved the shovel to the van was,Karen,John,0.3295257091522217,0.08821985870599747,1.901215671842641,True,allenai/OLMo-2-1124-7B,OLMO 2 7B,stage2,ingredient3,4000,17B
10,,,1,"At the start of the story, John put the shovel in the",toolbox,van,0.7799022793769836,0.11349529027938843,2.7806609365464476,True,allenai/OLMo-2-1124-7B,OLMO 2 7B,stage2,ingredient3,4000,17B
10,,,2,"At the end of the story, the shovel was in the",van,toolbox,0.35490745306015015,0.5605648756027222,-0.6594384781421199,False,allenai/OLMo-2-1124-7B,OLMO 2 7B,stage2,ingredient3,4000,17B
10,,,3,The person who put the shovel in the toolbox was,John,Karen,0.1344505101442337,0.21889767050743103,-0.7031813723236626,False,allenai/OLMo-2-1124-7B,OLMO 2 7B,stage2,ingredient3,4000,17B
10,,,4,The person who moved the shovel to the van was,Karen,John,0.3195149302482605,0.08131293207406998,1.974326623756802,True,allenai/OLMo-2-1124-7B,OLMO 2 7B,stage2,ingredient3,4000,17B
10,,,1,"At the start of the story, John put the shovel in the",toolbox,van,0.45908647775650024,0.01709219627082348,4.747356244658701,True,allenai/OLMo-2-1124-7B,OLMO 2 7B,stage2,ingredient3,4000,17B
10,,,2,"At the end of the story, the shovel was in the",van,toolbox,0.46149078011512756,0.4036857783794403,0.1930690629159572,True,allenai/OLMo-2-1124-7B,OLMO 2 7B,stage2,ingredient3,4000,17B
10,,,3,The person who put the shovel in the toolbox was,John,Karen,0.029929757118225098,0.005128874443471432,2.5448664121143216,True,allenai/OLMo-2-1124-7B,OLMO 2 7B,stage2,ingredient3,4000,17B
10,,,4,The person who moved the shovel to the van was,Karen,John,0.034730467945337296,0.012990415096282959,1.4187543177226645,True,allenai/OLMo-2-1124-7B,OLMO 2 7B,stage2,ingredient3,4000,17B
10,,,1,"At the start of the story, John put the shovel in the",toolbox,van,0.45908647775650024,0.01709219627082348,4.747356244658701,True,allenai/OLMo-2-1124-7B,OLMO 2 7B,stage2,ingredient3,4000,17B
10,,,2,"At the end of the story, the shovel was in the",van,toolbox,0.46149078011512756,0.4036857783794403,0.1930690629159572,True,allenai/OLMo-2-1124-7B,OLMO 2 7B,stage2,ingredient3,4000,17B
10,,,3,The person who put the shovel in the toolbox was,John,Karen,0.029929757118225098,0.005128874443471432,2.5448664121143216,True,allenai/OLMo-2-1124-7B,OLMO 2 7B,stage2,ingredient3,4000,17B
10,,,4,The person who moved the shovel to the van was,Karen,John,0.034730467945337296,0.012990415096282959,1.4187543177226645,True,allenai/OLMo-2-1124-7B,OLMO 2 7B,stage2,ingredient3,4000,17B
10,,,1,"At the start of the story, John put the shovel in the",toolbox,van,0.7588710188865662,0.07684879004955292,3.303760248965367,True,allenai/OLMo-2-1124-7B,OLMO 2 7B,stage2,ingredient3,4000,17B
10,,,2,"At the end of the story, the shovel was in the",van,toolbox,0.18896235525608063,0.6834154725074768,-1.8546640587785743,False,allenai/OLMo-2-1124-7B,OLMO 2 7B,stage2,ingredient3,4000,17B
10,,,3,The person who put the shovel in the toolbox was,John,Karen,0.08738014847040176,0.14182980358600616,-0.6987832647642483,False,allenai/OLMo-2-1124-7B,OLMO 2 7B,stage2,ingredient3,4000,17B
10,,,4,The person who moved the shovel to the van was,Karen,John,0.2668868899345398,0.051585469394922256,2.3711917895326335,True,allenai/OLMo-2-1124-7B,OLMO 2 7B,stage2,ingredient3,4000,17B
10,,,1,"At the start of the story, John put the shovel in the",toolbox,van,0.742712140083313,0.06374656409025192,3.542383671636928,True,allenai/OLMo-2-1124-7B,OLMO 2 7B,stage2,ingredient3,4000,17B
10,,,2,"At the end of the story, the shovel was in the",van,toolbox,0.19338259100914001,0.669389545917511,-1.7913880960398962,False,allenai/OLMo-2-1124-7B,OLMO 2 7B,stage2,ingredient3,4000,17B
10,,,3,The person who put the shovel in the toolbox was,John,Karen,0.08214161545038223,0.1359606683254242,-0.727004133004593,False,allenai/OLMo-2-1124-7B,OLMO 2 7B,stage2,ingredient3,4000,17B
10,,,4,The person who moved the shovel to the van was,Karen,John,0.27526065707206726,0.0502764917910099,2.4528425311228776,True,allenai/OLMo-2-1124-7B,OLMO 2 7B,stage2,ingredient3,4000,17B
10,,,1,"At the start of the story, John put the shovel in the",toolbox,van,0.4823451340198517,0.24814583361148834,0.9588775804666447,True,allenai/OLMo-2-1124-7B,OLMO 2 7B,stage2,ingredient3,4000,17B
10,,,2,"At the end of the story, the shovel was in the",van,toolbox,0.5203486084938049,0.3722155690193176,0.48334008166842046,True,allenai/OLMo-2-1124-7B,OLMO 2 7B,stage2,ingredient3,4000,17B
10,,,3,The person who put the shovel in the toolbox was,John,Karen,0.05870435759425163,0.05110425874590874,0.20002407543281572,True,allenai/OLMo-2-1124-7B,OLMO 2 7B,stage2,ingredient3,4000,17B
10,,,4,The person who moved the shovel to the van was,Karen,John,0.08898616582155228,0.03392758220434189,1.3911224435076652,True,allenai/OLMo-2-1124-7B,OLMO 2 7B,stage2,ingredient3,4000,17B
10,,,1,"At the start of the story, John put the shovel in the",toolbox,van,0.4823451340198517,0.24814583361148834,0.9588775804666447,True,allenai/OLMo-2-1124-7B,OLMO 2 7B,stage2,ingredient3,4000,17B
10,,,2,"At the end of the story, the shovel was in the",van,toolbox,0.5203486084938049,0.3722155690193176,0.48334008166842046,True,allenai/OLMo-2-1124-7B,OLMO 2 7B,stage2,ingredient3,4000,17B
10,,,3,The person who put the shovel in the toolbox was,John,Karen,0.05870435759425163,0.05110425874590874,0.20002407543281572,True,allenai/OLMo-2-1124-7B,OLMO 2 7B,stage2,ingredient3,4000,17B
10,,,4,The person who moved the shovel to the van was,Karen,John,0.08898616582155228,0.03392758220434189,1.3911224435076652,True,allenai/OLMo-2-1124-7B,OLMO 2 7B,stage2,ingredient3,4000,17B
10,,,1,"At the start of the story, John put the shovel in the",toolbox,van,0.5433629155158997,0.3251700699329376,0.7407216334762919,True,allenai/OLMo-2-1124-7B,OLMO 2 7B,stage2,ingredient3,4000,17B
10,,,2,"At the end of the story, the shovel was in the",van,toolbox,0.39799386262893677,0.4941863715648651,-0.3123090417874363,False,allenai/OLMo-2-1124-7B,OLMO 2 7B,stage2,ingredient3,4000,17B
10,,,3,The person who put the shovel in the toolbox was,John,Karen,0.1279171258211136,0.2340538054704666,-0.8716307936765614,False,allenai/OLMo-2-1124-7B,OLMO 2 7B,stage2,ingredient3,4000,17B
10,,,4,The person who moved the shovel to the van was,Karen,John,0.31082743406295776,0.07306192070245743,2.0889222577630915,True,allenai/OLMo-2-1124-7B,OLMO 2 7B,stage2,ingredient3,4000,17B
10,,,1,"At the start of the story, John put the shovel in the",toolbox,van,0.5363920331001282,0.31087422370910645,0.7869568095433921,True,allenai/OLMo-2-1124-7B,OLMO 2 7B,stage2,ingredient3,4000,17B
10,,,2,"At the end of the story, the shovel was in the",van,toolbox,0.40726929903030396,0.4802536964416504,-0.23781365363337184,False,allenai/OLMo-2-1124-7B,OLMO 2 7B,stage2,ingredient3,4000,17B
10,,,3,The person who put the shovel in the toolbox was,John,Karen,0.11955111473798752,0.23671993613243103,-0.9855536300776941,False,allenai/OLMo-2-1124-7B,OLMO 2 7B,stage2,ingredient3,4000,17B
10,,,4,The person who moved the shovel to the van was,Karen,John,0.2934355139732361,0.06916914880275726,2.0848428805643904,True,allenai/OLMo-2-1124-7B,OLMO 2 7B,stage2,ingredient3,4000,17B
10,,,1,"At the start of the story, John put the shovel in the",toolbox,van,0.26404696702957153,0.11802534759044647,1.161697838259647,True,allenai/OLMo-2-1124-7B,OLMO 2 7B,stage2,ingredient3,4000,17B
10,,,2,"At the end of the story, the shovel was in the",van,toolbox,0.5176403522491455,0.298993319272995,0.7918368367710148,True,allenai/OLMo-2-1124-7B,OLMO 2 7B,stage2,ingredient3,4000,17B
10,,,3,The person who put the shovel in the toolbox was,John,Karen,0.03452737629413605,0.011555914767086506,1.5791092410167615,True,allenai/OLMo-2-1124-7B,OLMO 2 7B,stage2,ingredient3,4000,17B
10,,,4,The person who moved the shovel to the van was,Karen,John,0.04720933735370636,0.01481205876916647,1.6723000541740212,True,allenai/OLMo-2-1124-7B,OLMO 2 7B,stage2,ingredient3,4000,17B
10,,,1,"At the start of the story, John put the shovel in the",toolbox,van,0.26404696702957153,0.11802534759044647,1.161697838259647,True,allenai/OLMo-2-1124-7B,OLMO 2 7B,stage2,ingredient3,4000,17B
10,,,2,"At the end of the story, the shovel was in the",van,toolbox,0.5176403522491455,0.298993319272995,0.7918368367710148,True,allenai/OLMo-2-1124-7B,OLMO 2 7B,stage2,ingredient3,4000,17B
10,,,3,The person who put the shovel in the toolbox was,John,Karen,0.03452737629413605,0.011555914767086506,1.5791092410167615,True,allenai/OLMo-2-1124-7B,OLMO 2 7B,stage2,ingredient3,4000,17B
10,,,4,The person who moved the shovel to the van was,Karen,John,0.04720933735370636,0.01481205876916647,1.6723000541740212,True,allenai/OLMo-2-1124-7B,OLMO 2 7B,stage2,ingredient3,4000,17B
10,,,1,"At the start of the story, John put the shovel in the",toolbox,van,0.5511099696159363,0.18867504596710205,1.5464366001622598,True,allenai/OLMo-2-1124-7B,OLMO 2 7B,stage2,ingredient3,4000,17B
10,,,2,"At the end of the story, the shovel was in the",van,toolbox,0.2229321300983429,0.6310451626777649,-1.501138699748619,False,allenai/OLMo-2-1124-7B,OLMO 2 7B,stage2,ingredient3,4000,17B
10,,,3,The person who put the shovel in the toolbox was,John,Karen,0.09431499987840652,0.15396098792552948,-0.7070056928719619,False,allenai/OLMo-2-1124-7B,OLMO 2 7B,stage2,ingredient3,4000,17B
10,,,4,The person who moved the shovel to the van was,Karen,John,0.2634326219558716,0.05253087356686592,2.326196530345855,True,allenai/OLMo-2-1124-7B,OLMO 2 7B,stage2,ingredient3,4000,17B
10,,,1,"At the start of the story, John put the shovel in the",toolbox,van,0.492928683757782,0.17043139040470123,1.5321878559891504,True,allenai/OLMo-2-1124-7B,OLMO 2 7B,stage2,ingredient3,4000,17B
10,,,2,"At the end of the story, the shovel was in the",van,toolbox,0.2350485473871231,0.6076787710189819,-1.3703501282443624,False,allenai/OLMo-2-1124-7B,OLMO 2 7B,stage2,ingredient3,4000,17B
10,,,3,The person who put the shovel in the toolbox was,John,Karen,0.09183112531900406,0.15464046597480774,-0.7518627599979834,False,allenai/OLMo-2-1124-7B,OLMO 2 7B,stage2,ingredient3,4000,17B
10,,,4,The person who moved the shovel to the van was,Karen,John,0.2686505615711212,0.052075088024139404,2.367065575759028,True,allenai/OLMo-2-1124-7B,OLMO 2 7B,stage2,ingredient3,4000,17B
11,,,1,"At the start of the story, Patrick put the ticket in the",suitcase,backpack,0.15034551918506622,0.5149784684181213,-1.7762302422814367,False,allenai/OLMo-2-1124-7B,OLMO 2 7B,stage2,ingredient3,4000,17B
11,,,2,"At the end of the story, the ticket was in the",backpack,suitcase,0.7683739066123962,0.01216143649071455,5.9814229740773435,True,allenai/OLMo-2-1124-7B,OLMO 2 7B,stage2,ingredient3,4000,17B
11,,,3,The person who put the ticket in the suitcase was,Patrick,Nicole,0.04717111214995384,0.1306280493736267,-1.4694891950767521,False,allenai/OLMo-2-1124-7B,OLMO 2 7B,stage2,ingredient3,4000,17B
11,,,4,The person who moved the ticket to the backpack was,Nicole,Patrick,0.17696264386177063,0.02739342860877514,2.691543092378326,True,allenai/OLMo-2-1124-7B,OLMO 2 7B,stage2,ingredient3,4000,17B
11,,,1,"At the start of the story, Patrick put the ticket in the",suitcase,backpack,0.15034551918506622,0.5149784684181213,-1.7762302422814367,False,allenai/OLMo-2-1124-7B,OLMO 2 7B,stage2,ingredient3,4000,17B
11,,,2,"At the end of the story, the ticket was in the",backpack,suitcase,0.7683739066123962,0.01216143649071455,5.9814229740773435,True,allenai/OLMo-2-1124-7B,OLMO 2 7B,stage2,ingredient3,4000,17B
11,,,3,The person who put the ticket in the suitcase was,Patrick,Nicole,0.04717111214995384,0.1306280493736267,-1.4694891950767521,False,allenai/OLMo-2-1124-7B,OLMO 2 7B,stage2,ingredient3,4000,17B
11,,,4,The person who moved the ticket to the backpack was,Nicole,Patrick,0.17696264386177063,0.02739342860877514,2.691543092378326,True,allenai/OLMo-2-1124-7B,OLMO 2 7B,stage2,ingredient3,4000,17B
11,,,1,"At the start of the story, Patrick put the ticket in the",suitcase,backpack,0.8321786522865295,0.03970690444111824,4.389431482147668,True,allenai/OLMo-2-1124-7B,OLMO 2 7B,stage2,ingredient3,4000,17B
11,,,2,"At the end of the story, the ticket was in the",backpack,suitcase,0.7851945757865906,0.02915692701935768,4.751139625914367,True,allenai/OLMo-2-1124-7B,OLMO 2 7B,stage2,ingredient3,4000,17B
11,,,3,The person who put the ticket in the suitcase was,Patrick,Nicole,0.13069137930870056,0.2634736895561218,-1.011494920812173,False,allenai/OLMo-2-1124-7B,OLMO 2 7B,stage2,ingredient3,4000,17B
11,,,4,The person who moved the ticket to the backpack was,Nicole,Patrick,0.5094891786575317,0.024605175480246544,4.372017793770133,True,allenai/OLMo-2-1124-7B,OLMO 2 7B,stage2,ingredient3,4000,17B
11,,,1,"At the start of the story, Patrick put the ticket in the",suitcase,backpack,0.8321786522865295,0.03970690444111824,4.389431482147668,True,allenai/OLMo-2-1124-7B,OLMO 2 7B,stage2,ingredient3,4000,17B
11,,,2,"At the end of the story, the ticket was in the",backpack,suitcase,0.7851945757865906,0.02915692701935768,4.751139625914367,True,allenai/OLMo-2-1124-7B,OLMO 2 7B,stage2,ingredient3,4000,17B
11,,,3,The person who put the ticket in the suitcase was,Patrick,Nicole,0.13069137930870056,0.2634736895561218,-1.011494920812173,False,allenai/OLMo-2-1124-7B,OLMO 2 7B,stage2,ingredient3,4000,17B
11,,,4,The person who moved the ticket to the backpack was,Nicole,Patrick,0.5094891786575317,0.024605175480246544,4.372017793770133,True,allenai/OLMo-2-1124-7B,OLMO 2 7B,stage2,ingredient3,4000,17B
11,,,1,"At the start of the story, Patrick put the ticket in the",suitcase,backpack,0.3308953046798706,0.49103084206581116,-0.569438823971052,False,allenai/OLMo-2-1124-7B,OLMO 2 7B,stage2,ingredient3,4000,17B
11,,,2,"At the end of the story, the ticket was in the",backpack,suitcase,0.6932253837585449,0.0355842262506485,4.284014711253042,True,allenai/OLMo-2-1124-7B,OLMO 2 7B,stage2,ingredient3,4000,17B
11,,,3,The person who put the ticket in the suitcase was,Patrick,Nicole,0.062007322907447815,0.10407007485628128,-0.7470447748746056,False,allenai/OLMo-2-1124-7B,OLMO 2 7B,stage2,ingredient3,4000,17B
11,,,4,The person who moved the ticket to the backpack was,Nicole,Patrick,0.07800640165805817,0.03758485987782478,1.0534408995064612,True,allenai/OLMo-2-1124-7B,OLMO 2 7B,stage2,ingredient3,4000,17B
11,,,1,"At the start of the story, Patrick put the ticket in the",suitcase,backpack,0.3308953046798706,0.49103084206581116,-0.569438823971052,False,allenai/OLMo-2-1124-7B,OLMO 2 7B,stage2,ingredient3,4000,17B
11,,,2,"At the end of the story, the ticket was in the",backpack,suitcase,0.6932253837585449,0.0355842262506485,4.284014711253042,True,allenai/OLMo-2-1124-7B,OLMO 2 7B,stage2,ingredient3,4000,17B
11,,,3,The person who put the ticket in the suitcase was,Patrick,Nicole,0.062007322907447815,0.10407007485628128,-0.7470447748746056,False,allenai/OLMo-2-1124-7B,OLMO 2 7B,stage2,ingredient3,4000,17B
11,,,4,The person who moved the ticket to the backpack was,Nicole,Patrick,0.07800640165805817,0.03758485987782478,1.0534408995064612,True,allenai/OLMo-2-1124-7B,OLMO 2 7B,stage2,ingredient3,4000,17B
11,,,1,"At the start of the story, Patrick put the ticket in the",suitcase,backpack,0.8622751832008362,0.051741670817136765,4.058749812268331,True,allenai/OLMo-2-1124-7B,OLMO 2 7B,stage2,ingredient3,4000,17B
11,,,2,"At the end of the story, the ticket was in the",backpack,suitcase,0.7209721207618713,0.07152152806520462,3.3334940077366344,True,allenai/OLMo-2-1124-7B,OLMO 2 7B,stage2,ingredient3,4000,17B
11,,,3,The person who put the ticket in the suitcase was,Patrick,Nicole,0.1174408569931984,0.27918586134910583,-1.2492914807997237,False,allenai/OLMo-2-1124-7B,OLMO 2 7B,stage2,ingredient3,4000,17B
11,,,4,The person who moved the ticket to the backpack was,Nicole,Patrick,0.47130388021469116,0.027880501002073288,4.079329167781204,True,allenai/OLMo-2-1124-7B,OLMO 2 7B,stage2,ingredient3,4000,17B
11,,,1,"At the start of the story, Patrick put the ticket in the",suitcase,backpack,0.8622751832008362,0.051741670817136765,4.058749812268331,True,allenai/OLMo-2-1124-7B,OLMO 2 7B,stage2,ingredient3,4000,17B
11,,,2,"At the end of the story, the ticket was in the",backpack,suitcase,0.7209721207618713,0.07152152806520462,3.3334940077366344,True,allenai/OLMo-2-1124-7B,OLMO 2 7B,stage2,ingredient3,4000,17B
11,,,3,The person who put the ticket in the suitcase was,Patrick,Nicole,0.1174408569931984,0.27918586134910583,-1.2492914807997237,False,allenai/OLMo-2-1124-7B,OLMO 2 7B,stage2,ingredient3,4000,17B
11,,,4,The person who moved the ticket to the backpack was,Nicole,Patrick,0.47130388021469116,0.027880501002073288,4.079329167781204,True,allenai/OLMo-2-1124-7B,OLMO 2 7B,stage2,ingredient3,4000,17B
11,,,1,"At the start of the story, Patrick put the ticket in the",suitcase,backpack,0.34530067443847656,0.4633786082267761,-0.42433829198119083,False,allenai/OLMo-2-1124-7B,OLMO 2 7B,stage2,ingredient3,4000,17B
11,,,2,"At the end of the story, the ticket was in the",backpack,suitcase,0.8109849691390991,0.022240890190005302,5.188388737570643,True,allenai/OLMo-2-1124-7B,OLMO 2 7B,stage2,ingredient3,4000,17B
11,,,3,The person who put the ticket in the suitcase was,Patrick,Nicole,0.03901199996471405,0.11340787261724472,-1.5395309279756686,False,allenai/OLMo-2-1124-7B,OLMO 2 7B,stage2,ingredient3,4000,17B
11,,,4,The person who moved the ticket to the backpack was,Nicole,Patrick,0.12168622761964798,0.02927582897245884,2.055383966183469,True,allenai/OLMo-2-1124-7B,OLMO 2 7B,stage2,ingredient3,4000,17B
11,,,1,"At the start of the story, Patrick put the ticket in the",suitcase,backpack,0.26727524399757385,0.5939828157424927,-1.1520949775272,False,allenai/OLMo-2-1124-7B,OLMO 2 7B,stage2,ingredient3,4000,17B
11,,,2,"At the end of the story, the ticket was in the",backpack,suitcase,0.8369372487068176,0.013329403474926949,5.972435334782895,True,allenai/OLMo-2-1124-7B,OLMO 2 7B,stage2,ingredient3,4000,17B
11,,,3,The person who put the ticket in the suitcase was,Patrick,Nicole,0.02964821830391884,0.26514923572540283,-3.1607872756224964,False,allenai/OLMo-2-1124-7B,OLMO 2 7B,stage2,ingredient3,4000,17B
11,,,4,The person who moved the ticket to the backpack was,Nicole,Patrick,0.04161089286208153,0.007752046454697847,2.4243121238713305,True,allenai/OLMo-2-1124-7B,OLMO 2 7B,stage2,ingredient3,4000,17B
11,,,1,"At the start of the story, Patrick put the ticket in the",suitcase,backpack,0.7209535837173462,0.15320773422718048,2.234417249986952,True,allenai/OLMo-2-1124-7B,OLMO 2 7B,stage2,ingredient3,4000,17B
11,,,2,"At the end of the story, the ticket was in the",backpack,suitcase,0.7016300559043884,0.03346012532711029,4.390195795990574,True,allenai/OLMo-2-1124-7B,OLMO 2 7B,stage2,ingredient3,4000,17B
11,,,3,The person who put the ticket in the suitcase was,Patrick,Nicole,0.1318446844816208,0.25249654054641724,-0.9374242137070526,False,allenai/OLMo-2-1124-7B,OLMO 2 7B,stage2,ingredient3,4000,17B
11,,,4,The person who moved the ticket to the backpack was,Nicole,Patrick,0.44893965125083923,0.040495093911886215,3.470702486238377,True,allenai/OLMo-2-1124-7B,OLMO 2 7B,stage2,ingredient3,4000,17B
11,,,1,"At the start of the story, Patrick put the ticket in the",suitcase,backpack,0.7209535837173462,0.15320773422718048,2.234417249986952,True,allenai/OLMo-2-1124-7B,OLMO 2 7B,stage2,ingredient3,4000,17B
11,,,2,"At the end of the story, the ticket was in the",backpack,suitcase,0.7016300559043884,0.03346012532711029,4.390195795990574,True,allenai/OLMo-2-1124-7B,OLMO 2 7B,stage2,ingredient3,4000,17B
11,,,3,The person who put the ticket in the suitcase was,Patrick,Nicole,0.1318446844816208,0.25249654054641724,-0.9374242137070526,False,allenai/OLMo-2-1124-7B,OLMO 2 7B,stage2,ingredient3,4000,17B
11,,,4,The person who moved the ticket to the backpack was,Nicole,Patrick,0.44893965125083923,0.040495093911886215,3.470702486238377,True,allenai/OLMo-2-1124-7B,OLMO 2 7B,stage2,ingredient3,4000,17B
11,,,1,"At the start of the story, Patrick put the ticket in the",suitcase,backpack,0.499744176864624,0.35066789388656616,0.511084408696148,True,allenai/OLMo-2-1124-7B,OLMO 2 7B,stage2,ingredient3,4000,17B
11,,,2,"At the end of the story, the ticket was in the",backpack,suitcase,0.6344272494316101,0.09287267178297043,2.772128693482081,True,allenai/OLMo-2-1124-7B,OLMO 2 7B,stage2,ingredient3,4000,17B
11,,,3,The person who put the ticket in the suitcase was,Patrick,Nicole,0.05427194759249687,0.09703536331653595,-0.8383039332920671,False,allenai/OLMo-2-1124-7B,OLMO 2 7B,stage2,ingredient3,4000,17B
11,,,4,The person who moved the ticket to the backpack was,Nicole,Patrick,0.053464408963918686,0.03571401908993721,0.5820883176483206,True,allenai/OLMo-2-1124-7B,OLMO 2 7B,stage2,ingredient3,4000,17B
11,,,1,"At the start of the story, Patrick put the ticket in the",suitcase,backpack,0.28553855419158936,0.5884198546409607,-1.0431603719216018,False,allenai/OLMo-2-1124-7B,OLMO 2 7B,stage2,ingredient3,4000,17B
11,,,2,"At the end of the story, the ticket was in the",backpack,suitcase,0.5660420060157776,0.06954111903905869,3.024970931658465,True,allenai/OLMo-2-1124-7B,OLMO 2 7B,stage2,ingredient3,4000,17B
11,,,3,The person who put the ticket in the suitcase was,Patrick,Nicole,0.07992006093263626,0.3553333580493927,-2.1525435444307517,False,allenai/OLMo-2-1124-7B,OLMO 2 7B,stage2,ingredient3,4000,17B
11,,,4,The person who moved the ticket to the backpack was,Nicole,Patrick,0.03863908350467682,0.010945302434265614,1.819749055954987,True,allenai/OLMo-2-1124-7B,OLMO 2 7B,stage2,ingredient3,4000,17B
11,,,1,"At the start of the story, Patrick put the ticket in the",suitcase,backpack,0.625098466873169,0.28309598565101624,1.142792172414494,True,allenai/OLMo-2-1124-7B,OLMO 2 7B,stage2,ingredient3,4000,17B
11,,,2,"At the end of the story, the ticket was in the",backpack,suitcase,0.6473966836929321,0.08087792247533798,3.000832131239767,True,allenai/OLMo-2-1124-7B,OLMO 2 7B,stage2,ingredient3,4000,17B
11,,,3,The person who put the ticket in the suitcase was,Patrick,Nicole,0.08921964466571808,0.2604897618293762,-1.5457933631641998,False,allenai/OLMo-2-1124-7B,OLMO 2 7B,stage2,ingredient3,4000,17B
11,,,4,The person who moved the ticket to the backpack was,Nicole,Patrick,0.453422874212265,0.05149633437395096,3.138315527034134,True,allenai/OLMo-2-1124-7B,OLMO 2 7B,stage2,ingredient3,4000,17B
11,,,1,"At the start of the story, Patrick put the ticket in the",suitcase,backpack,0.625098466873169,0.28309598565101624,1.142792172414494,True,allenai/OLMo-2-1124-7B,OLMO 2 7B,stage2,ingredient3,4000,17B
11,,,2,"At the end of the story, the ticket was in the",backpack,suitcase,0.6473966836929321,0.08087792247533798,3.000832131239767,True,allenai/OLMo-2-1124-7B,OLMO 2 7B,stage2,ingredient3,4000,17B
11,,,3,The person who put the ticket in the suitcase was,Patrick,Nicole,0.08921964466571808,0.2604897618293762,-1.5457933631641998,False,allenai/OLMo-2-1124-7B,OLMO 2 7B,stage2,ingredient3,4000,17B
11,,,4,The person who moved the ticket to the backpack was,Nicole,Patrick,0.453422874212265,0.05149633437395096,3.138315527034134,True,allenai/OLMo-2-1124-7B,OLMO 2 7B,stage2,ingredient3,4000,17B
12,,,1,"At the start of the story, Hannah put the saddle in the",stable,hut,0.8585177659988403,0.09338132292032242,3.2006420570863208,True,allenai/OLMo-2-1124-7B,OLMO 2 7B,stage2,ingredient3,4000,17B
12,,,2,"At the end of the story, the saddle was in the",hut,stable,0.29708829522132874,0.5626920461654663,-0.921453804040162,False,allenai/OLMo-2-1124-7B,OLMO 2 7B,stage2,ingredient3,4000,17B
12,,,3,The person who put the saddle in the stable was,Hannah,Martin,0.06027529761195183,0.06486951559782028,-0.10597379655825374,False,allenai/OLMo-2-1124-7B,OLMO 2 7B,stage2,ingredient3,4000,17B
12,,,4,The person who moved the saddle to the hut was,Martin,Hannah,0.044891633093357086,0.05614663287997246,-0.32275292624388213,False,allenai/OLMo-2-1124-7B,OLMO 2 7B,stage2,ingredient3,4000,17B
12,,,1,"At the start of the story, Hannah put the saddle in the",stable,hut,0.8585177659988403,0.09338132292032242,3.2006420570863208,True,allenai/OLMo-2-1124-7B,OLMO 2 7B,stage2,ingredient3,4000,17B
12,,,2,"At the end of the story, the saddle was in the",hut,stable,0.29708829522132874,0.5626920461654663,-0.921453804040162,False,allenai/OLMo-2-1124-7B,OLMO 2 7B,stage2,ingredient3,4000,17B
12,,,3,The person who put the saddle in the stable was,Hannah,Martin,0.06027529761195183,0.06486951559782028,-0.10597379655825374,False,allenai/OLMo-2-1124-7B,OLMO 2 7B,stage2,ingredient3,4000,17B
12,,,4,The person who moved the saddle to the hut was,Martin,Hannah,0.044891633093357086,0.05614663287997246,-0.32275292624388213,False,allenai/OLMo-2-1124-7B,OLMO 2 7B,stage2,ingredient3,4000,17B
12,,,1,"At the start of the story, Hannah put the saddle in the",stable,hut,0.8140798211097717,0.036935243755578995,4.462100254792087,True,allenai/OLMo-2-1124-7B,OLMO 2 7B,stage2,ingredient3,4000,17B
12,,,2,"At the end of the story, the saddle was in the",hut,stable,0.17564965784549713,0.5779662728309631,-1.7182845405612999,False,allenai/OLMo-2-1124-7B,OLMO 2 7B,stage2,ingredient3,4000,17B
12,,,3,The person who put the saddle in the stable was,Hannah,Martin,0.047680653631687164,0.16773760318756104,-1.8147302282932407,False,allenai/OLMo-2-1124-7B,OLMO 2 7B,stage2,ingredient3,4000,17B
12,,,4,The person who moved the saddle to the hut was,Martin,Hannah,0.17204424738883972,0.044756580144166946,1.9426079446269289,True,allenai/OLMo-2-1124-7B,OLMO 2 7B,stage2,ingredient3,4000,17B
12,,,1,"At the start of the story, Hannah put the saddle in the",stable,hut,0.8140798211097717,0.036935243755578995,4.462100254792087,True,allenai/OLMo-2-1124-7B,OLMO 2 7B,stage2,ingredient3,4000,17B
12,,,2,"At the end of the story, the saddle was in the",hut,stable,0.17564965784549713,0.5779662728309631,-1.7182845405612999,False,allenai/OLMo-2-1124-7B,OLMO 2 7B,stage2,ingredient3,4000,17B
12,,,3,The person who put the saddle in the stable was,Hannah,Martin,0.047680653631687164,0.16773760318756104,-1.8147302282932407,False,allenai/OLMo-2-1124-7B,OLMO 2 7B,stage2,ingredient3,4000,17B
12,,,4,The person who moved the saddle to the hut was,Martin,Hannah,0.17204424738883972,0.044756580144166946,1.9426079446269289,True,allenai/OLMo-2-1124-7B,OLMO 2 7B,stage2,ingredient3,4000,17B
12,,,1,"At the start of the story, Hannah put the saddle in the",stable,hut,0.7847307920455933,0.00872122310101986,6.491523522172527,True,allenai/OLMo-2-1124-7B,OLMO 2 7B,stage2,ingredient3,4000,17B
12,,,2,"At the end of the story, the saddle was in the",hut,stable,0.0447673462331295,0.6738047003746033,-3.911811788287703,False,allenai/OLMo-2-1124-7B,OLMO 2 7B,stage2,ingredient3,4000,17B
12,,,3,The person who put the saddle in the stable was,Hannah,Martin,0.03980403393507004,0.07641653716564178,-0.9409702351575856,False,allenai/OLMo-2-1124-7B,OLMO 2 7B,stage2,ingredient3,4000,17B
12,,,4,The person who moved the saddle to the hut was,Martin,Hannah,0.07502967119216919,0.05243736878037453,0.5168659404822795,True,allenai/OLMo-2-1124-7B,OLMO 2 7B,stage2,ingredient3,4000,17B
12,,,1,"At the start of the story, Hannah put the saddle in the",stable,hut,0.7847307920455933,0.00872122310101986,6.491523522172527,True,allenai/OLMo-2-1124-7B,OLMO 2 7B,stage2,ingredient3,4000,17B
12,,,2,"At the end of the story, the saddle was in the",hut,stable,0.0447673462331295,0.6738047003746033,-3.911811788287703,False,allenai/OLMo-2-1124-7B,OLMO 2 7B,stage2,ingredient3,4000,17B
12,,,3,The person who put the saddle in the stable was,Hannah,Martin,0.03980403393507004,0.07641653716564178,-0.9409702351575856,False,allenai/OLMo-2-1124-7B,OLMO 2 7B,stage2,ingredient3,4000,17B
12,,,4,The person who moved the saddle to the hut was,Martin,Hannah,0.07502967119216919,0.05243736878037453,0.5168659404822795,True,allenai/OLMo-2-1124-7B,OLMO 2 7B,stage2,ingredient3,4000,17B
12,,,1,"At the start of the story, Hannah put the saddle in the",stable,hut,0.7179633378982544,0.012293665669858456,5.867923114826371,True,allenai/OLMo-2-1124-7B,OLMO 2 7B,stage2,ingredient3,4000,17B
12,,,2,"At the end of the story, the saddle was in the",hut,stable,0.05138694494962692,0.6633866429328918,-3.690376175362661,False,allenai/OLMo-2-1124-7B,OLMO 2 7B,stage2,ingredient3,4000,17B
12,,,3,The person who put the saddle in the stable was,Hannah,Martin,0.04252418875694275,0.11753153055906296,-1.4666922264599422,False,allenai/OLMo-2-1124-7B,OLMO 2 7B,stage2,ingredient3,4000,17B
12,,,4,The person who moved the saddle to the hut was,Martin,Hannah,0.1392967402935028,0.04981235787272453,1.4835858897371665,True,allenai/OLMo-2-1124-7B,OLMO 2 7B,stage2,ingredient3,4000,17B
12,,,1,"At the start of the story, Hannah put the saddle in the",stable,hut,0.7179633378982544,0.012293665669858456,5.867923114826371,True,allenai/OLMo-2-1124-7B,OLMO 2 7B,stage2,ingredient3,4000,17B
12,,,2,"At the end of the story, the saddle was in the",hut,stable,0.05138694494962692,0.6633866429328918,-3.690376175362661,False,allenai/OLMo-2-1124-7B,OLMO 2 7B,stage2,ingredient3,4000,17B
12,,,3,The person who put the saddle in the stable was,Hannah,Martin,0.04252418875694275,0.11753153055906296,-1.4666922264599422,False,allenai/OLMo-2-1124-7B,OLMO 2 7B,stage2,ingredient3,4000,17B
12,,,4,The person who moved the saddle to the hut was,Martin,Hannah,0.1392967402935028,0.04981235787272453,1.4835858897371665,True,allenai/OLMo-2-1124-7B,OLMO 2 7B,stage2,ingredient3,4000,17B
12,,,1,"At the start of the story, Hannah put the saddle in the",stable,hut,0.8806012868881226,0.08365225046873093,3.3960126943496367,True,allenai/OLMo-2-1124-7B,OLMO 2 7B,stage2,ingredient3,4000,17B
12,,,2,"At the end of the story, the saddle was in the",hut,stable,0.3477964699268341,0.45842644572257996,-0.39844698312576304,False,allenai/OLMo-2-1124-7B,OLMO 2 7B,stage2,ingredient3,4000,17B
12,,,3,The person who put the saddle in the stable was,Hannah,Martin,0.05704018101096153,0.05770307034254074,-0.016669525741693874,False,allenai/OLMo-2-1124-7B,OLMO 2 7B,stage2,ingredient3,4000,17B
12,,,4,The person who moved the saddle to the hut was,Martin,Hannah,0.038495346903800964,0.0470157265663147,-0.2884593413850051,False,allenai/OLMo-2-1124-7B,OLMO 2 7B,stage2,ingredient3,4000,17B
12,,,1,"At the start of the story, Hannah put the saddle in the",stable,hut,0.8806012868881226,0.08365225046873093,3.3960126943496367,True,allenai/OLMo-2-1124-7B,OLMO 2 7B,stage2,ingredient3,4000,17B
12,,,2,"At the end of the story, the saddle was in the",hut,stable,0.3477964699268341,0.45842644572257996,-0.39844698312576304,False,allenai/OLMo-2-1124-7B,OLMO 2 7B,stage2,ingredient3,4000,17B
12,,,3,The person who put the saddle in the stable was,Hannah,Martin,0.05704018101096153,0.05770307034254074,-0.016669525741693874,False,allenai/OLMo-2-1124-7B,OLMO 2 7B,stage2,ingredient3,4000,17B
12,,,4,The person who moved the saddle to the hut was,Martin,Hannah,0.038495346903800964,0.0470157265663147,-0.2884593413850051,False,allenai/OLMo-2-1124-7B,OLMO 2 7B,stage2,ingredient3,4000,17B
12,,,1,"At the start of the story, Hannah put the saddle in the",stable,hut,0.8618684411048889,0.041745152324438095,4.367787088849533,True,allenai/OLMo-2-1124-7B,OLMO 2 7B,stage2,ingredient3,4000,17B
12,,,2,"At the end of the story, the saddle was in the",hut,stable,0.29588329792022705,0.4696681797504425,-0.6666135923188551,False,allenai/OLMo-2-1124-7B,OLMO 2 7B,stage2,ingredient3,4000,17B
12,,,3,The person who put the saddle in the stable was,Hannah,Martin,0.03119705617427826,0.14532466232776642,-2.2197977517565017,False,allenai/OLMo-2-1124-7B,OLMO 2 7B,stage2,ingredient3,4000,17B
12,,,4,The person who moved the saddle to the hut was,Martin,Hannah,0.14589495956897736,0.04422677308320999,1.721938153502866,True,allenai/OLMo-2-1124-7B,OLMO 2 7B,stage2,ingredient3,4000,17B
12,,,1,"At the start of the story, Hannah put the saddle in the",stable,hut,0.8618684411048889,0.041745152324438095,4.367787088849533,True,allenai/OLMo-2-1124-7B,OLMO 2 7B,stage2,ingredient3,4000,17B
12,,,2,"At the end of the story, the saddle was in the",hut,stable,0.29588329792022705,0.4696681797504425,-0.6666135923188551,False,allenai/OLMo-2-1124-7B,OLMO 2 7B,stage2,ingredient3,4000,17B
12,,,3,The person who put the saddle in the stable was,Hannah,Martin,0.03119705617427826,0.14532466232776642,-2.2197977517565017,False,allenai/OLMo-2-1124-7B,OLMO 2 7B,stage2,ingredient3,4000,17B
12,,,4,The person who moved the saddle to the hut was,Martin,Hannah,0.14589495956897736,0.04422677308320999,1.721938153502866,True,allenai/OLMo-2-1124-7B,OLMO 2 7B,stage2,ingredient3,4000,17B
12,,,1,"At the start of the story, Hannah put the saddle in the",stable,hut,0.7736989259719849,0.03247150778770447,4.5745259894919545,True,allenai/OLMo-2-1124-7B,OLMO 2 7B,stage2,ingredient3,4000,17B
12,,,2,"At the end of the story, the saddle was in the",hut,stable,0.10167042165994644,0.4821511507034302,-2.245585465250772,False,allenai/OLMo-2-1124-7B,OLMO 2 7B,stage2,ingredient3,4000,17B
12,,,3,The person who put the saddle in the stable was,Hannah,Martin,0.030441880226135254,0.07201571762561798,-1.242254344158802,False,allenai/OLMo-2-1124-7B,OLMO 2 7B,stage2,ingredient3,4000,17B
12,,,4,The person who moved the saddle to the hut was,Martin,Hannah,0.07414350658655167,0.04953492432832718,0.5818743002305359,True,allenai/OLMo-2-1124-7B,OLMO 2 7B,stage2,ingredient3,4000,17B
12,,,1,"At the start of the story, Hannah put the saddle in the",stable,hut,0.7736989259719849,0.03247150778770447,4.5745259894919545,True,allenai/OLMo-2-1124-7B,OLMO 2 7B,stage2,ingredient3,4000,17B
12,,,2,"At the end of the story, the saddle was in the",hut,stable,0.10167042165994644,0.4821511507034302,-2.245585465250772,False,allenai/OLMo-2-1124-7B,OLMO 2 7B,stage2,ingredient3,4000,17B
12,,,3,The person who put the saddle in the stable was,Hannah,Martin,0.030441880226135254,0.07201571762561798,-1.242254344158802,False,allenai/OLMo-2-1124-7B,OLMO 2 7B,stage2,ingredient3,4000,17B
12,,,4,The person who moved the saddle to the hut was,Martin,Hannah,0.07414350658655167,0.04953492432832718,0.5818743002305359,True,allenai/OLMo-2-1124-7B,OLMO 2 7B,stage2,ingredient3,4000,17B
12,,,1,"At the start of the story, Hannah put the saddle in the",stable,hut,0.7384528517723083,0.030856147408485413,4.580875963365918,True,allenai/OLMo-2-1124-7B,OLMO 2 7B,stage2,ingredient3,4000,17B
12,,,2,"At the end of the story, the saddle was in the",hut,stable,0.13082274794578552,0.5052667260169983,-1.949431751595953,False,allenai/OLMo-2-1124-7B,OLMO 2 7B,stage2,ingredient3,4000,17B
12,,,3,The person who put the saddle in the stable was,Hannah,Martin,0.035044215619564056,0.11120712757110596,-1.666001018835245,False,allenai/OLMo-2-1124-7B,OLMO 2 7B,stage2,ingredient3,4000,17B
12,,,4,The person who moved the saddle to the hut was,Martin,Hannah,0.12158136814832687,0.0430542454123497,1.4976947502369953,True,allenai/OLMo-2-1124-7B,OLMO 2 7B,stage2,ingredient3,4000,17B
12,,,1,"At the start of the story, Hannah put the saddle in the",stable,hut,0.7514773607254028,0.029617393389344215,4.6652130611298634,True,allenai/OLMo-2-1124-7B,OLMO 2 7B,stage2,ingredient3,4000,17B
12,,,2,"At the end of the story, the saddle was in the",hut,stable,0.11796244233846664,0.47860339283943176,-2.020503026319531,False,allenai/OLMo-2-1124-7B,OLMO 2 7B,stage2,ingredient3,4000,17B
12,,,3,The person who put the saddle in the stable was,Hannah,Martin,0.03819197043776512,0.11854348331689835,-1.6340750958831805,False,allenai/OLMo-2-1124-7B,OLMO 2 7B,stage2,ingredient3,4000,17B
12,,,4,The person who moved the saddle to the hut was,Martin,Hannah,0.12874703109264374,0.0468292236328125,1.4590581387687662,True,allenai/OLMo-2-1124-7B,OLMO 2 7B,stage2,ingredient3,4000,17B
1,,,1,"At the start of the story, Sean put the book in the",box,basket,0.6839176416397095,0.1795436292886734,1.9294881410829825,True,allenai/OLMo-2-1124-7B,OLMO 2 7B,stage2,ingredient3,4000,17B
1,,,2,"At the end of the story, the book was in the",basket,box,0.593779444694519,0.11631117016077042,2.351937495958557,True,allenai/OLMo-2-1124-7B,OLMO 2 7B,stage2,ingredient3,4000,17B
1,,,3,The person who put the book in the box was,Sean,Anna,0.4651773273944855,0.030601169914007187,3.9261220672034893,True,allenai/OLMo-2-1124-7B,OLMO 2 7B,stage2,ingredient3,4000,17B
1,,,4,The person who moved the book to the basket was,Anna,Sean,0.09773950278759003,0.28660616278648376,-1.5520559611167135,False,allenai/OLMo-2-1124-7B,OLMO 2 7B,stage2,ingredient3,4000,17B
1,,,1,"At the start of the story, Sean put the book in the",box,basket,0.6839176416397095,0.1795436292886734,1.9294881410829825,True,allenai/OLMo-2-1124-7B,OLMO 2 7B,stage2,ingredient3,4000,17B
1,,,2,"At the end of the story, the book was in the",basket,box,0.593779444694519,0.11631117016077042,2.351937495958557,True,allenai/OLMo-2-1124-7B,OLMO 2 7B,stage2,ingredient3,4000,17B
1,,,3,The person who put the book in the box was,Sean,Anna,0.4651773273944855,0.030601169914007187,3.9261220672034893,True,allenai/OLMo-2-1124-7B,OLMO 2 7B,stage2,ingredient3,4000,17B
1,,,4,The person who moved the book to the basket was,Anna,Sean,0.09773950278759003,0.28660616278648376,-1.5520559611167135,False,allenai/OLMo-2-1124-7B,OLMO 2 7B,stage2,ingredient3,4000,17B
1,,,1,"At the start of the story, Sean put the book in the",box,basket,0.7349925637245178,0.12298265099525452,2.579274842798561,True,allenai/OLMo-2-1124-7B,OLMO 2 7B,stage2,ingredient3,4000,17B
1,,,2,"At the end of the story, the book was in the",basket,box,0.415583997964859,0.31074240803718567,0.4194209602043339,True,allenai/OLMo-2-1124-7B,OLMO 2 7B,stage2,ingredient3,4000,17B
1,,,3,The person who put the book in the box was,Sean,Anna,0.42106637358665466,0.11370253562927246,1.8887832388163248,True,allenai/OLMo-2-1124-7B,OLMO 2 7B,stage2,ingredient3,4000,17B
1,,,4,The person who moved the book to the basket was,Anna,Sean,0.19046758115291595,0.2546953558921814,-0.41922719145399717,False,allenai/OLMo-2-1124-7B,OLMO 2 7B,stage2,ingredient3,4000,17B
1,,,1,"At the start of the story, Sean put the book in the",box,basket,0.7349925637245178,0.12298265099525452,2.579274842798561,True,allenai/OLMo-2-1124-7B,OLMO 2 7B,stage2,ingredient3,4000,17B
1,,,2,"At the end of the story, the book was in the",basket,box,0.415583997964859,0.31074240803718567,0.4194209602043339,True,allenai/OLMo-2-1124-7B,OLMO 2 7B,stage2,ingredient3,4000,17B
1,,,3,The person who put the book in the box was,Sean,Anna,0.42106637358665466,0.11370253562927246,1.8887832388163248,True,allenai/OLMo-2-1124-7B,OLMO 2 7B,stage2,ingredient3,4000,17B
1,,,4,The person who moved the book to the basket was,Anna,Sean,0.19046758115291595,0.2546953558921814,-0.41922719145399717,False,allenai/OLMo-2-1124-7B,OLMO 2 7B,stage2,ingredient3,4000,17B
1,,,1,"At the start of the story, Sean put the book in the",box,basket,0.7151114344596863,0.22393891215324402,1.6750628357792312,True,allenai/OLMo-2-1124-7B,OLMO 2 7B,stage2,ingredient3,4000,17B
1,,,2,"At the end of the story, the book was in the",basket,box,0.663783073425293,0.17196539044380188,1.9485936019293353,True,allenai/OLMo-2-1124-7B,OLMO 2 7B,stage2,ingredient3,4000,17B
1,,,3,The person who put the book in the box was,Sean,Anna,0.49587464332580566,0.0409061536192894,3.599585661684931,True,allenai/OLMo-2-1124-7B,OLMO 2 7B,stage2,ingredient3,4000,17B
1,,,4,The person who moved the book to the basket was,Anna,Sean,0.11005671322345734,0.2898216247558594,-1.3969180949676503,False,allenai/OLMo-2-1124-7B,OLMO 2 7B,stage2,ingredient3,4000,17B
1,,,1,"At the start of the story, Sean put the book in the",box,basket,0.7151114344596863,0.22393891215324402,1.6750628357792312,True,allenai/OLMo-2-1124-7B,OLMO 2 7B,stage2,ingredient3,4000,17B
1,,,2,"At the end of the story, the book was in the",basket,box,0.663783073425293,0.17196539044380188,1.9485936019293353,True,allenai/OLMo-2-1124-7B,OLMO 2 7B,stage2,ingredient3,4000,17B
1,,,3,The person who put the book in the box was,Sean,Anna,0.49587464332580566,0.0409061536192894,3.599585661684931,True,allenai/OLMo-2-1124-7B,OLMO 2 7B,stage2,ingredient3,4000,17B
1,,,4,The person who moved the book to the basket was,Anna,Sean,0.11005671322345734,0.2898216247558594,-1.3969180949676503,False,allenai/OLMo-2-1124-7B,OLMO 2 7B,stage2,ingredient3,4000,17B
1,,,1,"At the start of the story, Sean put the book in the",box,basket,0.7404589056968689,0.17176079750061035,2.1080188755472973,True,allenai/OLMo-2-1124-7B,OLMO 2 7B,stage2,ingredient3,4000,17B
1,,,2,"At the end of the story, the book was in the",basket,box,0.4749615788459778,0.4024057686328888,0.23915982712011047,True,allenai/OLMo-2-1124-7B,OLMO 2 7B,stage2,ingredient3,4000,17B
1,,,3,The person who put the book in the box was,Sean,Anna,0.35019415616989136,0.14272145926952362,1.2949527377196504,True,allenai/OLMo-2-1124-7B,OLMO 2 7B,stage2,ingredient3,4000,17B
1,,,4,The person who moved the book to the basket was,Anna,Sean,0.22983558475971222,0.25744807720184326,-0.16367931168527158,False,allenai/OLMo-2-1124-7B,OLMO 2 7B,stage2,ingredient3,4000,17B
1,,,1,"At the start of the story, Sean put the book in the",box,basket,0.7404589056968689,0.17176079750061035,2.1080188755472973,True,allenai/OLMo-2-1124-7B,OLMO 2 7B,stage2,ingredient3,4000,17B
1,,,2,"At the end of the story, the book was in the",basket,box,0.4749615788459778,0.4024057686328888,0.23915982712011047,True,allenai/OLMo-2-1124-7B,OLMO 2 7B,stage2,ingredient3,4000,17B
1,,,3,The person who put the book in the box was,Sean,Anna,0.35019415616989136,0.14272145926952362,1.2949527377196504,True,allenai/OLMo-2-1124-7B,OLMO 2 7B,stage2,ingredient3,4000,17B
1,,,4,The person who moved the book to the basket was,Anna,Sean,0.22983558475971222,0.25744807720184326,-0.16367931168527158,False,allenai/OLMo-2-1124-7B,OLMO 2 7B,stage2,ingredient3,4000,17B
1,,,1,"At the start of the story, Sean put the book in the",box,basket,0.3826679289340973,0.5012001991271973,-0.38929399278590965,False,allenai/OLMo-2-1124-7B,OLMO 2 7B,stage2,ingredient3,4000,17B
1,,,2,"At the end of the story, the book was in the",basket,box,0.626855731010437,0.087478868663311,2.841126981541388,True,allenai/OLMo-2-1124-7B,OLMO 2 7B,stage2,ingredient3,4000,17B
1,,,3,The person who put the book in the box was,Sean,Anna,0.3765416741371155,0.036236461251974106,3.3772955675417413,True,allenai/OLMo-2-1124-7B,OLMO 2 7B,stage2,ingredient3,4000,17B
1,,,4,The person who moved the book to the basket was,Anna,Sean,0.1058429554104805,0.16518208384513855,-0.642131965031066,False,allenai/OLMo-2-1124-7B,OLMO 2 7B,stage2,ingredient3,4000,17B
1,,,1,"At the start of the story, Sean put the book in the",box,basket,0.3826679289340973,0.5012001991271973,-0.38929399278590965,False,allenai/OLMo-2-1124-7B,OLMO 2 7B,stage2,ingredient3,4000,17B
1,,,2,"At the end of the story, the book was in the",basket,box,0.626855731010437,0.087478868663311,2.841126981541388,True,allenai/OLMo-2-1124-7B,OLMO 2 7B,stage2,ingredient3,4000,17B
1,,,3,The person who put the book in the box was,Sean,Anna,0.3765416741371155,0.036236461251974106,3.3772955675417413,True,allenai/OLMo-2-1124-7B,OLMO 2 7B,stage2,ingredient3,4000,17B
1,,,4,The person who moved the book to the basket was,Anna,Sean,0.1058429554104805,0.16518208384513855,-0.642131965031066,False,allenai/OLMo-2-1124-7B,OLMO 2 7B,stage2,ingredient3,4000,17B
1,,,1,"At the start of the story, Sean put the book in the",box,basket,0.5532511472702026,0.28604596853256226,0.9516875262323958,True,allenai/OLMo-2-1124-7B,OLMO 2 7B,stage2,ingredient3,4000,17B
1,,,2,"At the end of the story, the book was in the",basket,box,0.5422785878181458,0.203594371676445,1.413336526870391,True,allenai/OLMo-2-1124-7B,OLMO 2 7B,stage2,ingredient3,4000,17B
1,,,3,The person who put the book in the box was,Sean,Anna,0.36713218688964844,0.11105525493621826,1.7250219424194202,True,allenai/OLMo-2-1124-7B,OLMO 2 7B,stage2,ingredient3,4000,17B
1,,,4,The person who moved the book to the basket was,Anna,Sean,0.17174166440963745,0.1780899316072464,-0.05236587671939967,False,allenai/OLMo-2-1124-7B,OLMO 2 7B,stage2,ingredient3,4000,17B
1,,,1,"At the start of the story, Sean put the book in the",box,basket,0.5532511472702026,0.28604596853256226,0.9516875262323958,True,allenai/OLMo-2-1124-7B,OLMO 2 7B,stage2,ingredient3,4000,17B
1,,,2,"At the end of the story, the book was in the",basket,box,0.5422785878181458,0.203594371676445,1.413336526870391,True,allenai/OLMo-2-1124-7B,OLMO 2 7B,stage2,ingredient3,4000,17B
1,,,3,The person who put the book in the box was,Sean,Anna,0.36713218688964844,0.11105525493621826,1.7250219424194202,True,allenai/OLMo-2-1124-7B,OLMO 2 7B,stage2,ingredient3,4000,17B
1,,,4,The person who moved the book to the basket was,Anna,Sean,0.17174166440963745,0.1780899316072464,-0.05236587671939967,False,allenai/OLMo-2-1124-7B,OLMO 2 7B,stage2,ingredient3,4000,17B
1,,,1,"At the start of the story, Sean put the book in the",box,basket,0.5490233898162842,0.3917730152606964,0.4868495827285022,True,allenai/OLMo-2-1124-7B,OLMO 2 7B,stage2,ingredient3,4000,17B
1,,,2,"At the end of the story, the book was in the",basket,box,0.6468581557273865,0.21842831373214722,1.5662895125443723,True,allenai/OLMo-2-1124-7B,OLMO 2 7B,stage2,ingredient3,4000,17B
1,,,3,The person who put the book in the box was,Sean,Anna,0.37080883979797363,0.049727290868759155,2.8985658964112937,True,allenai/OLMo-2-1124-7B,OLMO 2 7B,stage2,ingredient3,4000,17B
1,,,4,The person who moved the book to the basket was,Anna,Sean,0.11609473824501038,0.1683625727891922,-0.5362688746291157,False,allenai/OLMo-2-1124-7B,OLMO 2 7B,stage2,ingredient3,4000,17B
1,,,1,"At the start of the story, Sean put the book in the",box,basket,0.5490233898162842,0.3917730152606964,0.4868495827285022,True,allenai/OLMo-2-1124-7B,OLMO 2 7B,stage2,ingredient3,4000,17B
1,,,2,"At the end of the story, the book was in the",basket,box,0.6468581557273865,0.21842831373214722,1.5662895125443723,True,allenai/OLMo-2-1124-7B,OLMO 2 7B,stage2,ingredient3,4000,17B
1,,,3,The person who put the book in the box was,Sean,Anna,0.37080883979797363,0.049727290868759155,2.8985658964112937,True,allenai/OLMo-2-1124-7B,OLMO 2 7B,stage2,ingredient3,4000,17B
1,,,4,The person who moved the book to the basket was,Anna,Sean,0.11609473824501038,0.1683625727891922,-0.5362688746291157,False,allenai/OLMo-2-1124-7B,OLMO 2 7B,stage2,ingredient3,4000,17B
1,,,1,"At the start of the story, Sean put the book in the",box,basket,0.6280996799468994,0.2689962387084961,1.223407534038907,True,allenai/OLMo-2-1124-7B,OLMO 2 7B,stage2,ingredient3,4000,17B
1,,,2,"At the end of the story, the book was in the",basket,box,0.5603551864624023,0.3286677598953247,0.7697116384385295,True,allenai/OLMo-2-1124-7B,OLMO 2 7B,stage2,ingredient3,4000,17B
1,,,3,The person who put the book in the box was,Sean,Anna,0.2755574882030487,0.15817703306674957,0.8008131934760249,True,allenai/OLMo-2-1124-7B,OLMO 2 7B,stage2,ingredient3,4000,17B
1,,,4,The person who moved the book to the basket was,Anna,Sean,0.21915556490421295,0.19284966588020325,0.18447866649697506,True,allenai/OLMo-2-1124-7B,OLMO 2 7B,stage2,ingredient3,4000,17B
1,,,1,"At the start of the story, Sean put the book in the",box,basket,0.6280996799468994,0.2689962387084961,1.223407534038907,True,allenai/OLMo-2-1124-7B,OLMO 2 7B,stage2,ingredient3,4000,17B
1,,,2,"At the end of the story, the book was in the",basket,box,0.5603551864624023,0.3286677598953247,0.7697116384385295,True,allenai/OLMo-2-1124-7B,OLMO 2 7B,stage2,ingredient3,4000,17B
1,,,3,The person who put the book in the box was,Sean,Anna,0.2755574882030487,0.15817703306674957,0.8008131934760249,True,allenai/OLMo-2-1124-7B,OLMO 2 7B,stage2,ingredient3,4000,17B
1,,,4,The person who moved the book to the basket was,Anna,Sean,0.21915556490421295,0.19284966588020325,0.18447866649697506,True,allenai/OLMo-2-1124-7B,OLMO 2 7B,stage2,ingredient3,4000,17B
2,,,1,"At the start of the story, Mary put the jam in the",cupboard,fridge,0.9154706001281738,0.02836562506854534,5.012297994466102,True,allenai/OLMo-2-1124-7B,OLMO 2 7B,stage2,ingredient3,4000,17B
2,,,2,"At the end of the story, the jam was in the",fridge,cupboard,0.5692823529243469,0.2524404227733612,1.1732014339403944,True,allenai/OLMo-2-1124-7B,OLMO 2 7B,stage2,ingredient3,4000,17B
2,,,3,The person who put the jam in the cupboard was,Mary,James,0.100372314453125,0.08758960664272308,0.19652979240222454,True,allenai/OLMo-2-1124-7B,OLMO 2 7B,stage2,ingredient3,4000,17B
2,,,4,The person who moved the jam to the fridge was,James,Mary,0.11839070916175842,0.044468335807323456,1.4127055492847995,True,allenai/OLMo-2-1124-7B,OLMO 2 7B,stage2,ingredient3,4000,17B
2,,,1,"At the start of the story, Mary put the jam in the",cupboard,fridge,0.9154706001281738,0.02836562506854534,5.012297994466102,True,allenai/OLMo-2-1124-7B,OLMO 2 7B,stage2,ingredient3,4000,17B
2,,,2,"At the end of the story, the jam was in the",fridge,cupboard,0.5692823529243469,0.2524404227733612,1.1732014339403944,True,allenai/OLMo-2-1124-7B,OLMO 2 7B,stage2,ingredient3,4000,17B
2,,,3,The person who put the jam in the cupboard was,Mary,James,0.100372314453125,0.08758960664272308,0.19652979240222454,True,allenai/OLMo-2-1124-7B,OLMO 2 7B,stage2,ingredient3,4000,17B
2,,,4,The person who moved the jam to the fridge was,James,Mary,0.11839070916175842,0.044468335807323456,1.4127055492847995,True,allenai/OLMo-2-1124-7B,OLMO 2 7B,stage2,ingredient3,4000,17B
2,,,1,"At the start of the story, Mary put the jam in the",cupboard,fridge,0.8123152852058411,0.08460137993097305,3.2632866911838225,True,allenai/OLMo-2-1124-7B,OLMO 2 7B,stage2,ingredient3,4000,17B
2,,,2,"At the end of the story, the jam was in the",fridge,cupboard,0.33966946601867676,0.5142620801925659,-0.5983722430032086,False,allenai/OLMo-2-1124-7B,OLMO 2 7B,stage2,ingredient3,4000,17B
2,,,3,The person who put the jam in the cupboard was,Mary,James,0.15719318389892578,0.2695898413658142,-0.778227472360389,False,allenai/OLMo-2-1124-7B,OLMO 2 7B,stage2,ingredient3,4000,17B
2,,,4,The person who moved the jam to the fridge was,James,Mary,0.5015362501144409,0.065523162484169,2.9362770843003205,True,allenai/OLMo-2-1124-7B,OLMO 2 7B,stage2,ingredient3,4000,17B
2,,,1,"At the start of the story, Mary put the jam in the",cupboard,fridge,0.8123152852058411,0.08460137993097305,3.2632866911838225,True,allenai/OLMo-2-1124-7B,OLMO 2 7B,stage2,ingredient3,4000,17B
2,,,2,"At the end of the story, the jam was in the",fridge,cupboard,0.33966946601867676,0.5142620801925659,-0.5983722430032086,False,allenai/OLMo-2-1124-7B,OLMO 2 7B,stage2,ingredient3,4000,17B
2,,,3,The person who put the jam in the cupboard was,Mary,James,0.15719318389892578,0.2695898413658142,-0.778227472360389,False,allenai/OLMo-2-1124-7B,OLMO 2 7B,stage2,ingredient3,4000,17B
2,,,4,The person who moved the jam to the fridge was,James,Mary,0.5015362501144409,0.065523162484169,2.9362770843003205,True,allenai/OLMo-2-1124-7B,OLMO 2 7B,stage2,ingredient3,4000,17B
2,,,1,"At the start of the story, Mary put the jam in the",cupboard,fridge,0.9084992408752441,0.03286106511950493,4.78903416101055,True,allenai/OLMo-2-1124-7B,OLMO 2 7B,stage2,ingredient3,4000,17B
2,,,2,"At the end of the story, the jam was in the",fridge,cupboard,0.5476027131080627,0.3181037902832031,0.7836320324351623,True,allenai/OLMo-2-1124-7B,OLMO 2 7B,stage2,ingredient3,4000,17B
2,,,3,The person who put the jam in the cupboard was,Mary,James,0.10513465106487274,0.14198194444179535,-0.4334692348677386,False,allenai/OLMo-2-1124-7B,OLMO 2 7B,stage2,ingredient3,4000,17B
2,,,4,The person who moved the jam to the fridge was,James,Mary,0.1988239735364914,0.0659560039639473,1.5919158239261564,True,allenai/OLMo-2-1124-7B,OLMO 2 7B,stage2,ingredient3,4000,17B
2,,,1,"At the start of the story, Mary put the jam in the",cupboard,fridge,0.9084992408752441,0.03286106511950493,4.78903416101055,True,allenai/OLMo-2-1124-7B,OLMO 2 7B,stage2,ingredient3,4000,17B
2,,,2,"At the end of the story, the jam was in the",fridge,cupboard,0.5476027131080627,0.3181037902832031,0.7836320324351623,True,allenai/OLMo-2-1124-7B,OLMO 2 7B,stage2,ingredient3,4000,17B
2,,,3,The person who put the jam in the cupboard was,Mary,James,0.10513465106487274,0.14198194444179535,-0.4334692348677386,False,allenai/OLMo-2-1124-7B,OLMO 2 7B,stage2,ingredient3,4000,17B
2,,,4,The person who moved the jam to the fridge was,James,Mary,0.1988239735364914,0.0659560039639473,1.5919158239261564,True,allenai/OLMo-2-1124-7B,OLMO 2 7B,stage2,ingredient3,4000,17B
2,,,1,"At the start of the story, Mary put the jam in the",cupboard,fridge,0.6997557878494263,0.13878421485424042,2.334008027838147,True,allenai/OLMo-2-1124-7B,OLMO 2 7B,stage2,ingredient3,4000,17B
2,,,2,"At the end of the story, the jam was in the",fridge,cupboard,0.31096482276916504,0.5447177290916443,-0.8087574359779984,False,allenai/OLMo-2-1124-7B,OLMO 2 7B,stage2,ingredient3,4000,17B
2,,,3,The person who put the jam in the cupboard was,Mary,James,0.17705592513084412,0.31803297996520996,-0.8449712565404599,False,allenai/OLMo-2-1124-7B,OLMO 2 7B,stage2,ingredient3,4000,17B
2,,,4,The person who moved the jam to the fridge was,James,Mary,0.5277238488197327,0.09375645965337753,2.492793184913401,True,allenai/OLMo-2-1124-7B,OLMO 2 7B,stage2,ingredient3,4000,17B
2,,,1,"At the start of the story, Mary put the jam in the",cupboard,fridge,0.6997557878494263,0.13878421485424042,2.334008027838147,True,allenai/OLMo-2-1124-7B,OLMO 2 7B,stage2,ingredient3,4000,17B
2,,,2,"At the end of the story, the jam was in the",fridge,cupboard,0.31096482276916504,0.5447177290916443,-0.8087574359779984,False,allenai/OLMo-2-1124-7B,OLMO 2 7B,stage2,ingredient3,4000,17B
2,,,3,The person who put the jam in the cupboard was,Mary,James,0.17705592513084412,0.31803297996520996,-0.8449712565404599,False,allenai/OLMo-2-1124-7B,OLMO 2 7B,stage2,ingredient3,4000,17B
2,,,4,The person who moved the jam to the fridge was,James,Mary,0.5277238488197327,0.09375645965337753,2.492793184913401,True,allenai/OLMo-2-1124-7B,OLMO 2 7B,stage2,ingredient3,4000,17B
2,,,1,"At the start of the story, Mary put the jam in the",cupboard,fridge,0.913242757320404,0.024259159341454506,5.234396944635866,True,allenai/OLMo-2-1124-7B,OLMO 2 7B,stage2,ingredient3,4000,17B
2,,,2,"At the end of the story, the jam was in the",fridge,cupboard,0.5341655015945435,0.28145813941955566,0.9243664345849827,True,allenai/OLMo-2-1124-7B,OLMO 2 7B,stage2,ingredient3,4000,17B
2,,,3,The person who put the jam in the cupboard was,Mary,James,0.09911296516656876,0.08322823792695999,0.25200069826451166,True,allenai/OLMo-2-1124-7B,OLMO 2 7B,stage2,ingredient3,4000,17B
2,,,4,The person who moved the jam to the fridge was,James,Mary,0.13803331553936005,0.047961194068193436,1.5250770335688666,True,allenai/OLMo-2-1124-7B,OLMO 2 7B,stage2,ingredient3,4000,17B
2,,,1,"At the start of the story, Mary put the jam in the",cupboard,fridge,0.913242757320404,0.024259159341454506,5.234396944635866,True,allenai/OLMo-2-1124-7B,OLMO 2 7B,stage2,ingredient3,4000,17B
2,,,2,"At the end of the story, the jam was in the",fridge,cupboard,0.5341655015945435,0.28145813941955566,0.9243664345849827,True,allenai/OLMo-2-1124-7B,OLMO 2 7B,stage2,ingredient3,4000,17B
2,,,3,The person who put the jam in the cupboard was,Mary,James,0.09911296516656876,0.08322823792695999,0.25200069826451166,True,allenai/OLMo-2-1124-7B,OLMO 2 7B,stage2,ingredient3,4000,17B
2,,,4,The person who moved the jam to the fridge was,James,Mary,0.13803331553936005,0.047961194068193436,1.5250770335688666,True,allenai/OLMo-2-1124-7B,OLMO 2 7B,stage2,ingredient3,4000,17B
2,,,1,"At the start of the story, Mary put the jam in the",cupboard,fridge,0.7935965657234192,0.08363355696201324,3.2462519548292477,True,allenai/OLMo-2-1124-7B,OLMO 2 7B,stage2,ingredient3,4000,17B
2,,,2,"At the end of the story, the jam was in the",fridge,cupboard,0.3659450113773346,0.48043695092201233,-0.39272023589931526,False,allenai/OLMo-2-1124-7B,OLMO 2 7B,stage2,ingredient3,4000,17B
2,,,3,The person who put the jam in the cupboard was,Mary,James,0.18254059553146362,0.23005913197994232,-0.33378738077446785,False,allenai/OLMo-2-1124-7B,OLMO 2 7B,stage2,ingredient3,4000,17B
2,,,4,The person who moved the jam to the fridge was,James,Mary,0.4832102954387665,0.07634890824556351,2.6619717611257143,True,allenai/OLMo-2-1124-7B,OLMO 2 7B,stage2,ingredient3,4000,17B
2,,,1,"At the start of the story, Mary put the jam in the",cupboard,fridge,0.7935965657234192,0.08363355696201324,3.2462519548292477,True,allenai/OLMo-2-1124-7B,OLMO 2 7B,stage2,ingredient3,4000,17B
2,,,2,"At the end of the story, the jam was in the",fridge,cupboard,0.3659450113773346,0.48043695092201233,-0.39272023589931526,False,allenai/OLMo-2-1124-7B,OLMO 2 7B,stage2,ingredient3,4000,17B
2,,,3,The person who put the jam in the cupboard was,Mary,James,0.18254059553146362,0.23005913197994232,-0.33378738077446785,False,allenai/OLMo-2-1124-7B,OLMO 2 7B,stage2,ingredient3,4000,17B
2,,,4,The person who moved the jam to the fridge was,James,Mary,0.4832102954387665,0.07634890824556351,2.6619717611257143,True,allenai/OLMo-2-1124-7B,OLMO 2 7B,stage2,ingredient3,4000,17B
2,,,1,"At the start of the story, Mary put the jam in the",cupboard,fridge,0.9110068082809448,0.026836467906832695,5.085195127623347,True,allenai/OLMo-2-1124-7B,OLMO 2 7B,stage2,ingredient3,4000,17B
2,,,2,"At the end of the story, the jam was in the",fridge,cupboard,0.47264328598976135,0.39280858635902405,0.2669252956890694,True,allenai/OLMo-2-1124-7B,OLMO 2 7B,stage2,ingredient3,4000,17B
2,,,3,The person who put the jam in the cupboard was,Mary,James,0.11032665520906448,0.11303583532571793,-0.034998825392134295,False,allenai/OLMo-2-1124-7B,OLMO 2 7B,stage2,ingredient3,4000,17B
2,,,4,The person who moved the jam to the fridge was,James,Mary,0.23194041848182678,0.07339344918727875,1.6600310447156406,True,allenai/OLMo-2-1124-7B,OLMO 2 7B,stage2,ingredient3,4000,17B
2,,,1,"At the start of the story, Mary put the jam in the",cupboard,fridge,0.9110068082809448,0.026836467906832695,5.085195127623347,True,allenai/OLMo-2-1124-7B,OLMO 2 7B,stage2,ingredient3,4000,17B
2,,,2,"At the end of the story, the jam was in the",fridge,cupboard,0.47264328598976135,0.39280858635902405,0.2669252956890694,True,allenai/OLMo-2-1124-7B,OLMO 2 7B,stage2,ingredient3,4000,17B
2,,,3,The person who put the jam in the cupboard was,Mary,James,0.11032665520906448,0.11303583532571793,-0.034998825392134295,False,allenai/OLMo-2-1124-7B,OLMO 2 7B,stage2,ingredient3,4000,17B
2,,,4,The person who moved the jam to the fridge was,James,Mary,0.23194041848182678,0.07339344918727875,1.6600310447156406,True,allenai/OLMo-2-1124-7B,OLMO 2 7B,stage2,ingredient3,4000,17B
2,,,1,"At the start of the story, Mary put the jam in the",cupboard,fridge,0.6904328465461731,0.1278848946094513,2.432655233347079,True,allenai/OLMo-2-1124-7B,OLMO 2 7B,stage2,ingredient3,4000,17B
2,,,2,"At the end of the story, the jam was in the",fridge,cupboard,0.28875041007995605,0.5728639364242554,-0.9883695230368554,False,allenai/OLMo-2-1124-7B,OLMO 2 7B,stage2,ingredient3,4000,17B
2,,,3,The person who put the jam in the cupboard was,Mary,James,0.21381758153438568,0.24536487460136414,-0.19854824753172706,False,allenai/OLMo-2-1124-7B,OLMO 2 7B,stage2,ingredient3,4000,17B
2,,,4,The person who moved the jam to the fridge was,James,Mary,0.5477872490882874,0.09041792899370193,2.598934906163614,True,allenai/OLMo-2-1124-7B,OLMO 2 7B,stage2,ingredient3,4000,17B
2,,,1,"At the start of the story, Mary put the jam in the",cupboard,fridge,0.6904328465461731,0.1278848946094513,2.432655233347079,True,allenai/OLMo-2-1124-7B,OLMO 2 7B,stage2,ingredient3,4000,17B
2,,,2,"At the end of the story, the jam was in the",fridge,cupboard,0.28875041007995605,0.5728639364242554,-0.9883695230368554,False,allenai/OLMo-2-1124-7B,OLMO 2 7B,stage2,ingredient3,4000,17B
2,,,3,The person who put the jam in the cupboard was,Mary,James,0.21381758153438568,0.24536487460136414,-0.19854824753172706,False,allenai/OLMo-2-1124-7B,OLMO 2 7B,stage2,ingredient3,4000,17B
2,,,4,The person who moved the jam to the fridge was,James,Mary,0.5477872490882874,0.09041792899370193,2.598934906163614,True,allenai/OLMo-2-1124-7B,OLMO 2 7B,stage2,ingredient3,4000,17B
3,,,1,"At the start of the story, Cameron put the shirt in the",sink,basket,0.8149905204772949,0.12118558585643768,2.749565167865224,True,allenai/OLMo-2-1124-7B,OLMO 2 7B,stage2,ingredient3,4000,17B
3,,,2,"At the end of the story, the shirt was in the",basket,sink,0.2590910494327545,0.5817220211029053,-1.1668707414672692,False,allenai/OLMo-2-1124-7B,OLMO 2 7B,stage2,ingredient3,4000,17B
3,,,3,The person who put the shirt in the sink was,Cameron,Helen,0.05331350862979889,0.15943151712417603,-1.5803638199086314,False,allenai/OLMo-2-1124-7B,OLMO 2 7B,stage2,ingredient3,4000,17B
3,,,4,The person who moved the shirt to the basket was,Helen,Cameron,0.14591708779335022,0.011100349947810173,3.716471777088144,True,allenai/OLMo-2-1124-7B,OLMO 2 7B,stage2,ingredient3,4000,17B
3,,,1,"At the start of the story, Cameron put the shirt in the",sink,basket,0.8149905204772949,0.12118558585643768,2.749565167865224,True,allenai/OLMo-2-1124-7B,OLMO 2 7B,stage2,ingredient3,4000,17B
3,,,2,"At the end of the story, the shirt was in the",basket,sink,0.2590910494327545,0.5817220211029053,-1.1668707414672692,False,allenai/OLMo-2-1124-7B,OLMO 2 7B,stage2,ingredient3,4000,17B
3,,,3,The person who put the shirt in the sink was,Cameron,Helen,0.05331350862979889,0.15943151712417603,-1.5803638199086314,False,allenai/OLMo-2-1124-7B,OLMO 2 7B,stage2,ingredient3,4000,17B
3,,,4,The person who moved the shirt to the basket was,Helen,Cameron,0.14591708779335022,0.011100349947810173,3.716471777088144,True,allenai/OLMo-2-1124-7B,OLMO 2 7B,stage2,ingredient3,4000,17B
3,,,1,"At the start of the story, Cameron put the shirt in the",sink,basket,0.8387792706489563,0.10216934233903885,3.0373288516646797,True,allenai/OLMo-2-1124-7B,OLMO 2 7B,stage2,ingredient3,4000,17B
3,,,2,"At the end of the story, the shirt was in the",basket,sink,0.26530635356903076,0.5117670893669128,-0.9478281480580045,False,allenai/OLMo-2-1124-7B,OLMO 2 7B,stage2,ingredient3,4000,17B
3,,,3,The person who put the shirt in the sink was,Cameron,Helen,0.06350457668304443,0.09575948864221573,-0.5925548797008771,False,allenai/OLMo-2-1124-7B,OLMO 2 7B,stage2,ingredient3,4000,17B
3,,,4,The person who moved the shirt to the basket was,Helen,Cameron,0.16644522547721863,0.019781503826379776,3.0728234752900807,True,allenai/OLMo-2-1124-7B,OLMO 2 7B,stage2,ingredient3,4000,17B
3,,,1,"At the start of the story, Cameron put the shirt in the",sink,basket,0.8387792706489563,0.10216934233903885,3.0373288516646797,True,allenai/OLMo-2-1124-7B,OLMO 2 7B,stage2,ingredient3,4000,17B
3,,,2,"At the end of the story, the shirt was in the",basket,sink,0.26530635356903076,0.5117670893669128,-0.9478281480580045,False,allenai/OLMo-2-1124-7B,OLMO 2 7B,stage2,ingredient3,4000,17B
3,,,3,The person who put the shirt in the sink was,Cameron,Helen,0.06350457668304443,0.09575948864221573,-0.5925548797008771,False,allenai/OLMo-2-1124-7B,OLMO 2 7B,stage2,ingredient3,4000,17B
3,,,4,The person who moved the shirt to the basket was,Helen,Cameron,0.16644522547721863,0.019781503826379776,3.0728234752900807,True,allenai/OLMo-2-1124-7B,OLMO 2 7B,stage2,ingredient3,4000,17B
3,,,1,"At the start of the story, Cameron put the shirt in the",sink,basket,0.7722347974777222,0.15973986685276031,2.2733151483880385,True,allenai/OLMo-2-1124-7B,OLMO 2 7B,stage2,ingredient3,4000,17B
3,,,2,"At the end of the story, the shirt was in the",basket,sink,0.33648544549942017,0.4053601324558258,-0.2686601022178177,False,allenai/OLMo-2-1124-7B,OLMO 2 7B,stage2,ingredient3,4000,17B
3,,,3,The person who put the shirt in the sink was,Cameron,Helen,0.028056345880031586,0.123652882874012,-2.139896848928261,False,allenai/OLMo-2-1124-7B,OLMO 2 7B,stage2,ingredient3,4000,17B
3,,,4,The person who moved the shirt to the basket was,Helen,Cameron,0.11251823604106903,0.009070812724530697,3.632783211658284,True,allenai/OLMo-2-1124-7B,OLMO 2 7B,stage2,ingredient3,4000,17B
3,,,1,"At the start of the story, Cameron put the shirt in the",sink,basket,0.7722347974777222,0.15973986685276031,2.2733151483880385,True,allenai/OLMo-2-1124-7B,OLMO 2 7B,stage2,ingredient3,4000,17B
3,,,2,"At the end of the story, the shirt was in the",basket,sink,0.33648544549942017,0.4053601324558258,-0.2686601022178177,False,allenai/OLMo-2-1124-7B,OLMO 2 7B,stage2,ingredient3,4000,17B
3,,,3,The person who put the shirt in the sink was,Cameron,Helen,0.028056345880031586,0.123652882874012,-2.139896848928261,False,allenai/OLMo-2-1124-7B,OLMO 2 7B,stage2,ingredient3,4000,17B
3,,,4,The person who moved the shirt to the basket was,Helen,Cameron,0.11251823604106903,0.009070812724530697,3.632783211658284,True,allenai/OLMo-2-1124-7B,OLMO 2 7B,stage2,ingredient3,4000,17B
3,,,1,"At the start of the story, Cameron put the shirt in the",sink,basket,0.8278824090957642,0.10150571912527084,3.027864849205303,True,allenai/OLMo-2-1124-7B,OLMO 2 7B,stage2,ingredient3,4000,17B
3,,,2,"At the end of the story, the shirt was in the",basket,sink,0.32616761326789856,0.3162717819213867,0.044448694185379334,True,allenai/OLMo-2-1124-7B,OLMO 2 7B,stage2,ingredient3,4000,17B
3,,,3,The person who put the shirt in the sink was,Cameron,Helen,0.021282438188791275,0.18683455884456635,-3.1340259899764287,False,allenai/OLMo-2-1124-7B,OLMO 2 7B,stage2,ingredient3,4000,17B
3,,,4,The person who moved the shirt to the basket was,Helen,Cameron,0.3095077574253082,0.018175289034843445,4.089925357160555,True,allenai/OLMo-2-1124-7B,OLMO 2 7B,stage2,ingredient3,4000,17B
3,,,1,"At the start of the story, Cameron put the shirt in the",sink,basket,0.8278824090957642,0.10150571912527084,3.027864849205303,True,allenai/OLMo-2-1124-7B,OLMO 2 7B,stage2,ingredient3,4000,17B
3,,,2,"At the end of the story, the shirt was in the",basket,sink,0.32616761326789856,0.3162717819213867,0.044448694185379334,True,allenai/OLMo-2-1124-7B,OLMO 2 7B,stage2,ingredient3,4000,17B
3,,,3,The person who put the shirt in the sink was,Cameron,Helen,0.021282438188791275,0.18683455884456635,-3.1340259899764287,False,allenai/OLMo-2-1124-7B,OLMO 2 7B,stage2,ingredient3,4000,17B
3,,,4,The person who moved the shirt to the basket was,Helen,Cameron,0.3095077574253082,0.018175289034843445,4.089925357160555,True,allenai/OLMo-2-1124-7B,OLMO 2 7B,stage2,ingredient3,4000,17B
3,,,1,"At the start of the story, Cameron put the shirt in the",sink,basket,0.8142560124397278,0.12638616561889648,2.6876439144436195,True,allenai/OLMo-2-1124-7B,OLMO 2 7B,stage2,ingredient3,4000,17B
3,,,2,"At the end of the story, the shirt was in the",basket,sink,0.2551417946815491,0.5869202613830566,-1.20186526737767,False,allenai/OLMo-2-1124-7B,OLMO 2 7B,stage2,ingredient3,4000,17B
3,,,3,The person who put the shirt in the sink was,Cameron,Helen,0.02055513858795166,0.13928714394569397,-2.7604911008131405,False,allenai/OLMo-2-1124-7B,OLMO 2 7B,stage2,ingredient3,4000,17B
3,,,4,The person who moved the shirt to the basket was,Helen,Cameron,0.12619680166244507,0.008475315757095814,3.896264418407648,True,allenai/OLMo-2-1124-7B,OLMO 2 7B,stage2,ingredient3,4000,17B
3,,,1,"At the start of the story, Cameron put the shirt in the",sink,basket,0.8142560124397278,0.12638616561889648,2.6876439144436195,True,allenai/OLMo-2-1124-7B,OLMO 2 7B,stage2,ingredient3,4000,17B
3,,,2,"At the end of the story, the shirt was in the",basket,sink,0.2551417946815491,0.5869202613830566,-1.20186526737767,False,allenai/OLMo-2-1124-7B,OLMO 2 7B,stage2,ingredient3,4000,17B
3,,,3,The person who put the shirt in the sink was,Cameron,Helen,0.02055513858795166,0.13928714394569397,-2.7604911008131405,False,allenai/OLMo-2-1124-7B,OLMO 2 7B,stage2,ingredient3,4000,17B
3,,,4,The person who moved the shirt to the basket was,Helen,Cameron,0.12619680166244507,0.008475315757095814,3.896264418407648,True,allenai/OLMo-2-1124-7B,OLMO 2 7B,stage2,ingredient3,4000,17B
3,,,1,"At the start of the story, Cameron put the shirt in the",sink,basket,0.7933754920959473,0.1643848866224289,2.2709261671317416,True,allenai/OLMo-2-1124-7B,OLMO 2 7B,stage2,ingredient3,4000,17B
3,,,2,"At the end of the story, the shirt was in the",basket,sink,0.3601381182670593,0.4268888831138611,-0.2453102854765102,False,allenai/OLMo-2-1124-7B,OLMO 2 7B,stage2,ingredient3,4000,17B
3,,,3,The person who put the shirt in the sink was,Cameron,Helen,0.02142639271914959,0.09471073746681213,-2.1441390121787234,False,allenai/OLMo-2-1124-7B,OLMO 2 7B,stage2,ingredient3,4000,17B
3,,,4,The person who moved the shirt to the basket was,Helen,Cameron,0.15925294160842896,0.009035827592015266,4.139519467280796,True,allenai/OLMo-2-1124-7B,OLMO 2 7B,stage2,ingredient3,4000,17B
3,,,1,"At the start of the story, Cameron put the shirt in the",sink,basket,0.7933754920959473,0.1643848866224289,2.2709261671317416,True,allenai/OLMo-2-1124-7B,OLMO 2 7B,stage2,ingredient3,4000,17B
3,,,2,"At the end of the story, the shirt was in the",basket,sink,0.3601381182670593,0.4268888831138611,-0.2453102854765102,False,allenai/OLMo-2-1124-7B,OLMO 2 7B,stage2,ingredient3,4000,17B
3,,,3,The person who put the shirt in the sink was,Cameron,Helen,0.02142639271914959,0.09471073746681213,-2.1441390121787234,False,allenai/OLMo-2-1124-7B,OLMO 2 7B,stage2,ingredient3,4000,17B
3,,,4,The person who moved the shirt to the basket was,Helen,Cameron,0.15925294160842896,0.009035827592015266,4.139519467280796,True,allenai/OLMo-2-1124-7B,OLMO 2 7B,stage2,ingredient3,4000,17B
3,,,1,"At the start of the story, Cameron put the shirt in the",sink,basket,0.816787600517273,0.13655264675617218,2.5805036874588767,True,allenai/OLMo-2-1124-7B,OLMO 2 7B,stage2,ingredient3,4000,17B
3,,,2,"At the end of the story, the shirt was in the",basket,sink,0.3483162224292755,0.4202382564544678,-0.2708098375957186,False,allenai/OLMo-2-1124-7B,OLMO 2 7B,stage2,ingredient3,4000,17B
3,,,3,The person who put the shirt in the sink was,Cameron,Helen,0.01193948183208704,0.1294855922460556,-3.4389794485813847,False,allenai/OLMo-2-1124-7B,OLMO 2 7B,stage2,ingredient3,4000,17B
3,,,4,The person who moved the shirt to the basket was,Helen,Cameron,0.10783372819423676,0.00562727777287364,4.260227504821968,True,allenai/OLMo-2-1124-7B,OLMO 2 7B,stage2,ingredient3,4000,17B
3,,,1,"At the start of the story, Cameron put the shirt in the",sink,basket,0.816787600517273,0.13655264675617218,2.5805036874588767,True,allenai/OLMo-2-1124-7B,OLMO 2 7B,stage2,ingredient3,4000,17B
3,,,2,"At the end of the story, the shirt was in the",basket,sink,0.3483162224292755,0.4202382564544678,-0.2708098375957186,False,allenai/OLMo-2-1124-7B,OLMO 2 7B,stage2,ingredient3,4000,17B
3,,,3,The person who put the shirt in the sink was,Cameron,Helen,0.01193948183208704,0.1294855922460556,-3.4389794485813847,False,allenai/OLMo-2-1124-7B,OLMO 2 7B,stage2,ingredient3,4000,17B
3,,,4,The person who moved the shirt to the basket was,Helen,Cameron,0.10783372819423676,0.00562727777287364,4.260227504821968,True,allenai/OLMo-2-1124-7B,OLMO 2 7B,stage2,ingredient3,4000,17B
3,,,1,"At the start of the story, Cameron put the shirt in the",sink,basket,0.8543149828910828,0.10717504471540451,2.9947990653763887,True,allenai/OLMo-2-1124-7B,OLMO 2 7B,stage2,ingredient3,4000,17B
3,,,2,"At the end of the story, the shirt was in the",basket,sink,0.3815625309944153,0.3172588646411896,0.26625903181290106,True,allenai/OLMo-2-1124-7B,OLMO 2 7B,stage2,ingredient3,4000,17B
3,,,3,The person who put the shirt in the sink was,Cameron,Helen,0.012521679513156414,0.1768026500940323,-3.8196399126642713,False,allenai/OLMo-2-1124-7B,OLMO 2 7B,stage2,ingredient3,4000,17B
3,,,4,The person who moved the shirt to the basket was,Helen,Cameron,0.2515302002429962,0.011417080648243427,4.461465923844442,True,allenai/OLMo-2-1124-7B,OLMO 2 7B,stage2,ingredient3,4000,17B
3,,,1,"At the start of the story, Cameron put the shirt in the",sink,basket,0.8543149828910828,0.10717504471540451,2.9947990653763887,True,allenai/OLMo-2-1124-7B,OLMO 2 7B,stage2,ingredient3,4000,17B
3,,,2,"At the end of the story, the shirt was in the",basket,sink,0.3815625309944153,0.3172588646411896,0.26625903181290106,True,allenai/OLMo-2-1124-7B,OLMO 2 7B,stage2,ingredient3,4000,17B
3,,,3,The person who put the shirt in the sink was,Cameron,Helen,0.012521679513156414,0.1768026500940323,-3.8196399126642713,False,allenai/OLMo-2-1124-7B,OLMO 2 7B,stage2,ingredient3,4000,17B
3,,,4,The person who moved the shirt to the basket was,Helen,Cameron,0.2515302002429962,0.011417080648243427,4.461465923844442,True,allenai/OLMo-2-1124-7B,OLMO 2 7B,stage2,ingredient3,4000,17B
4,,,1,"At the start of the story, Paula put the football in the",shed,garage,0.795717716217041,0.009319158270955086,6.415913256899835,True,allenai/OLMo-2-1124-7B,OLMO 2 7B,stage2,ingredient3,4000,17B
4,,,2,"At the end of the story, the football was in the",garage,shed,0.4325086772441864,0.28683826327323914,0.5924915896266038,True,allenai/OLMo-2-1124-7B,OLMO 2 7B,stage2,ingredient3,4000,17B
4,,,3,The person who put the football in the shed was,Paula,Tim,0.032918814569711685,0.11048185080289841,-1.7468251037639715,False,allenai/OLMo-2-1124-7B,OLMO 2 7B,stage2,ingredient3,4000,17B
4,,,4,The person who moved the football to the garage was,Tim,Paula,0.21628403663635254,0.026639696210622787,3.02127765200334,True,allenai/OLMo-2-1124-7B,OLMO 2 7B,stage2,ingredient3,4000,17B
4,,,1,"At the start of the story, Paula put the football in the",shed,garage,0.795717716217041,0.009319158270955086,6.415913256899835,True,allenai/OLMo-2-1124-7B,OLMO 2 7B,stage2,ingredient3,4000,17B
4,,,2,"At the end of the story, the football was in the",garage,shed,0.4325086772441864,0.28683826327323914,0.5924915896266038,True,allenai/OLMo-2-1124-7B,OLMO 2 7B,stage2,ingredient3,4000,17B
4,,,3,The person who put the football in the shed was,Paula,Tim,0.032918814569711685,0.11048185080289841,-1.7468251037639715,False,allenai/OLMo-2-1124-7B,OLMO 2 7B,stage2,ingredient3,4000,17B
4,,,4,The person who moved the football to the garage was,Tim,Paula,0.21628403663635254,0.026639696210622787,3.02127765200334,True,allenai/OLMo-2-1124-7B,OLMO 2 7B,stage2,ingredient3,4000,17B
4,,,1,"At the start of the story, Paula put the football in the",shed,garage,0.691804826259613,0.024706803262233734,4.807384816512296,True,allenai/OLMo-2-1124-7B,OLMO 2 7B,stage2,ingredient3,4000,17B
4,,,2,"At the end of the story, the football was in the",garage,shed,0.35684746503829956,0.3212283253669739,0.1517084110918945,True,allenai/OLMo-2-1124-7B,OLMO 2 7B,stage2,ingredient3,4000,17B
4,,,3,The person who put the football in the shed was,Paula,Tim,0.06850223988294601,0.11805979907512665,-0.7852947244608105,False,allenai/OLMo-2-1124-7B,OLMO 2 7B,stage2,ingredient3,4000,17B
4,,,4,The person who moved the football to the garage was,Tim,Paula,0.15573300421237946,0.021543681621551514,2.853738004877711,True,allenai/OLMo-2-1124-7B,OLMO 2 7B,stage2,ingredient3,4000,17B
4,,,1,"At the start of the story, Paula put the football in the",shed,garage,0.691804826259613,0.024706803262233734,4.807384816512296,True,allenai/OLMo-2-1124-7B,OLMO 2 7B,stage2,ingredient3,4000,17B
4,,,2,"At the end of the story, the football was in the",garage,shed,0.35684746503829956,0.3212283253669739,0.1517084110918945,True,allenai/OLMo-2-1124-7B,OLMO 2 7B,stage2,ingredient3,4000,17B
4,,,3,The person who put the football in the shed was,Paula,Tim,0.06850223988294601,0.11805979907512665,-0.7852947244608105,False,allenai/OLMo-2-1124-7B,OLMO 2 7B,stage2,ingredient3,4000,17B
4,,,4,The person who moved the football to the garage was,Tim,Paula,0.15573300421237946,0.021543681621551514,2.853738004877711,True,allenai/OLMo-2-1124-7B,OLMO 2 7B,stage2,ingredient3,4000,17B
4,,,1,"At the start of the story, Paula put the football in the",shed,garage,0.6367661952972412,0.008760957047343254,6.183531459254681,True,allenai/OLMo-2-1124-7B,OLMO 2 7B,stage2,ingredient3,4000,17B
4,,,2,"At the end of the story, the football was in the",garage,shed,0.45009705424308777,0.3100847601890564,0.5375734995169354,True,allenai/OLMo-2-1124-7B,OLMO 2 7B,stage2,ingredient3,4000,17B
4,,,3,The person who put the football in the shed was,Paula,Tim,0.03662087023258209,0.11793652176856995,-1.6872725715116645,False,allenai/OLMo-2-1124-7B,OLMO 2 7B,stage2,ingredient3,4000,17B
4,,,4,The person who moved the football to the garage was,Tim,Paula,0.228205144405365,0.031799860298633575,2.8432389818516963,True,allenai/OLMo-2-1124-7B,OLMO 2 7B,stage2,ingredient3,4000,17B
4,,,1,"At the start of the story, Paula put the football in the",shed,garage,0.6367661952972412,0.008760957047343254,6.183531459254681,True,allenai/OLMo-2-1124-7B,OLMO 2 7B,stage2,ingredient3,4000,17B
4,,,2,"At the end of the story, the football was in the",garage,shed,0.45009705424308777,0.3100847601890564,0.5375734995169354,True,allenai/OLMo-2-1124-7B,OLMO 2 7B,stage2,ingredient3,4000,17B
4,,,3,The person who put the football in the shed was,Paula,Tim,0.03662087023258209,0.11793652176856995,-1.6872725715116645,False,allenai/OLMo-2-1124-7B,OLMO 2 7B,stage2,ingredient3,4000,17B
4,,,4,The person who moved the football to the garage was,Tim,Paula,0.228205144405365,0.031799860298633575,2.8432389818516963,True,allenai/OLMo-2-1124-7B,OLMO 2 7B,stage2,ingredient3,4000,17B
4,,,1,"At the start of the story, Paula put the football in the",shed,garage,0.5729052424430847,0.011095237918198109,5.6902840303164,True,allenai/OLMo-2-1124-7B,OLMO 2 7B,stage2,ingredient3,4000,17B
4,,,2,"At the end of the story, the football was in the",garage,shed,0.36926352977752686,0.4105663299560547,-0.1529645364814838,False,allenai/OLMo-2-1124-7B,OLMO 2 7B,stage2,ingredient3,4000,17B
4,,,3,The person who put the football in the shed was,Paula,Tim,0.060282960534095764,0.13354578614234924,-1.1475122789409498,False,allenai/OLMo-2-1124-7B,OLMO 2 7B,stage2,ingredient3,4000,17B
4,,,4,The person who moved the football to the garage was,Tim,Paula,0.12724414467811584,0.022009385749697685,2.531408482785893,True,allenai/OLMo-2-1124-7B,OLMO 2 7B,stage2,ingredient3,4000,17B
4,,,1,"At the start of the story, Paula put the football in the",shed,garage,0.5729052424430847,0.011095237918198109,5.6902840303164,True,allenai/OLMo-2-1124-7B,OLMO 2 7B,stage2,ingredient3,4000,17B
4,,,2,"At the end of the story, the football was in the",garage,shed,0.36926352977752686,0.4105663299560547,-0.1529645364814838,False,allenai/OLMo-2-1124-7B,OLMO 2 7B,stage2,ingredient3,4000,17B
4,,,3,The person who put the football in the shed was,Paula,Tim,0.060282960534095764,0.13354578614234924,-1.1475122789409498,False,allenai/OLMo-2-1124-7B,OLMO 2 7B,stage2,ingredient3,4000,17B
4,,,4,The person who moved the football to the garage was,Tim,Paula,0.12724414467811584,0.022009385749697685,2.531408482785893,True,allenai/OLMo-2-1124-7B,OLMO 2 7B,stage2,ingredient3,4000,17B
4,,,1,"At the start of the story, Paula put the football in the",shed,garage,0.9640132784843445,0.008951234631240368,6.750822523290731,True,allenai/OLMo-2-1124-7B,OLMO 2 7B,stage2,ingredient3,4000,17B
4,,,2,"At the end of the story, the football was in the",garage,shed,0.4920240342617035,0.19880874454975128,1.3073475748234198,True,allenai/OLMo-2-1124-7B,OLMO 2 7B,stage2,ingredient3,4000,17B
4,,,3,The person who put the football in the shed was,Paula,Tim,0.03532510623335838,0.16449303925037384,-2.219260731321532,False,allenai/OLMo-2-1124-7B,OLMO 2 7B,stage2,ingredient3,4000,17B
4,,,4,The person who moved the football to the garage was,Tim,Paula,0.290705144405365,0.01799844577908516,4.013612366152796,True,allenai/OLMo-2-1124-7B,OLMO 2 7B,stage2,ingredient3,4000,17B
4,,,1,"At the start of the story, Paula put the football in the",shed,garage,0.9640132784843445,0.008951234631240368,6.750822523290731,True,allenai/OLMo-2-1124-7B,OLMO 2 7B,stage2,ingredient3,4000,17B
4,,,2,"At the end of the story, the football was in the",garage,shed,0.4920240342617035,0.19880874454975128,1.3073475748234198,True,allenai/OLMo-2-1124-7B,OLMO 2 7B,stage2,ingredient3,4000,17B
4,,,3,The person who put the football in the shed was,Paula,Tim,0.03532510623335838,0.16449303925037384,-2.219260731321532,False,allenai/OLMo-2-1124-7B,OLMO 2 7B,stage2,ingredient3,4000,17B
4,,,4,The person who moved the football to the garage was,Tim,Paula,0.290705144405365,0.01799844577908516,4.013612366152796,True,allenai/OLMo-2-1124-7B,OLMO 2 7B,stage2,ingredient3,4000,17B
4,,,1,"At the start of the story, Paula put the football in the",shed,garage,0.683515727519989,0.03102344647049904,4.461543661344456,True,allenai/OLMo-2-1124-7B,OLMO 2 7B,stage2,ingredient3,4000,17B
4,,,2,"At the end of the story, the football was in the",garage,shed,0.38913923501968384,0.21666687726974487,0.8448078278412128,True,allenai/OLMo-2-1124-7B,OLMO 2 7B,stage2,ingredient3,4000,17B
4,,,3,The person who put the football in the shed was,Paula,Tim,0.08059863746166229,0.17541933059692383,-1.121980381508786,False,allenai/OLMo-2-1124-7B,OLMO 2 7B,stage2,ingredient3,4000,17B
4,,,4,The person who moved the football to the garage was,Tim,Paula,0.20528388023376465,0.05221728980541229,1.9750208597289471,True,allenai/OLMo-2-1124-7B,OLMO 2 7B,stage2,ingredient3,4000,17B
4,,,1,"At the start of the story, Paula put the football in the",shed,garage,0.683515727519989,0.03102344647049904,4.461543661344456,True,allenai/OLMo-2-1124-7B,OLMO 2 7B,stage2,ingredient3,4000,17B
4,,,2,"At the end of the story, the football was in the",garage,shed,0.38913923501968384,0.21666687726974487,0.8448078278412128,True,allenai/OLMo-2-1124-7B,OLMO 2 7B,stage2,ingredient3,4000,17B
4,,,3,The person who put the football in the shed was,Paula,Tim,0.08059863746166229,0.17541933059692383,-1.121980381508786,False,allenai/OLMo-2-1124-7B,OLMO 2 7B,stage2,ingredient3,4000,17B
4,,,4,The person who moved the football to the garage was,Tim,Paula,0.20528388023376465,0.05221728980541229,1.9750208597289471,True,allenai/OLMo-2-1124-7B,OLMO 2 7B,stage2,ingredient3,4000,17B
4,,,1,"At the start of the story, Paula put the football in the",shed,garage,0.9610962867736816,0.00902403425425291,6.734764619368942,True,allenai/OLMo-2-1124-7B,OLMO 2 7B,stage2,ingredient3,4000,17B
4,,,2,"At the end of the story, the football was in the",garage,shed,0.5094149708747864,0.20373420417308807,1.322153149379216,True,allenai/OLMo-2-1124-7B,OLMO 2 7B,stage2,ingredient3,4000,17B
4,,,3,The person who put the football in the shed was,Paula,Tim,0.02594076469540596,0.19634957611560822,-2.9201315696346364,False,allenai/OLMo-2-1124-7B,OLMO 2 7B,stage2,ingredient3,4000,17B
4,,,4,The person who moved the football to the garage was,Tim,Paula,0.2507688105106354,0.017961906269192696,3.8033455491207775,True,allenai/OLMo-2-1124-7B,OLMO 2 7B,stage2,ingredient3,4000,17B
4,,,1,"At the start of the story, Paula put the football in the",shed,garage,0.9610962867736816,0.00902403425425291,6.734764619368942,True,allenai/OLMo-2-1124-7B,OLMO 2 7B,stage2,ingredient3,4000,17B
4,,,2,"At the end of the story, the football was in the",garage,shed,0.5094149708747864,0.20373420417308807,1.322153149379216,True,allenai/OLMo-2-1124-7B,OLMO 2 7B,stage2,ingredient3,4000,17B
4,,,3,The person who put the football in the shed was,Paula,Tim,0.02594076469540596,0.19634957611560822,-2.9201315696346364,False,allenai/OLMo-2-1124-7B,OLMO 2 7B,stage2,ingredient3,4000,17B
4,,,4,The person who moved the football to the garage was,Tim,Paula,0.2507688105106354,0.017961906269192696,3.8033455491207775,True,allenai/OLMo-2-1124-7B,OLMO 2 7B,stage2,ingredient3,4000,17B
4,,,1,"At the start of the story, Paula put the football in the",shed,garage,0.5677746534347534,0.01626170612871647,5.125767912146729,True,allenai/OLMo-2-1124-7B,OLMO 2 7B,stage2,ingredient3,4000,17B
4,,,2,"At the end of the story, the football was in the",garage,shed,0.3936203420162201,0.28082823753356934,0.4871167728171837,True,allenai/OLMo-2-1124-7B,OLMO 2 7B,stage2,ingredient3,4000,17B
4,,,3,The person who put the football in the shed was,Paula,Tim,0.039755597710609436,0.16604527831077576,-2.062346783007033,False,allenai/OLMo-2-1124-7B,OLMO 2 7B,stage2,ingredient3,4000,17B
4,,,4,The person who moved the football to the garage was,Tim,Paula,0.11893682181835175,0.03472748026251793,1.7760457888745589,True,allenai/OLMo-2-1124-7B,OLMO 2 7B,stage2,ingredient3,4000,17B
4,,,1,"At the start of the story, Paula put the football in the",shed,garage,0.5677746534347534,0.01626170612871647,5.125767912146729,True,allenai/OLMo-2-1124-7B,OLMO 2 7B,stage2,ingredient3,4000,17B
4,,,2,"At the end of the story, the football was in the",garage,shed,0.3936203420162201,0.28082823753356934,0.4871167728171837,True,allenai/OLMo-2-1124-7B,OLMO 2 7B,stage2,ingredient3,4000,17B
4,,,3,The person who put the football in the shed was,Paula,Tim,0.039755597710609436,0.16604527831077576,-2.062346783007033,False,allenai/OLMo-2-1124-7B,OLMO 2 7B,stage2,ingredient3,4000,17B
4,,,4,The person who moved the football to the garage was,Tim,Paula,0.11893682181835175,0.03472748026251793,1.7760457888745589,True,allenai/OLMo-2-1124-7B,OLMO 2 7B,stage2,ingredient3,4000,17B
5,,,1,"At the start of the story, Ed put the keys in the",hall,study,0.7594509124755859,0.14881740510463715,2.3514134500469726,True,allenai/OLMo-2-1124-7B,OLMO 2 7B,stage2,ingredient3,4000,17B
5,,,2,"At the end of the story, the keys were in the",study,hall,0.8740296363830566,0.04286720231175423,4.349736029921108,True,allenai/OLMo-2-1124-7B,OLMO 2 7B,stage2,ingredient3,4000,17B
5,,,3,The person who put the keys in the hall was,Ed,Seana,0.016651645302772522,0.10577716678380966,-2.667291600629083,False,allenai/OLMo-2-1124-7B,OLMO 2 7B,stage2,ingredient3,4000,17B
5,,,4,The person who moved the keys to the study was,Seana,Ed,0.06412447988986969,0.008698226884007454,2.8820819735741368,True,allenai/OLMo-2-1124-7B,OLMO 2 7B,stage2,ingredient3,4000,17B
5,,,1,"At the start of the story, Ed put the keys in the",hall,study,0.7594509124755859,0.14881740510463715,2.3514134500469726,True,allenai/OLMo-2-1124-7B,OLMO 2 7B,stage2,ingredient3,4000,17B
5,,,2,"At the end of the story, the keys were in the",study,hall,0.8740296363830566,0.04286720231175423,4.349736029921108,True,allenai/OLMo-2-1124-7B,OLMO 2 7B,stage2,ingredient3,4000,17B
5,,,3,The person who put the keys in the hall was,Ed,Seana,0.016651645302772522,0.10577716678380966,-2.667291600629083,False,allenai/OLMo-2-1124-7B,OLMO 2 7B,stage2,ingredient3,4000,17B
5,,,4,The person who moved the keys to the study was,Seana,Ed,0.06412447988986969,0.008698226884007454,2.8820819735741368,True,allenai/OLMo-2-1124-7B,OLMO 2 7B,stage2,ingredient3,4000,17B
5,,,1,"At the start of the story, Ed put the keys in the",hall,study,0.26804348826408386,0.665463924407959,-1.311893370741388,False,allenai/OLMo-2-1124-7B,OLMO 2 7B,stage2,ingredient3,4000,17B
5,,,2,"At the end of the story, the keys were in the",study,hall,0.4293788969516754,0.23637893795967102,0.86114979460165,True,allenai/OLMo-2-1124-7B,OLMO 2 7B,stage2,ingredient3,4000,17B
5,,,3,The person who put the keys in the hall was,Ed,Seana,0.02022939920425415,0.06373267620801926,-1.6555797687066307,False,allenai/OLMo-2-1124-7B,OLMO 2 7B,stage2,ingredient3,4000,17B
5,,,4,The person who moved the keys to the study was,Seana,Ed,0.04551100730895996,0.012291179969906807,1.888592095232412,True,allenai/OLMo-2-1124-7B,OLMO 2 7B,stage2,ingredient3,4000,17B
5,,,1,"At the start of the story, Ed put the keys in the",hall,study,0.26804348826408386,0.665463924407959,-1.311893370741388,False,allenai/OLMo-2-1124-7B,OLMO 2 7B,stage2,ingredient3,4000,17B
5,,,2,"At the end of the story, the keys were in the",study,hall,0.4293788969516754,0.23637893795967102,0.86114979460165,True,allenai/OLMo-2-1124-7B,OLMO 2 7B,stage2,ingredient3,4000,17B
5,,,3,The person who put the keys in the hall was,Ed,Seana,0.02022939920425415,0.06373267620801926,-1.6555797687066307,False,allenai/OLMo-2-1124-7B,OLMO 2 7B,stage2,ingredient3,4000,17B
5,,,4,The person who moved the keys to the study was,Seana,Ed,0.04551100730895996,0.012291179969906807,1.888592095232412,True,allenai/OLMo-2-1124-7B,OLMO 2 7B,stage2,ingredient3,4000,17B
5,,,1,"At the start of the story, Ed put the keys in the",hall,study,0.9096762537956238,0.01065155491232872,6.41621723816734,True,allenai/OLMo-2-1124-7B,OLMO 2 7B,stage2,ingredient3,4000,17B
5,,,2,"At the end of the story, the keys were in the",study,hall,0.7616282105445862,0.11595327407121658,2.715543360071066,True,allenai/OLMo-2-1124-7B,OLMO 2 7B,stage2,ingredient3,4000,17B
5,,,3,The person who put the keys in the hall was,Ed,Seana,0.014065391384065151,0.12987783551216125,-3.2069336437996565,False,allenai/OLMo-2-1124-7B,OLMO 2 7B,stage2,ingredient3,4000,17B
5,,,4,The person who moved the keys to the study was,Seana,Ed,0.08185425400733948,0.006381194107234478,3.681159071626835,True,allenai/OLMo-2-1124-7B,OLMO 2 7B,stage2,ingredient3,4000,17B
5,,,1,"At the start of the story, Ed put the keys in the",hall,study,0.9096762537956238,0.01065155491232872,6.41621723816734,True,allenai/OLMo-2-1124-7B,OLMO 2 7B,stage2,ingredient3,4000,17B
5,,,2,"At the end of the story, the keys were in the",study,hall,0.7616282105445862,0.11595327407121658,2.715543360071066,True,allenai/OLMo-2-1124-7B,OLMO 2 7B,stage2,ingredient3,4000,17B
5,,,3,The person who put the keys in the hall was,Ed,Seana,0.014065391384065151,0.12987783551216125,-3.2069336437996565,False,allenai/OLMo-2-1124-7B,OLMO 2 7B,stage2,ingredient3,4000,17B
5,,,4,The person who moved the keys to the study was,Seana,Ed,0.08185425400733948,0.006381194107234478,3.681159071626835,True,allenai/OLMo-2-1124-7B,OLMO 2 7B,stage2,ingredient3,4000,17B
5,,,1,"At the start of the story, Ed put the keys in the",hall,study,0.4606751501560211,0.460932195186615,-0.00080476268426651,False,allenai/OLMo-2-1124-7B,OLMO 2 7B,stage2,ingredient3,4000,17B
5,,,2,"At the end of the story, the keys were in the",study,hall,0.44149041175842285,0.23514144122600555,0.9088532845676968,True,allenai/OLMo-2-1124-7B,OLMO 2 7B,stage2,ingredient3,4000,17B
5,,,3,The person who put the keys in the hall was,Ed,Seana,0.028757285326719284,0.06347128748893738,-1.1421766148742936,False,allenai/OLMo-2-1124-7B,OLMO 2 7B,stage2,ingredient3,4000,17B
5,,,4,The person who moved the keys to the study was,Seana,Ed,0.05409812927246094,0.017012495547533035,1.6689839219898333,True,allenai/OLMo-2-1124-7B,OLMO 2 7B,stage2,ingredient3,4000,17B
5,,,1,"At the start of the story, Ed put the keys in the",hall,study,0.4606751501560211,0.460932195186615,-0.00080476268426651,False,allenai/OLMo-2-1124-7B,OLMO 2 7B,stage2,ingredient3,4000,17B
5,,,2,"At the end of the story, the keys were in the",study,hall,0.44149041175842285,0.23514144122600555,0.9088532845676968,True,allenai/OLMo-2-1124-7B,OLMO 2 7B,stage2,ingredient3,4000,17B
5,,,3,The person who put the keys in the hall was,Ed,Seana,0.028757285326719284,0.06347128748893738,-1.1421766148742936,False,allenai/OLMo-2-1124-7B,OLMO 2 7B,stage2,ingredient3,4000,17B
5,,,4,The person who moved the keys to the study was,Seana,Ed,0.05409812927246094,0.017012495547533035,1.6689839219898333,True,allenai/OLMo-2-1124-7B,OLMO 2 7B,stage2,ingredient3,4000,17B
5,,,1,"At the start of the story, Ed put the keys in the",hall,study,0.9004045724868774,0.039072953164577484,4.5263311784058695,True,allenai/OLMo-2-1124-7B,OLMO 2 7B,stage2,ingredient3,4000,17B
5,,,2,"At the end of the story, the keys were in the",study,hall,0.8350555896759033,0.055512309074401855,3.9109926316385364,True,allenai/OLMo-2-1124-7B,OLMO 2 7B,stage2,ingredient3,4000,17B
5,,,3,The person who put the keys in the hall was,Ed,Seana,0.005684151314198971,0.07759387791156769,-3.770925964260922,False,allenai/OLMo-2-1124-7B,OLMO 2 7B,stage2,ingredient3,4000,17B
5,,,4,The person who moved the keys to the study was,Seana,Ed,0.08008787781000137,0.014636009931564331,2.4520615914770194,True,allenai/OLMo-2-1124-7B,OLMO 2 7B,stage2,ingredient3,4000,17B
5,,,1,"At the start of the story, Ed put the keys in the",hall,study,0.9004045724868774,0.039072953164577484,4.5263311784058695,True,allenai/OLMo-2-1124-7B,OLMO 2 7B,stage2,ingredient3,4000,17B
5,,,2,"At the end of the story, the keys were in the",study,hall,0.8350555896759033,0.055512309074401855,3.9109926316385364,True,allenai/OLMo-2-1124-7B,OLMO 2 7B,stage2,ingredient3,4000,17B
5,,,3,The person who put the keys in the hall was,Ed,Seana,0.005684151314198971,0.07759387791156769,-3.770925964260922,False,allenai/OLMo-2-1124-7B,OLMO 2 7B,stage2,ingredient3,4000,17B
5,,,4,The person who moved the keys to the study was,Seana,Ed,0.08008787781000137,0.014636009931564331,2.4520615914770194,True,allenai/OLMo-2-1124-7B,OLMO 2 7B,stage2,ingredient3,4000,17B
5,,,1,"At the start of the story, Ed put the keys in the",hall,study,0.2188389003276825,0.7228154540061951,-1.7237581405112985,False,allenai/OLMo-2-1124-7B,OLMO 2 7B,stage2,ingredient3,4000,17B
5,,,2,"At the end of the story, the keys were in the",study,hall,0.5005523562431335,0.16858583688735962,1.5700376397277054,True,allenai/OLMo-2-1124-7B,OLMO 2 7B,stage2,ingredient3,4000,17B
5,,,3,The person who put the keys in the hall was,Ed,Seana,0.0097584193572402,0.04232630133628845,-2.1168350370174873,False,allenai/OLMo-2-1124-7B,OLMO 2 7B,stage2,ingredient3,4000,17B
5,,,4,The person who moved the keys to the study was,Seana,Ed,0.03851837292313576,0.017601795494556427,1.1298241623579324,True,allenai/OLMo-2-1124-7B,OLMO 2 7B,stage2,ingredient3,4000,17B
5,,,1,"At the start of the story, Ed put the keys in the",hall,study,0.2188389003276825,0.7228154540061951,-1.7237581405112985,False,allenai/OLMo-2-1124-7B,OLMO 2 7B,stage2,ingredient3,4000,17B
5,,,2,"At the end of the story, the keys were in the",study,hall,0.5005523562431335,0.16858583688735962,1.5700376397277054,True,allenai/OLMo-2-1124-7B,OLMO 2 7B,stage2,ingredient3,4000,17B
5,,,3,The person who put the keys in the hall was,Ed,Seana,0.0097584193572402,0.04232630133628845,-2.1168350370174873,False,allenai/OLMo-2-1124-7B,OLMO 2 7B,stage2,ingredient3,4000,17B
5,,,4,The person who moved the keys to the study was,Seana,Ed,0.03851837292313576,0.017601795494556427,1.1298241623579324,True,allenai/OLMo-2-1124-7B,OLMO 2 7B,stage2,ingredient3,4000,17B
5,,,1,"At the start of the story, Ed put the keys in the",hall,study,0.9264587759971619,0.014798976480960846,5.968157477565289,True,allenai/OLMo-2-1124-7B,OLMO 2 7B,stage2,ingredient3,4000,17B
5,,,2,"At the end of the story, the keys were in the",study,hall,0.6499119997024536,0.17056576907634735,1.92991624497863,True,allenai/OLMo-2-1124-7B,OLMO 2 7B,stage2,ingredient3,4000,17B
5,,,3,The person who put the keys in the hall was,Ed,Seana,0.008492188528180122,0.08046875894069672,-3.244220477552793,False,allenai/OLMo-2-1124-7B,OLMO 2 7B,stage2,ingredient3,4000,17B
5,,,4,The person who moved the keys to the study was,Seana,Ed,0.09762082248926163,0.01323267538100481,2.8830841319404046,True,allenai/OLMo-2-1124-7B,OLMO 2 7B,stage2,ingredient3,4000,17B
5,,,1,"At the start of the story, Ed put the keys in the",hall,study,0.9264587759971619,0.014798976480960846,5.968157477565289,True,allenai/OLMo-2-1124-7B,OLMO 2 7B,stage2,ingredient3,4000,17B
5,,,2,"At the end of the story, the keys were in the",study,hall,0.6499119997024536,0.17056576907634735,1.92991624497863,True,allenai/OLMo-2-1124-7B,OLMO 2 7B,stage2,ingredient3,4000,17B
5,,,3,The person who put the keys in the hall was,Ed,Seana,0.008492188528180122,0.08046875894069672,-3.244220477552793,False,allenai/OLMo-2-1124-7B,OLMO 2 7B,stage2,ingredient3,4000,17B
5,,,4,The person who moved the keys to the study was,Seana,Ed,0.09762082248926163,0.01323267538100481,2.8830841319404046,True,allenai/OLMo-2-1124-7B,OLMO 2 7B,stage2,ingredient3,4000,17B
5,,,1,"At the start of the story, Ed put the keys in the",hall,study,0.6106550097465515,0.31485238671302795,0.9556819543334685,True,allenai/OLMo-2-1124-7B,OLMO 2 7B,stage2,ingredient3,4000,17B
5,,,2,"At the end of the story, the keys were in the",study,hall,0.4602704644203186,0.2332276701927185,0.9807429073008318,True,allenai/OLMo-2-1124-7B,OLMO 2 7B,stage2,ingredient3,4000,17B
5,,,3,The person who put the keys in the hall was,Ed,Seana,0.015307077206671238,0.04924977943301201,-1.6859184281319153,False,allenai/OLMo-2-1124-7B,OLMO 2 7B,stage2,ingredient3,4000,17B
5,,,4,The person who moved the keys to the study was,Seana,Ed,0.04781461879611015,0.0230043213814497,1.0555468757342132,True,allenai/OLMo-2-1124-7B,OLMO 2 7B,stage2,ingredient3,4000,17B
5,,,1,"At the start of the story, Ed put the keys in the",hall,study,0.6106550097465515,0.31485238671302795,0.9556819543334685,True,allenai/OLMo-2-1124-7B,OLMO 2 7B,stage2,ingredient3,4000,17B
5,,,2,"At the end of the story, the keys were in the",study,hall,0.4602704644203186,0.2332276701927185,0.9807429073008318,True,allenai/OLMo-2-1124-7B,OLMO 2 7B,stage2,ingredient3,4000,17B
5,,,3,The person who put the keys in the hall was,Ed,Seana,0.015307077206671238,0.04924977943301201,-1.6859184281319153,False,allenai/OLMo-2-1124-7B,OLMO 2 7B,stage2,ingredient3,4000,17B
5,,,4,The person who moved the keys to the study was,Seana,Ed,0.04781461879611015,0.0230043213814497,1.0555468757342132,True,allenai/OLMo-2-1124-7B,OLMO 2 7B,stage2,ingredient3,4000,17B
6,,,1,"At the start of the story, Laura put the stapler in the",drawer,cabinet,0.5233721137046814,0.35151103138923645,0.5742670910328318,True,allenai/OLMo-2-1124-7B,OLMO 2 7B,stage2,ingredient3,4000,17B
6,,,2,"At the end of the story, the stapler was in the",cabinet,drawer,0.31264838576316833,0.3274777829647064,-0.06685596490582325,False,allenai/OLMo-2-1124-7B,OLMO 2 7B,stage2,ingredient3,4000,17B
6,,,3,The person who put the stapler in the drawer was,Laura,Ross,0.023498723283410072,0.3314887285232544,-3.8183055352874997,False,allenai/OLMo-2-1124-7B,OLMO 2 7B,stage2,ingredient3,4000,17B
6,,,4,The person who moved the stapler to the cabinet was,Ross,Laura,0.2692916691303253,0.015575450845062733,4.111823769943274,True,allenai/OLMo-2-1124-7B,OLMO 2 7B,stage2,ingredient3,4000,17B
6,,,1,"At the start of the story, Laura put the stapler in the",drawer,cabinet,0.5233721137046814,0.35151103138923645,0.5742670910328318,True,allenai/OLMo-2-1124-7B,OLMO 2 7B,stage2,ingredient3,4000,17B
6,,,2,"At the end of the story, the stapler was in the",cabinet,drawer,0.31264838576316833,0.3274777829647064,-0.06685596490582325,False,allenai/OLMo-2-1124-7B,OLMO 2 7B,stage2,ingredient3,4000,17B
6,,,3,The person who put the stapler in the drawer was,Laura,Ross,0.023498723283410072,0.3314887285232544,-3.8183055352874997,False,allenai/OLMo-2-1124-7B,OLMO 2 7B,stage2,ingredient3,4000,17B
6,,,4,The person who moved the stapler to the cabinet was,Ross,Laura,0.2692916691303253,0.015575450845062733,4.111823769943274,True,allenai/OLMo-2-1124-7B,OLMO 2 7B,stage2,ingredient3,4000,17B
6,,,1,"At the start of the story, Laura put the stapler in the",drawer,cabinet,0.3358665704727173,0.5693020820617676,-0.7613061678332196,False,allenai/OLMo-2-1124-7B,OLMO 2 7B,stage2,ingredient3,4000,17B
6,,,2,"At the end of the story, the stapler was in the",cabinet,drawer,0.33225059509277344,0.31154540181159973,0.09282935960051793,True,allenai/OLMo-2-1124-7B,OLMO 2 7B,stage2,ingredient3,4000,17B
6,,,3,The person who put the stapler in the drawer was,Laura,Ross,0.05568746477365494,0.42335090041160583,-2.9264294383499085,False,allenai/OLMo-2-1124-7B,OLMO 2 7B,stage2,ingredient3,4000,17B
6,,,4,The person who moved the stapler to the cabinet was,Ross,Laura,0.4020956754684448,0.023329662159085274,4.107301499396209,True,allenai/OLMo-2-1124-7B,OLMO 2 7B,stage2,ingredient3,4000,17B
6,,,1,"At the start of the story, Laura put the stapler in the",drawer,cabinet,0.3358665704727173,0.5693020820617676,-0.7613061678332196,False,allenai/OLMo-2-1124-7B,OLMO 2 7B,stage2,ingredient3,4000,17B
6,,,2,"At the end of the story, the stapler was in the",cabinet,drawer,0.33225059509277344,0.31154540181159973,0.09282935960051793,True,allenai/OLMo-2-1124-7B,OLMO 2 7B,stage2,ingredient3,4000,17B
6,,,3,The person who put the stapler in the drawer was,Laura,Ross,0.05568746477365494,0.42335090041160583,-2.9264294383499085,False,allenai/OLMo-2-1124-7B,OLMO 2 7B,stage2,ingredient3,4000,17B
6,,,4,The person who moved the stapler to the cabinet was,Ross,Laura,0.4020956754684448,0.023329662159085274,4.107301499396209,True,allenai/OLMo-2-1124-7B,OLMO 2 7B,stage2,ingredient3,4000,17B
6,,,1,"At the start of the story, Laura put the stapler in the",drawer,cabinet,0.5402862429618835,0.3482557535171509,0.6335767600901864,True,allenai/OLMo-2-1124-7B,OLMO 2 7B,stage2,ingredient3,4000,17B
6,,,2,"At the end of the story, the stapler was in the",cabinet,drawer,0.2466050088405609,0.3456975519657135,-0.4873082843994825,False,allenai/OLMo-2-1124-7B,OLMO 2 7B,stage2,ingredient3,4000,17B
6,,,3,The person who put the stapler in the drawer was,Laura,Ross,0.004283275455236435,0.05878019705414772,-3.778543831174498,False,allenai/OLMo-2-1124-7B,OLMO 2 7B,stage2,ingredient3,4000,17B
6,,,4,The person who moved the stapler to the cabinet was,Ross,Laura,0.13636530935764313,0.007783948909491301,4.13083062560112,True,allenai/OLMo-2-1124-7B,OLMO 2 7B,stage2,ingredient3,4000,17B
6,,,1,"At the start of the story, Laura put the stapler in the",drawer,cabinet,0.5402862429618835,0.3482557535171509,0.6335767600901864,True,allenai/OLMo-2-1124-7B,OLMO 2 7B,stage2,ingredient3,4000,17B
6,,,2,"At the end of the story, the stapler was in the",cabinet,drawer,0.2466050088405609,0.3456975519657135,-0.4873082843994825,False,allenai/OLMo-2-1124-7B,OLMO 2 7B,stage2,ingredient3,4000,17B
6,,,3,The person who put the stapler in the drawer was,Laura,Ross,0.004283275455236435,0.05878019705414772,-3.778543831174498,False,allenai/OLMo-2-1124-7B,OLMO 2 7B,stage2,ingredient3,4000,17B
6,,,4,The person who moved the stapler to the cabinet was,Ross,Laura,0.13636530935764313,0.007783948909491301,4.13083062560112,True,allenai/OLMo-2-1124-7B,OLMO 2 7B,stage2,ingredient3,4000,17B
6,,,1,"At the start of the story, Laura put the stapler in the",drawer,cabinet,0.5051345229148865,0.39754658937454224,0.3455437017260434,True,allenai/OLMo-2-1124-7B,OLMO 2 7B,stage2,ingredient3,4000,17B
6,,,2,"At the end of the story, the stapler was in the",cabinet,drawer,0.2627004384994507,0.3383273780345917,-0.3650013186057467,False,allenai/OLMo-2-1124-7B,OLMO 2 7B,stage2,ingredient3,4000,17B
6,,,3,The person who put the stapler in the drawer was,Laura,Ross,0.016403406858444214,0.15119916200637817,-3.2043827562319143,False,allenai/OLMo-2-1124-7B,OLMO 2 7B,stage2,ingredient3,4000,17B
6,,,4,The person who moved the stapler to the cabinet was,Ross,Laura,0.07550447434186935,0.008803827688097954,3.1003593264248837,True,allenai/OLMo-2-1124-7B,OLMO 2 7B,stage2,ingredient3,4000,17B
6,,,1,"At the start of the story, Laura put the stapler in the",drawer,cabinet,0.5051345229148865,0.39754658937454224,0.3455437017260434,True,allenai/OLMo-2-1124-7B,OLMO 2 7B,stage2,ingredient3,4000,17B
6,,,2,"At the end of the story, the stapler was in the",cabinet,drawer,0.2627004384994507,0.3383273780345917,-0.3650013186057467,False,allenai/OLMo-2-1124-7B,OLMO 2 7B,stage2,ingredient3,4000,17B
6,,,3,The person who put the stapler in the drawer was,Laura,Ross,0.016403406858444214,0.15119916200637817,-3.2043827562319143,False,allenai/OLMo-2-1124-7B,OLMO 2 7B,stage2,ingredient3,4000,17B
6,,,4,The person who moved the stapler to the cabinet was,Ross,Laura,0.07550447434186935,0.008803827688097954,3.1003593264248837,True,allenai/OLMo-2-1124-7B,OLMO 2 7B,stage2,ingredient3,4000,17B
6,,,1,"At the start of the story, Laura put the stapler in the",drawer,cabinet,0.4833551347255707,0.4122812747955322,0.22945462997225546,True,allenai/OLMo-2-1124-7B,OLMO 2 7B,stage2,ingredient3,4000,17B
6,,,2,"At the end of the story, the stapler was in the",cabinet,drawer,0.39306873083114624,0.2692848742008209,0.5456484043409786,True,allenai/OLMo-2-1124-7B,OLMO 2 7B,stage2,ingredient3,4000,17B
6,,,3,The person who put the stapler in the drawer was,Laura,Ross,0.01198242325335741,0.21800488233566284,-4.185368840558157,False,allenai/OLMo-2-1124-7B,OLMO 2 7B,stage2,ingredient3,4000,17B
6,,,4,The person who moved the stapler to the cabinet was,Ross,Laura,0.19965843856334686,0.01298705767840147,3.942387529922078,True,allenai/OLMo-2-1124-7B,OLMO 2 7B,stage2,ingredient3,4000,17B
6,,,1,"At the start of the story, Laura put the stapler in the",drawer,cabinet,0.4833551347255707,0.4122812747955322,0.22945462997225546,True,allenai/OLMo-2-1124-7B,OLMO 2 7B,stage2,ingredient3,4000,17B
6,,,2,"At the end of the story, the stapler was in the",cabinet,drawer,0.39306873083114624,0.2692848742008209,0.5456484043409786,True,allenai/OLMo-2-1124-7B,OLMO 2 7B,stage2,ingredient3,4000,17B
6,,,3,The person who put the stapler in the drawer was,Laura,Ross,0.01198242325335741,0.21800488233566284,-4.185368840558157,False,allenai/OLMo-2-1124-7B,OLMO 2 7B,stage2,ingredient3,4000,17B
6,,,4,The person who moved the stapler to the cabinet was,Ross,Laura,0.19965843856334686,0.01298705767840147,3.942387529922078,True,allenai/OLMo-2-1124-7B,OLMO 2 7B,stage2,ingredient3,4000,17B
6,,,1,"At the start of the story, Laura put the stapler in the",drawer,cabinet,0.27671438455581665,0.6477733850479126,-1.2270915514940128,False,allenai/OLMo-2-1124-7B,OLMO 2 7B,stage2,ingredient3,4000,17B
6,,,2,"At the end of the story, the stapler was in the",cabinet,drawer,0.3896830081939697,0.26919472217559814,0.5336509005658168,True,allenai/OLMo-2-1124-7B,OLMO 2 7B,stage2,ingredient3,4000,17B
6,,,3,The person who put the stapler in the drawer was,Laura,Ross,0.042462725192308426,0.38328486680984497,-3.1741481682355546,False,allenai/OLMo-2-1124-7B,OLMO 2 7B,stage2,ingredient3,4000,17B
6,,,4,The person who moved the stapler to the cabinet was,Ross,Laura,0.31583476066589355,0.021821768954396248,3.855330000677076,True,allenai/OLMo-2-1124-7B,OLMO 2 7B,stage2,ingredient3,4000,17B
6,,,1,"At the start of the story, Laura put the stapler in the",drawer,cabinet,0.27671438455581665,0.6477733850479126,-1.2270915514940128,False,allenai/OLMo-2-1124-7B,OLMO 2 7B,stage2,ingredient3,4000,17B
6,,,2,"At the end of the story, the stapler was in the",cabinet,drawer,0.3896830081939697,0.26919472217559814,0.5336509005658168,True,allenai/OLMo-2-1124-7B,OLMO 2 7B,stage2,ingredient3,4000,17B
6,,,3,The person who put the stapler in the drawer was,Laura,Ross,0.042462725192308426,0.38328486680984497,-3.1741481682355546,False,allenai/OLMo-2-1124-7B,OLMO 2 7B,stage2,ingredient3,4000,17B
6,,,4,The person who moved the stapler to the cabinet was,Ross,Laura,0.31583476066589355,0.021821768954396248,3.855330000677076,True,allenai/OLMo-2-1124-7B,OLMO 2 7B,stage2,ingredient3,4000,17B
6,,,1,"At the start of the story, Laura put the stapler in the",drawer,cabinet,0.47614356875419617,0.427353173494339,0.1559678106583478,True,allenai/OLMo-2-1124-7B,OLMO 2 7B,stage2,ingredient3,4000,17B
6,,,2,"At the end of the story, the stapler was in the",cabinet,drawer,0.249457448720932,0.281254380941391,-0.17308182014485568,False,allenai/OLMo-2-1124-7B,OLMO 2 7B,stage2,ingredient3,4000,17B
6,,,3,The person who put the stapler in the drawer was,Laura,Ross,0.003642590017989278,0.06713858246803284,-4.204105546347262,False,allenai/OLMo-2-1124-7B,OLMO 2 7B,stage2,ingredient3,4000,17B
6,,,4,The person who moved the stapler to the cabinet was,Ross,Laura,0.10102235525846481,0.007001393474638462,3.8508886847615056,True,allenai/OLMo-2-1124-7B,OLMO 2 7B,stage2,ingredient3,4000,17B
6,,,1,"At the start of the story, Laura put the stapler in the",drawer,cabinet,0.47614356875419617,0.427353173494339,0.1559678106583478,True,allenai/OLMo-2-1124-7B,OLMO 2 7B,stage2,ingredient3,4000,17B
6,,,2,"At the end of the story, the stapler was in the",cabinet,drawer,0.249457448720932,0.281254380941391,-0.17308182014485568,False,allenai/OLMo-2-1124-7B,OLMO 2 7B,stage2,ingredient3,4000,17B
6,,,3,The person who put the stapler in the drawer was,Laura,Ross,0.003642590017989278,0.06713858246803284,-4.204105546347262,False,allenai/OLMo-2-1124-7B,OLMO 2 7B,stage2,ingredient3,4000,17B
6,,,4,The person who moved the stapler to the cabinet was,Ross,Laura,0.10102235525846481,0.007001393474638462,3.8508886847615056,True,allenai/OLMo-2-1124-7B,OLMO 2 7B,stage2,ingredient3,4000,17B
6,,,1,"At the start of the story, Laura put the stapler in the",drawer,cabinet,0.4454326033592224,0.47376856207847595,-0.08897530885923367,False,allenai/OLMo-2-1124-7B,OLMO 2 7B,stage2,ingredient3,4000,17B
6,,,2,"At the end of the story, the stapler was in the",cabinet,drawer,0.2676636874675751,0.2987957298755646,-0.1587381011884253,False,allenai/OLMo-2-1124-7B,OLMO 2 7B,stage2,ingredient3,4000,17B
6,,,3,The person who put the stapler in the drawer was,Laura,Ross,0.01573803834617138,0.12343379855155945,-2.9714098525517887,False,allenai/OLMo-2-1124-7B,OLMO 2 7B,stage2,ingredient3,4000,17B
6,,,4,The person who moved the stapler to the cabinet was,Ross,Laura,0.06203386187553406,0.00910239014774561,2.7687386119828874,True,allenai/OLMo-2-1124-7B,OLMO 2 7B,stage2,ingredient3,4000,17B
6,,,1,"At the start of the story, Laura put the stapler in the",drawer,cabinet,0.4454326033592224,0.47376856207847595,-0.08897530885923367,False,allenai/OLMo-2-1124-7B,OLMO 2 7B,stage2,ingredient3,4000,17B
6,,,2,"At the end of the story, the stapler was in the",cabinet,drawer,0.2676636874675751,0.2987957298755646,-0.1587381011884253,False,allenai/OLMo-2-1124-7B,OLMO 2 7B,stage2,ingredient3,4000,17B
6,,,3,The person who put the stapler in the drawer was,Laura,Ross,0.01573803834617138,0.12343379855155945,-2.9714098525517887,False,allenai/OLMo-2-1124-7B,OLMO 2 7B,stage2,ingredient3,4000,17B
6,,,4,The person who moved the stapler to the cabinet was,Ross,Laura,0.06203386187553406,0.00910239014774561,2.7687386119828874,True,allenai/OLMo-2-1124-7B,OLMO 2 7B,stage2,ingredient3,4000,17B
