item,item_id,condition,knowledge_cue,first_mention,recent_mention,passage_hr,passage,question_id,question,correct_answer,distractor_answer,prob_correct,prob_distractor,log_odds,is_correct,model_path,model_shorthand,stage,ingredient,step,tokens_seen
7,7_fb_1_s_e_ex,False Belief,Explicit,Start,End,passage_hr,passage,1,"At the start of the story, David put the wine in the",garage,fridge,0.03726515918970108,0.7249227166175842,-4.281927871152672,False,EleutherAI/pythia-1b,Pythia 1B,,,23000,
7,7_fb_1_s_e_ex,False Belief,Explicit,Start,End,passage_hr,passage,2,"At the end of the story, the wine was in the",fridge,garage,0.7815439105033875,0.07329146564006805,3.4146098124207938,True,EleutherAI/pythia-1b,Pythia 1B,,,23000,
7,7_fb_1_s_e_ex,False Belief,Explicit,Start,End,passage_hr,passage,3,The person who put the wine in the garage was,David,Marta,0.007878788746893406,0.03021017275750637,-1.9389886764287292,False,EleutherAI/pythia-1b,Pythia 1B,,,23000,
7,7_fb_1_s_e_ex,False Belief,Explicit,Start,End,passage_hr,passage,4,The person who moved the wine to the fridge was,Marta,David,0.06344012171030045,0.014633413404226303,2.116129205686433,True,EleutherAI/pythia-1b,Pythia 1B,,,23000,
7,7_fb_1_s_e_im,False Belief,Implicit,Start,End,passage_hr,passage,1,"At the start of the story, David put the wine in the",garage,fridge,0.03726515918970108,0.7249227166175842,-4.281927871152672,False,EleutherAI/pythia-1b,Pythia 1B,,,23000,
7,7_fb_1_s_e_im,False Belief,Implicit,Start,End,passage_hr,passage,2,"At the end of the story, the wine was in the",fridge,garage,0.7815439105033875,0.07329146564006805,3.4146098124207938,True,EleutherAI/pythia-1b,Pythia 1B,,,23000,
7,7_fb_1_s_e_im,False Belief,Implicit,Start,End,passage_hr,passage,3,The person who put the wine in the garage was,David,Marta,0.007878788746893406,0.03021017275750637,-1.9389886764287292,False,EleutherAI/pythia-1b,Pythia 1B,,,23000,
7,7_fb_1_s_e_im,False Belief,Implicit,Start,End,passage_hr,passage,4,The person who moved the wine to the fridge was,Marta,David,0.06344012171030045,0.014633413404226303,2.116129205686433,True,EleutherAI/pythia-1b,Pythia 1B,,,23000,
7,7_tb_1_s_e_ex,True Belief,Explicit,Start,End,passage_hr,passage,1,"At the start of the story, David put the wine in the",garage,fridge,0.03757770359516144,0.7191123366355896,-4.258268349616469,False,EleutherAI/pythia-1b,Pythia 1B,,,23000,
7,7_tb_1_s_e_ex,True Belief,Explicit,Start,End,passage_hr,passage,2,"At the end of the story, the wine was in the",fridge,garage,0.7201994061470032,0.08811456710100174,3.030943959597115,True,EleutherAI/pythia-1b,Pythia 1B,,,23000,
7,7_tb_1_s_e_ex,True Belief,Explicit,Start,End,passage_hr,passage,3,The person who put the wine in the garage was,David,Marta,0.009726179763674736,0.02728590928018093,-1.4882109596401363,False,EleutherAI/pythia-1b,Pythia 1B,,,23000,
7,7_tb_1_s_e_ex,True Belief,Explicit,Start,End,passage_hr,passage,4,The person who moved the wine to the fridge was,Marta,David,0.06734113395214081,0.022307632490992546,1.5939506063165878,True,EleutherAI/pythia-1b,Pythia 1B,,,23000,
7,7_tb_1_s_e_im,True Belief,Implicit,Start,End,passage_hr,passage,1,"At the start of the story, David put the wine in the",garage,fridge,0.03757770359516144,0.7191123366355896,-4.258268349616469,False,EleutherAI/pythia-1b,Pythia 1B,,,23000,
7,7_tb_1_s_e_im,True Belief,Implicit,Start,End,passage_hr,passage,2,"At the end of the story, the wine was in the",fridge,garage,0.7201994061470032,0.08811456710100174,3.030943959597115,True,EleutherAI/pythia-1b,Pythia 1B,,,23000,
7,7_tb_1_s_e_im,True Belief,Implicit,Start,End,passage_hr,passage,3,The person who put the wine in the garage was,David,Marta,0.009726179763674736,0.02728590928018093,-1.4882109596401363,False,EleutherAI/pythia-1b,Pythia 1B,,,23000,
7,7_tb_1_s_e_im,True Belief,Implicit,Start,End,passage_hr,passage,4,The person who moved the wine to the fridge was,Marta,David,0.06734113395214081,0.022307632490992546,1.5939506063165878,True,EleutherAI/pythia-1b,Pythia 1B,,,23000,
7,7_fb_1_s_s_ex,False Belief,Explicit,Start,Start,passage_hr,passage,1,"At the start of the story, David put the wine in the",garage,fridge,0.033390194177627563,0.7188122868537903,-4.428118681037641,False,EleutherAI/pythia-1b,Pythia 1B,,,23000,
7,7_fb_1_s_s_ex,False Belief,Explicit,Start,Start,passage_hr,passage,2,"At the end of the story, the wine was in the",fridge,garage,0.7976489663124084,0.057100046426057816,3.8041901533413727,True,EleutherAI/pythia-1b,Pythia 1B,,,23000,
7,7_fb_1_s_s_ex,False Belief,Explicit,Start,Start,passage_hr,passage,3,The person who put the wine in the garage was,David,Marta,0.008546484634280205,0.033345382660627365,-1.9640839716098317,False,EleutherAI/pythia-1b,Pythia 1B,,,23000,
7,7_fb_1_s_s_ex,False Belief,Explicit,Start,Start,passage_hr,passage,4,The person who moved the wine to the fridge was,Marta,David,0.0662400871515274,0.013864550739526749,2.256303702266612,True,EleutherAI/pythia-1b,Pythia 1B,,,23000,
7,7_fb_1_s_s_im,False Belief,Implicit,Start,Start,passage_hr,passage,1,"At the start of the story, David put the wine in the",garage,fridge,0.033390194177627563,0.7188122868537903,-4.428118681037641,False,EleutherAI/pythia-1b,Pythia 1B,,,23000,
7,7_fb_1_s_s_im,False Belief,Implicit,Start,Start,passage_hr,passage,2,"At the end of the story, the wine was in the",fridge,garage,0.7976489663124084,0.057100046426057816,3.8041901533413727,True,EleutherAI/pythia-1b,Pythia 1B,,,23000,
7,7_fb_1_s_s_im,False Belief,Implicit,Start,Start,passage_hr,passage,3,The person who put the wine in the garage was,David,Marta,0.008546484634280205,0.033345382660627365,-1.9640839716098317,False,EleutherAI/pythia-1b,Pythia 1B,,,23000,
7,7_fb_1_s_s_im,False Belief,Implicit,Start,Start,passage_hr,passage,4,The person who moved the wine to the fridge was,Marta,David,0.0662400871515274,0.013864550739526749,2.256303702266612,True,EleutherAI/pythia-1b,Pythia 1B,,,23000,
7,7_tb_1_s_s_ex,True Belief,Explicit,Start,Start,passage_hr,passage,1,"At the start of the story, David put the wine in the",garage,fridge,0.04036923125386238,0.7197009921073914,-4.156069627973712,False,EleutherAI/pythia-1b,Pythia 1B,,,23000,
7,7_tb_1_s_s_ex,True Belief,Explicit,Start,Start,passage_hr,passage,2,"At the end of the story, the wine was in the",fridge,garage,0.7304952144622803,0.08445820957422256,3.1125652528900885,True,EleutherAI/pythia-1b,Pythia 1B,,,23000,
7,7_tb_1_s_s_ex,True Belief,Explicit,Start,Start,passage_hr,passage,3,The person who put the wine in the garage was,David,Marta,0.011012102477252483,0.02941596694290638,-1.4175095197332959,False,EleutherAI/pythia-1b,Pythia 1B,,,23000,
7,7_tb_1_s_s_ex,True Belief,Explicit,Start,Start,passage_hr,passage,4,The person who moved the wine to the fridge was,Marta,David,0.06810027360916138,0.021473478525877,1.6651046798324427,True,EleutherAI/pythia-1b,Pythia 1B,,,23000,
7,7_tb_1_s_s_im,True Belief,Implicit,Start,Start,passage_hr,passage,1,"At the start of the story, David put the wine in the",garage,fridge,0.04036923125386238,0.7197009921073914,-4.156069627973712,False,EleutherAI/pythia-1b,Pythia 1B,,,23000,
7,7_tb_1_s_s_im,True Belief,Implicit,Start,Start,passage_hr,passage,2,"At the end of the story, the wine was in the",fridge,garage,0.7304952144622803,0.08445820957422256,3.1125652528900885,True,EleutherAI/pythia-1b,Pythia 1B,,,23000,
7,7_tb_1_s_s_im,True Belief,Implicit,Start,Start,passage_hr,passage,3,The person who put the wine in the garage was,David,Marta,0.011012102477252483,0.02941596694290638,-1.4175095197332959,False,EleutherAI/pythia-1b,Pythia 1B,,,23000,
7,7_tb_1_s_s_im,True Belief,Implicit,Start,Start,passage_hr,passage,4,The person who moved the wine to the fridge was,Marta,David,0.06810027360916138,0.021473478525877,1.6651046798324427,True,EleutherAI/pythia-1b,Pythia 1B,,,23000,
7,7_fb_1_e_e_ex,False Belief,Explicit,End,End,passage_hr,passage,1,"At the start of the story, David put the wine in the",garage,fridge,0.052263300865888596,0.7133033275604248,-3.770645552807414,False,EleutherAI/pythia-1b,Pythia 1B,,,23000,
7,7_fb_1_e_e_ex,False Belief,Explicit,End,End,passage_hr,passage,2,"At the end of the story, the wine was in the",fridge,garage,0.7570179104804993,0.09131233394145966,3.051445784327353,True,EleutherAI/pythia-1b,Pythia 1B,,,23000,
7,7_fb_1_e_e_ex,False Belief,Explicit,End,End,passage_hr,passage,3,The person who put the wine in the garage was,David,Marta,0.00879160687327385,0.03520939126610756,-2.0017615036259833,False,EleutherAI/pythia-1b,Pythia 1B,,,23000,
7,7_fb_1_e_e_ex,False Belief,Explicit,End,End,passage_hr,passage,4,The person who moved the wine to the fridge was,Marta,David,0.06468922644853592,0.014107801020145416,2.197032328260505,True,EleutherAI/pythia-1b,Pythia 1B,,,23000,
7,7_fb_1_e_e_im,False Belief,Implicit,End,End,passage_hr,passage,1,"At the start of the story, David put the wine in the",garage,fridge,0.052263300865888596,0.7133033275604248,-3.770645552807414,False,EleutherAI/pythia-1b,Pythia 1B,,,23000,
7,7_fb_1_e_e_im,False Belief,Implicit,End,End,passage_hr,passage,2,"At the end of the story, the wine was in the",fridge,garage,0.7570179104804993,0.09131233394145966,3.051445784327353,True,EleutherAI/pythia-1b,Pythia 1B,,,23000,
7,7_fb_1_e_e_im,False Belief,Implicit,End,End,passage_hr,passage,3,The person who put the wine in the garage was,David,Marta,0.00879160687327385,0.03520939126610756,-2.0017615036259833,False,EleutherAI/pythia-1b,Pythia 1B,,,23000,
7,7_fb_1_e_e_im,False Belief,Implicit,End,End,passage_hr,passage,4,The person who moved the wine to the fridge was,Marta,David,0.06468922644853592,0.014107801020145416,2.197032328260505,True,EleutherAI/pythia-1b,Pythia 1B,,,23000,
7,7_tb_1_e_e_ex,True Belief,Explicit,End,End,passage_hr,passage,1,"At the start of the story, David put the wine in the",garage,fridge,0.06569463759660721,0.6895091533660889,-3.391722185161995,False,EleutherAI/pythia-1b,Pythia 1B,,,23000,
7,7_tb_1_e_e_ex,True Belief,Explicit,End,End,passage_hr,passage,2,"At the end of the story, the wine was in the",fridge,garage,0.6753278374671936,0.12244657427072525,2.463435615899046,True,EleutherAI/pythia-1b,Pythia 1B,,,23000,
7,7_tb_1_e_e_ex,True Belief,Explicit,End,End,passage_hr,passage,3,The person who put the wine in the garage was,David,Marta,0.012156130746006966,0.032700315117836,-1.4276204413252744,False,EleutherAI/pythia-1b,Pythia 1B,,,23000,
7,7_tb_1_e_e_ex,True Belief,Explicit,End,End,passage_hr,passage,4,The person who moved the wine to the fridge was,Marta,David,0.07251378148794174,0.024152722209692,1.5860694084514242,True,EleutherAI/pythia-1b,Pythia 1B,,,23000,
7,7_tb_1_e_e_im,True Belief,Implicit,End,End,passage_hr,passage,1,"At the start of the story, David put the wine in the",garage,fridge,0.06569463759660721,0.6895091533660889,-3.391722185161995,False,EleutherAI/pythia-1b,Pythia 1B,,,23000,
7,7_tb_1_e_e_im,True Belief,Implicit,End,End,passage_hr,passage,2,"At the end of the story, the wine was in the",fridge,garage,0.6753278374671936,0.12244657427072525,2.463435615899046,True,EleutherAI/pythia-1b,Pythia 1B,,,23000,
7,7_tb_1_e_e_im,True Belief,Implicit,End,End,passage_hr,passage,3,The person who put the wine in the garage was,David,Marta,0.012156130746006966,0.032700315117836,-1.4276204413252744,False,EleutherAI/pythia-1b,Pythia 1B,,,23000,
7,7_tb_1_e_e_im,True Belief,Implicit,End,End,passage_hr,passage,4,The person who moved the wine to the fridge was,Marta,David,0.07251378148794174,0.024152722209692,1.5860694084514242,True,EleutherAI/pythia-1b,Pythia 1B,,,23000,
7,7_fb_1_e_s_ex,False Belief,Explicit,End,Start,passage_hr,passage,1,"At the start of the story, David put the wine in the",garage,fridge,0.05798861011862755,0.69029301404953,-3.573367418871511,False,EleutherAI/pythia-1b,Pythia 1B,,,23000,
7,7_fb_1_e_s_ex,False Belief,Explicit,End,Start,passage_hr,passage,2,"At the end of the story, the wine was in the",fridge,garage,0.7437299489974976,0.09687258303165436,2.940618553057004,True,EleutherAI/pythia-1b,Pythia 1B,,,23000,
7,7_fb_1_e_s_ex,False Belief,Explicit,End,Start,passage_hr,passage,3,The person who put the wine in the garage was,David,Marta,0.008900797925889492,0.036672960966825485,-2.0427101740009355,False,EleutherAI/pythia-1b,Pythia 1B,,,23000,
7,7_fb_1_e_s_ex,False Belief,Explicit,End,Start,passage_hr,passage,4,The person who moved the wine to the fridge was,Marta,David,0.06844291090965271,0.013300870545208454,2.363380446082944,True,EleutherAI/pythia-1b,Pythia 1B,,,23000,
7,7_fb_1_e_s_im,False Belief,Implicit,End,Start,passage_hr,passage,1,"At the start of the story, David put the wine in the",garage,fridge,0.05798861011862755,0.69029301404953,-3.573367418871511,False,EleutherAI/pythia-1b,Pythia 1B,,,23000,
7,7_fb_1_e_s_im,False Belief,Implicit,End,Start,passage_hr,passage,2,"At the end of the story, the wine was in the",fridge,garage,0.7437299489974976,0.09687258303165436,2.940618553057004,True,EleutherAI/pythia-1b,Pythia 1B,,,23000,
7,7_fb_1_e_s_im,False Belief,Implicit,End,Start,passage_hr,passage,3,The person who put the wine in the garage was,David,Marta,0.008900797925889492,0.036672960966825485,-2.0427101740009355,False,EleutherAI/pythia-1b,Pythia 1B,,,23000,
7,7_fb_1_e_s_im,False Belief,Implicit,End,Start,passage_hr,passage,4,The person who moved the wine to the fridge was,Marta,David,0.06844291090965271,0.013300870545208454,2.363380446082944,True,EleutherAI/pythia-1b,Pythia 1B,,,23000,
7,7_tb_1_e_s_ex,True Belief,Explicit,End,Start,passage_hr,passage,1,"At the start of the story, David put the wine in the",garage,fridge,0.07326135039329529,0.6791925430297852,-3.21269642043561,False,EleutherAI/pythia-1b,Pythia 1B,,,23000,
7,7_tb_1_e_s_ex,True Belief,Explicit,End,Start,passage_hr,passage,2,"At the end of the story, the wine was in the",fridge,garage,0.6498333215713501,0.14376769959926605,2.1763301420211723,True,EleutherAI/pythia-1b,Pythia 1B,,,23000,
7,7_tb_1_e_s_ex,True Belief,Explicit,End,Start,passage_hr,passage,3,The person who put the wine in the garage was,David,Marta,0.013170814141631126,0.03406417369842529,-1.3709106842405392,False,EleutherAI/pythia-1b,Pythia 1B,,,23000,
7,7_tb_1_e_s_ex,True Belief,Explicit,End,Start,passage_hr,passage,4,The person who moved the wine to the fridge was,Marta,David,0.07424955815076828,0.0235325638204813,1.6577239331124456,True,EleutherAI/pythia-1b,Pythia 1B,,,23000,
7,7_tb_1_e_s_im,True Belief,Implicit,End,Start,passage_hr,passage,1,"At the start of the story, David put the wine in the",garage,fridge,0.07326135039329529,0.6791925430297852,-3.21269642043561,False,EleutherAI/pythia-1b,Pythia 1B,,,23000,
7,7_tb_1_e_s_im,True Belief,Implicit,End,Start,passage_hr,passage,2,"At the end of the story, the wine was in the",fridge,garage,0.6498333215713501,0.14376769959926605,2.1763301420211723,True,EleutherAI/pythia-1b,Pythia 1B,,,23000,
7,7_tb_1_e_s_im,True Belief,Implicit,End,Start,passage_hr,passage,3,The person who put the wine in the garage was,David,Marta,0.013170814141631126,0.03406417369842529,-1.3709106842405392,False,EleutherAI/pythia-1b,Pythia 1B,,,23000,
7,7_tb_1_e_s_im,True Belief,Implicit,End,Start,passage_hr,passage,4,The person who moved the wine to the fridge was,Marta,David,0.07424955815076828,0.0235325638204813,1.6577239331124456,True,EleutherAI/pythia-1b,Pythia 1B,,,23000,
8,8_fb_1_s_e_ex,False Belief,Explicit,Start,End,passage_hr,passage,1,"At the start of the story, Sarah put the painting in the",hall,bedroom,0.03053646720945835,0.04988691210746765,-0.7081282072503094,False,EleutherAI/pythia-1b,Pythia 1B,,,23000,
8,8_fb_1_s_e_ex,False Belief,Explicit,Start,End,passage_hr,passage,2,"At the end of the story, the painting was in the",bedroom,hall,0.2103620171546936,0.12494243681430817,0.7516106630671257,True,EleutherAI/pythia-1b,Pythia 1B,,,23000,
8,8_fb_1_s_e_ex,False Belief,Explicit,Start,End,passage_hr,passage,3,The person who put the painting in the hall was,Sarah,James,0.013838138431310654,0.027049966156482697,-0.9669769108330679,False,EleutherAI/pythia-1b,Pythia 1B,,,23000,
8,8_fb_1_s_e_ex,False Belief,Explicit,Start,End,passage_hr,passage,4,The person who moved the painting to the bedroom was,James,Sarah,0.05949799716472626,0.027431368827819824,1.1170144903082118,True,EleutherAI/pythia-1b,Pythia 1B,,,23000,
8,8_fb_1_s_e_im,False Belief,Implicit,Start,End,passage_hr,passage,1,"At the start of the story, Sarah put the painting in the",hall,bedroom,0.03053646720945835,0.04988691210746765,-0.7081282072503094,False,EleutherAI/pythia-1b,Pythia 1B,,,23000,
8,8_fb_1_s_e_im,False Belief,Implicit,Start,End,passage_hr,passage,2,"At the end of the story, the painting was in the",bedroom,hall,0.2103620171546936,0.12494243681430817,0.7516106630671257,True,EleutherAI/pythia-1b,Pythia 1B,,,23000,
8,8_fb_1_s_e_im,False Belief,Implicit,Start,End,passage_hr,passage,3,The person who put the painting in the hall was,Sarah,James,0.013838138431310654,0.027049966156482697,-0.9669769108330679,False,EleutherAI/pythia-1b,Pythia 1B,,,23000,
8,8_fb_1_s_e_im,False Belief,Implicit,Start,End,passage_hr,passage,4,The person who moved the painting to the bedroom was,James,Sarah,0.05949799716472626,0.027431368827819824,1.1170144903082118,True,EleutherAI/pythia-1b,Pythia 1B,,,23000,
8,8_tb_1_s_e_ex,True Belief,Explicit,Start,End,passage_hr,passage,1,"At the start of the story, Sarah put the painting in the",hall,bedroom,0.0324484147131443,0.07620926946401596,-1.2318184896504363,False,EleutherAI/pythia-1b,Pythia 1B,,,23000,
8,8_tb_1_s_e_ex,True Belief,Explicit,Start,End,passage_hr,passage,2,"At the end of the story, the painting was in the",bedroom,hall,0.26604995131492615,0.08259405940771103,1.6875872151252813,True,EleutherAI/pythia-1b,Pythia 1B,,,23000,
8,8_tb_1_s_e_ex,True Belief,Explicit,Start,End,passage_hr,passage,3,The person who put the painting in the hall was,Sarah,James,0.0180718544870615,0.027760252356529236,-0.619276123456302,False,EleutherAI/pythia-1b,Pythia 1B,,,23000,
8,8_tb_1_s_e_ex,True Belief,Explicit,Start,End,passage_hr,passage,4,The person who moved the painting to the bedroom was,James,Sarah,0.08252561837434769,0.04241625964641571,0.9602246371330656,True,EleutherAI/pythia-1b,Pythia 1B,,,23000,
8,8_tb_1_s_e_im,True Belief,Implicit,Start,End,passage_hr,passage,1,"At the start of the story, Sarah put the painting in the",hall,bedroom,0.0324484147131443,0.07620926946401596,-1.2318184896504363,False,EleutherAI/pythia-1b,Pythia 1B,,,23000,
8,8_tb_1_s_e_im,True Belief,Implicit,Start,End,passage_hr,passage,2,"At the end of the story, the painting was in the",bedroom,hall,0.26604995131492615,0.08259405940771103,1.6875872151252813,True,EleutherAI/pythia-1b,Pythia 1B,,,23000,
8,8_tb_1_s_e_im,True Belief,Implicit,Start,End,passage_hr,passage,3,The person who put the painting in the hall was,Sarah,James,0.0180718544870615,0.027760252356529236,-0.619276123456302,False,EleutherAI/pythia-1b,Pythia 1B,,,23000,
8,8_tb_1_s_e_im,True Belief,Implicit,Start,End,passage_hr,passage,4,The person who moved the painting to the bedroom was,James,Sarah,0.08252561837434769,0.04241625964641571,0.9602246371330656,True,EleutherAI/pythia-1b,Pythia 1B,,,23000,
8,8_fb_1_s_s_ex,False Belief,Explicit,Start,Start,passage_hr,passage,1,"At the start of the story, Sarah put the painting in the",hall,bedroom,0.026596730574965477,0.04853304848074913,-0.8677185700418117,False,EleutherAI/pythia-1b,Pythia 1B,,,23000,
8,8_fb_1_s_s_ex,False Belief,Explicit,Start,Start,passage_hr,passage,2,"At the end of the story, the painting was in the",bedroom,hall,0.20140211284160614,0.10613884776830673,0.9241260260429437,True,EleutherAI/pythia-1b,Pythia 1B,,,23000,
8,8_fb_1_s_s_ex,False Belief,Explicit,Start,Start,passage_hr,passage,3,The person who put the painting in the hall was,Sarah,James,0.01479147095233202,0.0297537948936224,-1.0083081562752985,False,EleutherAI/pythia-1b,Pythia 1B,,,23000,
8,8_fb_1_s_s_ex,False Belief,Explicit,Start,Start,passage_hr,passage,4,The person who moved the painting to the bedroom was,James,Sarah,0.0626072883605957,0.028642037883400917,1.1281964726091906,True,EleutherAI/pythia-1b,Pythia 1B,,,23000,
8,8_fb_1_s_s_im,False Belief,Implicit,Start,Start,passage_hr,passage,1,"At the start of the story, Sarah put the painting in the",hall,bedroom,0.026596730574965477,0.04853304848074913,-0.8677185700418117,False,EleutherAI/pythia-1b,Pythia 1B,,,23000,
8,8_fb_1_s_s_im,False Belief,Implicit,Start,Start,passage_hr,passage,2,"At the end of the story, the painting was in the",bedroom,hall,0.20140211284160614,0.10613884776830673,0.9241260260429437,True,EleutherAI/pythia-1b,Pythia 1B,,,23000,
8,8_fb_1_s_s_im,False Belief,Implicit,Start,Start,passage_hr,passage,3,The person who put the painting in the hall was,Sarah,James,0.01479147095233202,0.0297537948936224,-1.0083081562752985,False,EleutherAI/pythia-1b,Pythia 1B,,,23000,
8,8_fb_1_s_s_im,False Belief,Implicit,Start,Start,passage_hr,passage,4,The person who moved the painting to the bedroom was,James,Sarah,0.0626072883605957,0.028642037883400917,1.1281964726091906,True,EleutherAI/pythia-1b,Pythia 1B,,,23000,
8,8_tb_1_s_s_ex,True Belief,Explicit,Start,Start,passage_hr,passage,1,"At the start of the story, Sarah put the painting in the",hall,bedroom,0.037846341729164124,0.06875508278608322,-0.8613125157035263,False,EleutherAI/pythia-1b,Pythia 1B,,,23000,
8,8_tb_1_s_s_ex,True Belief,Explicit,Start,Start,passage_hr,passage,2,"At the end of the story, the painting was in the",bedroom,hall,0.2498081475496292,0.09231080114841461,1.4362491610968615,True,EleutherAI/pythia-1b,Pythia 1B,,,23000,
8,8_tb_1_s_s_ex,True Belief,Explicit,Start,Start,passage_hr,passage,3,The person who put the painting in the hall was,Sarah,James,0.02127114124596119,0.0327099934220314,-0.6208340299919782,False,EleutherAI/pythia-1b,Pythia 1B,,,23000,
8,8_tb_1_s_s_ex,True Belief,Explicit,Start,Start,passage_hr,passage,4,The person who moved the painting to the bedroom was,James,Sarah,0.0964750424027443,0.0469210222363472,1.0399213281376465,True,EleutherAI/pythia-1b,Pythia 1B,,,23000,
8,8_tb_1_s_s_im,True Belief,Implicit,Start,Start,passage_hr,passage,1,"At the start of the story, Sarah put the painting in the",hall,bedroom,0.037846341729164124,0.06875508278608322,-0.8613125157035263,False,EleutherAI/pythia-1b,Pythia 1B,,,23000,
8,8_tb_1_s_s_im,True Belief,Implicit,Start,Start,passage_hr,passage,2,"At the end of the story, the painting was in the",bedroom,hall,0.2498081475496292,0.09231080114841461,1.4362491610968615,True,EleutherAI/pythia-1b,Pythia 1B,,,23000,
8,8_tb_1_s_s_im,True Belief,Implicit,Start,Start,passage_hr,passage,3,The person who put the painting in the hall was,Sarah,James,0.02127114124596119,0.0327099934220314,-0.6208340299919782,False,EleutherAI/pythia-1b,Pythia 1B,,,23000,
8,8_tb_1_s_s_im,True Belief,Implicit,Start,Start,passage_hr,passage,4,The person who moved the painting to the bedroom was,James,Sarah,0.0964750424027443,0.0469210222363472,1.0399213281376465,True,EleutherAI/pythia-1b,Pythia 1B,,,23000,
8,8_fb_1_e_e_ex,False Belief,Explicit,End,End,passage_hr,passage,1,"At the start of the story, Sarah put the painting in the",hall,bedroom,0.021270237863063812,0.04688112437725067,-1.140171004257313,False,EleutherAI/pythia-1b,Pythia 1B,,,23000,
8,8_fb_1_e_e_ex,False Belief,Explicit,End,End,passage_hr,passage,2,"At the end of the story, the painting was in the",bedroom,hall,0.1928073614835739,0.07416520267724991,1.3783457779980595,True,EleutherAI/pythia-1b,Pythia 1B,,,23000,
8,8_fb_1_e_e_ex,False Belief,Explicit,End,End,passage_hr,passage,3,The person who put the painting in the hall was,Sarah,James,0.014164476655423641,0.028953375294804573,-1.0314542444740085,False,EleutherAI/pythia-1b,Pythia 1B,,,23000,
8,8_fb_1_e_e_ex,False Belief,Explicit,End,End,passage_hr,passage,4,The person who moved the painting to the bedroom was,James,Sarah,0.06005018576979637,0.028341742232441902,1.0832402622415203,True,EleutherAI/pythia-1b,Pythia 1B,,,23000,
8,8_fb_1_e_e_im,False Belief,Implicit,End,End,passage_hr,passage,1,"At the start of the story, Sarah put the painting in the",hall,bedroom,0.021270237863063812,0.04688112437725067,-1.140171004257313,False,EleutherAI/pythia-1b,Pythia 1B,,,23000,
8,8_fb_1_e_e_im,False Belief,Implicit,End,End,passage_hr,passage,2,"At the end of the story, the painting was in the",bedroom,hall,0.1928073614835739,0.07416520267724991,1.3783457779980595,True,EleutherAI/pythia-1b,Pythia 1B,,,23000,
8,8_fb_1_e_e_im,False Belief,Implicit,End,End,passage_hr,passage,3,The person who put the painting in the hall was,Sarah,James,0.014164476655423641,0.028953375294804573,-1.0314542444740085,False,EleutherAI/pythia-1b,Pythia 1B,,,23000,
8,8_fb_1_e_e_im,False Belief,Implicit,End,End,passage_hr,passage,4,The person who moved the painting to the bedroom was,James,Sarah,0.06005018576979637,0.028341742232441902,1.0832402622415203,True,EleutherAI/pythia-1b,Pythia 1B,,,23000,
8,8_tb_1_e_e_ex,True Belief,Explicit,End,End,passage_hr,passage,1,"At the start of the story, Sarah put the painting in the",hall,bedroom,0.026523631066083908,0.06167058274149895,-1.2173041858959326,False,EleutherAI/pythia-1b,Pythia 1B,,,23000,
8,8_tb_1_e_e_ex,True Belief,Explicit,End,End,passage_hr,passage,2,"At the end of the story, the painting was in the",bedroom,hall,0.21607613563537598,0.061515361070632935,1.812521126069879,True,EleutherAI/pythia-1b,Pythia 1B,,,23000,
8,8_tb_1_e_e_ex,True Belief,Explicit,End,End,passage_hr,passage,3,The person who put the painting in the hall was,Sarah,James,0.017931021749973297,0.028557226061820984,-0.671398149813278,False,EleutherAI/pythia-1b,Pythia 1B,,,23000,
8,8_tb_1_e_e_ex,True Belief,Explicit,End,End,passage_hr,passage,4,The person who moved the painting to the bedroom was,James,Sarah,0.07865116000175476,0.04329126700758934,0.8613920190698942,True,EleutherAI/pythia-1b,Pythia 1B,,,23000,
8,8_tb_1_e_e_im,True Belief,Implicit,End,End,passage_hr,passage,1,"At the start of the story, Sarah put the painting in the",hall,bedroom,0.026523631066083908,0.06167058274149895,-1.2173041858959326,False,EleutherAI/pythia-1b,Pythia 1B,,,23000,
8,8_tb_1_e_e_im,True Belief,Implicit,End,End,passage_hr,passage,2,"At the end of the story, the painting was in the",bedroom,hall,0.21607613563537598,0.061515361070632935,1.812521126069879,True,EleutherAI/pythia-1b,Pythia 1B,,,23000,
8,8_tb_1_e_e_im,True Belief,Implicit,End,End,passage_hr,passage,3,The person who put the painting in the hall was,Sarah,James,0.017931021749973297,0.028557226061820984,-0.671398149813278,False,EleutherAI/pythia-1b,Pythia 1B,,,23000,
8,8_tb_1_e_e_im,True Belief,Implicit,End,End,passage_hr,passage,4,The person who moved the painting to the bedroom was,James,Sarah,0.07865116000175476,0.04329126700758934,0.8613920190698942,True,EleutherAI/pythia-1b,Pythia 1B,,,23000,
8,8_fb_1_e_s_ex,False Belief,Explicit,End,Start,passage_hr,passage,1,"At the start of the story, Sarah put the painting in the",hall,bedroom,0.01763860322535038,0.04549439996480942,-1.3669526502482705,False,EleutherAI/pythia-1b,Pythia 1B,,,23000,
8,8_fb_1_e_s_ex,False Belief,Explicit,End,Start,passage_hr,passage,2,"At the end of the story, the painting was in the",bedroom,hall,0.1834670454263687,0.059446126222610474,1.6258662420644607,True,EleutherAI/pythia-1b,Pythia 1B,,,23000,
8,8_fb_1_e_s_ex,False Belief,Explicit,End,Start,passage_hr,passage,3,The person who put the painting in the hall was,Sarah,James,0.015367602929472923,0.0327751599252224,-1.0927106720255058,False,EleutherAI/pythia-1b,Pythia 1B,,,23000,
8,8_fb_1_e_s_ex,False Belief,Explicit,End,Start,passage_hr,passage,4,The person who moved the painting to the bedroom was,James,Sarah,0.06438267976045609,0.029842037707567215,1.1093265757873096,True,EleutherAI/pythia-1b,Pythia 1B,,,23000,
8,8_fb_1_e_s_im,False Belief,Implicit,End,Start,passage_hr,passage,1,"At the start of the story, Sarah put the painting in the",hall,bedroom,0.01763860322535038,0.04549439996480942,-1.3669526502482705,False,EleutherAI/pythia-1b,Pythia 1B,,,23000,
8,8_fb_1_e_s_im,False Belief,Implicit,End,Start,passage_hr,passage,2,"At the end of the story, the painting was in the",bedroom,hall,0.1834670454263687,0.059446126222610474,1.6258662420644607,True,EleutherAI/pythia-1b,Pythia 1B,,,23000,
8,8_fb_1_e_s_im,False Belief,Implicit,End,Start,passage_hr,passage,3,The person who put the painting in the hall was,Sarah,James,0.015367602929472923,0.0327751599252224,-1.0927106720255058,False,EleutherAI/pythia-1b,Pythia 1B,,,23000,
8,8_fb_1_e_s_im,False Belief,Implicit,End,Start,passage_hr,passage,4,The person who moved the painting to the bedroom was,James,Sarah,0.06438267976045609,0.029842037707567215,1.1093265757873096,True,EleutherAI/pythia-1b,Pythia 1B,,,23000,
8,8_tb_1_e_s_ex,True Belief,Explicit,End,Start,passage_hr,passage,1,"At the start of the story, Sarah put the painting in the",hall,bedroom,0.02662530727684498,0.05691468343138695,-1.0960027264929944,False,EleutherAI/pythia-1b,Pythia 1B,,,23000,
8,8_tb_1_e_s_ex,True Belief,Explicit,End,Start,passage_hr,passage,2,"At the end of the story, the painting was in the",bedroom,hall,0.2100519835948944,0.059832505881786346,1.811745018001842,True,EleutherAI/pythia-1b,Pythia 1B,,,23000,
8,8_tb_1_e_s_ex,True Belief,Explicit,End,Start,passage_hr,passage,3,The person who put the painting in the hall was,Sarah,James,0.021090935915708542,0.03473157808184624,-0.719624846727414,False,EleutherAI/pythia-1b,Pythia 1B,,,23000,
8,8_tb_1_e_s_ex,True Belief,Explicit,End,Start,passage_hr,passage,4,The person who moved the painting to the bedroom was,James,Sarah,0.09448256343603134,0.049221381545066833,0.940762955568113,True,EleutherAI/pythia-1b,Pythia 1B,,,23000,
8,8_tb_1_e_s_im,True Belief,Implicit,End,Start,passage_hr,passage,1,"At the start of the story, Sarah put the painting in the",hall,bedroom,0.02662530727684498,0.05691468343138695,-1.0960027264929944,False,EleutherAI/pythia-1b,Pythia 1B,,,23000,
8,8_tb_1_e_s_im,True Belief,Implicit,End,Start,passage_hr,passage,2,"At the end of the story, the painting was in the",bedroom,hall,0.2100519835948944,0.059832505881786346,1.811745018001842,True,EleutherAI/pythia-1b,Pythia 1B,,,23000,
8,8_tb_1_e_s_im,True Belief,Implicit,End,Start,passage_hr,passage,3,The person who put the painting in the hall was,Sarah,James,0.021090935915708542,0.03473157808184624,-0.719624846727414,False,EleutherAI/pythia-1b,Pythia 1B,,,23000,
8,8_tb_1_e_s_im,True Belief,Implicit,End,Start,passage_hr,passage,4,The person who moved the painting to the bedroom was,James,Sarah,0.09448256343603134,0.049221381545066833,0.940762955568113,True,EleutherAI/pythia-1b,Pythia 1B,,,23000,
9,9_fb_1_s_e_ex,False Belief,Explicit,Start,End,passage_hr,passage,1,"At the start of the story, Lisa put the grater in the",cupboard,drawer,0.4447130560874939,0.23871132731437683,0.8976077338909462,True,EleutherAI/pythia-1b,Pythia 1B,,,23000,
9,9_fb_1_s_e_ex,False Belief,Explicit,Start,End,passage_hr,passage,2,"At the end of the story, the grater was in the",drawer,cupboard,0.13594642281532288,0.46301060914993286,-1.7680070609742506,False,EleutherAI/pythia-1b,Pythia 1B,,,23000,
9,9_fb_1_s_e_ex,False Belief,Explicit,Start,End,passage_hr,passage,3,The person who put the grater in the cupboard was,Lisa,Robert,0.027024133130908012,0.014823772944509983,0.8663356516100915,True,EleutherAI/pythia-1b,Pythia 1B,,,23000,
9,9_fb_1_s_e_ex,False Belief,Explicit,Start,End,passage_hr,passage,4,The person who moved the grater to the drawer was,Robert,Lisa,0.025919361039996147,0.04103629291057587,-0.6628702547361999,False,EleutherAI/pythia-1b,Pythia 1B,,,23000,
9,9_fb_1_s_e_im,False Belief,Implicit,Start,End,passage_hr,passage,1,"At the start of the story, Lisa put the grater in the",cupboard,drawer,0.4447130560874939,0.23871132731437683,0.8976077338909462,True,EleutherAI/pythia-1b,Pythia 1B,,,23000,
9,9_fb_1_s_e_im,False Belief,Implicit,Start,End,passage_hr,passage,2,"At the end of the story, the grater was in the",drawer,cupboard,0.13594642281532288,0.46301060914993286,-1.7680070609742506,False,EleutherAI/pythia-1b,Pythia 1B,,,23000,
9,9_fb_1_s_e_im,False Belief,Implicit,Start,End,passage_hr,passage,3,The person who put the grater in the cupboard was,Lisa,Robert,0.027024133130908012,0.014823772944509983,0.8663356516100915,True,EleutherAI/pythia-1b,Pythia 1B,,,23000,
9,9_fb_1_s_e_im,False Belief,Implicit,Start,End,passage_hr,passage,4,The person who moved the grater to the drawer was,Robert,Lisa,0.025919361039996147,0.04103629291057587,-0.6628702547361999,False,EleutherAI/pythia-1b,Pythia 1B,,,23000,
9,9_tb_1_s_e_ex,True Belief,Explicit,Start,End,passage_hr,passage,1,"At the start of the story, Lisa put the grater in the",cupboard,drawer,0.44796228408813477,0.21130631864070892,1.0840413620933895,True,EleutherAI/pythia-1b,Pythia 1B,,,23000,
9,9_tb_1_s_e_ex,True Belief,Explicit,Start,End,passage_hr,passage,2,"At the end of the story, the grater was in the",drawer,cupboard,0.1359834522008896,0.4630832374095917,-1.7678404347269936,False,EleutherAI/pythia-1b,Pythia 1B,,,23000,
9,9_tb_1_s_e_ex,True Belief,Explicit,Start,End,passage_hr,passage,3,The person who put the grater in the cupboard was,Lisa,Robert,0.025888673961162567,0.017795858904719353,0.5407795059244804,True,EleutherAI/pythia-1b,Pythia 1B,,,23000,
9,9_tb_1_s_e_ex,True Belief,Explicit,Start,End,passage_hr,passage,4,The person who moved the grater to the drawer was,Robert,Lisa,0.037442829459905624,0.04365411028265953,-0.22142803833449964,False,EleutherAI/pythia-1b,Pythia 1B,,,23000,
9,9_tb_1_s_e_im,True Belief,Implicit,Start,End,passage_hr,passage,1,"At the start of the story, Lisa put the grater in the",cupboard,drawer,0.44796228408813477,0.21130631864070892,1.0840413620933895,True,EleutherAI/pythia-1b,Pythia 1B,,,23000,
9,9_tb_1_s_e_im,True Belief,Implicit,Start,End,passage_hr,passage,2,"At the end of the story, the grater was in the",drawer,cupboard,0.1359834522008896,0.4630832374095917,-1.7678404347269936,False,EleutherAI/pythia-1b,Pythia 1B,,,23000,
9,9_tb_1_s_e_im,True Belief,Implicit,Start,End,passage_hr,passage,3,The person who put the grater in the cupboard was,Lisa,Robert,0.025888673961162567,0.017795858904719353,0.5407795059244804,True,EleutherAI/pythia-1b,Pythia 1B,,,23000,
9,9_tb_1_s_e_im,True Belief,Implicit,Start,End,passage_hr,passage,4,The person who moved the grater to the drawer was,Robert,Lisa,0.037442829459905624,0.04365411028265953,-0.22142803833449964,False,EleutherAI/pythia-1b,Pythia 1B,,,23000,
9,9_fb_1_s_s_ex,False Belief,Explicit,Start,Start,passage_hr,passage,1,"At the start of the story, Lisa put the grater in the",cupboard,drawer,0.4092857837677002,0.2287195324897766,0.8395289805609217,True,EleutherAI/pythia-1b,Pythia 1B,,,23000,
9,9_fb_1_s_s_ex,False Belief,Explicit,Start,Start,passage_hr,passage,2,"At the end of the story, the grater was in the",drawer,cupboard,0.14048290252685547,0.42417940497398376,-1.5942800180145655,False,EleutherAI/pythia-1b,Pythia 1B,,,23000,
9,9_fb_1_s_s_ex,False Belief,Explicit,Start,Start,passage_hr,passage,3,The person who put the grater in the cupboard was,Lisa,Robert,0.02464805543422699,0.014334095641970634,0.7820229463455333,True,EleutherAI/pythia-1b,Pythia 1B,,,23000,
9,9_fb_1_s_s_ex,False Belief,Explicit,Start,Start,passage_hr,passage,4,The person who moved the grater to the drawer was,Robert,Lisa,0.02415888011455536,0.035368967801332474,-0.5499305363689113,False,EleutherAI/pythia-1b,Pythia 1B,,,23000,
9,9_fb_1_s_s_im,False Belief,Implicit,Start,Start,passage_hr,passage,1,"At the start of the story, Lisa put the grater in the",cupboard,drawer,0.4092857837677002,0.2287195324897766,0.8395289805609217,True,EleutherAI/pythia-1b,Pythia 1B,,,23000,
9,9_fb_1_s_s_im,False Belief,Implicit,Start,Start,passage_hr,passage,2,"At the end of the story, the grater was in the",drawer,cupboard,0.14048290252685547,0.42417940497398376,-1.5942800180145655,False,EleutherAI/pythia-1b,Pythia 1B,,,23000,
9,9_fb_1_s_s_im,False Belief,Implicit,Start,Start,passage_hr,passage,3,The person who put the grater in the cupboard was,Lisa,Robert,0.02464805543422699,0.014334095641970634,0.7820229463455333,True,EleutherAI/pythia-1b,Pythia 1B,,,23000,
9,9_fb_1_s_s_im,False Belief,Implicit,Start,Start,passage_hr,passage,4,The person who moved the grater to the drawer was,Robert,Lisa,0.02415888011455536,0.035368967801332474,-0.5499305363689113,False,EleutherAI/pythia-1b,Pythia 1B,,,23000,
9,9_tb_1_s_s_ex,True Belief,Explicit,Start,Start,passage_hr,passage,1,"At the start of the story, Lisa put the grater in the",cupboard,drawer,0.4243154227733612,0.21512404084205627,0.9799683579925017,True,EleutherAI/pythia-1b,Pythia 1B,,,23000,
9,9_tb_1_s_s_ex,True Belief,Explicit,Start,Start,passage_hr,passage,2,"At the end of the story, the grater was in the",drawer,cupboard,0.15584351122379303,0.43134164810180664,-1.4687329344514786,False,EleutherAI/pythia-1b,Pythia 1B,,,23000,
9,9_tb_1_s_s_ex,True Belief,Explicit,Start,Start,passage_hr,passage,3,The person who put the grater in the cupboard was,Lisa,Robert,0.023833472281694412,0.016956031322479248,0.4911906154942781,True,EleutherAI/pythia-1b,Pythia 1B,,,23000,
9,9_tb_1_s_s_ex,True Belief,Explicit,Start,Start,passage_hr,passage,4,The person who moved the grater to the drawer was,Robert,Lisa,0.036098822951316833,0.03873251751065254,-0.10159347880879527,False,EleutherAI/pythia-1b,Pythia 1B,,,23000,
9,9_tb_1_s_s_im,True Belief,Implicit,Start,Start,passage_hr,passage,1,"At the start of the story, Lisa put the grater in the",cupboard,drawer,0.4243154227733612,0.21512404084205627,0.9799683579925017,True,EleutherAI/pythia-1b,Pythia 1B,,,23000,
9,9_tb_1_s_s_im,True Belief,Implicit,Start,Start,passage_hr,passage,2,"At the end of the story, the grater was in the",drawer,cupboard,0.15584351122379303,0.43134164810180664,-1.4687329344514786,False,EleutherAI/pythia-1b,Pythia 1B,,,23000,
9,9_tb_1_s_s_im,True Belief,Implicit,Start,Start,passage_hr,passage,3,The person who put the grater in the cupboard was,Lisa,Robert,0.023833472281694412,0.016956031322479248,0.4911906154942781,True,EleutherAI/pythia-1b,Pythia 1B,,,23000,
9,9_tb_1_s_s_im,True Belief,Implicit,Start,Start,passage_hr,passage,4,The person who moved the grater to the drawer was,Robert,Lisa,0.036098822951316833,0.03873251751065254,-0.10159347880879527,False,EleutherAI/pythia-1b,Pythia 1B,,,23000,
9,9_fb_1_e_e_ex,False Belief,Explicit,End,End,passage_hr,passage,1,"At the start of the story, Lisa put the grater in the",cupboard,drawer,0.4920077323913574,0.22326819598674774,1.1399032317465838,True,EleutherAI/pythia-1b,Pythia 1B,,,23000,
9,9_fb_1_e_e_ex,False Belief,Explicit,End,End,passage_hr,passage,2,"At the end of the story, the grater was in the",drawer,cupboard,0.11730312556028366,0.49135249853134155,-2.0665169372830485,False,EleutherAI/pythia-1b,Pythia 1B,,,23000,
9,9_fb_1_e_e_ex,False Belief,Explicit,End,End,passage_hr,passage,3,The person who put the grater in the cupboard was,Lisa,Robert,0.03017735481262207,0.018718428909778595,0.6890070018238609,True,EleutherAI/pythia-1b,Pythia 1B,,,23000,
9,9_fb_1_e_e_ex,False Belief,Explicit,End,End,passage_hr,passage,4,The person who moved the grater to the drawer was,Robert,Lisa,0.027667323127388954,0.04032795876264572,-0.5435973173597628,False,EleutherAI/pythia-1b,Pythia 1B,,,23000,
9,9_fb_1_e_e_im,False Belief,Implicit,End,End,passage_hr,passage,1,"At the start of the story, Lisa put the grater in the",cupboard,drawer,0.4920077323913574,0.22326819598674774,1.1399032317465838,True,EleutherAI/pythia-1b,Pythia 1B,,,23000,
9,9_fb_1_e_e_im,False Belief,Implicit,End,End,passage_hr,passage,2,"At the end of the story, the grater was in the",drawer,cupboard,0.11730312556028366,0.49135249853134155,-2.0665169372830485,False,EleutherAI/pythia-1b,Pythia 1B,,,23000,
9,9_fb_1_e_e_im,False Belief,Implicit,End,End,passage_hr,passage,3,The person who put the grater in the cupboard was,Lisa,Robert,0.03017735481262207,0.018718428909778595,0.6890070018238609,True,EleutherAI/pythia-1b,Pythia 1B,,,23000,
9,9_fb_1_e_e_im,False Belief,Implicit,End,End,passage_hr,passage,4,The person who moved the grater to the drawer was,Robert,Lisa,0.027667323127388954,0.04032795876264572,-0.5435973173597628,False,EleutherAI/pythia-1b,Pythia 1B,,,23000,
9,9_tb_1_e_e_ex,True Belief,Explicit,End,End,passage_hr,passage,1,"At the start of the story, Lisa put the grater in the",cupboard,drawer,0.5081534385681152,0.19674839079380035,1.3689123532261118,True,EleutherAI/pythia-1b,Pythia 1B,,,23000,
9,9_tb_1_e_e_ex,True Belief,Explicit,End,End,passage_hr,passage,2,"At the end of the story, the grater was in the",drawer,cupboard,0.1218675747513771,0.49235257506370544,-2.014377483806229,False,EleutherAI/pythia-1b,Pythia 1B,,,23000,
9,9_tb_1_e_e_ex,True Belief,Explicit,End,End,passage_hr,passage,3,The person who put the grater in the cupboard was,Lisa,Robert,0.03044125624001026,0.022381721064448357,0.4437069187131589,True,EleutherAI/pythia-1b,Pythia 1B,,,23000,
9,9_tb_1_e_e_ex,True Belief,Explicit,End,End,passage_hr,passage,4,The person who moved the grater to the drawer was,Robert,Lisa,0.039301641285419464,0.04387672245502472,-0.1588661994841153,False,EleutherAI/pythia-1b,Pythia 1B,,,23000,
9,9_tb_1_e_e_im,True Belief,Implicit,End,End,passage_hr,passage,1,"At the start of the story, Lisa put the grater in the",cupboard,drawer,0.5081534385681152,0.19674839079380035,1.3689123532261118,True,EleutherAI/pythia-1b,Pythia 1B,,,23000,
9,9_tb_1_e_e_im,True Belief,Implicit,End,End,passage_hr,passage,2,"At the end of the story, the grater was in the",drawer,cupboard,0.1218675747513771,0.49235257506370544,-2.014377483806229,False,EleutherAI/pythia-1b,Pythia 1B,,,23000,
9,9_tb_1_e_e_im,True Belief,Implicit,End,End,passage_hr,passage,3,The person who put the grater in the cupboard was,Lisa,Robert,0.03044125624001026,0.022381721064448357,0.4437069187131589,True,EleutherAI/pythia-1b,Pythia 1B,,,23000,
9,9_tb_1_e_e_im,True Belief,Implicit,End,End,passage_hr,passage,4,The person who moved the grater to the drawer was,Robert,Lisa,0.039301641285419464,0.04387672245502472,-0.1588661994841153,False,EleutherAI/pythia-1b,Pythia 1B,,,23000,
9,9_fb_1_e_s_ex,False Belief,Explicit,End,Start,passage_hr,passage,1,"At the start of the story, Lisa put the grater in the",cupboard,drawer,0.46168455481529236,0.20318347215652466,1.1841244176281924,True,EleutherAI/pythia-1b,Pythia 1B,,,23000,
9,9_fb_1_e_s_ex,False Belief,Explicit,End,Start,passage_hr,passage,2,"At the end of the story, the grater was in the",drawer,cupboard,0.11578219383955002,0.44762754440307617,-1.9508854160258358,False,EleutherAI/pythia-1b,Pythia 1B,,,23000,
9,9_fb_1_e_s_ex,False Belief,Explicit,End,Start,passage_hr,passage,3,The person who put the grater in the cupboard was,Lisa,Robert,0.027769871056079865,0.01836729608476162,0.5963812205099448,True,EleutherAI/pythia-1b,Pythia 1B,,,23000,
9,9_fb_1_e_s_ex,False Belief,Explicit,End,Start,passage_hr,passage,4,The person who moved the grater to the drawer was,Robert,Lisa,0.026036636903882027,0.03519788384437561,-0.43494558349468615,False,EleutherAI/pythia-1b,Pythia 1B,,,23000,
9,9_fb_1_e_s_im,False Belief,Implicit,End,Start,passage_hr,passage,1,"At the start of the story, Lisa put the grater in the",cupboard,drawer,0.46168455481529236,0.20318347215652466,1.1841244176281924,True,EleutherAI/pythia-1b,Pythia 1B,,,23000,
9,9_fb_1_e_s_im,False Belief,Implicit,End,Start,passage_hr,passage,2,"At the end of the story, the grater was in the",drawer,cupboard,0.11578219383955002,0.44762754440307617,-1.9508854160258358,False,EleutherAI/pythia-1b,Pythia 1B,,,23000,
9,9_fb_1_e_s_im,False Belief,Implicit,End,Start,passage_hr,passage,3,The person who put the grater in the cupboard was,Lisa,Robert,0.027769871056079865,0.01836729608476162,0.5963812205099448,True,EleutherAI/pythia-1b,Pythia 1B,,,23000,
9,9_fb_1_e_s_im,False Belief,Implicit,End,Start,passage_hr,passage,4,The person who moved the grater to the drawer was,Robert,Lisa,0.026036636903882027,0.03519788384437561,-0.43494558349468615,False,EleutherAI/pythia-1b,Pythia 1B,,,23000,
9,9_tb_1_e_s_ex,True Belief,Explicit,End,Start,passage_hr,passage,1,"At the start of the story, Lisa put the grater in the",cupboard,drawer,0.4956558644771576,0.1838938146829605,1.4304658450575554,True,EleutherAI/pythia-1b,Pythia 1B,,,23000,
9,9_tb_1_e_s_ex,True Belief,Explicit,End,Start,passage_hr,passage,2,"At the end of the story, the grater was in the",drawer,cupboard,0.1274700164794922,0.46799948811531067,-1.8763490158317202,False,EleutherAI/pythia-1b,Pythia 1B,,,23000,
9,9_tb_1_e_s_ex,True Belief,Explicit,End,Start,passage_hr,passage,3,The person who put the grater in the cupboard was,Lisa,Robert,0.028265759348869324,0.021526046097278595,0.3929721052575826,True,EleutherAI/pythia-1b,Pythia 1B,,,23000,
9,9_tb_1_e_s_ex,True Belief,Explicit,End,Start,passage_hr,passage,4,The person who moved the grater to the drawer was,Robert,Lisa,0.038442205637693405,0.03965398296713829,-0.044774668182398586,False,EleutherAI/pythia-1b,Pythia 1B,,,23000,
9,9_tb_1_e_s_im,True Belief,Implicit,End,Start,passage_hr,passage,1,"At the start of the story, Lisa put the grater in the",cupboard,drawer,0.4956558644771576,0.1838938146829605,1.4304658450575554,True,EleutherAI/pythia-1b,Pythia 1B,,,23000,
9,9_tb_1_e_s_im,True Belief,Implicit,End,Start,passage_hr,passage,2,"At the end of the story, the grater was in the",drawer,cupboard,0.1274700164794922,0.46799948811531067,-1.8763490158317202,False,EleutherAI/pythia-1b,Pythia 1B,,,23000,
9,9_tb_1_e_s_im,True Belief,Implicit,End,Start,passage_hr,passage,3,The person who put the grater in the cupboard was,Lisa,Robert,0.028265759348869324,0.021526046097278595,0.3929721052575826,True,EleutherAI/pythia-1b,Pythia 1B,,,23000,
9,9_tb_1_e_s_im,True Belief,Implicit,End,Start,passage_hr,passage,4,The person who moved the grater to the drawer was,Robert,Lisa,0.038442205637693405,0.03965398296713829,-0.044774668182398586,False,EleutherAI/pythia-1b,Pythia 1B,,,23000,
10,10_fb_1_s_e_ex,False Belief,Explicit,Start,End,passage_hr,passage,1,"At the start of the story, John put the shovel in the",toolbox,van,0.8206925392150879,0.04952235892415047,4.050689896105535,True,EleutherAI/pythia-1b,Pythia 1B,,,23000,
10,10_fb_1_s_e_ex,False Belief,Explicit,Start,End,passage_hr,passage,2,"At the end of the story, the shovel was in the",van,toolbox,0.05126315355300903,0.8662554025650024,-4.078798308242185,False,EleutherAI/pythia-1b,Pythia 1B,,,23000,
10,10_fb_1_s_e_ex,False Belief,Explicit,Start,End,passage_hr,passage,3,The person who put the shovel in the toolbox was,John,Karen,0.016454987227916718,0.009095178917050362,0.8553509832266997,True,EleutherAI/pythia-1b,Pythia 1B,,,23000,
10,10_fb_1_s_e_ex,False Belief,Explicit,Start,End,passage_hr,passage,4,The person who moved the shovel to the van was,Karen,John,0.019720159471035004,0.01647070236504078,0.25976914075845003,True,EleutherAI/pythia-1b,Pythia 1B,,,23000,
10,10_fb_1_s_e_im,False Belief,Implicit,Start,End,passage_hr,passage,1,"At the start of the story, John put the shovel in the",toolbox,van,0.8206925392150879,0.04952235892415047,4.050689896105535,True,EleutherAI/pythia-1b,Pythia 1B,,,23000,
10,10_fb_1_s_e_im,False Belief,Implicit,Start,End,passage_hr,passage,2,"At the end of the story, the shovel was in the",van,toolbox,0.05126315355300903,0.8662554025650024,-4.078798308242185,False,EleutherAI/pythia-1b,Pythia 1B,,,23000,
10,10_fb_1_s_e_im,False Belief,Implicit,Start,End,passage_hr,passage,3,The person who put the shovel in the toolbox was,John,Karen,0.016454987227916718,0.009095178917050362,0.8553509832266997,True,EleutherAI/pythia-1b,Pythia 1B,,,23000,
10,10_fb_1_s_e_im,False Belief,Implicit,Start,End,passage_hr,passage,4,The person who moved the shovel to the van was,Karen,John,0.019720159471035004,0.01647070236504078,0.25976914075845003,True,EleutherAI/pythia-1b,Pythia 1B,,,23000,
10,10_tb_1_s_e_ex,True Belief,Explicit,Start,End,passage_hr,passage,1,"At the start of the story, John put the shovel in the",toolbox,van,0.7009234428405762,0.09147393703460693,2.9378242258974456,True,EleutherAI/pythia-1b,Pythia 1B,,,23000,
10,10_tb_1_s_e_ex,True Belief,Explicit,Start,End,passage_hr,passage,2,"At the end of the story, the shovel was in the",van,toolbox,0.07098653167486191,0.8132348656654358,-3.5180548367642626,False,EleutherAI/pythia-1b,Pythia 1B,,,23000,
10,10_tb_1_s_e_ex,True Belief,Explicit,Start,End,passage_hr,passage,3,The person who put the shovel in the toolbox was,John,Karen,0.015515238046646118,0.012733321636915207,0.2850770196395462,True,EleutherAI/pythia-1b,Pythia 1B,,,23000,
10,10_tb_1_s_e_ex,True Belief,Explicit,Start,End,passage_hr,passage,4,The person who moved the shovel to the van was,Karen,John,0.01221219077706337,0.011365581303834915,0.10365055830520632,True,EleutherAI/pythia-1b,Pythia 1B,,,23000,
10,10_tb_1_s_e_im,True Belief,Implicit,Start,End,passage_hr,passage,1,"At the start of the story, John put the shovel in the",toolbox,van,0.6847100257873535,0.09726884961128235,2.815443376669734,True,EleutherAI/pythia-1b,Pythia 1B,,,23000,
10,10_tb_1_s_e_im,True Belief,Implicit,Start,End,passage_hr,passage,2,"At the end of the story, the shovel was in the",van,toolbox,0.07429560273885727,0.8034297823905945,-3.43482321070691,False,EleutherAI/pythia-1b,Pythia 1B,,,23000,
10,10_tb_1_s_e_im,True Belief,Implicit,Start,End,passage_hr,passage,3,The person who put the shovel in the toolbox was,John,Karen,0.01639595441520214,0.012115761637687683,0.4364547837210015,True,EleutherAI/pythia-1b,Pythia 1B,,,23000,
10,10_tb_1_s_e_im,True Belief,Implicit,Start,End,passage_hr,passage,4,The person who moved the shovel to the van was,Karen,John,0.011357562616467476,0.011974306777119637,-0.07628887784020343,False,EleutherAI/pythia-1b,Pythia 1B,,,23000,
10,10_fb_1_s_s_ex,False Belief,Explicit,Start,Start,passage_hr,passage,1,"At the start of the story, John put the shovel in the",toolbox,van,0.9430591464042664,0.018516257405281067,5.670483827366556,True,EleutherAI/pythia-1b,Pythia 1B,,,23000,
10,10_fb_1_s_s_ex,False Belief,Explicit,Start,Start,passage_hr,passage,2,"At the end of the story, the shovel was in the",van,toolbox,0.03805015608668327,0.9191392064094543,-4.594309101608396,False,EleutherAI/pythia-1b,Pythia 1B,,,23000,
10,10_fb_1_s_s_ex,False Belief,Explicit,Start,Start,passage_hr,passage,3,The person who put the shovel in the toolbox was,John,Karen,0.015876643359661102,0.008600099943578243,0.8844805992089144,True,EleutherAI/pythia-1b,Pythia 1B,,,23000,
10,10_fb_1_s_s_ex,False Belief,Explicit,Start,Start,passage_hr,passage,4,The person who moved the shovel to the van was,Karen,John,0.019546492025256157,0.014852768741548061,0.3961778203422962,True,EleutherAI/pythia-1b,Pythia 1B,,,23000,
10,10_fb_1_s_s_im,False Belief,Implicit,Start,Start,passage_hr,passage,1,"At the start of the story, John put the shovel in the",toolbox,van,0.9430591464042664,0.018516257405281067,5.670483827366556,True,EleutherAI/pythia-1b,Pythia 1B,,,23000,
10,10_fb_1_s_s_im,False Belief,Implicit,Start,Start,passage_hr,passage,2,"At the end of the story, the shovel was in the",van,toolbox,0.03805015608668327,0.9191392064094543,-4.594309101608396,False,EleutherAI/pythia-1b,Pythia 1B,,,23000,
10,10_fb_1_s_s_im,False Belief,Implicit,Start,Start,passage_hr,passage,3,The person who put the shovel in the toolbox was,John,Karen,0.015876643359661102,0.008600099943578243,0.8844805992089144,True,EleutherAI/pythia-1b,Pythia 1B,,,23000,
10,10_fb_1_s_s_im,False Belief,Implicit,Start,Start,passage_hr,passage,4,The person who moved the shovel to the van was,Karen,John,0.019546492025256157,0.014852768741548061,0.3961778203422962,True,EleutherAI/pythia-1b,Pythia 1B,,,23000,
10,10_tb_1_s_s_ex,True Belief,Explicit,Start,Start,passage_hr,passage,1,"At the start of the story, John put the shovel in the",toolbox,van,0.9264729619026184,0.028022972866892815,5.047066953525896,True,EleutherAI/pythia-1b,Pythia 1B,,,23000,
10,10_tb_1_s_s_ex,True Belief,Explicit,Start,Start,passage_hr,passage,2,"At the end of the story, the shovel was in the",van,toolbox,0.04565716162323952,0.9092642664909363,-4.315786577769455,False,EleutherAI/pythia-1b,Pythia 1B,,,23000,
10,10_tb_1_s_s_ex,True Belief,Explicit,Start,Start,passage_hr,passage,3,The person who put the shovel in the toolbox was,John,Karen,0.015664134174585342,0.010862953029572964,0.5280486832503359,True,EleutherAI/pythia-1b,Pythia 1B,,,23000,
10,10_tb_1_s_s_ex,True Belief,Explicit,Start,Start,passage_hr,passage,4,The person who moved the shovel to the van was,Karen,John,0.01027162466198206,0.010527129285037518,-0.03544768095323716,False,EleutherAI/pythia-1b,Pythia 1B,,,23000,
10,10_tb_1_s_s_im,True Belief,Implicit,Start,Start,passage_hr,passage,1,"At the start of the story, John put the shovel in the",toolbox,van,0.9238829016685486,0.02930653654038906,4.978415622738899,True,EleutherAI/pythia-1b,Pythia 1B,,,23000,
10,10_tb_1_s_s_im,True Belief,Implicit,Start,Start,passage_hr,passage,2,"At the end of the story, the shovel was in the",van,toolbox,0.0463271327316761,0.9074312448501587,-4.291859036407046,False,EleutherAI/pythia-1b,Pythia 1B,,,23000,
10,10_tb_1_s_s_im,True Belief,Implicit,Start,Start,passage_hr,passage,3,The person who put the shovel in the toolbox was,John,Karen,0.01679816097021103,0.01042991690337658,0.6875756344713684,True,EleutherAI/pythia-1b,Pythia 1B,,,23000,
10,10_tb_1_s_s_im,True Belief,Implicit,Start,Start,passage_hr,passage,4,The person who moved the shovel to the van was,Karen,John,0.009580508805811405,0.011221738532185555,-0.22812202096794584,False,EleutherAI/pythia-1b,Pythia 1B,,,23000,
10,10_fb_1_e_e_ex,False Belief,Explicit,End,End,passage_hr,passage,1,"At the start of the story, John put the shovel in the",toolbox,van,0.6425360441207886,0.10970278829336166,2.550177192045765,True,EleutherAI/pythia-1b,Pythia 1B,,,23000,
10,10_fb_1_e_e_ex,False Belief,Explicit,End,End,passage_hr,passage,2,"At the end of the story, the shovel was in the",van,toolbox,0.0844227597117424,0.7835509777069092,-3.2143232435570037,False,EleutherAI/pythia-1b,Pythia 1B,,,23000,
10,10_fb_1_e_e_ex,False Belief,Explicit,End,End,passage_hr,passage,3,The person who put the shovel in the toolbox was,John,Karen,0.017461469396948814,0.009195880964398384,0.9251152716459924,True,EleutherAI/pythia-1b,Pythia 1B,,,23000,
10,10_fb_1_e_e_ex,False Belief,Explicit,End,End,passage_hr,passage,4,The person who moved the shovel to the van was,Karen,John,0.019136201590299606,0.016730349510908127,0.19383690800869927,True,EleutherAI/pythia-1b,Pythia 1B,,,23000,
10,10_fb_1_e_e_im,False Belief,Implicit,End,End,passage_hr,passage,1,"At the start of the story, John put the shovel in the",toolbox,van,0.6425360441207886,0.10970278829336166,2.550177192045765,True,EleutherAI/pythia-1b,Pythia 1B,,,23000,
10,10_fb_1_e_e_im,False Belief,Implicit,End,End,passage_hr,passage,2,"At the end of the story, the shovel was in the",van,toolbox,0.0844227597117424,0.7835509777069092,-3.2143232435570037,False,EleutherAI/pythia-1b,Pythia 1B,,,23000,
10,10_fb_1_e_e_im,False Belief,Implicit,End,End,passage_hr,passage,3,The person who put the shovel in the toolbox was,John,Karen,0.017461469396948814,0.009195880964398384,0.9251152716459924,True,EleutherAI/pythia-1b,Pythia 1B,,,23000,
10,10_fb_1_e_e_im,False Belief,Implicit,End,End,passage_hr,passage,4,The person who moved the shovel to the van was,Karen,John,0.019136201590299606,0.016730349510908127,0.19383690800869927,True,EleutherAI/pythia-1b,Pythia 1B,,,23000,
10,10_tb_1_e_e_ex,True Belief,Explicit,End,End,passage_hr,passage,1,"At the start of the story, John put the shovel in the",toolbox,van,0.49645957350730896,0.1567721664905548,1.663006800027603,True,EleutherAI/pythia-1b,Pythia 1B,,,23000,
10,10_tb_1_e_e_ex,True Belief,Explicit,End,End,passage_hr,passage,2,"At the end of the story, the shovel was in the",van,toolbox,0.11093080043792725,0.7023578882217407,-2.6625463548434354,False,EleutherAI/pythia-1b,Pythia 1B,,,23000,
10,10_tb_1_e_e_ex,True Belief,Explicit,End,End,passage_hr,passage,3,The person who put the shovel in the toolbox was,John,Karen,0.015401274897158146,0.012729519978165627,0.27487176306702554,True,EleutherAI/pythia-1b,Pythia 1B,,,23000,
10,10_tb_1_e_e_ex,True Belief,Explicit,End,End,passage_hr,passage,4,The person who moved the shovel to the van was,Karen,John,0.012324715033173561,0.011360428296029568,0.1175370631348197,True,EleutherAI/pythia-1b,Pythia 1B,,,23000,
10,10_tb_1_e_e_im,True Belief,Implicit,End,End,passage_hr,passage,1,"At the start of the story, John put the shovel in the",toolbox,van,0.490029901266098,0.1549144983291626,1.661397612940564,True,EleutherAI/pythia-1b,Pythia 1B,,,23000,
10,10_tb_1_e_e_im,True Belief,Implicit,End,End,passage_hr,passage,2,"At the end of the story, the shovel was in the",van,toolbox,0.11439057439565659,0.6893247365951538,-2.5912156065272356,False,EleutherAI/pythia-1b,Pythia 1B,,,23000,
10,10_tb_1_e_e_im,True Belief,Implicit,End,End,passage_hr,passage,3,The person who put the shovel in the toolbox was,John,Karen,0.016204185783863068,0.012064896523952484,0.4255509888284208,True,EleutherAI/pythia-1b,Pythia 1B,,,23000,
10,10_tb_1_e_e_im,True Belief,Implicit,End,End,passage_hr,passage,4,The person who moved the shovel to the van was,Karen,John,0.0114063061773777,0.011929335072636604,-0.06468196678078382,False,EleutherAI/pythia-1b,Pythia 1B,,,23000,
10,10_fb_1_e_s_ex,False Belief,Explicit,End,Start,passage_hr,passage,1,"At the start of the story, John put the shovel in the",toolbox,van,0.9058012366294861,0.03484722599387169,4.70007878866326,True,EleutherAI/pythia-1b,Pythia 1B,,,23000,
10,10_fb_1_e_s_ex,False Belief,Explicit,End,Start,passage_hr,passage,2,"At the end of the story, the shovel was in the",van,toolbox,0.05775878578424454,0.8826924562454224,-3.933798549014162,False,EleutherAI/pythia-1b,Pythia 1B,,,23000,
10,10_fb_1_e_s_ex,False Belief,Explicit,End,Start,passage_hr,passage,3,The person who put the shovel in the toolbox was,John,Karen,0.016900591552257538,0.008435951545834541,1.0024510306516146,True,EleutherAI/pythia-1b,Pythia 1B,,,23000,
10,10_fb_1_e_s_ex,False Belief,Explicit,End,Start,passage_hr,passage,4,The person who moved the shovel to the van was,Karen,John,0.01890401914715767,0.01502820011228323,0.3310207638383792,True,EleutherAI/pythia-1b,Pythia 1B,,,23000,
10,10_fb_1_e_s_im,False Belief,Implicit,End,Start,passage_hr,passage,1,"At the start of the story, John put the shovel in the",toolbox,van,0.9058012366294861,0.03484722599387169,4.70007878866326,True,EleutherAI/pythia-1b,Pythia 1B,,,23000,
10,10_fb_1_e_s_im,False Belief,Implicit,End,Start,passage_hr,passage,2,"At the end of the story, the shovel was in the",van,toolbox,0.05775878578424454,0.8826924562454224,-3.933798549014162,False,EleutherAI/pythia-1b,Pythia 1B,,,23000,
10,10_fb_1_e_s_im,False Belief,Implicit,End,Start,passage_hr,passage,3,The person who put the shovel in the toolbox was,John,Karen,0.016900591552257538,0.008435951545834541,1.0024510306516146,True,EleutherAI/pythia-1b,Pythia 1B,,,23000,
10,10_fb_1_e_s_im,False Belief,Implicit,End,Start,passage_hr,passage,4,The person who moved the shovel to the van was,Karen,John,0.01890401914715767,0.01502820011228323,0.3310207638383792,True,EleutherAI/pythia-1b,Pythia 1B,,,23000,
10,10_tb_1_e_s_ex,True Belief,Explicit,End,Start,passage_hr,passage,1,"At the start of the story, John put the shovel in the",toolbox,van,0.8889175653457642,0.044535599648952484,4.319018711063056,True,EleutherAI/pythia-1b,Pythia 1B,,,23000,
10,10_tb_1_e_s_ex,True Belief,Explicit,End,Start,passage_hr,passage,2,"At the end of the story, the shovel was in the",van,toolbox,0.061522696167230606,0.8775368928909302,-3.8342691452448485,False,EleutherAI/pythia-1b,Pythia 1B,,,23000,
10,10_tb_1_e_s_ex,True Belief,Explicit,End,Start,passage_hr,passage,3,The person who put the shovel in the toolbox was,John,Karen,0.015852918848395348,0.010872063226997852,0.5441227433459447,True,EleutherAI/pythia-1b,Pythia 1B,,,23000,
10,10_tb_1_e_s_ex,True Belief,Explicit,End,Start,passage_hr,passage,4,The person who moved the shovel to the van was,Karen,John,0.010612466372549534,0.010691612027585506,-0.010719409419173377,False,EleutherAI/pythia-1b,Pythia 1B,,,23000,
10,10_tb_1_e_s_im,True Belief,Implicit,End,Start,passage_hr,passage,1,"At the start of the story, John put the shovel in the",toolbox,van,0.8884707093238831,0.04363790899515152,4.347670336384672,True,EleutherAI/pythia-1b,Pythia 1B,,,23000,
10,10_tb_1_e_s_im,True Belief,Implicit,End,Start,passage_hr,passage,2,"At the end of the story, the shovel was in the",van,toolbox,0.06174035742878914,0.8750100135803223,-3.825013787009666,False,EleutherAI/pythia-1b,Pythia 1B,,,23000,
10,10_tb_1_e_s_im,True Belief,Implicit,End,Start,passage_hr,passage,3,The person who put the shovel in the toolbox was,John,Karen,0.01683141104876995,0.010327085852622986,0.70472292407924,True,EleutherAI/pythia-1b,Pythia 1B,,,23000,
10,10_tb_1_e_s_im,True Belief,Implicit,End,Start,passage_hr,passage,4,The person who moved the shovel to the van was,Karen,John,0.009818512946367264,0.011347770690917969,-0.2088324587072861,False,EleutherAI/pythia-1b,Pythia 1B,,,23000,
11,11_fb_1_s_e_ex,False Belief,Explicit,Start,End,passage_hr,passage,1,"At the start of the story, Patrick put the ticket in the",suitcase,backpack,0.11867727339267731,0.4671975076198578,-1.9769888913966425,False,EleutherAI/pythia-1b,Pythia 1B,,,23000,
11,11_fb_1_s_e_ex,False Belief,Explicit,Start,End,passage_hr,passage,2,"At the end of the story, the ticket was in the",backpack,suitcase,0.3183023929595947,0.1632179319858551,0.9635984348948281,True,EleutherAI/pythia-1b,Pythia 1B,,,23000,
11,11_fb_1_s_e_ex,False Belief,Explicit,Start,End,passage_hr,passage,3,The person who put the ticket in the suitcase was,Patrick,Nicole,0.013614870607852936,0.020722614601254463,-0.6060227699060365,False,EleutherAI/pythia-1b,Pythia 1B,,,23000,
11,11_fb_1_s_e_ex,False Belief,Explicit,Start,End,passage_hr,passage,4,The person who moved the ticket to the backpack was,Nicole,Patrick,0.01766250655055046,0.02016259916126728,-0.19099153307113959,False,EleutherAI/pythia-1b,Pythia 1B,,,23000,
11,11_fb_1_s_e_im,False Belief,Implicit,Start,End,passage_hr,passage,1,"At the start of the story, Patrick put the ticket in the",suitcase,backpack,0.11867727339267731,0.4671975076198578,-1.9769888913966425,False,EleutherAI/pythia-1b,Pythia 1B,,,23000,
11,11_fb_1_s_e_im,False Belief,Implicit,Start,End,passage_hr,passage,2,"At the end of the story, the ticket was in the",backpack,suitcase,0.3183023929595947,0.1632179319858551,0.9635984348948281,True,EleutherAI/pythia-1b,Pythia 1B,,,23000,
11,11_fb_1_s_e_im,False Belief,Implicit,Start,End,passage_hr,passage,3,The person who put the ticket in the suitcase was,Patrick,Nicole,0.013614870607852936,0.020722614601254463,-0.6060227699060365,False,EleutherAI/pythia-1b,Pythia 1B,,,23000,
11,11_fb_1_s_e_im,False Belief,Implicit,Start,End,passage_hr,passage,4,The person who moved the ticket to the backpack was,Nicole,Patrick,0.01766250655055046,0.02016259916126728,-0.19099153307113959,False,EleutherAI/pythia-1b,Pythia 1B,,,23000,
11,11_tb_1_s_e_ex,True Belief,Explicit,Start,End,passage_hr,passage,1,"At the start of the story, Patrick put the ticket in the",suitcase,backpack,0.08181827515363693,0.5201244950294495,-2.668361954026419,False,EleutherAI/pythia-1b,Pythia 1B,,,23000,
11,11_tb_1_s_e_ex,True Belief,Explicit,Start,End,passage_hr,passage,2,"At the end of the story, the ticket was in the",backpack,suitcase,0.49400725960731506,0.08442776650190353,2.5487427889805705,True,EleutherAI/pythia-1b,Pythia 1B,,,23000,
11,11_tb_1_s_e_ex,True Belief,Explicit,Start,End,passage_hr,passage,3,The person who put the ticket in the suitcase was,Patrick,Nicole,0.01500552985817194,0.020807599648833275,-0.4716162836711334,False,EleutherAI/pythia-1b,Pythia 1B,,,23000,
11,11_tb_1_s_e_ex,True Belief,Explicit,Start,End,passage_hr,passage,4,The person who moved the ticket to the backpack was,Nicole,Patrick,0.013302450068295002,0.01820063218474388,-0.45229657390851724,False,EleutherAI/pythia-1b,Pythia 1B,,,23000,
11,11_tb_1_s_e_im,True Belief,Implicit,Start,End,passage_hr,passage,1,"At the start of the story, Patrick put the ticket in the",suitcase,backpack,0.08181827515363693,0.5201244950294495,-2.668361954026419,False,EleutherAI/pythia-1b,Pythia 1B,,,23000,
11,11_tb_1_s_e_im,True Belief,Implicit,Start,End,passage_hr,passage,2,"At the end of the story, the ticket was in the",backpack,suitcase,0.49400725960731506,0.08442776650190353,2.5487427889805705,True,EleutherAI/pythia-1b,Pythia 1B,,,23000,
11,11_tb_1_s_e_im,True Belief,Implicit,Start,End,passage_hr,passage,3,The person who put the ticket in the suitcase was,Patrick,Nicole,0.01500552985817194,0.020807599648833275,-0.4716162836711334,False,EleutherAI/pythia-1b,Pythia 1B,,,23000,
11,11_tb_1_s_e_im,True Belief,Implicit,Start,End,passage_hr,passage,4,The person who moved the ticket to the backpack was,Nicole,Patrick,0.013302450068295002,0.01820063218474388,-0.45229657390851724,False,EleutherAI/pythia-1b,Pythia 1B,,,23000,
11,11_fb_1_s_s_ex,False Belief,Explicit,Start,Start,passage_hr,passage,1,"At the start of the story, Patrick put the ticket in the",suitcase,backpack,0.07080001384019852,0.6297868490219116,-3.153042084515654,False,EleutherAI/pythia-1b,Pythia 1B,,,23000,
11,11_fb_1_s_s_ex,False Belief,Explicit,Start,Start,passage_hr,passage,2,"At the end of the story, the ticket was in the",backpack,suitcase,0.5526430010795593,0.07905076444149017,2.8054965034294828,True,EleutherAI/pythia-1b,Pythia 1B,,,23000,
11,11_fb_1_s_s_ex,False Belief,Explicit,Start,Start,passage_hr,passage,3,The person who put the ticket in the suitcase was,Patrick,Nicole,0.015618027187883854,0.025523006916046143,-0.7085860768550768,False,EleutherAI/pythia-1b,Pythia 1B,,,23000,
11,11_fb_1_s_s_ex,False Belief,Explicit,Start,Start,passage_hr,passage,4,The person who moved the ticket to the backpack was,Nicole,Patrick,0.018213706091046333,0.020367508754134178,-0.16124501918450238,False,EleutherAI/pythia-1b,Pythia 1B,,,23000,
11,11_fb_1_s_s_im,False Belief,Implicit,Start,Start,passage_hr,passage,1,"At the start of the story, Patrick put the ticket in the",suitcase,backpack,0.07080001384019852,0.6297868490219116,-3.153042084515654,False,EleutherAI/pythia-1b,Pythia 1B,,,23000,
11,11_fb_1_s_s_im,False Belief,Implicit,Start,Start,passage_hr,passage,2,"At the end of the story, the ticket was in the",backpack,suitcase,0.5526430010795593,0.07905076444149017,2.8054965034294828,True,EleutherAI/pythia-1b,Pythia 1B,,,23000,
11,11_fb_1_s_s_im,False Belief,Implicit,Start,Start,passage_hr,passage,3,The person who put the ticket in the suitcase was,Patrick,Nicole,0.015618027187883854,0.025523006916046143,-0.7085860768550768,False,EleutherAI/pythia-1b,Pythia 1B,,,23000,
11,11_fb_1_s_s_im,False Belief,Implicit,Start,Start,passage_hr,passage,4,The person who moved the ticket to the backpack was,Nicole,Patrick,0.018213706091046333,0.020367508754134178,-0.16124501918450238,False,EleutherAI/pythia-1b,Pythia 1B,,,23000,
11,11_tb_1_s_s_ex,True Belief,Explicit,Start,Start,passage_hr,passage,1,"At the start of the story, Patrick put the ticket in the",suitcase,backpack,0.0638095885515213,0.6471726894378662,-3.3423055910325603,False,EleutherAI/pythia-1b,Pythia 1B,,,23000,
11,11_tb_1_s_s_ex,True Belief,Explicit,Start,Start,passage_hr,passage,2,"At the end of the story, the ticket was in the",backpack,suitcase,0.6301532983779907,0.04634573683142662,3.765194295966421,True,EleutherAI/pythia-1b,Pythia 1B,,,23000,
11,11_tb_1_s_s_ex,True Belief,Explicit,Start,Start,passage_hr,passage,3,The person who put the ticket in the suitcase was,Patrick,Nicole,0.015473744831979275,0.021901793777942657,-0.5012266442152256,False,EleutherAI/pythia-1b,Pythia 1B,,,23000,
11,11_tb_1_s_s_ex,True Belief,Explicit,Start,Start,passage_hr,passage,4,The person who moved the ticket to the backpack was,Nicole,Patrick,0.014099839143455029,0.01815141923725605,-0.36440365130886926,False,EleutherAI/pythia-1b,Pythia 1B,,,23000,
11,11_tb_1_s_s_im,True Belief,Implicit,Start,Start,passage_hr,passage,1,"At the start of the story, Patrick put the ticket in the",suitcase,backpack,0.0638095885515213,0.6471726894378662,-3.3423055910325603,False,EleutherAI/pythia-1b,Pythia 1B,,,23000,
11,11_tb_1_s_s_im,True Belief,Implicit,Start,Start,passage_hr,passage,2,"At the end of the story, the ticket was in the",backpack,suitcase,0.6301532983779907,0.04634573683142662,3.765194295966421,True,EleutherAI/pythia-1b,Pythia 1B,,,23000,
11,11_tb_1_s_s_im,True Belief,Implicit,Start,Start,passage_hr,passage,3,The person who put the ticket in the suitcase was,Patrick,Nicole,0.015473744831979275,0.021901793777942657,-0.5012266442152256,False,EleutherAI/pythia-1b,Pythia 1B,,,23000,
11,11_tb_1_s_s_im,True Belief,Implicit,Start,Start,passage_hr,passage,4,The person who moved the ticket to the backpack was,Nicole,Patrick,0.014099839143455029,0.01815141923725605,-0.36440365130886926,False,EleutherAI/pythia-1b,Pythia 1B,,,23000,
11,11_fb_1_e_e_ex,False Belief,Explicit,End,End,passage_hr,passage,1,"At the start of the story, Patrick put the ticket in the",suitcase,backpack,0.11126071959733963,0.5769728422164917,-2.3745590720277283,False,EleutherAI/pythia-1b,Pythia 1B,,,23000,
11,11_fb_1_e_e_ex,False Belief,Explicit,End,End,passage_hr,passage,2,"At the end of the story, the ticket was in the",backpack,suitcase,0.4441376328468323,0.14768379926681519,1.5884952466041264,True,EleutherAI/pythia-1b,Pythia 1B,,,23000,
11,11_fb_1_e_e_ex,False Belief,Explicit,End,End,passage_hr,passage,3,The person who put the ticket in the suitcase was,Patrick,Nicole,0.012932195328176022,0.021825088188052177,-0.7550202800855772,False,EleutherAI/pythia-1b,Pythia 1B,,,23000,
11,11_fb_1_e_e_ex,False Belief,Explicit,End,End,passage_hr,passage,4,The person who moved the ticket to the backpack was,Nicole,Patrick,0.01851845532655716,0.0195381511002779,-0.0773301866032167,False,EleutherAI/pythia-1b,Pythia 1B,,,23000,
11,11_fb_1_e_e_im,False Belief,Implicit,End,End,passage_hr,passage,1,"At the start of the story, Patrick put the ticket in the",suitcase,backpack,0.11114441603422165,0.5824034810066223,-2.389583510229594,False,EleutherAI/pythia-1b,Pythia 1B,,,23000,
11,11_fb_1_e_e_im,False Belief,Implicit,End,End,passage_hr,passage,2,"At the end of the story, the ticket was in the",backpack,suitcase,0.45634645223617554,0.14454010128974915,1.6586597050851581,True,EleutherAI/pythia-1b,Pythia 1B,,,23000,
11,11_fb_1_e_e_im,False Belief,Implicit,End,End,passage_hr,passage,3,The person who put the ticket in the suitcase was,Patrick,Nicole,0.015203258953988552,0.025410166010260582,-0.7410251895163403,False,EleutherAI/pythia-1b,Pythia 1B,,,23000,
11,11_fb_1_e_e_im,False Belief,Implicit,End,End,passage_hr,passage,4,The person who moved the ticket to the backpack was,Nicole,Patrick,0.023284297436475754,0.026261180639266968,-0.17357442579423663,False,EleutherAI/pythia-1b,Pythia 1B,,,23000,
11,11_tb_1_e_e_ex,True Belief,Explicit,End,End,passage_hr,passage,1,"At the start of the story, Patrick put the ticket in the",suitcase,backpack,0.08556339144706726,0.6314313411712646,-2.8835602984096447,False,EleutherAI/pythia-1b,Pythia 1B,,,23000,
11,11_tb_1_e_e_ex,True Belief,Explicit,End,End,passage_hr,passage,2,"At the end of the story, the ticket was in the",backpack,suitcase,0.6230006814002991,0.0755191296339035,3.044319698489739,True,EleutherAI/pythia-1b,Pythia 1B,,,23000,
11,11_tb_1_e_e_ex,True Belief,Explicit,End,End,passage_hr,passage,3,The person who put the ticket in the suitcase was,Patrick,Nicole,0.01418313104659319,0.021568648517131805,-0.6047597257218819,False,EleutherAI/pythia-1b,Pythia 1B,,,23000,
11,11_tb_1_e_e_ex,True Belief,Explicit,End,End,passage_hr,passage,4,The person who moved the ticket to the backpack was,Nicole,Patrick,0.014766988344490528,0.018642492592334747,-0.3362191428043319,False,EleutherAI/pythia-1b,Pythia 1B,,,23000,
11,11_tb_1_e_e_im,True Belief,Implicit,End,End,passage_hr,passage,1,"At the start of the story, Patrick put the ticket in the",suitcase,backpack,0.08556339144706726,0.6314313411712646,-2.8835602984096447,False,EleutherAI/pythia-1b,Pythia 1B,,,23000,
11,11_tb_1_e_e_im,True Belief,Implicit,End,End,passage_hr,passage,2,"At the end of the story, the ticket was in the",backpack,suitcase,0.6230006814002991,0.0755191296339035,3.044319698489739,True,EleutherAI/pythia-1b,Pythia 1B,,,23000,
11,11_tb_1_e_e_im,True Belief,Implicit,End,End,passage_hr,passage,3,The person who put the ticket in the suitcase was,Patrick,Nicole,0.01418313104659319,0.021568648517131805,-0.6047597257218819,False,EleutherAI/pythia-1b,Pythia 1B,,,23000,
11,11_tb_1_e_e_im,True Belief,Implicit,End,End,passage_hr,passage,4,The person who moved the ticket to the backpack was,Nicole,Patrick,0.014766988344490528,0.018642492592334747,-0.3362191428043319,False,EleutherAI/pythia-1b,Pythia 1B,,,23000,
11,11_fb_1_e_s_ex,False Belief,Explicit,End,Start,passage_hr,passage,1,"At the start of the story, Patrick put the ticket in the",suitcase,backpack,0.0604071207344532,0.7357297539710999,-3.606385408984416,False,EleutherAI/pythia-1b,Pythia 1B,,,23000,
11,11_fb_1_e_s_ex,False Belief,Explicit,End,Start,passage_hr,passage,2,"At the end of the story, the ticket was in the",backpack,suitcase,0.6326634287834167,0.06849689036607742,3.207327804083718,True,EleutherAI/pythia-1b,Pythia 1B,,,23000,
11,11_fb_1_e_s_ex,False Belief,Explicit,End,Start,passage_hr,passage,3,The person who put the ticket in the suitcase was,Patrick,Nicole,0.014646077528595924,0.026273736730217934,-0.84310706167305,False,EleutherAI/pythia-1b,Pythia 1B,,,23000,
11,11_fb_1_e_s_ex,False Belief,Explicit,End,Start,passage_hr,passage,4,The person who moved the ticket to the backpack was,Nicole,Patrick,0.019263887777924538,0.02009524032473564,-0.060954938310592684,False,EleutherAI/pythia-1b,Pythia 1B,,,23000,
11,11_fb_1_e_s_im,False Belief,Implicit,End,Start,passage_hr,passage,1,"At the start of the story, Patrick put the ticket in the",suitcase,backpack,0.05716384947299957,0.7433098554611206,-3.7007887592728634,False,EleutherAI/pythia-1b,Pythia 1B,,,23000,
11,11_fb_1_e_s_im,False Belief,Implicit,End,Start,passage_hr,passage,2,"At the end of the story, the ticket was in the",backpack,suitcase,0.6478334069252014,0.06303950399160385,3.3612947772127675,True,EleutherAI/pythia-1b,Pythia 1B,,,23000,
11,11_fb_1_e_s_im,False Belief,Implicit,End,Start,passage_hr,passage,3,The person who put the ticket in the suitcase was,Patrick,Nicole,0.017840830609202385,0.03091362677514553,-0.7930601367072774,False,EleutherAI/pythia-1b,Pythia 1B,,,23000,
11,11_fb_1_e_s_im,False Belief,Implicit,End,Start,passage_hr,passage,4,The person who moved the ticket to the backpack was,Nicole,Patrick,0.02427566796541214,0.027488863095641136,-0.17933624689820396,False,EleutherAI/pythia-1b,Pythia 1B,,,23000,
11,11_tb_1_e_s_ex,True Belief,Explicit,End,Start,passage_hr,passage,1,"At the start of the story, Patrick put the ticket in the",suitcase,backpack,0.06535037606954575,0.7300300598144531,-3.4816884264334194,False,EleutherAI/pythia-1b,Pythia 1B,,,23000,
11,11_tb_1_e_s_ex,True Belief,Explicit,End,Start,passage_hr,passage,2,"At the end of the story, the ticket was in the",backpack,suitcase,0.6839975714683533,0.04990851879119873,3.776633210238616,True,EleutherAI/pythia-1b,Pythia 1B,,,23000,
11,11_tb_1_e_s_ex,True Belief,Explicit,End,Start,passage_hr,passage,3,The person who put the ticket in the suitcase was,Patrick,Nicole,0.014826827682554722,0.023162590339779854,-0.6435866483710456,False,EleutherAI/pythia-1b,Pythia 1B,,,23000,
11,11_tb_1_e_s_ex,True Belief,Explicit,End,Start,passage_hr,passage,4,The person who moved the ticket to the backpack was,Nicole,Patrick,0.015310054644942284,0.018347078934311867,-0.2610709555893255,False,EleutherAI/pythia-1b,Pythia 1B,,,23000,
11,11_tb_1_e_s_im,True Belief,Implicit,End,Start,passage_hr,passage,1,"At the start of the story, Patrick put the ticket in the",suitcase,backpack,0.06535037606954575,0.7300300598144531,-3.4816884264334194,False,EleutherAI/pythia-1b,Pythia 1B,,,23000,
11,11_tb_1_e_s_im,True Belief,Implicit,End,Start,passage_hr,passage,2,"At the end of the story, the ticket was in the",backpack,suitcase,0.6839975714683533,0.04990851879119873,3.776633210238616,True,EleutherAI/pythia-1b,Pythia 1B,,,23000,
11,11_tb_1_e_s_im,True Belief,Implicit,End,Start,passage_hr,passage,3,The person who put the ticket in the suitcase was,Patrick,Nicole,0.014826827682554722,0.023162590339779854,-0.6435866483710456,False,EleutherAI/pythia-1b,Pythia 1B,,,23000,
11,11_tb_1_e_s_im,True Belief,Implicit,End,Start,passage_hr,passage,4,The person who moved the ticket to the backpack was,Nicole,Patrick,0.015310054644942284,0.018347078934311867,-0.2610709555893255,False,EleutherAI/pythia-1b,Pythia 1B,,,23000,
12,12_fb_1_s_e_ex,False Belief,Explicit,Start,End,passage_hr,passage,1,"At the start of the story, Hannah put the saddle in the",stable,hut,0.7730138301849365,0.09655362367630005,3.0010919160705423,True,EleutherAI/pythia-1b,Pythia 1B,,,23000,
12,12_fb_1_s_e_ex,False Belief,Explicit,Start,End,passage_hr,passage,2,"At the end of the story, the saddle was in the",hut,stable,0.13608475029468536,0.715594470500946,-2.3946368325431995,False,EleutherAI/pythia-1b,Pythia 1B,,,23000,
12,12_fb_1_s_e_ex,False Belief,Explicit,Start,End,passage_hr,passage,3,The person who put the saddle in the stable was,Hannah,Martin,0.01311126071959734,0.012719242833554745,0.0437936245809273,True,EleutherAI/pythia-1b,Pythia 1B,,,23000,
12,12_fb_1_s_e_ex,False Belief,Explicit,Start,End,passage_hr,passage,4,The person who moved the saddle to the hut was,Martin,Hannah,0.012570303864777088,0.015061451122164726,-0.26084125094235716,False,EleutherAI/pythia-1b,Pythia 1B,,,23000,
12,12_fb_1_s_e_im,False Belief,Implicit,Start,End,passage_hr,passage,1,"At the start of the story, Hannah put the saddle in the",stable,hut,0.7730138301849365,0.09655362367630005,3.0010919160705423,True,EleutherAI/pythia-1b,Pythia 1B,,,23000,
12,12_fb_1_s_e_im,False Belief,Implicit,Start,End,passage_hr,passage,2,"At the end of the story, the saddle was in the",hut,stable,0.13608475029468536,0.715594470500946,-2.3946368325431995,False,EleutherAI/pythia-1b,Pythia 1B,,,23000,
12,12_fb_1_s_e_im,False Belief,Implicit,Start,End,passage_hr,passage,3,The person who put the saddle in the stable was,Hannah,Martin,0.01311126071959734,0.012719242833554745,0.0437936245809273,True,EleutherAI/pythia-1b,Pythia 1B,,,23000,
12,12_fb_1_s_e_im,False Belief,Implicit,Start,End,passage_hr,passage,4,The person who moved the saddle to the hut was,Martin,Hannah,0.012570303864777088,0.015061451122164726,-0.26084125094235716,False,EleutherAI/pythia-1b,Pythia 1B,,,23000,
12,12_tb_1_s_e_ex,True Belief,Explicit,Start,End,passage_hr,passage,1,"At the start of the story, Hannah put the saddle in the",stable,hut,0.7456388473510742,0.09021459519863129,3.047044264344487,True,EleutherAI/pythia-1b,Pythia 1B,,,23000,
12,12_tb_1_s_e_ex,True Belief,Explicit,Start,End,passage_hr,passage,2,"At the end of the story, the saddle was in the",hut,stable,0.13904596865177155,0.6764171719551086,-2.282351368030266,False,EleutherAI/pythia-1b,Pythia 1B,,,23000,
12,12_tb_1_s_e_ex,True Belief,Explicit,Start,End,passage_hr,passage,3,The person who put the saddle in the stable was,Hannah,Martin,0.011147829703986645,0.02666984312236309,-1.258446469792976,False,EleutherAI/pythia-1b,Pythia 1B,,,23000,
12,12_tb_1_s_e_ex,True Belief,Explicit,Start,End,passage_hr,passage,4,The person who moved the saddle to the hut was,Martin,Hannah,0.02048628032207489,0.011288071051239967,0.859859085189266,True,EleutherAI/pythia-1b,Pythia 1B,,,23000,
12,12_tb_1_s_e_im,True Belief,Implicit,Start,End,passage_hr,passage,1,"At the start of the story, Hannah put the saddle in the",stable,hut,0.7456388473510742,0.09021459519863129,3.047044264344487,True,EleutherAI/pythia-1b,Pythia 1B,,,23000,
12,12_tb_1_s_e_im,True Belief,Implicit,Start,End,passage_hr,passage,2,"At the end of the story, the saddle was in the",hut,stable,0.13904596865177155,0.6764171719551086,-2.282351368030266,False,EleutherAI/pythia-1b,Pythia 1B,,,23000,
12,12_tb_1_s_e_im,True Belief,Implicit,Start,End,passage_hr,passage,3,The person who put the saddle in the stable was,Hannah,Martin,0.011147829703986645,0.02666984312236309,-1.258446469792976,False,EleutherAI/pythia-1b,Pythia 1B,,,23000,
12,12_tb_1_s_e_im,True Belief,Implicit,Start,End,passage_hr,passage,4,The person who moved the saddle to the hut was,Martin,Hannah,0.02048628032207489,0.011288071051239967,0.859859085189266,True,EleutherAI/pythia-1b,Pythia 1B,,,23000,
12,12_fb_1_s_s_ex,False Belief,Explicit,Start,Start,passage_hr,passage,1,"At the start of the story, Hannah put the saddle in the",stable,hut,0.8554059863090515,0.07577381283044815,3.496838054337648,True,EleutherAI/pythia-1b,Pythia 1B,,,23000,
12,12_fb_1_s_s_ex,False Belief,Explicit,Start,Start,passage_hr,passage,2,"At the end of the story, the saddle was in the",hut,stable,0.10188840329647064,0.7924296259880066,-2.9592929616030657,False,EleutherAI/pythia-1b,Pythia 1B,,,23000,
12,12_fb_1_s_s_ex,False Belief,Explicit,Start,Start,passage_hr,passage,3,The person who put the saddle in the stable was,Hannah,Martin,0.010619396343827248,0.009806118905544281,0.11494759848260616,True,EleutherAI/pythia-1b,Pythia 1B,,,23000,
12,12_fb_1_s_s_ex,False Belief,Explicit,Start,Start,passage_hr,passage,4,The person who moved the saddle to the hut was,Martin,Hannah,0.010798773728311062,0.01229493785649538,-0.18719694880644203,False,EleutherAI/pythia-1b,Pythia 1B,,,23000,
12,12_fb_1_s_s_im,False Belief,Implicit,Start,Start,passage_hr,passage,1,"At the start of the story, Hannah put the saddle in the",stable,hut,0.8554059863090515,0.07577381283044815,3.496838054337648,True,EleutherAI/pythia-1b,Pythia 1B,,,23000,
12,12_fb_1_s_s_im,False Belief,Implicit,Start,Start,passage_hr,passage,2,"At the end of the story, the saddle was in the",hut,stable,0.10188840329647064,0.7924296259880066,-2.9592929616030657,False,EleutherAI/pythia-1b,Pythia 1B,,,23000,
12,12_fb_1_s_s_im,False Belief,Implicit,Start,Start,passage_hr,passage,3,The person who put the saddle in the stable was,Hannah,Martin,0.010619396343827248,0.009806118905544281,0.11494759848260616,True,EleutherAI/pythia-1b,Pythia 1B,,,23000,
12,12_fb_1_s_s_im,False Belief,Implicit,Start,Start,passage_hr,passage,4,The person who moved the saddle to the hut was,Martin,Hannah,0.010798773728311062,0.01229493785649538,-0.18719694880644203,False,EleutherAI/pythia-1b,Pythia 1B,,,23000,
12,12_tb_1_s_s_ex,True Belief,Explicit,Start,Start,passage_hr,passage,1,"At the start of the story, Hannah put the saddle in the",stable,hut,0.8875476121902466,0.049924954771995544,4.151991488649655,True,EleutherAI/pythia-1b,Pythia 1B,,,23000,
12,12_tb_1_s_s_ex,True Belief,Explicit,Start,Start,passage_hr,passage,2,"At the end of the story, the saddle was in the",hut,stable,0.06753343343734741,0.8521462082862854,-3.657427172383136,False,EleutherAI/pythia-1b,Pythia 1B,,,23000,
12,12_tb_1_s_s_ex,True Belief,Explicit,Start,Start,passage_hr,passage,3,The person who put the saddle in the stable was,Hannah,Martin,0.012429526075720787,0.026661979034543037,-1.1010125820504162,False,EleutherAI/pythia-1b,Pythia 1B,,,23000,
12,12_tb_1_s_s_ex,True Belief,Explicit,Start,Start,passage_hr,passage,4,The person who moved the saddle to the hut was,Martin,Hannah,0.018643194809556007,0.01133805699646473,0.7174756833206559,True,EleutherAI/pythia-1b,Pythia 1B,,,23000,
12,12_tb_1_s_s_im,True Belief,Implicit,Start,Start,passage_hr,passage,1,"At the start of the story, Hannah put the saddle in the",stable,hut,0.8875476121902466,0.049924954771995544,4.151991488649655,True,EleutherAI/pythia-1b,Pythia 1B,,,23000,
12,12_tb_1_s_s_im,True Belief,Implicit,Start,Start,passage_hr,passage,2,"At the end of the story, the saddle was in the",hut,stable,0.06753343343734741,0.8521462082862854,-3.657427172383136,False,EleutherAI/pythia-1b,Pythia 1B,,,23000,
12,12_tb_1_s_s_im,True Belief,Implicit,Start,Start,passage_hr,passage,3,The person who put the saddle in the stable was,Hannah,Martin,0.012429526075720787,0.026661979034543037,-1.1010125820504162,False,EleutherAI/pythia-1b,Pythia 1B,,,23000,
12,12_tb_1_s_s_im,True Belief,Implicit,Start,Start,passage_hr,passage,4,The person who moved the saddle to the hut was,Martin,Hannah,0.018643194809556007,0.01133805699646473,0.7174756833206559,True,EleutherAI/pythia-1b,Pythia 1B,,,23000,
12,12_fb_1_e_e_ex,False Belief,Explicit,End,End,passage_hr,passage,1,"At the start of the story, Hannah put the saddle in the",stable,hut,0.6838924288749695,0.15540312230587006,2.1377539277313895,True,EleutherAI/pythia-1b,Pythia 1B,,,23000,
12,12_fb_1_e_e_ex,False Belief,Explicit,End,End,passage_hr,passage,2,"At the end of the story, the saddle was in the",hut,stable,0.15367047488689423,0.7042492032051086,-2.1962460234653802,False,EleutherAI/pythia-1b,Pythia 1B,,,23000,
12,12_fb_1_e_e_ex,False Belief,Explicit,End,End,passage_hr,passage,3,The person who put the saddle in the stable was,Hannah,Martin,0.012584973126649857,0.011211191304028034,0.16676254841080118,True,EleutherAI/pythia-1b,Pythia 1B,,,23000,
12,12_fb_1_e_e_ex,False Belief,Explicit,End,End,passage_hr,passage,4,The person who moved the saddle to the hut was,Martin,Hannah,0.012739686295390129,0.015897279605269432,-0.31945015509656927,False,EleutherAI/pythia-1b,Pythia 1B,,,23000,
12,12_fb_1_e_e_im,False Belief,Implicit,End,End,passage_hr,passage,1,"At the start of the story, Hannah put the saddle in the",stable,hut,0.6838924288749695,0.15540312230587006,2.1377539277313895,True,EleutherAI/pythia-1b,Pythia 1B,,,23000,
12,12_fb_1_e_e_im,False Belief,Implicit,End,End,passage_hr,passage,2,"At the end of the story, the saddle was in the",hut,stable,0.15367047488689423,0.7042492032051086,-2.1962460234653802,False,EleutherAI/pythia-1b,Pythia 1B,,,23000,
12,12_fb_1_e_e_im,False Belief,Implicit,End,End,passage_hr,passage,3,The person who put the saddle in the stable was,Hannah,Martin,0.012584973126649857,0.011211191304028034,0.16676254841080118,True,EleutherAI/pythia-1b,Pythia 1B,,,23000,
12,12_fb_1_e_e_im,False Belief,Implicit,End,End,passage_hr,passage,4,The person who moved the saddle to the hut was,Martin,Hannah,0.012739686295390129,0.015897279605269432,-0.31945015509656927,False,EleutherAI/pythia-1b,Pythia 1B,,,23000,
12,12_tb_1_e_e_ex,True Belief,Explicit,End,End,passage_hr,passage,1,"At the start of the story, Hannah put the saddle in the",stable,hut,0.6141287684440613,0.17681626975536346,1.7962901562596494,True,EleutherAI/pythia-1b,Pythia 1B,,,23000,
12,12_tb_1_e_e_ex,True Belief,Explicit,End,End,passage_hr,passage,2,"At the end of the story, the saddle was in the",hut,stable,0.18811072409152985,0.6163432598114014,-1.7121519558542964,False,EleutherAI/pythia-1b,Pythia 1B,,,23000,
12,12_tb_1_e_e_ex,True Belief,Explicit,End,End,passage_hr,passage,3,The person who put the saddle in the stable was,Hannah,Martin,0.010533285327255726,0.022049371153116226,-1.0657820282569548,False,EleutherAI/pythia-1b,Pythia 1B,,,23000,
12,12_tb_1_e_e_ex,True Belief,Explicit,End,End,passage_hr,passage,4,The person who moved the saddle to the hut was,Martin,Hannah,0.02021176367998123,0.011776408180594444,0.7792956344410968,True,EleutherAI/pythia-1b,Pythia 1B,,,23000,
12,12_tb_1_e_e_im,True Belief,Implicit,End,End,passage_hr,passage,1,"At the start of the story, Hannah put the saddle in the",stable,hut,0.6141287684440613,0.17681626975536346,1.7962901562596494,True,EleutherAI/pythia-1b,Pythia 1B,,,23000,
12,12_tb_1_e_e_im,True Belief,Implicit,End,End,passage_hr,passage,2,"At the end of the story, the saddle was in the",hut,stable,0.18811072409152985,0.6163432598114014,-1.7121519558542964,False,EleutherAI/pythia-1b,Pythia 1B,,,23000,
12,12_tb_1_e_e_im,True Belief,Implicit,End,End,passage_hr,passage,3,The person who put the saddle in the stable was,Hannah,Martin,0.010533285327255726,0.022049371153116226,-1.0657820282569548,False,EleutherAI/pythia-1b,Pythia 1B,,,23000,
12,12_tb_1_e_e_im,True Belief,Implicit,End,End,passage_hr,passage,4,The person who moved the saddle to the hut was,Martin,Hannah,0.02021176367998123,0.011776408180594444,0.7792956344410968,True,EleutherAI/pythia-1b,Pythia 1B,,,23000,
12,12_fb_1_e_s_ex,False Belief,Explicit,End,Start,passage_hr,passage,1,"At the start of the story, Hannah put the saddle in the",stable,hut,0.8178516030311584,0.10033412277698517,3.0270267561413062,True,EleutherAI/pythia-1b,Pythia 1B,,,23000,
12,12_fb_1_e_s_ex,False Belief,Explicit,End,Start,passage_hr,passage,2,"At the end of the story, the saddle was in the",hut,stable,0.10302294045686722,0.7985782027244568,-2.954468071167716,False,EleutherAI/pythia-1b,Pythia 1B,,,23000,
12,12_fb_1_e_s_ex,False Belief,Explicit,End,Start,passage_hr,passage,3,The person who put the saddle in the stable was,Hannah,Martin,0.010960333980619907,0.009156950749456882,0.2593525922472642,True,EleutherAI/pythia-1b,Pythia 1B,,,23000,
12,12_fb_1_e_s_ex,False Belief,Explicit,End,Start,passage_hr,passage,4,The person who moved the saddle to the hut was,Martin,Hannah,0.010986569337546825,0.013156238943338394,-0.260006154582132,False,EleutherAI/pythia-1b,Pythia 1B,,,23000,
12,12_fb_1_e_s_im,False Belief,Implicit,End,Start,passage_hr,passage,1,"At the start of the story, Hannah put the saddle in the",stable,hut,0.8178516030311584,0.10033412277698517,3.0270267561413062,True,EleutherAI/pythia-1b,Pythia 1B,,,23000,
12,12_fb_1_e_s_im,False Belief,Implicit,End,Start,passage_hr,passage,2,"At the end of the story, the saddle was in the",hut,stable,0.10302294045686722,0.7985782027244568,-2.954468071167716,False,EleutherAI/pythia-1b,Pythia 1B,,,23000,
12,12_fb_1_e_s_im,False Belief,Implicit,End,Start,passage_hr,passage,3,The person who put the saddle in the stable was,Hannah,Martin,0.010960333980619907,0.009156950749456882,0.2593525922472642,True,EleutherAI/pythia-1b,Pythia 1B,,,23000,
12,12_fb_1_e_s_im,False Belief,Implicit,End,Start,passage_hr,passage,4,The person who moved the saddle to the hut was,Martin,Hannah,0.010986569337546825,0.013156238943338394,-0.260006154582132,False,EleutherAI/pythia-1b,Pythia 1B,,,23000,
12,12_tb_1_e_s_ex,True Belief,Explicit,End,Start,passage_hr,passage,1,"At the start of the story, Hannah put the saddle in the",stable,hut,0.8562868237495422,0.07010740786790848,3.610455326807478,True,EleutherAI/pythia-1b,Pythia 1B,,,23000,
12,12_tb_1_e_s_ex,True Belief,Explicit,End,Start,passage_hr,passage,2,"At the end of the story, the saddle was in the",hut,stable,0.06485985964536667,0.8550369143486023,-3.720588899581509,False,EleutherAI/pythia-1b,Pythia 1B,,,23000,
12,12_tb_1_e_s_ex,True Belief,Explicit,End,Start,passage_hr,passage,3,The person who put the saddle in the stable was,Hannah,Martin,0.010629646480083466,0.019058387726545334,-0.8423324607839668,False,EleutherAI/pythia-1b,Pythia 1B,,,23000,
12,12_tb_1_e_s_ex,True Belief,Explicit,End,Start,passage_hr,passage,4,The person who moved the saddle to the hut was,Martin,Hannah,0.017852352932095528,0.011180654168128967,0.6751096321483663,True,EleutherAI/pythia-1b,Pythia 1B,,,23000,
12,12_tb_1_e_s_im,True Belief,Implicit,End,Start,passage_hr,passage,1,"At the start of the story, Hannah put the saddle in the",stable,hut,0.8538869619369507,0.07092713564634323,3.5896355062297647,True,EleutherAI/pythia-1b,Pythia 1B,,,23000,
12,12_tb_1_e_s_im,True Belief,Implicit,End,Start,passage_hr,passage,2,"At the end of the story, the saddle was in the",hut,stable,0.06685642898082733,0.8548235297203064,-3.676488416816551,False,EleutherAI/pythia-1b,Pythia 1B,,,23000,
12,12_tb_1_e_s_im,True Belief,Implicit,End,Start,passage_hr,passage,3,The person who put the saddle in the stable was,Hannah,Martin,0.01182186882942915,0.022258155047893524,-0.9128758961103294,False,EleutherAI/pythia-1b,Pythia 1B,,,23000,
12,12_tb_1_e_s_im,True Belief,Implicit,End,Start,passage_hr,passage,4,The person who moved the saddle to the hut was,Martin,Hannah,0.0182005874812603,0.011721634306013584,0.6348112850486798,True,EleutherAI/pythia-1b,Pythia 1B,,,23000,
1,1_fb_1_s_e_ex,False Belief,Explicit,Start,End,passage_hr,passage,1,"At the start of the story, Sean put the book in the",box,basket,0.2710985243320465,0.553555965423584,-1.029911923046044,False,EleutherAI/pythia-1b,Pythia 1B,,,23000,
1,1_fb_1_s_e_ex,False Belief,Explicit,Start,End,passage_hr,passage,2,"At the end of the story, the book was in the",basket,box,0.39108338952064514,0.45996809005737305,-0.23405751694476443,False,EleutherAI/pythia-1b,Pythia 1B,,,23000,
1,1_fb_1_s_e_ex,False Belief,Explicit,Start,End,passage_hr,passage,3,The person who put the book in the box was,Sean,Anna,0.011794048361480236,0.03958114981651306,-1.746754507652195,False,EleutherAI/pythia-1b,Pythia 1B,,,23000,
1,1_fb_1_s_e_ex,False Belief,Explicit,Start,End,passage_hr,passage,4,The person who moved the book to the basket was,Anna,Sean,0.06963205337524414,0.012239367701113224,2.508222538794528,True,EleutherAI/pythia-1b,Pythia 1B,,,23000,
1,1_fb_1_s_e_im,False Belief,Implicit,Start,End,passage_hr,passage,1,"At the start of the story, Sean put the book in the",box,basket,0.2710985243320465,0.553555965423584,-1.029911923046044,False,EleutherAI/pythia-1b,Pythia 1B,,,23000,
1,1_fb_1_s_e_im,False Belief,Implicit,Start,End,passage_hr,passage,2,"At the end of the story, the book was in the",basket,box,0.39108338952064514,0.45996809005737305,-0.23405751694476443,False,EleutherAI/pythia-1b,Pythia 1B,,,23000,
1,1_fb_1_s_e_im,False Belief,Implicit,Start,End,passage_hr,passage,3,The person who put the book in the box was,Sean,Anna,0.011794048361480236,0.03958114981651306,-1.746754507652195,False,EleutherAI/pythia-1b,Pythia 1B,,,23000,
1,1_fb_1_s_e_im,False Belief,Implicit,Start,End,passage_hr,passage,4,The person who moved the book to the basket was,Anna,Sean,0.06963205337524414,0.012239367701113224,2.508222538794528,True,EleutherAI/pythia-1b,Pythia 1B,,,23000,
1,1_tb_1_s_e_ex,True Belief,Explicit,Start,End,passage_hr,passage,1,"At the start of the story, Sean put the book in the",box,basket,0.3157016634941101,0.3333793580532074,-0.07860291680609244,False,EleutherAI/pythia-1b,Pythia 1B,,,23000,
1,1_tb_1_s_e_ex,True Belief,Explicit,Start,End,passage_hr,passage,2,"At the end of the story, the book was in the",basket,box,0.24207575619220734,0.49828240275382996,-1.0415050238435124,False,EleutherAI/pythia-1b,Pythia 1B,,,23000,
1,1_tb_1_s_e_ex,True Belief,Explicit,Start,End,passage_hr,passage,3,The person who put the book in the box was,Sean,Anna,0.01582297496497631,0.03793838247656822,-1.2616372955963822,False,EleutherAI/pythia-1b,Pythia 1B,,,23000,
1,1_tb_1_s_e_ex,True Belief,Explicit,Start,End,passage_hr,passage,4,The person who moved the book to the basket was,Anna,Sean,0.0618923045694828,0.02108098194003105,1.553817973470857,True,EleutherAI/pythia-1b,Pythia 1B,,,23000,
1,1_tb_1_s_e_im,True Belief,Implicit,Start,End,passage_hr,passage,1,"At the start of the story, Sean put the book in the",box,basket,0.3157016634941101,0.3333793580532074,-0.07860291680609244,False,EleutherAI/pythia-1b,Pythia 1B,,,23000,
1,1_tb_1_s_e_im,True Belief,Implicit,Start,End,passage_hr,passage,2,"At the end of the story, the book was in the",basket,box,0.24207575619220734,0.49828240275382996,-1.0415050238435124,False,EleutherAI/pythia-1b,Pythia 1B,,,23000,
1,1_tb_1_s_e_im,True Belief,Implicit,Start,End,passage_hr,passage,3,The person who put the book in the box was,Sean,Anna,0.01582297496497631,0.03793838247656822,-1.2616372955963822,False,EleutherAI/pythia-1b,Pythia 1B,,,23000,
1,1_tb_1_s_e_im,True Belief,Implicit,Start,End,passage_hr,passage,4,The person who moved the book to the basket was,Anna,Sean,0.0618923045694828,0.02108098194003105,1.553817973470857,True,EleutherAI/pythia-1b,Pythia 1B,,,23000,
1,1_fb_1_s_s_ex,False Belief,Explicit,Start,Start,passage_hr,passage,1,"At the start of the story, Sean put the book in the",box,basket,0.36001795530319214,0.44969943165779114,-0.32089220030058685,False,EleutherAI/pythia-1b,Pythia 1B,,,23000,
1,1_fb_1_s_s_ex,False Belief,Explicit,Start,Start,passage_hr,passage,2,"At the end of the story, the book was in the",basket,box,0.38701558113098145,0.4558405578136444,-0.23613764219865874,False,EleutherAI/pythia-1b,Pythia 1B,,,23000,
1,1_fb_1_s_s_ex,False Belief,Explicit,Start,Start,passage_hr,passage,3,The person who put the book in the box was,Sean,Anna,0.012728573754429817,0.041427772492170334,-1.7025274775919563,False,EleutherAI/pythia-1b,Pythia 1B,,,23000,
1,1_fb_1_s_s_ex,False Belief,Explicit,Start,Start,passage_hr,passage,4,The person who moved the book to the basket was,Anna,Sean,0.06356869637966156,0.012332804501056671,2.365815594605803,True,EleutherAI/pythia-1b,Pythia 1B,,,23000,
1,1_fb_1_s_s_im,False Belief,Implicit,Start,Start,passage_hr,passage,1,"At the start of the story, Sean put the book in the",box,basket,0.36001795530319214,0.44969943165779114,-0.32089220030058685,False,EleutherAI/pythia-1b,Pythia 1B,,,23000,
1,1_fb_1_s_s_im,False Belief,Implicit,Start,Start,passage_hr,passage,2,"At the end of the story, the book was in the",basket,box,0.38701558113098145,0.4558405578136444,-0.23613764219865874,False,EleutherAI/pythia-1b,Pythia 1B,,,23000,
1,1_fb_1_s_s_im,False Belief,Implicit,Start,Start,passage_hr,passage,3,The person who put the book in the box was,Sean,Anna,0.012728573754429817,0.041427772492170334,-1.7025274775919563,False,EleutherAI/pythia-1b,Pythia 1B,,,23000,
1,1_fb_1_s_s_im,False Belief,Implicit,Start,Start,passage_hr,passage,4,The person who moved the book to the basket was,Anna,Sean,0.06356869637966156,0.012332804501056671,2.365815594605803,True,EleutherAI/pythia-1b,Pythia 1B,,,23000,
1,1_tb_1_s_s_ex,True Belief,Explicit,Start,Start,passage_hr,passage,1,"At the start of the story, Sean put the book in the",box,basket,0.3573259115219116,0.3400632441043854,0.07143745478191016,True,EleutherAI/pythia-1b,Pythia 1B,,,23000,
1,1_tb_1_s_s_ex,True Belief,Explicit,Start,Start,passage_hr,passage,2,"At the end of the story, the book was in the",basket,box,0.28202274441719055,0.4719301164150238,-0.7427617235891281,False,EleutherAI/pythia-1b,Pythia 1B,,,23000,
1,1_tb_1_s_s_ex,True Belief,Explicit,Start,Start,passage_hr,passage,3,The person who put the book in the box was,Sean,Anna,0.016721216961741447,0.03928319364786148,-1.232232372886531,False,EleutherAI/pythia-1b,Pythia 1B,,,23000,
1,1_tb_1_s_s_ex,True Belief,Explicit,Start,Start,passage_hr,passage,4,The person who moved the book to the basket was,Anna,Sean,0.057687003165483475,0.021668801084160805,1.412626984887625,True,EleutherAI/pythia-1b,Pythia 1B,,,23000,
1,1_tb_1_s_s_im,True Belief,Implicit,Start,Start,passage_hr,passage,1,"At the start of the story, Sean put the book in the",box,basket,0.3573259115219116,0.3400632441043854,0.07143745478191016,True,EleutherAI/pythia-1b,Pythia 1B,,,23000,
1,1_tb_1_s_s_im,True Belief,Implicit,Start,Start,passage_hr,passage,2,"At the end of the story, the book was in the",basket,box,0.28202274441719055,0.4719301164150238,-0.7427617235891281,False,EleutherAI/pythia-1b,Pythia 1B,,,23000,
1,1_tb_1_s_s_im,True Belief,Implicit,Start,Start,passage_hr,passage,3,The person who put the book in the box was,Sean,Anna,0.016721216961741447,0.03928319364786148,-1.232232372886531,False,EleutherAI/pythia-1b,Pythia 1B,,,23000,
1,1_tb_1_s_s_im,True Belief,Implicit,Start,Start,passage_hr,passage,4,The person who moved the book to the basket was,Anna,Sean,0.057687003165483475,0.021668801084160805,1.412626984887625,True,EleutherAI/pythia-1b,Pythia 1B,,,23000,
1,1_fb_1_e_e_ex,False Belief,Explicit,End,End,passage_hr,passage,1,"At the start of the story, Sean put the book in the",box,basket,0.23979555070400238,0.5716068148612976,-1.2532182263041434,False,EleutherAI/pythia-1b,Pythia 1B,,,23000,
1,1_fb_1_e_e_ex,False Belief,Explicit,End,End,passage_hr,passage,2,"At the end of the story, the book was in the",basket,box,0.45222651958465576,0.389150470495224,0.21671749607813998,True,EleutherAI/pythia-1b,Pythia 1B,,,23000,
1,1_fb_1_e_e_ex,False Belief,Explicit,End,End,passage_hr,passage,3,The person who put the book in the box was,Sean,Anna,0.012188460677862167,0.04465276747941971,-1.8732336585529799,False,EleutherAI/pythia-1b,Pythia 1B,,,23000,
1,1_fb_1_e_e_ex,False Belief,Explicit,End,End,passage_hr,passage,4,The person who moved the book to the basket was,Anna,Sean,0.07174457609653473,0.011659078299999237,2.6214160260606043,True,EleutherAI/pythia-1b,Pythia 1B,,,23000,
1,1_fb_1_e_e_im,False Belief,Implicit,End,End,passage_hr,passage,1,"At the start of the story, Sean put the book in the",box,basket,0.23979555070400238,0.5716068148612976,-1.2532182263041434,False,EleutherAI/pythia-1b,Pythia 1B,,,23000,
1,1_fb_1_e_e_im,False Belief,Implicit,End,End,passage_hr,passage,2,"At the end of the story, the book was in the",basket,box,0.45222651958465576,0.389150470495224,0.21671749607813998,True,EleutherAI/pythia-1b,Pythia 1B,,,23000,
1,1_fb_1_e_e_im,False Belief,Implicit,End,End,passage_hr,passage,3,The person who put the book in the box was,Sean,Anna,0.012188460677862167,0.04465276747941971,-1.8732336585529799,False,EleutherAI/pythia-1b,Pythia 1B,,,23000,
1,1_fb_1_e_e_im,False Belief,Implicit,End,End,passage_hr,passage,4,The person who moved the book to the basket was,Anna,Sean,0.07174457609653473,0.011659078299999237,2.6214160260606043,True,EleutherAI/pythia-1b,Pythia 1B,,,23000,
1,1_tb_1_e_e_ex,True Belief,Explicit,End,End,passage_hr,passage,1,"At the start of the story, Sean put the book in the",box,basket,0.26422539353370667,0.3466555178165436,-0.39173360021937703,False,EleutherAI/pythia-1b,Pythia 1B,,,23000,
1,1_tb_1_e_e_ex,True Belief,Explicit,End,End,passage_hr,passage,2,"At the end of the story, the book was in the",basket,box,0.26093971729278564,0.4315796196460724,-0.7259101868901496,False,EleutherAI/pythia-1b,Pythia 1B,,,23000,
1,1_tb_1_e_e_ex,True Belief,Explicit,End,End,passage_hr,passage,3,The person who put the book in the box was,Sean,Anna,0.016450200229883194,0.039923641830682755,-1.2791381847976564,False,EleutherAI/pythia-1b,Pythia 1B,,,23000,
1,1_tb_1_e_e_ex,True Belief,Explicit,End,End,passage_hr,passage,4,The person who moved the book to the basket was,Anna,Sean,0.06332962214946747,0.020575517788529396,1.621951734802045,True,EleutherAI/pythia-1b,Pythia 1B,,,23000,
1,1_tb_1_e_e_im,True Belief,Implicit,End,End,passage_hr,passage,1,"At the start of the story, Sean put the book in the",box,basket,0.26422539353370667,0.3466555178165436,-0.39173360021937703,False,EleutherAI/pythia-1b,Pythia 1B,,,23000,
1,1_tb_1_e_e_im,True Belief,Implicit,End,End,passage_hr,passage,2,"At the end of the story, the book was in the",basket,box,0.26093971729278564,0.4315796196460724,-0.7259101868901496,False,EleutherAI/pythia-1b,Pythia 1B,,,23000,
1,1_tb_1_e_e_im,True Belief,Implicit,End,End,passage_hr,passage,3,The person who put the book in the box was,Sean,Anna,0.016450200229883194,0.039923641830682755,-1.2791381847976564,False,EleutherAI/pythia-1b,Pythia 1B,,,23000,
1,1_tb_1_e_e_im,True Belief,Implicit,End,End,passage_hr,passage,4,The person who moved the book to the basket was,Anna,Sean,0.06332962214946747,0.020575517788529396,1.621951734802045,True,EleutherAI/pythia-1b,Pythia 1B,,,23000,
1,1_fb_1_e_s_ex,False Belief,Explicit,End,Start,passage_hr,passage,1,"At the start of the story, Sean put the book in the",box,basket,0.2924213409423828,0.4774855673313141,-0.7074085231542531,False,EleutherAI/pythia-1b,Pythia 1B,,,23000,
1,1_fb_1_e_s_ex,False Belief,Explicit,End,Start,passage_hr,passage,2,"At the end of the story, the book was in the",basket,box,0.4466914236545563,0.37400174140930176,0.2562335680445185,True,EleutherAI/pythia-1b,Pythia 1B,,,23000,
1,1_fb_1_e_s_ex,False Belief,Explicit,End,Start,passage_hr,passage,3,The person who put the book in the box was,Sean,Anna,0.01335887797176838,0.04626235365867615,-1.7920398276589335,False,EleutherAI/pythia-1b,Pythia 1B,,,23000,
1,1_fb_1_e_s_ex,False Belief,Explicit,End,Start,passage_hr,passage,4,The person who moved the book to the basket was,Anna,Sean,0.06506172567605972,0.011998225003480911,2.4389880966340405,True,EleutherAI/pythia-1b,Pythia 1B,,,23000,
1,1_fb_1_e_s_im,False Belief,Implicit,End,Start,passage_hr,passage,1,"At the start of the story, Sean put the book in the",box,basket,0.2924213409423828,0.4774855673313141,-0.7074085231542531,False,EleutherAI/pythia-1b,Pythia 1B,,,23000,
1,1_fb_1_e_s_im,False Belief,Implicit,End,Start,passage_hr,passage,2,"At the end of the story, the book was in the",basket,box,0.4466914236545563,0.37400174140930176,0.2562335680445185,True,EleutherAI/pythia-1b,Pythia 1B,,,23000,
1,1_fb_1_e_s_im,False Belief,Implicit,End,Start,passage_hr,passage,3,The person who put the book in the box was,Sean,Anna,0.01335887797176838,0.04626235365867615,-1.7920398276589335,False,EleutherAI/pythia-1b,Pythia 1B,,,23000,
1,1_fb_1_e_s_im,False Belief,Implicit,End,Start,passage_hr,passage,4,The person who moved the book to the basket was,Anna,Sean,0.06506172567605972,0.011998225003480911,2.4389880966340405,True,EleutherAI/pythia-1b,Pythia 1B,,,23000,
1,1_tb_1_e_s_ex,True Belief,Explicit,End,Start,passage_hr,passage,1,"At the start of the story, Sean put the book in the",box,basket,0.2927171587944031,0.3616460859775543,-0.3050712201475565,False,EleutherAI/pythia-1b,Pythia 1B,,,23000,
1,1_tb_1_e_s_ex,True Belief,Explicit,End,Start,passage_hr,passage,2,"At the end of the story, the book was in the",basket,box,0.31124845147132874,0.40242713689804077,-0.37066093430478675,False,EleutherAI/pythia-1b,Pythia 1B,,,23000,
1,1_tb_1_e_s_ex,True Belief,Explicit,End,Start,passage_hr,passage,3,The person who put the book in the box was,Sean,Anna,0.01724432408809662,0.04172017425298691,-1.274623601836555,False,EleutherAI/pythia-1b,Pythia 1B,,,23000,
1,1_tb_1_e_s_ex,True Belief,Explicit,End,Start,passage_hr,passage,4,The person who moved the book to the basket was,Anna,Sean,0.05916865915060043,0.021132539957761765,1.4853670240624421,True,EleutherAI/pythia-1b,Pythia 1B,,,23000,
1,1_tb_1_e_s_im,True Belief,Implicit,End,Start,passage_hr,passage,1,"At the start of the story, Sean put the book in the",box,basket,0.2927171587944031,0.3616460859775543,-0.3050712201475565,False,EleutherAI/pythia-1b,Pythia 1B,,,23000,
1,1_tb_1_e_s_im,True Belief,Implicit,End,Start,passage_hr,passage,2,"At the end of the story, the book was in the",basket,box,0.31124845147132874,0.40242713689804077,-0.37066093430478675,False,EleutherAI/pythia-1b,Pythia 1B,,,23000,
1,1_tb_1_e_s_im,True Belief,Implicit,End,Start,passage_hr,passage,3,The person who put the book in the box was,Sean,Anna,0.01724432408809662,0.04172017425298691,-1.274623601836555,False,EleutherAI/pythia-1b,Pythia 1B,,,23000,
1,1_tb_1_e_s_im,True Belief,Implicit,End,Start,passage_hr,passage,4,The person who moved the book to the basket was,Anna,Sean,0.05916865915060043,0.021132539957761765,1.4853670240624421,True,EleutherAI/pythia-1b,Pythia 1B,,,23000,
2,2_fb_1_s_e_ex,False Belief,Explicit,Start,End,passage_hr,passage,1,"At the start of the story, Mary put the jam in the",cupboard,fridge,0.4200389087200165,0.17926275730133057,1.2284471801808348,True,EleutherAI/pythia-1b,Pythia 1B,,,23000,
2,2_fb_1_s_e_ex,False Belief,Explicit,Start,End,passage_hr,passage,2,"At the end of the story, the jam was in the",fridge,cupboard,0.22309547662734985,0.5360516905784607,-1.264710861575717,False,EleutherAI/pythia-1b,Pythia 1B,,,23000,
2,2_fb_1_s_e_ex,False Belief,Explicit,Start,End,passage_hr,passage,3,The person who put the jam in the cupboard was,Mary,James,0.025004589930176735,0.07712606340646744,-1.6250255307791135,False,EleutherAI/pythia-1b,Pythia 1B,,,23000,
2,2_fb_1_s_e_ex,False Belief,Explicit,Start,End,passage_hr,passage,4,The person who moved the jam to the fridge was,James,Mary,0.17268157005310059,0.03299225866794586,2.3879146611420383,True,EleutherAI/pythia-1b,Pythia 1B,,,23000,
2,2_fb_1_s_e_im,False Belief,Implicit,Start,End,passage_hr,passage,1,"At the start of the story, Mary put the jam in the",cupboard,fridge,0.4200389087200165,0.17926275730133057,1.2284471801808348,True,EleutherAI/pythia-1b,Pythia 1B,,,23000,
2,2_fb_1_s_e_im,False Belief,Implicit,Start,End,passage_hr,passage,2,"At the end of the story, the jam was in the",fridge,cupboard,0.22309547662734985,0.5360516905784607,-1.264710861575717,False,EleutherAI/pythia-1b,Pythia 1B,,,23000,
2,2_fb_1_s_e_im,False Belief,Implicit,Start,End,passage_hr,passage,3,The person who put the jam in the cupboard was,Mary,James,0.025004589930176735,0.07712606340646744,-1.6250255307791135,False,EleutherAI/pythia-1b,Pythia 1B,,,23000,
2,2_fb_1_s_e_im,False Belief,Implicit,Start,End,passage_hr,passage,4,The person who moved the jam to the fridge was,James,Mary,0.17268157005310059,0.03299225866794586,2.3879146611420383,True,EleutherAI/pythia-1b,Pythia 1B,,,23000,
2,2_tb_1_s_e_ex,True Belief,Explicit,Start,End,passage_hr,passage,1,"At the start of the story, Mary put the jam in the",cupboard,fridge,0.39619576930999756,0.14361867308616638,1.4639701363869928,True,EleutherAI/pythia-1b,Pythia 1B,,,23000,
2,2_tb_1_s_e_ex,True Belief,Explicit,Start,End,passage_hr,passage,2,"At the end of the story, the jam was in the",fridge,cupboard,0.19908994436264038,0.5349055528640747,-1.4258638251650482,False,EleutherAI/pythia-1b,Pythia 1B,,,23000,
2,2_tb_1_s_e_ex,True Belief,Explicit,Start,End,passage_hr,passage,3,The person who put the jam in the cupboard was,Mary,James,0.028989190235733986,0.08854313939809799,-1.6108654920394878,False,EleutherAI/pythia-1b,Pythia 1B,,,23000,
2,2_tb_1_s_e_ex,True Belief,Explicit,Start,End,passage_hr,passage,4,The person who moved the jam to the fridge was,James,Mary,0.16102421283721924,0.033925775438547134,2.246823942666189,True,EleutherAI/pythia-1b,Pythia 1B,,,23000,
2,2_tb_1_s_e_im,True Belief,Implicit,Start,End,passage_hr,passage,1,"At the start of the story, Mary put the jam in the",cupboard,fridge,0.39619576930999756,0.14361867308616638,1.4639701363869928,True,EleutherAI/pythia-1b,Pythia 1B,,,23000,
2,2_tb_1_s_e_im,True Belief,Implicit,Start,End,passage_hr,passage,2,"At the end of the story, the jam was in the",fridge,cupboard,0.19908994436264038,0.5349055528640747,-1.4258638251650482,False,EleutherAI/pythia-1b,Pythia 1B,,,23000,
2,2_tb_1_s_e_im,True Belief,Implicit,Start,End,passage_hr,passage,3,The person who put the jam in the cupboard was,Mary,James,0.028989190235733986,0.08854313939809799,-1.6108654920394878,False,EleutherAI/pythia-1b,Pythia 1B,,,23000,
2,2_tb_1_s_e_im,True Belief,Implicit,Start,End,passage_hr,passage,4,The person who moved the jam to the fridge was,James,Mary,0.16102421283721924,0.033925775438547134,2.246823942666189,True,EleutherAI/pythia-1b,Pythia 1B,,,23000,
2,2_fb_1_s_s_ex,False Belief,Explicit,Start,Start,passage_hr,passage,1,"At the start of the story, Mary put the jam in the",cupboard,fridge,0.35437387228012085,0.1974327713251114,0.8439107603199812,True,EleutherAI/pythia-1b,Pythia 1B,,,23000,
2,2_fb_1_s_s_ex,False Belief,Explicit,Start,Start,passage_hr,passage,2,"At the end of the story, the jam was in the",fridge,cupboard,0.2218194305896759,0.5159904360771179,-1.2179585794649688,False,EleutherAI/pythia-1b,Pythia 1B,,,23000,
2,2_fb_1_s_s_ex,False Belief,Explicit,Start,Start,passage_hr,passage,3,The person who put the jam in the cupboard was,Mary,James,0.023660387843847275,0.08400408178567886,-1.8279857079187036,False,EleutherAI/pythia-1b,Pythia 1B,,,23000,
2,2_fb_1_s_s_ex,False Belief,Explicit,Start,Start,passage_hr,passage,4,The person who moved the jam to the fridge was,James,Mary,0.18164098262786865,0.028777683153748512,2.65806739373498,True,EleutherAI/pythia-1b,Pythia 1B,,,23000,
2,2_fb_1_s_s_im,False Belief,Implicit,Start,Start,passage_hr,passage,1,"At the start of the story, Mary put the jam in the",cupboard,fridge,0.35437387228012085,0.1974327713251114,0.8439107603199812,True,EleutherAI/pythia-1b,Pythia 1B,,,23000,
2,2_fb_1_s_s_im,False Belief,Implicit,Start,Start,passage_hr,passage,2,"At the end of the story, the jam was in the",fridge,cupboard,0.2218194305896759,0.5159904360771179,-1.2179585794649688,False,EleutherAI/pythia-1b,Pythia 1B,,,23000,
2,2_fb_1_s_s_im,False Belief,Implicit,Start,Start,passage_hr,passage,3,The person who put the jam in the cupboard was,Mary,James,0.023660387843847275,0.08400408178567886,-1.8279857079187036,False,EleutherAI/pythia-1b,Pythia 1B,,,23000,
2,2_fb_1_s_s_im,False Belief,Implicit,Start,Start,passage_hr,passage,4,The person who moved the jam to the fridge was,James,Mary,0.18164098262786865,0.028777683153748512,2.65806739373498,True,EleutherAI/pythia-1b,Pythia 1B,,,23000,
2,2_tb_1_s_s_ex,True Belief,Explicit,Start,Start,passage_hr,passage,1,"At the start of the story, Mary put the jam in the",cupboard,fridge,0.36071982979774475,0.20051468908786774,0.8471708064242331,True,EleutherAI/pythia-1b,Pythia 1B,,,23000,
2,2_tb_1_s_s_ex,True Belief,Explicit,Start,Start,passage_hr,passage,2,"At the end of the story, the jam was in the",fridge,cupboard,0.2596646845340729,0.4547107219696045,-0.8082992079920801,False,EleutherAI/pythia-1b,Pythia 1B,,,23000,
2,2_tb_1_s_s_ex,True Belief,Explicit,Start,Start,passage_hr,passage,3,The person who put the jam in the cupboard was,Mary,James,0.028642555698752403,0.09955457597970963,-1.7973274041041714,False,EleutherAI/pythia-1b,Pythia 1B,,,23000,
2,2_tb_1_s_s_ex,True Belief,Explicit,Start,Start,passage_hr,passage,4,The person who moved the jam to the fridge was,James,Mary,0.1716771125793457,0.02993960678577423,2.5195705379811644,True,EleutherAI/pythia-1b,Pythia 1B,,,23000,
2,2_tb_1_s_s_im,True Belief,Implicit,Start,Start,passage_hr,passage,1,"At the start of the story, Mary put the jam in the",cupboard,fridge,0.36071982979774475,0.20051468908786774,0.8471708064242331,True,EleutherAI/pythia-1b,Pythia 1B,,,23000,
2,2_tb_1_s_s_im,True Belief,Implicit,Start,Start,passage_hr,passage,2,"At the end of the story, the jam was in the",fridge,cupboard,0.2596646845340729,0.4547107219696045,-0.8082992079920801,False,EleutherAI/pythia-1b,Pythia 1B,,,23000,
2,2_tb_1_s_s_im,True Belief,Implicit,Start,Start,passage_hr,passage,3,The person who put the jam in the cupboard was,Mary,James,0.028642555698752403,0.09955457597970963,-1.7973274041041714,False,EleutherAI/pythia-1b,Pythia 1B,,,23000,
2,2_tb_1_s_s_im,True Belief,Implicit,Start,Start,passage_hr,passage,4,The person who moved the jam to the fridge was,James,Mary,0.1716771125793457,0.02993960678577423,2.5195705379811644,True,EleutherAI/pythia-1b,Pythia 1B,,,23000,
2,2_fb_1_e_e_ex,False Belief,Explicit,End,End,passage_hr,passage,1,"At the start of the story, Mary put the jam in the",cupboard,fridge,0.40551289916038513,0.17124533653259277,1.243683106399646,True,EleutherAI/pythia-1b,Pythia 1B,,,23000,
2,2_fb_1_e_e_ex,False Belief,Explicit,End,End,passage_hr,passage,2,"At the end of the story, the jam was in the",fridge,cupboard,0.24562793970108032,0.4944281280040741,-1.0092861466615541,False,EleutherAI/pythia-1b,Pythia 1B,,,23000,
2,2_fb_1_e_e_ex,False Belief,Explicit,End,End,passage_hr,passage,3,The person who put the jam in the cupboard was,Mary,James,0.023742977529764175,0.07884936779737473,-1.7315983177169538,False,EleutherAI/pythia-1b,Pythia 1B,,,23000,
2,2_fb_1_e_e_ex,False Belief,Explicit,End,End,passage_hr,passage,4,The person who moved the jam to the fridge was,James,Mary,0.17856965959072113,0.03136160969734192,2.5094154602134497,True,EleutherAI/pythia-1b,Pythia 1B,,,23000,
2,2_fb_1_e_e_im,False Belief,Implicit,End,End,passage_hr,passage,1,"At the start of the story, Mary put the jam in the",cupboard,fridge,0.40551289916038513,0.17124533653259277,1.243683106399646,True,EleutherAI/pythia-1b,Pythia 1B,,,23000,
2,2_fb_1_e_e_im,False Belief,Implicit,End,End,passage_hr,passage,2,"At the end of the story, the jam was in the",fridge,cupboard,0.24562793970108032,0.4944281280040741,-1.0092861466615541,False,EleutherAI/pythia-1b,Pythia 1B,,,23000,
2,2_fb_1_e_e_im,False Belief,Implicit,End,End,passage_hr,passage,3,The person who put the jam in the cupboard was,Mary,James,0.023742977529764175,0.07884936779737473,-1.7315983177169538,False,EleutherAI/pythia-1b,Pythia 1B,,,23000,
2,2_fb_1_e_e_im,False Belief,Implicit,End,End,passage_hr,passage,4,The person who moved the jam to the fridge was,James,Mary,0.17856965959072113,0.03136160969734192,2.5094154602134497,True,EleutherAI/pythia-1b,Pythia 1B,,,23000,
2,2_tb_1_e_e_ex,True Belief,Explicit,End,End,passage_hr,passage,1,"At the start of the story, Mary put the jam in the",cupboard,fridge,0.37672942876815796,0.15150855481624603,1.3141294792270033,True,EleutherAI/pythia-1b,Pythia 1B,,,23000,
2,2_tb_1_e_e_ex,True Belief,Explicit,End,End,passage_hr,passage,2,"At the end of the story, the jam was in the",fridge,cupboard,0.23982080817222595,0.47944390773773193,-0.9994051975067204,False,EleutherAI/pythia-1b,Pythia 1B,,,23000,
2,2_tb_1_e_e_ex,True Belief,Explicit,End,End,passage_hr,passage,3,The person who put the jam in the cupboard was,Mary,James,0.02779964730143547,0.08873974531888962,-1.674513833298624,False,EleutherAI/pythia-1b,Pythia 1B,,,23000,
2,2_tb_1_e_e_ex,True Belief,Explicit,End,End,passage_hr,passage,4,The person who moved the jam to the fridge was,James,Mary,0.16268077492713928,0.03307009115815163,2.298444840727195,True,EleutherAI/pythia-1b,Pythia 1B,,,23000,
2,2_tb_1_e_e_im,True Belief,Implicit,End,End,passage_hr,passage,1,"At the start of the story, Mary put the jam in the",cupboard,fridge,0.37672942876815796,0.15150855481624603,1.3141294792270033,True,EleutherAI/pythia-1b,Pythia 1B,,,23000,
2,2_tb_1_e_e_im,True Belief,Implicit,End,End,passage_hr,passage,2,"At the end of the story, the jam was in the",fridge,cupboard,0.23982080817222595,0.47944390773773193,-0.9994051975067204,False,EleutherAI/pythia-1b,Pythia 1B,,,23000,
2,2_tb_1_e_e_im,True Belief,Implicit,End,End,passage_hr,passage,3,The person who put the jam in the cupboard was,Mary,James,0.02779964730143547,0.08873974531888962,-1.674513833298624,False,EleutherAI/pythia-1b,Pythia 1B,,,23000,
2,2_tb_1_e_e_im,True Belief,Implicit,End,End,passage_hr,passage,4,The person who moved the jam to the fridge was,James,Mary,0.16268077492713928,0.03307009115815163,2.298444840727195,True,EleutherAI/pythia-1b,Pythia 1B,,,23000,
2,2_fb_1_e_s_ex,False Belief,Explicit,End,Start,passage_hr,passage,1,"At the start of the story, Mary put the jam in the",cupboard,fridge,0.3530564308166504,0.1711307317018509,1.0447999326123412,True,EleutherAI/pythia-1b,Pythia 1B,,,23000,
2,2_fb_1_e_s_ex,False Belief,Explicit,End,Start,passage_hr,passage,2,"At the end of the story, the jam was in the",fridge,cupboard,0.21355056762695312,0.5176326036453247,-1.2773507571554317,False,EleutherAI/pythia-1b,Pythia 1B,,,23000,
2,2_fb_1_e_s_ex,False Belief,Explicit,End,Start,passage_hr,passage,3,The person who put the jam in the cupboard was,Mary,James,0.022568166255950928,0.0836210772395134,-1.8895774296939094,False,EleutherAI/pythia-1b,Pythia 1B,,,23000,
2,2_fb_1_e_s_ex,False Belief,Explicit,End,Start,passage_hr,passage,4,The person who moved the jam to the fridge was,James,Mary,0.18332743644714355,0.027581019327044487,2.7326750316922372,True,EleutherAI/pythia-1b,Pythia 1B,,,23000,
2,2_fb_1_e_s_im,False Belief,Implicit,End,Start,passage_hr,passage,1,"At the start of the story, Mary put the jam in the",cupboard,fridge,0.3530564308166504,0.1711307317018509,1.0447999326123412,True,EleutherAI/pythia-1b,Pythia 1B,,,23000,
2,2_fb_1_e_s_im,False Belief,Implicit,End,Start,passage_hr,passage,2,"At the end of the story, the jam was in the",fridge,cupboard,0.21355056762695312,0.5176326036453247,-1.2773507571554317,False,EleutherAI/pythia-1b,Pythia 1B,,,23000,
2,2_fb_1_e_s_im,False Belief,Implicit,End,Start,passage_hr,passage,3,The person who put the jam in the cupboard was,Mary,James,0.022568166255950928,0.0836210772395134,-1.8895774296939094,False,EleutherAI/pythia-1b,Pythia 1B,,,23000,
2,2_fb_1_e_s_im,False Belief,Implicit,End,Start,passage_hr,passage,4,The person who moved the jam to the fridge was,James,Mary,0.18332743644714355,0.027581019327044487,2.7326750316922372,True,EleutherAI/pythia-1b,Pythia 1B,,,23000,
2,2_tb_1_e_s_ex,True Belief,Explicit,End,Start,passage_hr,passage,1,"At the start of the story, Mary put the jam in the",cupboard,fridge,0.3444819748401642,0.18458575010299683,0.9001373131121133,True,EleutherAI/pythia-1b,Pythia 1B,,,23000,
2,2_tb_1_e_s_ex,True Belief,Explicit,End,Start,passage_hr,passage,2,"At the end of the story, the jam was in the",fridge,cupboard,0.27654534578323364,0.41655731201171875,-0.5909989404372618,False,EleutherAI/pythia-1b,Pythia 1B,,,23000,
2,2_tb_1_e_s_ex,True Belief,Explicit,End,Start,passage_hr,passage,3,The person who put the jam in the cupboard was,Mary,James,0.027190374210476875,0.10012813657522202,-1.8806795247888195,False,EleutherAI/pythia-1b,Pythia 1B,,,23000,
2,2_tb_1_e_s_ex,True Belief,Explicit,End,Start,passage_hr,passage,4,The person who moved the jam to the fridge was,James,Mary,0.17504918575286865,0.029131438583135605,2.5871114988064146,True,EleutherAI/pythia-1b,Pythia 1B,,,23000,
2,2_tb_1_e_s_im,True Belief,Implicit,End,Start,passage_hr,passage,1,"At the start of the story, Mary put the jam in the",cupboard,fridge,0.3444819748401642,0.18458575010299683,0.9001373131121133,True,EleutherAI/pythia-1b,Pythia 1B,,,23000,
2,2_tb_1_e_s_im,True Belief,Implicit,End,Start,passage_hr,passage,2,"At the end of the story, the jam was in the",fridge,cupboard,0.27654534578323364,0.41655731201171875,-0.5909989404372618,False,EleutherAI/pythia-1b,Pythia 1B,,,23000,
2,2_tb_1_e_s_im,True Belief,Implicit,End,Start,passage_hr,passage,3,The person who put the jam in the cupboard was,Mary,James,0.027190374210476875,0.10012813657522202,-1.8806795247888195,False,EleutherAI/pythia-1b,Pythia 1B,,,23000,
2,2_tb_1_e_s_im,True Belief,Implicit,End,Start,passage_hr,passage,4,The person who moved the jam to the fridge was,James,Mary,0.17504918575286865,0.029131438583135605,2.5871114988064146,True,EleutherAI/pythia-1b,Pythia 1B,,,23000,
3,3_fb_1_s_e_ex,False Belief,Explicit,Start,End,passage_hr,passage,1,"At the start of the story, Cameron put the shirt in the",sink,basket,0.33708226680755615,0.24756693840026855,0.445282071036194,True,EleutherAI/pythia-1b,Pythia 1B,,,23000,
3,3_fb_1_s_e_ex,False Belief,Explicit,Start,End,passage_hr,passage,2,"At the end of the story, the shirt was in the",basket,sink,0.33651068806648254,0.378365695476532,-0.16912896502366637,False,EleutherAI/pythia-1b,Pythia 1B,,,23000,
3,3_fb_1_s_e_ex,False Belief,Explicit,Start,End,passage_hr,passage,3,The person who put the shirt in the sink was,Cameron,Helen,0.010135617107152939,0.06069811061024666,-2.5822176794870764,False,EleutherAI/pythia-1b,Pythia 1B,,,23000,
3,3_fb_1_s_e_ex,False Belief,Explicit,Start,End,passage_hr,passage,4,The person who moved the shirt to the basket was,Helen,Cameron,0.1078152284026146,0.022019583731889725,2.291701865571163,True,EleutherAI/pythia-1b,Pythia 1B,,,23000,
3,3_fb_1_s_e_im,False Belief,Implicit,Start,End,passage_hr,passage,1,"At the start of the story, Cameron put the shirt in the",sink,basket,0.33708226680755615,0.24756693840026855,0.445282071036194,True,EleutherAI/pythia-1b,Pythia 1B,,,23000,
3,3_fb_1_s_e_im,False Belief,Implicit,Start,End,passage_hr,passage,2,"At the end of the story, the shirt was in the",basket,sink,0.33651068806648254,0.378365695476532,-0.16912896502366637,False,EleutherAI/pythia-1b,Pythia 1B,,,23000,
3,3_fb_1_s_e_im,False Belief,Implicit,Start,End,passage_hr,passage,3,The person who put the shirt in the sink was,Cameron,Helen,0.010135617107152939,0.06069811061024666,-2.5822176794870764,False,EleutherAI/pythia-1b,Pythia 1B,,,23000,
3,3_fb_1_s_e_im,False Belief,Implicit,Start,End,passage_hr,passage,4,The person who moved the shirt to the basket was,Helen,Cameron,0.1078152284026146,0.022019583731889725,2.291701865571163,True,EleutherAI/pythia-1b,Pythia 1B,,,23000,
3,3_tb_1_s_e_ex,True Belief,Explicit,Start,End,passage_hr,passage,1,"At the start of the story, Cameron put the shirt in the",sink,basket,0.2565133273601532,0.18404527008533478,0.47897311086465055,True,EleutherAI/pythia-1b,Pythia 1B,,,23000,
3,3_tb_1_s_e_ex,True Belief,Explicit,Start,End,passage_hr,passage,2,"At the end of the story, the shirt was in the",basket,sink,0.2997156083583832,0.3117895722389221,-0.056978460729430865,False,EleutherAI/pythia-1b,Pythia 1B,,,23000,
3,3_tb_1_s_e_ex,True Belief,Explicit,Start,End,passage_hr,passage,3,The person who put the shirt in the sink was,Cameron,Helen,0.011782261542975903,0.05531719699501991,-2.231111571374233,False,EleutherAI/pythia-1b,Pythia 1B,,,23000,
3,3_tb_1_s_e_ex,True Belief,Explicit,Start,End,passage_hr,passage,4,The person who moved the shirt to the basket was,Helen,Cameron,0.10267986357212067,0.021834097802639008,2.2334984596771204,True,EleutherAI/pythia-1b,Pythia 1B,,,23000,
3,3_tb_1_s_e_im,True Belief,Implicit,Start,End,passage_hr,passage,1,"At the start of the story, Cameron put the shirt in the",sink,basket,0.2565133273601532,0.18404527008533478,0.47897311086465055,True,EleutherAI/pythia-1b,Pythia 1B,,,23000,
3,3_tb_1_s_e_im,True Belief,Implicit,Start,End,passage_hr,passage,2,"At the end of the story, the shirt was in the",basket,sink,0.2997156083583832,0.3117895722389221,-0.056978460729430865,False,EleutherAI/pythia-1b,Pythia 1B,,,23000,
3,3_tb_1_s_e_im,True Belief,Implicit,Start,End,passage_hr,passage,3,The person who put the shirt in the sink was,Cameron,Helen,0.011782261542975903,0.05531719699501991,-2.231111571374233,False,EleutherAI/pythia-1b,Pythia 1B,,,23000,
3,3_tb_1_s_e_im,True Belief,Implicit,Start,End,passage_hr,passage,4,The person who moved the shirt to the basket was,Helen,Cameron,0.10267986357212067,0.021834097802639008,2.2334984596771204,True,EleutherAI/pythia-1b,Pythia 1B,,,23000,
3,3_fb_1_s_s_ex,False Belief,Explicit,Start,Start,passage_hr,passage,1,"At the start of the story, Cameron put the shirt in the",sink,basket,0.23813492059707642,0.3732993006706238,-0.6485536100305007,False,EleutherAI/pythia-1b,Pythia 1B,,,23000,
3,3_fb_1_s_s_ex,False Belief,Explicit,Start,Start,passage_hr,passage,2,"At the end of the story, the shirt was in the",basket,sink,0.5210002660751343,0.2137679010629654,1.2852388720115413,True,EleutherAI/pythia-1b,Pythia 1B,,,23000,
3,3_fb_1_s_s_ex,False Belief,Explicit,Start,Start,passage_hr,passage,3,The person who put the shirt in the sink was,Cameron,Helen,0.012205942533910275,0.06411731988191605,-2.393130418511416,False,EleutherAI/pythia-1b,Pythia 1B,,,23000,
3,3_fb_1_s_s_ex,False Belief,Explicit,Start,Start,passage_hr,passage,4,The person who moved the shirt to the basket was,Helen,Cameron,0.10473962128162384,0.024449462071061134,2.09893266445834,True,EleutherAI/pythia-1b,Pythia 1B,,,23000,
3,3_fb_1_s_s_im,False Belief,Implicit,Start,Start,passage_hr,passage,1,"At the start of the story, Cameron put the shirt in the",sink,basket,0.23813492059707642,0.3732993006706238,-0.6485536100305007,False,EleutherAI/pythia-1b,Pythia 1B,,,23000,
3,3_fb_1_s_s_im,False Belief,Implicit,Start,Start,passage_hr,passage,2,"At the end of the story, the shirt was in the",basket,sink,0.5210002660751343,0.2137679010629654,1.2852388720115413,True,EleutherAI/pythia-1b,Pythia 1B,,,23000,
3,3_fb_1_s_s_im,False Belief,Implicit,Start,Start,passage_hr,passage,3,The person who put the shirt in the sink was,Cameron,Helen,0.012205942533910275,0.06411731988191605,-2.393130418511416,False,EleutherAI/pythia-1b,Pythia 1B,,,23000,
3,3_fb_1_s_s_im,False Belief,Implicit,Start,Start,passage_hr,passage,4,The person who moved the shirt to the basket was,Helen,Cameron,0.10473962128162384,0.024449462071061134,2.09893266445834,True,EleutherAI/pythia-1b,Pythia 1B,,,23000,
3,3_tb_1_s_s_ex,True Belief,Explicit,Start,Start,passage_hr,passage,1,"At the start of the story, Cameron put the shirt in the",sink,basket,0.21433624625205994,0.21173088252544403,0.01764413128584288,True,EleutherAI/pythia-1b,Pythia 1B,,,23000,
3,3_tb_1_s_s_ex,True Belief,Explicit,Start,Start,passage_hr,passage,2,"At the end of the story, the shirt was in the",basket,sink,0.3840278387069702,0.21821872889995575,0.8154359695757158,True,EleutherAI/pythia-1b,Pythia 1B,,,23000,
3,3_tb_1_s_s_ex,True Belief,Explicit,Start,Start,passage_hr,passage,3,The person who put the shirt in the sink was,Cameron,Helen,0.013190863654017448,0.057497911155223846,-2.123970519066529,False,EleutherAI/pythia-1b,Pythia 1B,,,23000,
3,3_tb_1_s_s_ex,True Belief,Explicit,Start,Start,passage_hr,passage,4,The person who moved the shirt to the basket was,Helen,Cameron,0.10384312272071838,0.024351850152015686,2.0923023816004465,True,EleutherAI/pythia-1b,Pythia 1B,,,23000,
3,3_tb_1_s_s_im,True Belief,Implicit,Start,Start,passage_hr,passage,1,"At the start of the story, Cameron put the shirt in the",sink,basket,0.21433624625205994,0.21173088252544403,0.01764413128584288,True,EleutherAI/pythia-1b,Pythia 1B,,,23000,
3,3_tb_1_s_s_im,True Belief,Implicit,Start,Start,passage_hr,passage,2,"At the end of the story, the shirt was in the",basket,sink,0.3840278387069702,0.21821872889995575,0.8154359695757158,True,EleutherAI/pythia-1b,Pythia 1B,,,23000,
3,3_tb_1_s_s_im,True Belief,Implicit,Start,Start,passage_hr,passage,3,The person who put the shirt in the sink was,Cameron,Helen,0.013190863654017448,0.057497911155223846,-2.123970519066529,False,EleutherAI/pythia-1b,Pythia 1B,,,23000,
3,3_tb_1_s_s_im,True Belief,Implicit,Start,Start,passage_hr,passage,4,The person who moved the shirt to the basket was,Helen,Cameron,0.10384312272071838,0.024351850152015686,2.0923023816004465,True,EleutherAI/pythia-1b,Pythia 1B,,,23000,
3,3_fb_1_e_e_ex,False Belief,Explicit,End,End,passage_hr,passage,1,"At the start of the story, Cameron put the shirt in the",sink,basket,0.3285026252269745,0.31658291816711426,0.05332148566045515,True,EleutherAI/pythia-1b,Pythia 1B,,,23000,
3,3_fb_1_e_e_ex,False Belief,Explicit,End,End,passage_hr,passage,2,"At the end of the story, the shirt was in the",basket,sink,0.3366737961769104,0.40581420063972473,-0.2694679117155503,False,EleutherAI/pythia-1b,Pythia 1B,,,23000,
3,3_fb_1_e_e_ex,False Belief,Explicit,End,End,passage_hr,passage,3,The person who put the shirt in the sink was,Cameron,Helen,0.010273539461195469,0.06453856080770493,-2.651228098883481,False,EleutherAI/pythia-1b,Pythia 1B,,,23000,
3,3_fb_1_e_e_ex,False Belief,Explicit,End,End,passage_hr,passage,4,The person who moved the shirt to the basket was,Helen,Cameron,0.11061593145132065,0.022548040375113487,2.2944852235489717,True,EleutherAI/pythia-1b,Pythia 1B,,,23000,
3,3_fb_1_e_e_im,False Belief,Implicit,End,End,passage_hr,passage,1,"At the start of the story, Cameron put the shirt in the",sink,basket,0.3285026252269745,0.31658291816711426,0.05332148566045515,True,EleutherAI/pythia-1b,Pythia 1B,,,23000,
3,3_fb_1_e_e_im,False Belief,Implicit,End,End,passage_hr,passage,2,"At the end of the story, the shirt was in the",basket,sink,0.3366737961769104,0.40581420063972473,-0.2694679117155503,False,EleutherAI/pythia-1b,Pythia 1B,,,23000,
3,3_fb_1_e_e_im,False Belief,Implicit,End,End,passage_hr,passage,3,The person who put the shirt in the sink was,Cameron,Helen,0.010273539461195469,0.06453856080770493,-2.651228098883481,False,EleutherAI/pythia-1b,Pythia 1B,,,23000,
3,3_fb_1_e_e_im,False Belief,Implicit,End,End,passage_hr,passage,4,The person who moved the shirt to the basket was,Helen,Cameron,0.11061593145132065,0.022548040375113487,2.2944852235489717,True,EleutherAI/pythia-1b,Pythia 1B,,,23000,
3,3_tb_1_e_e_ex,True Belief,Explicit,End,End,passage_hr,passage,1,"At the start of the story, Cameron put the shirt in the",sink,basket,0.2612224817276001,0.24443557858467102,0.09582477512388898,True,EleutherAI/pythia-1b,Pythia 1B,,,23000,
3,3_tb_1_e_e_ex,True Belief,Explicit,End,End,passage_hr,passage,2,"At the end of the story, the shirt was in the",basket,sink,0.3139418065547943,0.3437439799308777,-0.13083728701963504,False,EleutherAI/pythia-1b,Pythia 1B,,,23000,
3,3_tb_1_e_e_ex,True Belief,Explicit,End,End,passage_hr,passage,3,The person who put the shirt in the sink was,Cameron,Helen,0.01266211736947298,0.05761437490582466,-2.1859101384125084,False,EleutherAI/pythia-1b,Pythia 1B,,,23000,
3,3_tb_1_e_e_ex,True Belief,Explicit,End,End,passage_hr,passage,4,The person who moved the shirt to the basket was,Helen,Cameron,0.10565630346536636,0.024450358003377914,2.1114513467087535,True,EleutherAI/pythia-1b,Pythia 1B,,,23000,
3,3_tb_1_e_e_im,True Belief,Implicit,End,End,passage_hr,passage,1,"At the start of the story, Cameron put the shirt in the",sink,basket,0.2612224817276001,0.24443557858467102,0.09582477512388898,True,EleutherAI/pythia-1b,Pythia 1B,,,23000,
3,3_tb_1_e_e_im,True Belief,Implicit,End,End,passage_hr,passage,2,"At the end of the story, the shirt was in the",basket,sink,0.3139418065547943,0.3437439799308777,-0.13083728701963504,False,EleutherAI/pythia-1b,Pythia 1B,,,23000,
3,3_tb_1_e_e_im,True Belief,Implicit,End,End,passage_hr,passage,3,The person who put the shirt in the sink was,Cameron,Helen,0.01266211736947298,0.05761437490582466,-2.1859101384125084,False,EleutherAI/pythia-1b,Pythia 1B,,,23000,
3,3_tb_1_e_e_im,True Belief,Implicit,End,End,passage_hr,passage,4,The person who moved the shirt to the basket was,Helen,Cameron,0.10565630346536636,0.024450358003377914,2.1114513467087535,True,EleutherAI/pythia-1b,Pythia 1B,,,23000,
3,3_fb_1_e_s_ex,False Belief,Explicit,End,Start,passage_hr,passage,1,"At the start of the story, Cameron put the shirt in the",sink,basket,0.24699667096138,0.40016189217567444,-0.6960921872727274,False,EleutherAI/pythia-1b,Pythia 1B,,,23000,
3,3_fb_1_e_s_ex,False Belief,Explicit,End,Start,passage_hr,passage,2,"At the end of the story, the shirt was in the",basket,sink,0.47567540407180786,0.26748499274253845,0.8305194779356497,True,EleutherAI/pythia-1b,Pythia 1B,,,23000,
3,3_fb_1_e_s_ex,False Belief,Explicit,End,Start,passage_hr,passage,3,The person who put the shirt in the sink was,Cameron,Helen,0.012082483619451523,0.06587795913219452,-2.4468788228847007,False,EleutherAI/pythia-1b,Pythia 1B,,,23000,
3,3_fb_1_e_s_ex,False Belief,Explicit,End,Start,passage_hr,passage,4,The person who moved the shirt to the basket was,Helen,Cameron,0.10764528810977936,0.02546176128089428,2.0798810465265394,True,EleutherAI/pythia-1b,Pythia 1B,,,23000,
3,3_fb_1_e_s_im,False Belief,Implicit,End,Start,passage_hr,passage,1,"At the start of the story, Cameron put the shirt in the",sink,basket,0.24699667096138,0.40016189217567444,-0.6960921872727274,False,EleutherAI/pythia-1b,Pythia 1B,,,23000,
3,3_fb_1_e_s_im,False Belief,Implicit,End,Start,passage_hr,passage,2,"At the end of the story, the shirt was in the",basket,sink,0.47567540407180786,0.26748499274253845,0.8305194779356497,True,EleutherAI/pythia-1b,Pythia 1B,,,23000,
3,3_fb_1_e_s_im,False Belief,Implicit,End,Start,passage_hr,passage,3,The person who put the shirt in the sink was,Cameron,Helen,0.012082483619451523,0.06587795913219452,-2.4468788228847007,False,EleutherAI/pythia-1b,Pythia 1B,,,23000,
3,3_fb_1_e_s_im,False Belief,Implicit,End,Start,passage_hr,passage,4,The person who moved the shirt to the basket was,Helen,Cameron,0.10764528810977936,0.02546176128089428,2.0798810465265394,True,EleutherAI/pythia-1b,Pythia 1B,,,23000,
3,3_tb_1_e_s_ex,True Belief,Explicit,End,Start,passage_hr,passage,1,"At the start of the story, Cameron put the shirt in the",sink,basket,0.22174817323684692,0.24800297617912292,-0.16143521424829743,False,EleutherAI/pythia-1b,Pythia 1B,,,23000,
3,3_tb_1_e_s_ex,True Belief,Explicit,End,Start,passage_hr,passage,2,"At the end of the story, the shirt was in the",basket,sink,0.3740929961204529,0.26270171999931335,0.5099713092514988,True,EleutherAI/pythia-1b,Pythia 1B,,,23000,
3,3_tb_1_e_s_ex,True Belief,Explicit,End,Start,passage_hr,passage,3,The person who put the shirt in the sink was,Cameron,Helen,0.013774923980236053,0.05827414244413376,-2.0808115119611705,False,EleutherAI/pythia-1b,Pythia 1B,,,23000,
3,3_tb_1_e_s_ex,True Belief,Explicit,End,Start,passage_hr,passage,4,The person who moved the shirt to the basket was,Helen,Cameron,0.1060255840420723,0.027025291696190834,1.9720303352274213,True,EleutherAI/pythia-1b,Pythia 1B,,,23000,
3,3_tb_1_e_s_im,True Belief,Implicit,End,Start,passage_hr,passage,1,"At the start of the story, Cameron put the shirt in the",sink,basket,0.22174817323684692,0.24800297617912292,-0.16143521424829743,False,EleutherAI/pythia-1b,Pythia 1B,,,23000,
3,3_tb_1_e_s_im,True Belief,Implicit,End,Start,passage_hr,passage,2,"At the end of the story, the shirt was in the",basket,sink,0.3740929961204529,0.26270171999931335,0.5099713092514988,True,EleutherAI/pythia-1b,Pythia 1B,,,23000,
3,3_tb_1_e_s_im,True Belief,Implicit,End,Start,passage_hr,passage,3,The person who put the shirt in the sink was,Cameron,Helen,0.013774923980236053,0.05827414244413376,-2.0808115119611705,False,EleutherAI/pythia-1b,Pythia 1B,,,23000,
3,3_tb_1_e_s_im,True Belief,Implicit,End,Start,passage_hr,passage,4,The person who moved the shirt to the basket was,Helen,Cameron,0.1060255840420723,0.027025291696190834,1.9720303352274213,True,EleutherAI/pythia-1b,Pythia 1B,,,23000,
4,4_fb_1_s_e_ex,False Belief,Explicit,Start,End,passage_hr,passage,1,"At the start of the story, Paula put the football in the",shed,garage,0.698036253452301,0.051185447722673416,3.7694963584309797,True,EleutherAI/pythia-1b,Pythia 1B,,,23000,
4,4_fb_1_s_e_ex,False Belief,Explicit,Start,End,passage_hr,passage,2,"At the end of the story, the football was in the",garage,shed,0.09367385506629944,0.6009308695793152,-2.6814806900871977,False,EleutherAI/pythia-1b,Pythia 1B,,,23000,
4,4_fb_1_s_e_ex,False Belief,Explicit,Start,End,passage_hr,passage,3,The person who put the football in the shed was,Paula,Tim,0.015819257125258446,0.026884010061621666,-0.7650664966294155,False,EleutherAI/pythia-1b,Pythia 1B,,,23000,
4,4_fb_1_s_e_ex,False Belief,Explicit,Start,End,passage_hr,passage,4,The person who moved the football to the garage was,Tim,Paula,0.027074839919805527,0.01277903188019991,1.0831742638461086,True,EleutherAI/pythia-1b,Pythia 1B,,,23000,
4,4_fb_1_s_e_im,False Belief,Implicit,Start,End,passage_hr,passage,1,"At the start of the story, Paula put the football in the",shed,garage,0.698036253452301,0.051185447722673416,3.7694963584309797,True,EleutherAI/pythia-1b,Pythia 1B,,,23000,
4,4_fb_1_s_e_im,False Belief,Implicit,Start,End,passage_hr,passage,2,"At the end of the story, the football was in the",garage,shed,0.09367385506629944,0.6009308695793152,-2.6814806900871977,False,EleutherAI/pythia-1b,Pythia 1B,,,23000,
4,4_fb_1_s_e_im,False Belief,Implicit,Start,End,passage_hr,passage,3,The person who put the football in the shed was,Paula,Tim,0.015819257125258446,0.026884010061621666,-0.7650664966294155,False,EleutherAI/pythia-1b,Pythia 1B,,,23000,
4,4_fb_1_s_e_im,False Belief,Implicit,Start,End,passage_hr,passage,4,The person who moved the football to the garage was,Tim,Paula,0.027074839919805527,0.01277903188019991,1.0831742638461086,True,EleutherAI/pythia-1b,Pythia 1B,,,23000,
4,4_tb_1_s_e_ex,True Belief,Explicit,Start,End,passage_hr,passage,1,"At the start of the story, Paula put the football in the",shed,garage,0.6689954996109009,0.06264186650514603,3.416797400197821,True,EleutherAI/pythia-1b,Pythia 1B,,,23000,
4,4_tb_1_s_e_ex,True Belief,Explicit,Start,End,passage_hr,passage,2,"At the end of the story, the football was in the",garage,shed,0.10987779498100281,0.5465519428253174,-2.314458748340147,False,EleutherAI/pythia-1b,Pythia 1B,,,23000,
4,4_tb_1_s_e_ex,True Belief,Explicit,Start,End,passage_hr,passage,3,The person who put the football in the shed was,Paula,Tim,0.020891817286610603,0.033786360174417496,-0.6935029449272979,False,EleutherAI/pythia-1b,Pythia 1B,,,23000,
4,4_tb_1_s_e_ex,True Belief,Explicit,Start,End,passage_hr,passage,4,The person who moved the football to the garage was,Tim,Paula,0.03810461610555649,0.020696483552455902,0.8805801139940418,True,EleutherAI/pythia-1b,Pythia 1B,,,23000,
4,4_tb_1_s_e_im,True Belief,Implicit,Start,End,passage_hr,passage,1,"At the start of the story, Paula put the football in the",shed,garage,0.6689954996109009,0.06264186650514603,3.416797400197821,True,EleutherAI/pythia-1b,Pythia 1B,,,23000,
4,4_tb_1_s_e_im,True Belief,Implicit,Start,End,passage_hr,passage,2,"At the end of the story, the football was in the",garage,shed,0.10987779498100281,0.5465519428253174,-2.314458748340147,False,EleutherAI/pythia-1b,Pythia 1B,,,23000,
4,4_tb_1_s_e_im,True Belief,Implicit,Start,End,passage_hr,passage,3,The person who put the football in the shed was,Paula,Tim,0.020891817286610603,0.033786360174417496,-0.6935029449272979,False,EleutherAI/pythia-1b,Pythia 1B,,,23000,
4,4_tb_1_s_e_im,True Belief,Implicit,Start,End,passage_hr,passage,4,The person who moved the football to the garage was,Tim,Paula,0.03810461610555649,0.020696483552455902,0.8805801139940418,True,EleutherAI/pythia-1b,Pythia 1B,,,23000,
4,4_fb_1_s_s_ex,False Belief,Explicit,Start,Start,passage_hr,passage,1,"At the start of the story, Paula put the football in the",shed,garage,0.6851828694343567,0.04818820580840111,3.8297370910819364,True,EleutherAI/pythia-1b,Pythia 1B,,,23000,
4,4_fb_1_s_s_ex,False Belief,Explicit,Start,Start,passage_hr,passage,2,"At the end of the story, the football was in the",garage,shed,0.0847867801785469,0.5684462189674377,-2.745112616650727,False,EleutherAI/pythia-1b,Pythia 1B,,,23000,
4,4_fb_1_s_s_ex,False Belief,Explicit,Start,Start,passage_hr,passage,3,The person who put the football in the shed was,Paula,Tim,0.017040587961673737,0.027174795046448708,-0.6732940398226301,False,EleutherAI/pythia-1b,Pythia 1B,,,23000,
4,4_fb_1_s_s_ex,False Belief,Explicit,Start,Start,passage_hr,passage,4,The person who moved the football to the garage was,Tim,Paula,0.02339344657957554,0.012313155457377434,0.9259039064701389,True,EleutherAI/pythia-1b,Pythia 1B,,,23000,
4,4_fb_1_s_s_im,False Belief,Implicit,Start,Start,passage_hr,passage,1,"At the start of the story, Paula put the football in the",shed,garage,0.6851828694343567,0.04818820580840111,3.8297370910819364,True,EleutherAI/pythia-1b,Pythia 1B,,,23000,
4,4_fb_1_s_s_im,False Belief,Implicit,Start,Start,passage_hr,passage,2,"At the end of the story, the football was in the",garage,shed,0.0847867801785469,0.5684462189674377,-2.745112616650727,False,EleutherAI/pythia-1b,Pythia 1B,,,23000,
4,4_fb_1_s_s_im,False Belief,Implicit,Start,Start,passage_hr,passage,3,The person who put the football in the shed was,Paula,Tim,0.017040587961673737,0.027174795046448708,-0.6732940398226301,False,EleutherAI/pythia-1b,Pythia 1B,,,23000,
4,4_fb_1_s_s_im,False Belief,Implicit,Start,Start,passage_hr,passage,4,The person who moved the football to the garage was,Tim,Paula,0.02339344657957554,0.012313155457377434,0.9259039064701389,True,EleutherAI/pythia-1b,Pythia 1B,,,23000,
4,4_tb_1_s_s_ex,True Belief,Explicit,Start,Start,passage_hr,passage,1,"At the start of the story, Paula put the football in the",shed,garage,0.6645783185958862,0.06102210655808449,3.445035337384193,True,EleutherAI/pythia-1b,Pythia 1B,,,23000,
4,4_tb_1_s_s_ex,True Belief,Explicit,Start,Start,passage_hr,passage,2,"At the end of the story, the football was in the",garage,shed,0.09777280688285828,0.5458850264549255,-2.4810919490110557,False,EleutherAI/pythia-1b,Pythia 1B,,,23000,
4,4_tb_1_s_s_ex,True Belief,Explicit,Start,Start,passage_hr,passage,3,The person who put the football in the shed was,Paula,Tim,0.02077503688633442,0.03252995014190674,-0.6469175726661985,False,EleutherAI/pythia-1b,Pythia 1B,,,23000,
4,4_tb_1_s_s_ex,True Belief,Explicit,Start,Start,passage_hr,passage,4,The person who moved the football to the garage was,Tim,Paula,0.0315493568778038,0.01862977258861065,0.7600005331099606,True,EleutherAI/pythia-1b,Pythia 1B,,,23000,
4,4_tb_1_s_s_im,True Belief,Implicit,Start,Start,passage_hr,passage,1,"At the start of the story, Paula put the football in the",shed,garage,0.6645783185958862,0.06102210655808449,3.445035337384193,True,EleutherAI/pythia-1b,Pythia 1B,,,23000,
4,4_tb_1_s_s_im,True Belief,Implicit,Start,Start,passage_hr,passage,2,"At the end of the story, the football was in the",garage,shed,0.09777280688285828,0.5458850264549255,-2.4810919490110557,False,EleutherAI/pythia-1b,Pythia 1B,,,23000,
4,4_tb_1_s_s_im,True Belief,Implicit,Start,Start,passage_hr,passage,3,The person who put the football in the shed was,Paula,Tim,0.02077503688633442,0.03252995014190674,-0.6469175726661985,False,EleutherAI/pythia-1b,Pythia 1B,,,23000,
4,4_tb_1_s_s_im,True Belief,Implicit,Start,Start,passage_hr,passage,4,The person who moved the football to the garage was,Tim,Paula,0.0315493568778038,0.01862977258861065,0.7600005331099606,True,EleutherAI/pythia-1b,Pythia 1B,,,23000,
4,4_fb_1_e_e_ex,False Belief,Explicit,End,End,passage_hr,passage,1,"At the start of the story, Paula put the football in the",shed,garage,0.7000234127044678,0.06705010682344437,3.384091638939656,True,EleutherAI/pythia-1b,Pythia 1B,,,23000,
4,4_fb_1_e_e_ex,False Belief,Explicit,End,End,passage_hr,passage,2,"At the end of the story, the football was in the",garage,shed,0.11121317744255066,0.5567451119422913,-2.3236892461904795,False,EleutherAI/pythia-1b,Pythia 1B,,,23000,
4,4_fb_1_e_e_ex,False Belief,Explicit,End,End,passage_hr,passage,3,The person who put the football in the shed was,Paula,Tim,0.016398191452026367,0.025333674624562263,-0.6275196441895576,False,EleutherAI/pythia-1b,Pythia 1B,,,23000,
4,4_fb_1_e_e_ex,False Belief,Explicit,End,End,passage_hr,passage,4,The person who moved the football to the garage was,Tim,Paula,0.02337486483156681,0.012123564258217812,0.9471441172161481,True,EleutherAI/pythia-1b,Pythia 1B,,,23000,
4,4_fb_1_e_e_im,False Belief,Implicit,End,End,passage_hr,passage,1,"At the start of the story, Paula put the football in the",shed,garage,0.7000234127044678,0.06705010682344437,3.384091638939656,True,EleutherAI/pythia-1b,Pythia 1B,,,23000,
4,4_fb_1_e_e_im,False Belief,Implicit,End,End,passage_hr,passage,2,"At the end of the story, the football was in the",garage,shed,0.11121317744255066,0.5567451119422913,-2.3236892461904795,False,EleutherAI/pythia-1b,Pythia 1B,,,23000,
4,4_fb_1_e_e_im,False Belief,Implicit,End,End,passage_hr,passage,3,The person who put the football in the shed was,Paula,Tim,0.016398191452026367,0.025333674624562263,-0.6275196441895576,False,EleutherAI/pythia-1b,Pythia 1B,,,23000,
4,4_fb_1_e_e_im,False Belief,Implicit,End,End,passage_hr,passage,4,The person who moved the football to the garage was,Tim,Paula,0.02337486483156681,0.012123564258217812,0.9471441172161481,True,EleutherAI/pythia-1b,Pythia 1B,,,23000,
4,4_tb_1_e_e_ex,True Belief,Explicit,End,End,passage_hr,passage,1,"At the start of the story, Paula put the football in the",shed,garage,0.6599969863891602,0.08145356923341751,3.0184096139520165,True,EleutherAI/pythia-1b,Pythia 1B,,,23000,
4,4_tb_1_e_e_ex,True Belief,Explicit,End,End,passage_hr,passage,2,"At the end of the story, the football was in the",garage,shed,0.12511451542377472,0.49335983395576477,-1.9793910893632787,False,EleutherAI/pythia-1b,Pythia 1B,,,23000,
4,4_tb_1_e_e_ex,True Belief,Explicit,End,End,passage_hr,passage,3,The person who put the football in the shed was,Paula,Tim,0.021665316075086594,0.032045990228652954,-0.5647565659352657,False,EleutherAI/pythia-1b,Pythia 1B,,,23000,
4,4_tb_1_e_e_ex,True Belief,Explicit,End,End,passage_hr,passage,4,The person who moved the football to the garage was,Tim,Paula,0.033389341086149216,0.020260313525795937,0.7207311233311332,True,EleutherAI/pythia-1b,Pythia 1B,,,23000,
4,4_tb_1_e_e_im,True Belief,Implicit,End,End,passage_hr,passage,1,"At the start of the story, Paula put the football in the",shed,garage,0.6599969863891602,0.08145356923341751,3.0184096139520165,True,EleutherAI/pythia-1b,Pythia 1B,,,23000,
4,4_tb_1_e_e_im,True Belief,Implicit,End,End,passage_hr,passage,2,"At the end of the story, the football was in the",garage,shed,0.12511451542377472,0.49335983395576477,-1.9793910893632787,False,EleutherAI/pythia-1b,Pythia 1B,,,23000,
4,4_tb_1_e_e_im,True Belief,Implicit,End,End,passage_hr,passage,3,The person who put the football in the shed was,Paula,Tim,0.021665316075086594,0.032045990228652954,-0.5647565659352657,False,EleutherAI/pythia-1b,Pythia 1B,,,23000,
4,4_tb_1_e_e_im,True Belief,Implicit,End,End,passage_hr,passage,4,The person who moved the football to the garage was,Tim,Paula,0.033389341086149216,0.020260313525795937,0.7207311233311332,True,EleutherAI/pythia-1b,Pythia 1B,,,23000,
4,4_fb_1_e_s_ex,False Belief,Explicit,End,Start,passage_hr,passage,1,"At the start of the story, Paula put the football in the",shed,garage,0.6885547041893005,0.0608021505177021,3.50137702141192,True,EleutherAI/pythia-1b,Pythia 1B,,,23000,
4,4_fb_1_e_s_ex,False Belief,Explicit,End,Start,passage_hr,passage,2,"At the end of the story, the football was in the",garage,shed,0.09267211705446243,0.5360881090164185,-2.5322629000806374,False,EleutherAI/pythia-1b,Pythia 1B,,,23000,
4,4_fb_1_e_s_ex,False Belief,Explicit,End,Start,passage_hr,passage,3,The person who put the football in the shed was,Paula,Tim,0.017548680305480957,0.025528892874717712,-0.540768431800239,False,EleutherAI/pythia-1b,Pythia 1B,,,23000,
4,4_fb_1_e_s_ex,False Belief,Explicit,End,Start,passage_hr,passage,4,The person who moved the football to the garage was,Tim,Paula,0.02083405666053295,0.011657338589429855,0.8377053242492378,True,EleutherAI/pythia-1b,Pythia 1B,,,23000,
4,4_fb_1_e_s_im,False Belief,Implicit,End,Start,passage_hr,passage,1,"At the start of the story, Paula put the football in the",shed,garage,0.6885547041893005,0.0608021505177021,3.50137702141192,True,EleutherAI/pythia-1b,Pythia 1B,,,23000,
4,4_fb_1_e_s_im,False Belief,Implicit,End,Start,passage_hr,passage,2,"At the end of the story, the football was in the",garage,shed,0.09267211705446243,0.5360881090164185,-2.5322629000806374,False,EleutherAI/pythia-1b,Pythia 1B,,,23000,
4,4_fb_1_e_s_im,False Belief,Implicit,End,Start,passage_hr,passage,3,The person who put the football in the shed was,Paula,Tim,0.017548680305480957,0.025528892874717712,-0.540768431800239,False,EleutherAI/pythia-1b,Pythia 1B,,,23000,
4,4_fb_1_e_s_im,False Belief,Implicit,End,Start,passage_hr,passage,4,The person who moved the football to the garage was,Tim,Paula,0.02083405666053295,0.011657338589429855,0.8377053242492378,True,EleutherAI/pythia-1b,Pythia 1B,,,23000,
4,4_tb_1_e_s_ex,True Belief,Explicit,End,Start,passage_hr,passage,1,"At the start of the story, Paula put the football in the",shed,garage,0.6720478534698486,0.07707332074642181,3.1242605076901424,True,EleutherAI/pythia-1b,Pythia 1B,,,23000,
4,4_tb_1_e_s_ex,True Belief,Explicit,End,Start,passage_hr,passage,2,"At the end of the story, the football was in the",garage,shed,0.10863995552062988,0.5132289528846741,-2.2400477657318816,False,EleutherAI/pythia-1b,Pythia 1B,,,23000,
4,4_tb_1_e_s_ex,True Belief,Explicit,End,Start,passage_hr,passage,3,The person who put the football in the shed was,Paula,Tim,0.021714255213737488,0.03016849234700203,-0.4744001303901147,False,EleutherAI/pythia-1b,Pythia 1B,,,23000,
4,4_tb_1_e_s_ex,True Belief,Explicit,End,Start,passage_hr,passage,4,The person who moved the football to the garage was,Tim,Paula,0.028042443096637726,0.018391301855444908,0.6085884377599325,True,EleutherAI/pythia-1b,Pythia 1B,,,23000,
4,4_tb_1_e_s_im,True Belief,Implicit,End,Start,passage_hr,passage,1,"At the start of the story, Paula put the football in the",shed,garage,0.6720478534698486,0.07707332074642181,3.1242605076901424,True,EleutherAI/pythia-1b,Pythia 1B,,,23000,
4,4_tb_1_e_s_im,True Belief,Implicit,End,Start,passage_hr,passage,2,"At the end of the story, the football was in the",garage,shed,0.10863995552062988,0.5132289528846741,-2.2400477657318816,False,EleutherAI/pythia-1b,Pythia 1B,,,23000,
4,4_tb_1_e_s_im,True Belief,Implicit,End,Start,passage_hr,passage,3,The person who put the football in the shed was,Paula,Tim,0.021714255213737488,0.03016849234700203,-0.4744001303901147,False,EleutherAI/pythia-1b,Pythia 1B,,,23000,
4,4_tb_1_e_s_im,True Belief,Implicit,End,Start,passage_hr,passage,4,The person who moved the football to the garage was,Tim,Paula,0.028042443096637726,0.018391301855444908,0.6085884377599325,True,EleutherAI/pythia-1b,Pythia 1B,,,23000,
5,5_fb_1_s_e_ex,False Belief,Explicit,Start,End,passage_hr,passage,1,"At the start of the story, Ed put the keys in the",hall,study,0.09025362133979797,0.15536491572856903,-0.7836040282762391,False,EleutherAI/pythia-1b,Pythia 1B,,,23000,
5,5_fb_1_s_e_ex,False Belief,Explicit,Start,End,passage_hr,passage,2,"At the end of the story, the keys were in the",study,hall,0.16632941365242004,0.11024614423513412,0.5933151173841239,True,EleutherAI/pythia-1b,Pythia 1B,,,23000,
5,5_fb_1_s_e_ex,False Belief,Explicit,Start,End,passage_hr,passage,3,The person who put the keys in the hall was,Ed,Seana,0.025891058146953583,0.0653422474861145,-1.3355621497559473,False,EleutherAI/pythia-1b,Pythia 1B,,,23000,
5,5_fb_1_s_e_ex,False Belief,Explicit,Start,End,passage_hr,passage,4,The person who moved the keys to the study was,Seana,Ed,0.11291366070508957,0.03166460245847702,1.8342771672192875,True,EleutherAI/pythia-1b,Pythia 1B,,,23000,
5,5_fb_1_s_e_im,False Belief,Implicit,Start,End,passage_hr,passage,1,"At the start of the story, Ed put the keys in the",hall,study,0.09025362133979797,0.15536491572856903,-0.7836040282762391,False,EleutherAI/pythia-1b,Pythia 1B,,,23000,
5,5_fb_1_s_e_im,False Belief,Implicit,Start,End,passage_hr,passage,2,"At the end of the story, the keys were in the",study,hall,0.16632941365242004,0.11024614423513412,0.5933151173841239,True,EleutherAI/pythia-1b,Pythia 1B,,,23000,
5,5_fb_1_s_e_im,False Belief,Implicit,Start,End,passage_hr,passage,3,The person who put the keys in the hall was,Ed,Seana,0.025891058146953583,0.0653422474861145,-1.3355621497559473,False,EleutherAI/pythia-1b,Pythia 1B,,,23000,
5,5_fb_1_s_e_im,False Belief,Implicit,Start,End,passage_hr,passage,4,The person who moved the keys to the study was,Seana,Ed,0.11291366070508957,0.03166460245847702,1.8342771672192875,True,EleutherAI/pythia-1b,Pythia 1B,,,23000,
5,5_tb_1_s_e_ex,True Belief,Explicit,Start,End,passage_hr,passage,1,"At the start of the story, Ed put the keys in the",hall,study,0.07884480059146881,0.07280854880809784,0.11490776558896669,True,EleutherAI/pythia-1b,Pythia 1B,,,23000,
5,5_tb_1_s_e_ex,True Belief,Explicit,Start,End,passage_hr,passage,2,"At the end of the story, the keys were in the",study,hall,0.09006993472576141,0.11532837897539139,-0.3566300411360678,False,EleutherAI/pythia-1b,Pythia 1B,,,23000,
5,5_tb_1_s_e_ex,True Belief,Explicit,Start,End,passage_hr,passage,3,The person who put the keys in the hall was,Ed,Seana,0.028212718665599823,0.057917602360248566,-1.037656184575892,False,EleutherAI/pythia-1b,Pythia 1B,,,23000,
5,5_tb_1_s_e_ex,True Belief,Explicit,Start,End,passage_hr,passage,4,The person who moved the keys to the study was,Seana,Ed,0.07444953173398972,0.03081946074962616,1.2724211555694096,True,EleutherAI/pythia-1b,Pythia 1B,,,23000,
5,5_tb_1_s_e_im,True Belief,Implicit,Start,End,passage_hr,passage,1,"At the start of the story, Ed put the keys in the",hall,study,0.07884480059146881,0.07280854880809784,0.11490776558896669,True,EleutherAI/pythia-1b,Pythia 1B,,,23000,
5,5_tb_1_s_e_im,True Belief,Implicit,Start,End,passage_hr,passage,2,"At the end of the story, the keys were in the",study,hall,0.09006993472576141,0.11532837897539139,-0.3566300411360678,False,EleutherAI/pythia-1b,Pythia 1B,,,23000,
5,5_tb_1_s_e_im,True Belief,Implicit,Start,End,passage_hr,passage,3,The person who put the keys in the hall was,Ed,Seana,0.028212718665599823,0.057917602360248566,-1.037656184575892,False,EleutherAI/pythia-1b,Pythia 1B,,,23000,
5,5_tb_1_s_e_im,True Belief,Implicit,Start,End,passage_hr,passage,4,The person who moved the keys to the study was,Seana,Ed,0.07444953173398972,0.03081946074962616,1.2724211555694096,True,EleutherAI/pythia-1b,Pythia 1B,,,23000,
5,5_fb_1_s_s_ex,False Belief,Explicit,Start,Start,passage_hr,passage,1,"At the start of the story, Ed put the keys in the",hall,study,0.0931101143360138,0.19720961153507233,-1.0827200689810557,False,EleutherAI/pythia-1b,Pythia 1B,,,23000,
5,5_fb_1_s_s_ex,False Belief,Explicit,Start,Start,passage_hr,passage,2,"At the end of the story, the keys were in the",study,hall,0.22384531795978546,0.11691729724407196,0.9370137584347462,True,EleutherAI/pythia-1b,Pythia 1B,,,23000,
5,5_fb_1_s_s_ex,False Belief,Explicit,Start,Start,passage_hr,passage,3,The person who put the keys in the hall was,Ed,Seana,0.025937629863619804,0.07143466174602509,-1.461577618464055,False,EleutherAI/pythia-1b,Pythia 1B,,,23000,
5,5_fb_1_s_s_ex,False Belief,Explicit,Start,Start,passage_hr,passage,4,The person who moved the keys to the study was,Seana,Ed,0.11548081040382385,0.03052324801683426,1.9196727426201199,True,EleutherAI/pythia-1b,Pythia 1B,,,23000,
5,5_fb_1_s_s_im,False Belief,Implicit,Start,Start,passage_hr,passage,1,"At the start of the story, Ed put the keys in the",hall,study,0.0931101143360138,0.19720961153507233,-1.0827200689810557,False,EleutherAI/pythia-1b,Pythia 1B,,,23000,
5,5_fb_1_s_s_im,False Belief,Implicit,Start,Start,passage_hr,passage,2,"At the end of the story, the keys were in the",study,hall,0.22384531795978546,0.11691729724407196,0.9370137584347462,True,EleutherAI/pythia-1b,Pythia 1B,,,23000,
5,5_fb_1_s_s_im,False Belief,Implicit,Start,Start,passage_hr,passage,3,The person who put the keys in the hall was,Ed,Seana,0.025937629863619804,0.07143466174602509,-1.461577618464055,False,EleutherAI/pythia-1b,Pythia 1B,,,23000,
5,5_fb_1_s_s_im,False Belief,Implicit,Start,Start,passage_hr,passage,4,The person who moved the keys to the study was,Seana,Ed,0.11548081040382385,0.03052324801683426,1.9196727426201199,True,EleutherAI/pythia-1b,Pythia 1B,,,23000,
5,5_tb_1_s_s_ex,True Belief,Explicit,Start,Start,passage_hr,passage,1,"At the start of the story, Ed put the keys in the",hall,study,0.0838657021522522,0.1024654433131218,-0.2889846102258338,False,EleutherAI/pythia-1b,Pythia 1B,,,23000,
5,5_tb_1_s_s_ex,True Belief,Explicit,Start,Start,passage_hr,passage,2,"At the end of the story, the keys were in the",study,hall,0.1272933930158615,0.12060680240392685,0.07784626044046125,True,EleutherAI/pythia-1b,Pythia 1B,,,23000,
5,5_tb_1_s_s_ex,True Belief,Explicit,Start,Start,passage_hr,passage,3,The person who put the keys in the hall was,Ed,Seana,0.028387073427438736,0.05950869619846344,-1.0678663878079262,False,EleutherAI/pythia-1b,Pythia 1B,,,23000,
5,5_tb_1_s_s_ex,True Belief,Explicit,Start,Start,passage_hr,passage,4,The person who moved the keys to the study was,Seana,Ed,0.0752422884106636,0.029271183535456657,1.3620626474068072,True,EleutherAI/pythia-1b,Pythia 1B,,,23000,
5,5_tb_1_s_s_im,True Belief,Implicit,Start,Start,passage_hr,passage,1,"At the start of the story, Ed put the keys in the",hall,study,0.0838657021522522,0.1024654433131218,-0.2889846102258338,False,EleutherAI/pythia-1b,Pythia 1B,,,23000,
5,5_tb_1_s_s_im,True Belief,Implicit,Start,Start,passage_hr,passage,2,"At the end of the story, the keys were in the",study,hall,0.1272933930158615,0.12060680240392685,0.07784626044046125,True,EleutherAI/pythia-1b,Pythia 1B,,,23000,
5,5_tb_1_s_s_im,True Belief,Implicit,Start,Start,passage_hr,passage,3,The person who put the keys in the hall was,Ed,Seana,0.028387073427438736,0.05950869619846344,-1.0678663878079262,False,EleutherAI/pythia-1b,Pythia 1B,,,23000,
5,5_tb_1_s_s_im,True Belief,Implicit,Start,Start,passage_hr,passage,4,The person who moved the keys to the study was,Seana,Ed,0.0752422884106636,0.029271183535456657,1.3620626474068072,True,EleutherAI/pythia-1b,Pythia 1B,,,23000,
5,5_fb_1_e_e_ex,False Belief,Explicit,End,End,passage_hr,passage,1,"At the start of the story, Ed put the keys in the",hall,study,0.1296899914741516,0.15446463227272034,-0.25220939520362906,False,EleutherAI/pythia-1b,Pythia 1B,,,23000,
5,5_fb_1_e_e_ex,False Belief,Explicit,End,End,passage_hr,passage,2,"At the end of the story, the keys were in the",study,hall,0.16218118369579315,0.15905629098415375,0.028069013013654293,True,EleutherAI/pythia-1b,Pythia 1B,,,23000,
5,5_fb_1_e_e_ex,False Belief,Explicit,End,End,passage_hr,passage,3,The person who put the keys in the hall was,Ed,Seana,0.025623947381973267,0.06926417350769043,-1.4346165789418082,False,EleutherAI/pythia-1b,Pythia 1B,,,23000,
5,5_fb_1_e_e_ex,False Belief,Explicit,End,End,passage_hr,passage,4,The person who moved the keys to the study was,Seana,Ed,0.11163844168186188,0.03073681704699993,1.8607942121294652,True,EleutherAI/pythia-1b,Pythia 1B,,,23000,
5,5_fb_1_e_e_im,False Belief,Implicit,End,End,passage_hr,passage,1,"At the start of the story, Ed put the keys in the",hall,study,0.1296899914741516,0.15446463227272034,-0.25220939520362906,False,EleutherAI/pythia-1b,Pythia 1B,,,23000,
5,5_fb_1_e_e_im,False Belief,Implicit,End,End,passage_hr,passage,2,"At the end of the story, the keys were in the",study,hall,0.16218118369579315,0.15905629098415375,0.028069013013654293,True,EleutherAI/pythia-1b,Pythia 1B,,,23000,
5,5_fb_1_e_e_im,False Belief,Implicit,End,End,passage_hr,passage,3,The person who put the keys in the hall was,Ed,Seana,0.025623947381973267,0.06926417350769043,-1.4346165789418082,False,EleutherAI/pythia-1b,Pythia 1B,,,23000,
5,5_fb_1_e_e_im,False Belief,Implicit,End,End,passage_hr,passage,4,The person who moved the keys to the study was,Seana,Ed,0.11163844168186188,0.03073681704699993,1.8607942121294652,True,EleutherAI/pythia-1b,Pythia 1B,,,23000,
5,5_tb_1_e_e_ex,True Belief,Explicit,End,End,passage_hr,passage,1,"At the start of the story, Ed put the keys in the",hall,study,0.11003866046667099,0.08670011162757874,0.3439047264674741,True,EleutherAI/pythia-1b,Pythia 1B,,,23000,
5,5_tb_1_e_e_ex,True Belief,Explicit,End,End,passage_hr,passage,2,"At the end of the story, the keys were in the",study,hall,0.10609517991542816,0.1585061401128769,-0.5791796140251642,False,EleutherAI/pythia-1b,Pythia 1B,,,23000,
5,5_tb_1_e_e_ex,True Belief,Explicit,End,End,passage_hr,passage,3,The person who put the keys in the hall was,Ed,Seana,0.02825932949781418,0.05941050499677658,-1.0719908160725384,False,EleutherAI/pythia-1b,Pythia 1B,,,23000,
5,5_tb_1_e_e_ex,True Belief,Explicit,End,End,passage_hr,passage,4,The person who moved the keys to the study was,Seana,Ed,0.07072038948535919,0.03051391988992691,1.2126586964272865,True,EleutherAI/pythia-1b,Pythia 1B,,,23000,
5,5_tb_1_e_e_im,True Belief,Implicit,End,End,passage_hr,passage,1,"At the start of the story, Ed put the keys in the",hall,study,0.11003866046667099,0.08670011162757874,0.3439047264674741,True,EleutherAI/pythia-1b,Pythia 1B,,,23000,
5,5_tb_1_e_e_im,True Belief,Implicit,End,End,passage_hr,passage,2,"At the end of the story, the keys were in the",study,hall,0.10609517991542816,0.1585061401128769,-0.5791796140251642,False,EleutherAI/pythia-1b,Pythia 1B,,,23000,
5,5_tb_1_e_e_im,True Belief,Implicit,End,End,passage_hr,passage,3,The person who put the keys in the hall was,Ed,Seana,0.02825932949781418,0.05941050499677658,-1.0719908160725384,False,EleutherAI/pythia-1b,Pythia 1B,,,23000,
5,5_tb_1_e_e_im,True Belief,Implicit,End,End,passage_hr,passage,4,The person who moved the keys to the study was,Seana,Ed,0.07072038948535919,0.03051391988992691,1.2126586964272865,True,EleutherAI/pythia-1b,Pythia 1B,,,23000,
5,5_fb_1_e_s_ex,False Belief,Explicit,End,Start,passage_hr,passage,1,"At the start of the story, Ed put the keys in the",hall,study,0.13298657536506653,0.20146435499191284,-0.5992439889565488,False,EleutherAI/pythia-1b,Pythia 1B,,,23000,
5,5_fb_1_e_s_ex,False Belief,Explicit,End,Start,passage_hr,passage,2,"At the end of the story, the keys were in the",study,hall,0.22196337580680847,0.1603209674358368,0.4693585305693882,True,EleutherAI/pythia-1b,Pythia 1B,,,23000,
5,5_fb_1_e_s_ex,False Belief,Explicit,End,Start,passage_hr,passage,3,The person who put the keys in the hall was,Ed,Seana,0.025517774745821953,0.07317639142274857,-1.5198757475337115,False,EleutherAI/pythia-1b,Pythia 1B,,,23000,
5,5_fb_1_e_s_ex,False Belief,Explicit,End,Start,passage_hr,passage,4,The person who moved the keys to the study was,Seana,Ed,0.11436935514211655,0.02981003001332283,1.9398308059663953,True,EleutherAI/pythia-1b,Pythia 1B,,,23000,
5,5_fb_1_e_s_im,False Belief,Implicit,End,Start,passage_hr,passage,1,"At the start of the story, Ed put the keys in the",hall,study,0.13298657536506653,0.20146435499191284,-0.5992439889565488,False,EleutherAI/pythia-1b,Pythia 1B,,,23000,
5,5_fb_1_e_s_im,False Belief,Implicit,End,Start,passage_hr,passage,2,"At the end of the story, the keys were in the",study,hall,0.22196337580680847,0.1603209674358368,0.4693585305693882,True,EleutherAI/pythia-1b,Pythia 1B,,,23000,
5,5_fb_1_e_s_im,False Belief,Implicit,End,Start,passage_hr,passage,3,The person who put the keys in the hall was,Ed,Seana,0.025517774745821953,0.07317639142274857,-1.5198757475337115,False,EleutherAI/pythia-1b,Pythia 1B,,,23000,
5,5_fb_1_e_s_im,False Belief,Implicit,End,Start,passage_hr,passage,4,The person who moved the keys to the study was,Seana,Ed,0.11436935514211655,0.02981003001332283,1.9398308059663953,True,EleutherAI/pythia-1b,Pythia 1B,,,23000,
5,5_tb_1_e_s_ex,True Belief,Explicit,End,Start,passage_hr,passage,1,"At the start of the story, Ed put the keys in the",hall,study,0.11869937926530838,0.12116489559412003,-0.029659385170748984,False,EleutherAI/pythia-1b,Pythia 1B,,,23000,
5,5_tb_1_e_s_ex,True Belief,Explicit,End,Start,passage_hr,passage,2,"At the end of the story, the keys were in the",study,hall,0.1486346572637558,0.16244065761566162,-0.1281422234367833,False,EleutherAI/pythia-1b,Pythia 1B,,,23000,
5,5_tb_1_e_s_ex,True Belief,Explicit,End,Start,passage_hr,passage,3,The person who put the keys in the hall was,Ed,Seana,0.028059016913175583,0.060246407985687256,-1.1024107644630445,False,EleutherAI/pythia-1b,Pythia 1B,,,23000,
5,5_tb_1_e_s_ex,True Belief,Explicit,End,Start,passage_hr,passage,4,The person who moved the keys to the study was,Seana,Ed,0.07205229997634888,0.029185058549046516,1.3038145208428684,True,EleutherAI/pythia-1b,Pythia 1B,,,23000,
5,5_tb_1_e_s_im,True Belief,Implicit,End,Start,passage_hr,passage,1,"At the start of the story, Ed put the keys in the",hall,study,0.11869937926530838,0.12116489559412003,-0.029659385170748984,False,EleutherAI/pythia-1b,Pythia 1B,,,23000,
5,5_tb_1_e_s_im,True Belief,Implicit,End,Start,passage_hr,passage,2,"At the end of the story, the keys were in the",study,hall,0.1486346572637558,0.16244065761566162,-0.1281422234367833,False,EleutherAI/pythia-1b,Pythia 1B,,,23000,
5,5_tb_1_e_s_im,True Belief,Implicit,End,Start,passage_hr,passage,3,The person who put the keys in the hall was,Ed,Seana,0.028059016913175583,0.060246407985687256,-1.1024107644630445,False,EleutherAI/pythia-1b,Pythia 1B,,,23000,
5,5_tb_1_e_s_im,True Belief,Implicit,End,Start,passage_hr,passage,4,The person who moved the keys to the study was,Seana,Ed,0.07205229997634888,0.029185058549046516,1.3038145208428684,True,EleutherAI/pythia-1b,Pythia 1B,,,23000,
6,6_fb_1_s_e_ex,False Belief,Explicit,Start,End,passage_hr,passage,1,"At the start of the story, Laura put the stapler in the",drawer,cabinet,0.5551928877830505,0.1082080751657486,2.3591809204602585,True,EleutherAI/pythia-1b,Pythia 1B,,,23000,
6,6_fb_1_s_e_ex,False Belief,Explicit,Start,End,passage_hr,passage,2,"At the end of the story, the stapler was in the",cabinet,drawer,0.22035416960716248,0.43830347061157227,-0.9921059065990955,False,EleutherAI/pythia-1b,Pythia 1B,,,23000,
6,6_fb_1_s_e_ex,False Belief,Explicit,Start,End,passage_hr,passage,3,The person who put the stapler in the drawer was,Laura,Ross,0.08352135866880417,0.03591914102435112,1.2173923312138453,True,EleutherAI/pythia-1b,Pythia 1B,,,23000,
6,6_fb_1_s_e_ex,False Belief,Explicit,Start,End,passage_hr,passage,4,The person who moved the stapler to the cabinet was,Ross,Laura,0.014886164106428623,0.036994047462940216,-1.3133211066325385,False,EleutherAI/pythia-1b,Pythia 1B,,,23000,
6,6_fb_1_s_e_im,False Belief,Implicit,Start,End,passage_hr,passage,1,"At the start of the story, Laura put the stapler in the",drawer,cabinet,0.5551928877830505,0.1082080751657486,2.3591809204602585,True,EleutherAI/pythia-1b,Pythia 1B,,,23000,
6,6_fb_1_s_e_im,False Belief,Implicit,Start,End,passage_hr,passage,2,"At the end of the story, the stapler was in the",cabinet,drawer,0.22035416960716248,0.43830347061157227,-0.9921059065990955,False,EleutherAI/pythia-1b,Pythia 1B,,,23000,
6,6_fb_1_s_e_im,False Belief,Implicit,Start,End,passage_hr,passage,3,The person who put the stapler in the drawer was,Laura,Ross,0.08352135866880417,0.03591914102435112,1.2173923312138453,True,EleutherAI/pythia-1b,Pythia 1B,,,23000,
6,6_fb_1_s_e_im,False Belief,Implicit,Start,End,passage_hr,passage,4,The person who moved the stapler to the cabinet was,Ross,Laura,0.014886164106428623,0.036994047462940216,-1.3133211066325385,False,EleutherAI/pythia-1b,Pythia 1B,,,23000,
6,6_tb_1_s_e_ex,True Belief,Explicit,Start,End,passage_hr,passage,1,"At the start of the story, Laura put the stapler in the",drawer,cabinet,0.5013135671615601,0.11433841288089752,2.1324031089982447,True,EleutherAI/pythia-1b,Pythia 1B,,,23000,
6,6_tb_1_s_e_ex,True Belief,Explicit,Start,End,passage_hr,passage,2,"At the end of the story, the stapler was in the",cabinet,drawer,0.25157949328422546,0.40184077620506287,-0.6756096366342661,False,EleutherAI/pythia-1b,Pythia 1B,,,23000,
6,6_tb_1_s_e_ex,True Belief,Explicit,Start,End,passage_hr,passage,3,The person who put the stapler in the drawer was,Laura,Ross,0.0827615037560463,0.03225686773657799,1.3593535046786875,True,EleutherAI/pythia-1b,Pythia 1B,,,23000,
6,6_tb_1_s_e_ex,True Belief,Explicit,Start,End,passage_hr,passage,4,The person who moved the stapler to the cabinet was,Ross,Laura,0.012401612475514412,0.03570501133799553,-1.5255988622626053,False,EleutherAI/pythia-1b,Pythia 1B,,,23000,
6,6_tb_1_s_e_im,True Belief,Implicit,Start,End,passage_hr,passage,1,"At the start of the story, Laura put the stapler in the",drawer,cabinet,0.5013135671615601,0.11433841288089752,2.1324031089982447,True,EleutherAI/pythia-1b,Pythia 1B,,,23000,
6,6_tb_1_s_e_im,True Belief,Implicit,Start,End,passage_hr,passage,2,"At the end of the story, the stapler was in the",cabinet,drawer,0.25157949328422546,0.40184077620506287,-0.6756096366342661,False,EleutherAI/pythia-1b,Pythia 1B,,,23000,
6,6_tb_1_s_e_im,True Belief,Implicit,Start,End,passage_hr,passage,3,The person who put the stapler in the drawer was,Laura,Ross,0.0827615037560463,0.03225686773657799,1.3593535046786875,True,EleutherAI/pythia-1b,Pythia 1B,,,23000,
6,6_tb_1_s_e_im,True Belief,Implicit,Start,End,passage_hr,passage,4,The person who moved the stapler to the cabinet was,Ross,Laura,0.012401612475514412,0.03570501133799553,-1.5255988622626053,False,EleutherAI/pythia-1b,Pythia 1B,,,23000,
6,6_fb_1_s_s_ex,False Belief,Explicit,Start,Start,passage_hr,passage,1,"At the start of the story, Laura put the stapler in the",drawer,cabinet,0.5744980573654175,0.07222307473421097,2.9917702682951295,True,EleutherAI/pythia-1b,Pythia 1B,,,23000,
6,6_fb_1_s_s_ex,False Belief,Explicit,Start,Start,passage_hr,passage,2,"At the end of the story, the stapler was in the",cabinet,drawer,0.21582625806331635,0.3993418514728546,-0.8877538778828327,False,EleutherAI/pythia-1b,Pythia 1B,,,23000,
6,6_fb_1_s_s_ex,False Belief,Explicit,Start,Start,passage_hr,passage,3,The person who put the stapler in the drawer was,Laura,Ross,0.08926494419574738,0.037705086171627045,1.2433345697914,True,EleutherAI/pythia-1b,Pythia 1B,,,23000,
6,6_fb_1_s_s_ex,False Belief,Explicit,Start,Start,passage_hr,passage,4,The person who moved the stapler to the cabinet was,Ross,Laura,0.01420911867171526,0.035247184336185455,-1.310690941360693,False,EleutherAI/pythia-1b,Pythia 1B,,,23000,
6,6_fb_1_s_s_im,False Belief,Implicit,Start,Start,passage_hr,passage,1,"At the start of the story, Laura put the stapler in the",drawer,cabinet,0.5744980573654175,0.07222307473421097,2.9917702682951295,True,EleutherAI/pythia-1b,Pythia 1B,,,23000,
6,6_fb_1_s_s_im,False Belief,Implicit,Start,Start,passage_hr,passage,2,"At the end of the story, the stapler was in the",cabinet,drawer,0.21582625806331635,0.3993418514728546,-0.8877538778828327,False,EleutherAI/pythia-1b,Pythia 1B,,,23000,
6,6_fb_1_s_s_im,False Belief,Implicit,Start,Start,passage_hr,passage,3,The person who put the stapler in the drawer was,Laura,Ross,0.08926494419574738,0.037705086171627045,1.2433345697914,True,EleutherAI/pythia-1b,Pythia 1B,,,23000,
6,6_fb_1_s_s_im,False Belief,Implicit,Start,Start,passage_hr,passage,4,The person who moved the stapler to the cabinet was,Ross,Laura,0.01420911867171526,0.035247184336185455,-1.310690941360693,False,EleutherAI/pythia-1b,Pythia 1B,,,23000,
6,6_tb_1_s_s_ex,True Belief,Explicit,Start,Start,passage_hr,passage,1,"At the start of the story, Laura put the stapler in the",drawer,cabinet,0.5592485666275024,0.07587295025587082,2.8818321117050516,True,EleutherAI/pythia-1b,Pythia 1B,,,23000,
6,6_tb_1_s_s_ex,True Belief,Explicit,Start,Start,passage_hr,passage,2,"At the end of the story, the stapler was in the",cabinet,drawer,0.24249225854873657,0.3998761773109436,-0.7216146442391886,False,EleutherAI/pythia-1b,Pythia 1B,,,23000,
6,6_tb_1_s_s_ex,True Belief,Explicit,Start,Start,passage_hr,passage,3,The person who put the stapler in the drawer was,Laura,Ross,0.09184882044792175,0.03201387822628021,1.5205637354219999,True,EleutherAI/pythia-1b,Pythia 1B,,,23000,
6,6_tb_1_s_s_ex,True Belief,Explicit,Start,Start,passage_hr,passage,4,The person who moved the stapler to the cabinet was,Ross,Laura,0.011368844658136368,0.03488899767398834,-1.6176865009921146,False,EleutherAI/pythia-1b,Pythia 1B,,,23000,
6,6_tb_1_s_s_im,True Belief,Implicit,Start,Start,passage_hr,passage,1,"At the start of the story, Laura put the stapler in the",drawer,cabinet,0.5592485666275024,0.07587295025587082,2.8818321117050516,True,EleutherAI/pythia-1b,Pythia 1B,,,23000,
6,6_tb_1_s_s_im,True Belief,Implicit,Start,Start,passage_hr,passage,2,"At the end of the story, the stapler was in the",cabinet,drawer,0.24249225854873657,0.3998761773109436,-0.7216146442391886,False,EleutherAI/pythia-1b,Pythia 1B,,,23000,
6,6_tb_1_s_s_im,True Belief,Implicit,Start,Start,passage_hr,passage,3,The person who put the stapler in the drawer was,Laura,Ross,0.09184882044792175,0.03201387822628021,1.5205637354219999,True,EleutherAI/pythia-1b,Pythia 1B,,,23000,
6,6_tb_1_s_s_im,True Belief,Implicit,Start,Start,passage_hr,passage,4,The person who moved the stapler to the cabinet was,Ross,Laura,0.011368844658136368,0.03488899767398834,-1.6176865009921146,False,EleutherAI/pythia-1b,Pythia 1B,,,23000,
6,6_fb_1_e_e_ex,False Belief,Explicit,End,End,passage_hr,passage,1,"At the start of the story, Laura put the stapler in the",drawer,cabinet,0.5700766444206238,0.11766137182712555,2.2765151346267505,True,EleutherAI/pythia-1b,Pythia 1B,,,23000,
6,6_fb_1_e_e_ex,False Belief,Explicit,End,End,passage_hr,passage,2,"At the end of the story, the stapler was in the",cabinet,drawer,0.1995675265789032,0.4579744338989258,-1.1983900772021714,False,EleutherAI/pythia-1b,Pythia 1B,,,23000,
6,6_fb_1_e_e_ex,False Belief,Explicit,End,End,passage_hr,passage,3,The person who put the stapler in the drawer was,Laura,Ross,0.0849262997508049,0.03422469645738602,1.3111736468177808,True,EleutherAI/pythia-1b,Pythia 1B,,,23000,
6,6_fb_1_e_e_ex,False Belief,Explicit,End,End,passage_hr,passage,4,The person who moved the stapler to the cabinet was,Ross,Laura,0.01459745317697525,0.03723958879709244,-1.351120459089452,False,EleutherAI/pythia-1b,Pythia 1B,,,23000,
6,6_fb_1_e_e_im,False Belief,Implicit,End,End,passage_hr,passage,1,"At the start of the story, Laura put the stapler in the",drawer,cabinet,0.5700766444206238,0.11766137182712555,2.2765151346267505,True,EleutherAI/pythia-1b,Pythia 1B,,,23000,
6,6_fb_1_e_e_im,False Belief,Implicit,End,End,passage_hr,passage,2,"At the end of the story, the stapler was in the",cabinet,drawer,0.1995675265789032,0.4579744338989258,-1.1983900772021714,False,EleutherAI/pythia-1b,Pythia 1B,,,23000,
6,6_fb_1_e_e_im,False Belief,Implicit,End,End,passage_hr,passage,3,The person who put the stapler in the drawer was,Laura,Ross,0.0849262997508049,0.03422469645738602,1.3111736468177808,True,EleutherAI/pythia-1b,Pythia 1B,,,23000,
6,6_fb_1_e_e_im,False Belief,Implicit,End,End,passage_hr,passage,4,The person who moved the stapler to the cabinet was,Ross,Laura,0.01459745317697525,0.03723958879709244,-1.351120459089452,False,EleutherAI/pythia-1b,Pythia 1B,,,23000,
6,6_tb_1_e_e_ex,True Belief,Explicit,End,End,passage_hr,passage,1,"At the start of the story, Laura put the stapler in the",drawer,cabinet,0.5177254676818848,0.12874355912208557,2.0076870303607626,True,EleutherAI/pythia-1b,Pythia 1B,,,23000,
6,6_tb_1_e_e_ex,True Belief,Explicit,End,End,passage_hr,passage,2,"At the end of the story, the stapler was in the",cabinet,drawer,0.23265334963798523,0.42370232939720154,-0.8648691017413223,False,EleutherAI/pythia-1b,Pythia 1B,,,23000,
6,6_tb_1_e_e_ex,True Belief,Explicit,End,End,passage_hr,passage,3,The person who put the stapler in the drawer was,Laura,Ross,0.08360852301120758,0.030349982902407646,1.4619543136745392,True,EleutherAI/pythia-1b,Pythia 1B,,,23000,
6,6_tb_1_e_e_ex,True Belief,Explicit,End,End,passage_hr,passage,4,The person who moved the stapler to the cabinet was,Ross,Laura,0.01210735272616148,0.03570752218365669,-1.5603445718006692,False,EleutherAI/pythia-1b,Pythia 1B,,,23000,
6,6_tb_1_e_e_im,True Belief,Implicit,End,End,passage_hr,passage,1,"At the start of the story, Laura put the stapler in the",drawer,cabinet,0.5177254676818848,0.12874355912208557,2.0076870303607626,True,EleutherAI/pythia-1b,Pythia 1B,,,23000,
6,6_tb_1_e_e_im,True Belief,Implicit,End,End,passage_hr,passage,2,"At the end of the story, the stapler was in the",cabinet,drawer,0.23265334963798523,0.42370232939720154,-0.8648691017413223,False,EleutherAI/pythia-1b,Pythia 1B,,,23000,
6,6_tb_1_e_e_im,True Belief,Implicit,End,End,passage_hr,passage,3,The person who put the stapler in the drawer was,Laura,Ross,0.08360852301120758,0.030349982902407646,1.4619543136745392,True,EleutherAI/pythia-1b,Pythia 1B,,,23000,
6,6_tb_1_e_e_im,True Belief,Implicit,End,End,passage_hr,passage,4,The person who moved the stapler to the cabinet was,Ross,Laura,0.01210735272616148,0.03570752218365669,-1.5603445718006692,False,EleutherAI/pythia-1b,Pythia 1B,,,23000,
6,6_fb_1_e_s_ex,False Belief,Explicit,End,Start,passage_hr,passage,1,"At the start of the story, Laura put the stapler in the",drawer,cabinet,0.5689547657966614,0.0643528625369072,3.1442377282176657,True,EleutherAI/pythia-1b,Pythia 1B,,,23000,
6,6_fb_1_e_s_ex,False Belief,Explicit,End,Start,passage_hr,passage,2,"At the end of the story, the stapler was in the",cabinet,drawer,0.162751704454422,0.4262332618236542,-1.3889705282043836,False,EleutherAI/pythia-1b,Pythia 1B,,,23000,
6,6_fb_1_e_s_ex,False Belief,Explicit,End,Start,passage_hr,passage,3,The person who put the stapler in the drawer was,Laura,Ross,0.09100374579429626,0.036605581641197205,1.3138622808377454,True,EleutherAI/pythia-1b,Pythia 1B,,,23000,
6,6_fb_1_e_s_ex,False Belief,Explicit,End,Start,passage_hr,passage,4,The person who moved the stapler to the cabinet was,Ross,Laura,0.01475643739104271,0.037449199706315994,-1.3435904311941675,False,EleutherAI/pythia-1b,Pythia 1B,,,23000,
6,6_fb_1_e_s_im,False Belief,Implicit,End,Start,passage_hr,passage,1,"At the start of the story, Laura put the stapler in the",drawer,cabinet,0.5689547657966614,0.0643528625369072,3.1442377282176657,True,EleutherAI/pythia-1b,Pythia 1B,,,23000,
6,6_fb_1_e_s_im,False Belief,Implicit,End,Start,passage_hr,passage,2,"At the end of the story, the stapler was in the",cabinet,drawer,0.162751704454422,0.4262332618236542,-1.3889705282043836,False,EleutherAI/pythia-1b,Pythia 1B,,,23000,
6,6_fb_1_e_s_im,False Belief,Implicit,End,Start,passage_hr,passage,3,The person who put the stapler in the drawer was,Laura,Ross,0.09100374579429626,0.036605581641197205,1.3138622808377454,True,EleutherAI/pythia-1b,Pythia 1B,,,23000,
6,6_fb_1_e_s_im,False Belief,Implicit,End,Start,passage_hr,passage,4,The person who moved the stapler to the cabinet was,Ross,Laura,0.01475643739104271,0.037449199706315994,-1.3435904311941675,False,EleutherAI/pythia-1b,Pythia 1B,,,23000,
6,6_tb_1_e_s_ex,True Belief,Explicit,End,Start,passage_hr,passage,1,"At the start of the story, Laura put the stapler in the",drawer,cabinet,0.55259108543396,0.06912980228662491,2.998832583735506,True,EleutherAI/pythia-1b,Pythia 1B,,,23000,
6,6_tb_1_e_s_ex,True Belief,Explicit,End,Start,passage_hr,passage,2,"At the end of the story, the stapler was in the",cabinet,drawer,0.1838350147008896,0.43353790044784546,-1.237746541096711,False,EleutherAI/pythia-1b,Pythia 1B,,,23000,
6,6_tb_1_e_s_ex,True Belief,Explicit,End,Start,passage_hr,passage,3,The person who put the stapler in the drawer was,Laura,Ross,0.0908600315451622,0.03002386912703514,1.5975358995801072,True,EleutherAI/pythia-1b,Pythia 1B,,,23000,
6,6_tb_1_e_s_ex,True Belief,Explicit,End,Start,passage_hr,passage,4,The person who moved the stapler to the cabinet was,Ross,Laura,0.01155082881450653,0.03654902055859566,-1.6618363712866242,False,EleutherAI/pythia-1b,Pythia 1B,,,23000,
6,6_tb_1_e_s_im,True Belief,Implicit,End,Start,passage_hr,passage,1,"At the start of the story, Laura put the stapler in the",drawer,cabinet,0.55259108543396,0.06912980228662491,2.998832583735506,True,EleutherAI/pythia-1b,Pythia 1B,,,23000,
6,6_tb_1_e_s_im,True Belief,Implicit,End,Start,passage_hr,passage,2,"At the end of the story, the stapler was in the",cabinet,drawer,0.1838350147008896,0.43353790044784546,-1.237746541096711,False,EleutherAI/pythia-1b,Pythia 1B,,,23000,
6,6_tb_1_e_s_im,True Belief,Implicit,End,Start,passage_hr,passage,3,The person who put the stapler in the drawer was,Laura,Ross,0.0908600315451622,0.03002386912703514,1.5975358995801072,True,EleutherAI/pythia-1b,Pythia 1B,,,23000,
6,6_tb_1_e_s_im,True Belief,Implicit,End,Start,passage_hr,passage,4,The person who moved the stapler to the cabinet was,Ross,Laura,0.01155082881450653,0.03654902055859566,-1.6618363712866242,False,EleutherAI/pythia-1b,Pythia 1B,,,23000,
