item,item_id,condition,knowledge_cue,first_mention,recent_mention,passage_hr,passage,question_id,question,correct_answer,distractor_answer,prob_correct,prob_distractor,log_odds,is_correct,model_path,model_shorthand,stage,ingredient,step,tokens_seen
7,7_fb_1_s_e_ex,False Belief,Explicit,Start,End,passage_hr,passage,1,"At the start of the story, David put the wine in the",garage,fridge,0.021654382348060608,0.7972403764724731,-5.202283849891949,False,EleutherAI/pythia-12b,Pythia 12B,,,45000,
7,7_fb_1_s_e_ex,False Belief,Explicit,Start,End,passage_hr,passage,2,"At the end of the story, the wine was in the",fridge,garage,0.8920725584030151,0.014537826180458069,5.939277592786826,True,EleutherAI/pythia-12b,Pythia 12B,,,45000,
7,7_fb_1_s_e_ex,False Belief,Explicit,Start,End,passage_hr,passage,3,The person who put the wine in the garage was,David,Marta,0.09685549885034561,0.18267670273780823,-0.9153867913505163,False,EleutherAI/pythia-12b,Pythia 12B,,,45000,
7,7_fb_1_s_e_ex,False Belief,Explicit,Start,End,passage_hr,passage,4,The person who moved the wine to the fridge was,Marta,David,0.4467482566833496,0.15881633758544922,1.4921027680371914,True,EleutherAI/pythia-12b,Pythia 12B,,,45000,
7,7_fb_1_s_e_im,False Belief,Implicit,Start,End,passage_hr,passage,1,"At the start of the story, David put the wine in the",garage,fridge,0.021654382348060608,0.7972403764724731,-5.202283849891949,False,EleutherAI/pythia-12b,Pythia 12B,,,45000,
7,7_fb_1_s_e_im,False Belief,Implicit,Start,End,passage_hr,passage,2,"At the end of the story, the wine was in the",fridge,garage,0.8920725584030151,0.014537826180458069,5.939277592786826,True,EleutherAI/pythia-12b,Pythia 12B,,,45000,
7,7_fb_1_s_e_im,False Belief,Implicit,Start,End,passage_hr,passage,3,The person who put the wine in the garage was,David,Marta,0.09685549885034561,0.18267670273780823,-0.9153867913505163,False,EleutherAI/pythia-12b,Pythia 12B,,,45000,
7,7_fb_1_s_e_im,False Belief,Implicit,Start,End,passage_hr,passage,4,The person who moved the wine to the fridge was,Marta,David,0.4467482566833496,0.15881633758544922,1.4921027680371914,True,EleutherAI/pythia-12b,Pythia 12B,,,45000,
7,7_tb_1_s_e_ex,True Belief,Explicit,Start,End,passage_hr,passage,1,"At the start of the story, David put the wine in the",garage,fridge,0.02614710107445717,0.7997652292251587,-4.934853650526083,False,EleutherAI/pythia-12b,Pythia 12B,,,45000,
7,7_tb_1_s_e_ex,True Belief,Explicit,Start,End,passage_hr,passage,2,"At the end of the story, the wine was in the",fridge,garage,0.8927966952323914,0.010222313925623894,6.448537979733564,True,EleutherAI/pythia-12b,Pythia 12B,,,45000,
7,7_tb_1_s_e_ex,True Belief,Explicit,Start,End,passage_hr,passage,3,The person who put the wine in the garage was,David,Marta,0.0888579711318016,0.20657426118850708,-1.217087401782802,False,EleutherAI/pythia-12b,Pythia 12B,,,45000,
7,7_tb_1_s_e_ex,True Belief,Explicit,Start,End,passage_hr,passage,4,The person who moved the wine to the fridge was,Marta,David,0.34568434953689575,0.13647118210792542,1.340858951628519,True,EleutherAI/pythia-12b,Pythia 12B,,,45000,
7,7_tb_1_s_e_im,True Belief,Implicit,Start,End,passage_hr,passage,1,"At the start of the story, David put the wine in the",garage,fridge,0.02614710107445717,0.7997652292251587,-4.934853650526083,False,EleutherAI/pythia-12b,Pythia 12B,,,45000,
7,7_tb_1_s_e_im,True Belief,Implicit,Start,End,passage_hr,passage,2,"At the end of the story, the wine was in the",fridge,garage,0.8927966952323914,0.010222313925623894,6.448537979733564,True,EleutherAI/pythia-12b,Pythia 12B,,,45000,
7,7_tb_1_s_e_im,True Belief,Implicit,Start,End,passage_hr,passage,3,The person who put the wine in the garage was,David,Marta,0.0888579711318016,0.20657426118850708,-1.217087401782802,False,EleutherAI/pythia-12b,Pythia 12B,,,45000,
7,7_tb_1_s_e_im,True Belief,Implicit,Start,End,passage_hr,passage,4,The person who moved the wine to the fridge was,Marta,David,0.34568434953689575,0.13647118210792542,1.340858951628519,True,EleutherAI/pythia-12b,Pythia 12B,,,45000,
7,7_fb_1_s_s_ex,False Belief,Explicit,Start,Start,passage_hr,passage,1,"At the start of the story, David put the wine in the",garage,fridge,0.028424592688679695,0.8045282959938049,-4.822931581518325,False,EleutherAI/pythia-12b,Pythia 12B,,,45000,
7,7_fb_1_s_s_ex,False Belief,Explicit,Start,Start,passage_hr,passage,2,"At the end of the story, the wine was in the",fridge,garage,0.876703143119812,0.0173135157674551,5.6621177999661105,True,EleutherAI/pythia-12b,Pythia 12B,,,45000,
7,7_fb_1_s_s_ex,False Belief,Explicit,Start,Start,passage_hr,passage,3,The person who put the wine in the garage was,David,Marta,0.11732403934001923,0.2091866135597229,-0.8342918849263516,False,EleutherAI/pythia-12b,Pythia 12B,,,45000,
7,7_fb_1_s_s_ex,False Belief,Explicit,Start,Start,passage_hr,passage,4,The person who moved the wine to the fridge was,Marta,David,0.4542659819126129,0.1794891357421875,1.3396407498917329,True,EleutherAI/pythia-12b,Pythia 12B,,,45000,
7,7_fb_1_s_s_im,False Belief,Implicit,Start,Start,passage_hr,passage,1,"At the start of the story, David put the wine in the",garage,fridge,0.028424592688679695,0.8045282959938049,-4.822931581518325,False,EleutherAI/pythia-12b,Pythia 12B,,,45000,
7,7_fb_1_s_s_im,False Belief,Implicit,Start,Start,passage_hr,passage,2,"At the end of the story, the wine was in the",fridge,garage,0.876703143119812,0.0173135157674551,5.6621177999661105,True,EleutherAI/pythia-12b,Pythia 12B,,,45000,
7,7_fb_1_s_s_im,False Belief,Implicit,Start,Start,passage_hr,passage,3,The person who put the wine in the garage was,David,Marta,0.11732403934001923,0.2091866135597229,-0.8342918849263516,False,EleutherAI/pythia-12b,Pythia 12B,,,45000,
7,7_fb_1_s_s_im,False Belief,Implicit,Start,Start,passage_hr,passage,4,The person who moved the wine to the fridge was,Marta,David,0.4542659819126129,0.1794891357421875,1.3396407498917329,True,EleutherAI/pythia-12b,Pythia 12B,,,45000,
7,7_tb_1_s_s_ex,True Belief,Explicit,Start,Start,passage_hr,passage,1,"At the start of the story, David put the wine in the",garage,fridge,0.02770700864493847,0.8040884733200073,-4.859031383471504,False,EleutherAI/pythia-12b,Pythia 12B,,,45000,
7,7_tb_1_s_s_ex,True Belief,Explicit,Start,Start,passage_hr,passage,2,"At the end of the story, the wine was in the",fridge,garage,0.8811594843864441,0.011460212990641594,6.2646973993396315,True,EleutherAI/pythia-12b,Pythia 12B,,,45000,
7,7_tb_1_s_s_ex,True Belief,Explicit,Start,Start,passage_hr,passage,3,The person who put the wine in the garage was,David,Marta,0.09290622174739838,0.21072322130203247,-1.1815021857792043,False,EleutherAI/pythia-12b,Pythia 12B,,,45000,
7,7_tb_1_s_s_ex,True Belief,Explicit,Start,Start,passage_hr,passage,4,The person who moved the wine to the fridge was,Marta,David,0.3295210897922516,0.13337774574756622,1.3048528315725612,True,EleutherAI/pythia-12b,Pythia 12B,,,45000,
7,7_tb_1_s_s_im,True Belief,Implicit,Start,Start,passage_hr,passage,1,"At the start of the story, David put the wine in the",garage,fridge,0.02770700864493847,0.8040884733200073,-4.859031383471504,False,EleutherAI/pythia-12b,Pythia 12B,,,45000,
7,7_tb_1_s_s_im,True Belief,Implicit,Start,Start,passage_hr,passage,2,"At the end of the story, the wine was in the",fridge,garage,0.8811594843864441,0.011460212990641594,6.2646973993396315,True,EleutherAI/pythia-12b,Pythia 12B,,,45000,
7,7_tb_1_s_s_im,True Belief,Implicit,Start,Start,passage_hr,passage,3,The person who put the wine in the garage was,David,Marta,0.09290622174739838,0.21072322130203247,-1.1815021857792043,False,EleutherAI/pythia-12b,Pythia 12B,,,45000,
7,7_tb_1_s_s_im,True Belief,Implicit,Start,Start,passage_hr,passage,4,The person who moved the wine to the fridge was,Marta,David,0.3295210897922516,0.13337774574756622,1.3048528315725612,True,EleutherAI/pythia-12b,Pythia 12B,,,45000,
7,7_fb_1_e_e_ex,False Belief,Explicit,End,End,passage_hr,passage,1,"At the start of the story, David put the wine in the",garage,fridge,0.028115272521972656,0.7849937677383423,-4.803255263998535,False,EleutherAI/pythia-12b,Pythia 12B,,,45000,
7,7_fb_1_e_e_ex,False Belief,Explicit,End,End,passage_hr,passage,2,"At the end of the story, the wine was in the",fridge,garage,0.8594163060188293,0.02718242257833481,4.982611205930218,True,EleutherAI/pythia-12b,Pythia 12B,,,45000,
7,7_fb_1_e_e_ex,False Belief,Explicit,End,End,passage_hr,passage,3,The person who put the wine in the garage was,David,Marta,0.10374037176370621,0.19431951642036438,-0.905453359967888,False,EleutherAI/pythia-12b,Pythia 12B,,,45000,
7,7_fb_1_e_e_ex,False Belief,Explicit,End,End,passage_hr,passage,4,The person who moved the wine to the fridge was,Marta,David,0.4311094284057617,0.16180960834026337,1.4137568364371047,True,EleutherAI/pythia-12b,Pythia 12B,,,45000,
7,7_fb_1_e_e_im,False Belief,Implicit,End,End,passage_hr,passage,1,"At the start of the story, David put the wine in the",garage,fridge,0.028115272521972656,0.7849937677383423,-4.803255263998535,False,EleutherAI/pythia-12b,Pythia 12B,,,45000,
7,7_fb_1_e_e_im,False Belief,Implicit,End,End,passage_hr,passage,2,"At the end of the story, the wine was in the",fridge,garage,0.8594163060188293,0.02718242257833481,4.982611205930218,True,EleutherAI/pythia-12b,Pythia 12B,,,45000,
7,7_fb_1_e_e_im,False Belief,Implicit,End,End,passage_hr,passage,3,The person who put the wine in the garage was,David,Marta,0.10374037176370621,0.19431951642036438,-0.905453359967888,False,EleutherAI/pythia-12b,Pythia 12B,,,45000,
7,7_fb_1_e_e_im,False Belief,Implicit,End,End,passage_hr,passage,4,The person who moved the wine to the fridge was,Marta,David,0.4311094284057617,0.16180960834026337,1.4137568364371047,True,EleutherAI/pythia-12b,Pythia 12B,,,45000,
7,7_tb_1_e_e_ex,True Belief,Explicit,End,End,passage_hr,passage,1,"At the start of the story, David put the wine in the",garage,fridge,0.05073356628417969,0.7604314088821411,-3.9058056398490804,False,EleutherAI/pythia-12b,Pythia 12B,,,45000,
7,7_tb_1_e_e_ex,True Belief,Explicit,End,End,passage_hr,passage,2,"At the end of the story, the wine was in the",fridge,garage,0.8535827398300171,0.02436530962586403,5.130630542909642,True,EleutherAI/pythia-12b,Pythia 12B,,,45000,
7,7_tb_1_e_e_ex,True Belief,Explicit,End,End,passage_hr,passage,3,The person who put the wine in the garage was,David,Marta,0.08760903030633926,0.2462363988161087,-1.490892549169293,False,EleutherAI/pythia-12b,Pythia 12B,,,45000,
7,7_tb_1_e_e_ex,True Belief,Explicit,End,End,passage_hr,passage,4,The person who moved the wine to the fridge was,Marta,David,0.3579193949699402,0.13413093984127045,1.415992662206566,True,EleutherAI/pythia-12b,Pythia 12B,,,45000,
7,7_tb_1_e_e_im,True Belief,Implicit,End,End,passage_hr,passage,1,"At the start of the story, David put the wine in the",garage,fridge,0.05073356628417969,0.7604314088821411,-3.9058056398490804,False,EleutherAI/pythia-12b,Pythia 12B,,,45000,
7,7_tb_1_e_e_im,True Belief,Implicit,End,End,passage_hr,passage,2,"At the end of the story, the wine was in the",fridge,garage,0.8535827398300171,0.02436530962586403,5.130630542909642,True,EleutherAI/pythia-12b,Pythia 12B,,,45000,
7,7_tb_1_e_e_im,True Belief,Implicit,End,End,passage_hr,passage,3,The person who put the wine in the garage was,David,Marta,0.08760903030633926,0.2462363988161087,-1.490892549169293,False,EleutherAI/pythia-12b,Pythia 12B,,,45000,
7,7_tb_1_e_e_im,True Belief,Implicit,End,End,passage_hr,passage,4,The person who moved the wine to the fridge was,Marta,David,0.3579193949699402,0.13413093984127045,1.415992662206566,True,EleutherAI/pythia-12b,Pythia 12B,,,45000,
7,7_fb_1_e_s_ex,False Belief,Explicit,End,Start,passage_hr,passage,1,"At the start of the story, David put the wine in the",garage,fridge,0.03743434324860573,0.7836756110191345,-4.387822250198536,False,EleutherAI/pythia-12b,Pythia 12B,,,45000,
7,7_fb_1_e_s_ex,False Belief,Explicit,End,Start,passage_hr,passage,2,"At the end of the story, the wine was in the",fridge,garage,0.8281246423721313,0.04172584414482117,4.310834784630869,True,EleutherAI/pythia-12b,Pythia 12B,,,45000,
7,7_fb_1_e_s_ex,False Belief,Explicit,End,Start,passage_hr,passage,3,The person who put the wine in the garage was,David,Marta,0.12419132143259048,0.22927215695381165,-0.8844968025421388,False,EleutherAI/pythia-12b,Pythia 12B,,,45000,
7,7_fb_1_e_s_ex,False Belief,Explicit,End,Start,passage_hr,passage,4,The person who moved the wine to the fridge was,Marta,David,0.44149506092071533,0.18281537294387817,1.2720099065762327,True,EleutherAI/pythia-12b,Pythia 12B,,,45000,
7,7_fb_1_e_s_im,False Belief,Implicit,End,Start,passage_hr,passage,1,"At the start of the story, David put the wine in the",garage,fridge,0.03743434324860573,0.7836756110191345,-4.387822250198536,False,EleutherAI/pythia-12b,Pythia 12B,,,45000,
7,7_fb_1_e_s_im,False Belief,Implicit,End,Start,passage_hr,passage,2,"At the end of the story, the wine was in the",fridge,garage,0.8281246423721313,0.04172584414482117,4.310834784630869,True,EleutherAI/pythia-12b,Pythia 12B,,,45000,
7,7_fb_1_e_s_im,False Belief,Implicit,End,Start,passage_hr,passage,3,The person who put the wine in the garage was,David,Marta,0.12419132143259048,0.22927215695381165,-0.8844968025421388,False,EleutherAI/pythia-12b,Pythia 12B,,,45000,
7,7_fb_1_e_s_im,False Belief,Implicit,End,Start,passage_hr,passage,4,The person who moved the wine to the fridge was,Marta,David,0.44149506092071533,0.18281537294387817,1.2720099065762327,True,EleutherAI/pythia-12b,Pythia 12B,,,45000,
7,7_tb_1_e_s_ex,True Belief,Explicit,End,Start,passage_hr,passage,1,"At the start of the story, David put the wine in the",garage,fridge,0.04185373708605766,0.7836017608642578,-4.226692288846009,False,EleutherAI/pythia-12b,Pythia 12B,,,45000,
7,7_tb_1_e_s_ex,True Belief,Explicit,End,Start,passage_hr,passage,2,"At the end of the story, the wine was in the",fridge,garage,0.8512584567070007,0.02456917054951191,5.114676166919374,True,EleutherAI/pythia-12b,Pythia 12B,,,45000,
7,7_tb_1_e_s_ex,True Belief,Explicit,End,Start,passage_hr,passage,3,The person who put the wine in the garage was,David,Marta,0.09205818176269531,0.250841349363327,-1.4461573321315202,False,EleutherAI/pythia-12b,Pythia 12B,,,45000,
7,7_tb_1_e_s_ex,True Belief,Explicit,End,Start,passage_hr,passage,4,The person who moved the wine to the fridge was,Marta,David,0.3477449119091034,0.13488678634166718,1.3662803786645237,True,EleutherAI/pythia-12b,Pythia 12B,,,45000,
7,7_tb_1_e_s_im,True Belief,Implicit,End,Start,passage_hr,passage,1,"At the start of the story, David put the wine in the",garage,fridge,0.04185373708605766,0.7836017608642578,-4.226692288846009,False,EleutherAI/pythia-12b,Pythia 12B,,,45000,
7,7_tb_1_e_s_im,True Belief,Implicit,End,Start,passage_hr,passage,2,"At the end of the story, the wine was in the",fridge,garage,0.8512584567070007,0.02456917054951191,5.114676166919374,True,EleutherAI/pythia-12b,Pythia 12B,,,45000,
7,7_tb_1_e_s_im,True Belief,Implicit,End,Start,passage_hr,passage,3,The person who put the wine in the garage was,David,Marta,0.09205818176269531,0.250841349363327,-1.4461573321315202,False,EleutherAI/pythia-12b,Pythia 12B,,,45000,
7,7_tb_1_e_s_im,True Belief,Implicit,End,Start,passage_hr,passage,4,The person who moved the wine to the fridge was,Marta,David,0.3477449119091034,0.13488678634166718,1.3662803786645237,True,EleutherAI/pythia-12b,Pythia 12B,,,45000,
8,8_fb_1_s_e_ex,False Belief,Explicit,Start,End,passage_hr,passage,1,"At the start of the story, Sarah put the painting in the",hall,bedroom,0.5161542892456055,0.16299952566623688,1.6629346154769618,True,EleutherAI/pythia-12b,Pythia 12B,,,45000,
8,8_fb_1_s_e_ex,False Belief,Explicit,Start,End,passage_hr,passage,2,"At the end of the story, the painting was in the",bedroom,hall,0.5320701003074646,0.11662287265062332,2.1897655687885296,True,EleutherAI/pythia-12b,Pythia 12B,,,45000,
8,8_fb_1_s_e_ex,False Belief,Explicit,Start,End,passage_hr,passage,3,The person who put the painting in the hall was,Sarah,James,0.040031369775533676,0.09612710773944855,-1.263812344735788,False,EleutherAI/pythia-12b,Pythia 12B,,,45000,
8,8_fb_1_s_e_ex,False Belief,Explicit,Start,End,passage_hr,passage,4,The person who moved the painting to the bedroom was,James,Sarah,0.1913759857416153,0.06291669607162476,1.604894990814801,True,EleutherAI/pythia-12b,Pythia 12B,,,45000,
8,8_fb_1_s_e_im,False Belief,Implicit,Start,End,passage_hr,passage,1,"At the start of the story, Sarah put the painting in the",hall,bedroom,0.5161542892456055,0.16299952566623688,1.6629346154769618,True,EleutherAI/pythia-12b,Pythia 12B,,,45000,
8,8_fb_1_s_e_im,False Belief,Implicit,Start,End,passage_hr,passage,2,"At the end of the story, the painting was in the",bedroom,hall,0.5320701003074646,0.11662287265062332,2.1897655687885296,True,EleutherAI/pythia-12b,Pythia 12B,,,45000,
8,8_fb_1_s_e_im,False Belief,Implicit,Start,End,passage_hr,passage,3,The person who put the painting in the hall was,Sarah,James,0.040031369775533676,0.09612710773944855,-1.263812344735788,False,EleutherAI/pythia-12b,Pythia 12B,,,45000,
8,8_fb_1_s_e_im,False Belief,Implicit,Start,End,passage_hr,passage,4,The person who moved the painting to the bedroom was,James,Sarah,0.1913759857416153,0.06291669607162476,1.604894990814801,True,EleutherAI/pythia-12b,Pythia 12B,,,45000,
8,8_tb_1_s_e_ex,True Belief,Explicit,Start,End,passage_hr,passage,1,"At the start of the story, Sarah put the painting in the",hall,bedroom,0.3790571093559265,0.2958254814147949,0.3576688968338335,True,EleutherAI/pythia-12b,Pythia 12B,,,45000,
8,8_tb_1_s_e_ex,True Belief,Explicit,Start,End,passage_hr,passage,2,"At the end of the story, the painting was in the",bedroom,hall,0.6653172969818115,0.0527883917093277,3.655749923966043,True,EleutherAI/pythia-12b,Pythia 12B,,,45000,
8,8_tb_1_s_e_ex,True Belief,Explicit,Start,End,passage_hr,passage,3,The person who put the painting in the hall was,Sarah,James,0.07282742112874985,0.06273011118173599,0.2153236395277892,True,EleutherAI/pythia-12b,Pythia 12B,,,45000,
8,8_tb_1_s_e_ex,True Belief,Explicit,Start,End,passage_hr,passage,4,The person who moved the painting to the bedroom was,James,Sarah,0.09219860285520554,0.14004386961460114,-0.6030620373337163,False,EleutherAI/pythia-12b,Pythia 12B,,,45000,
8,8_tb_1_s_e_im,True Belief,Implicit,Start,End,passage_hr,passage,1,"At the start of the story, Sarah put the painting in the",hall,bedroom,0.3790571093559265,0.2958254814147949,0.3576688968338335,True,EleutherAI/pythia-12b,Pythia 12B,,,45000,
8,8_tb_1_s_e_im,True Belief,Implicit,Start,End,passage_hr,passage,2,"At the end of the story, the painting was in the",bedroom,hall,0.6653172969818115,0.0527883917093277,3.655749923966043,True,EleutherAI/pythia-12b,Pythia 12B,,,45000,
8,8_tb_1_s_e_im,True Belief,Implicit,Start,End,passage_hr,passage,3,The person who put the painting in the hall was,Sarah,James,0.07282742112874985,0.06273011118173599,0.2153236395277892,True,EleutherAI/pythia-12b,Pythia 12B,,,45000,
8,8_tb_1_s_e_im,True Belief,Implicit,Start,End,passage_hr,passage,4,The person who moved the painting to the bedroom was,James,Sarah,0.09219860285520554,0.14004386961460114,-0.6030620373337163,False,EleutherAI/pythia-12b,Pythia 12B,,,45000,
8,8_fb_1_s_s_ex,False Belief,Explicit,Start,Start,passage_hr,passage,1,"At the start of the story, Sarah put the painting in the",hall,bedroom,0.48727530241012573,0.16804008185863495,1.535931707535069,True,EleutherAI/pythia-12b,Pythia 12B,,,45000,
8,8_fb_1_s_s_ex,False Belief,Explicit,Start,Start,passage_hr,passage,2,"At the end of the story, the painting was in the",bedroom,hall,0.4817430078983307,0.1488870531320572,1.6940454211397415,True,EleutherAI/pythia-12b,Pythia 12B,,,45000,
8,8_fb_1_s_s_ex,False Belief,Explicit,Start,Start,passage_hr,passage,3,The person who put the painting in the hall was,Sarah,James,0.038015127182006836,0.09456194192171097,-1.3146860452621054,False,EleutherAI/pythia-12b,Pythia 12B,,,45000,
8,8_fb_1_s_s_ex,False Belief,Explicit,Start,Start,passage_hr,passage,4,The person who moved the painting to the bedroom was,James,Sarah,0.17716678977012634,0.06211847811937332,1.512013803729728,True,EleutherAI/pythia-12b,Pythia 12B,,,45000,
8,8_fb_1_s_s_im,False Belief,Implicit,Start,Start,passage_hr,passage,1,"At the start of the story, Sarah put the painting in the",hall,bedroom,0.48727530241012573,0.16804008185863495,1.535931707535069,True,EleutherAI/pythia-12b,Pythia 12B,,,45000,
8,8_fb_1_s_s_im,False Belief,Implicit,Start,Start,passage_hr,passage,2,"At the end of the story, the painting was in the",bedroom,hall,0.4817430078983307,0.1488870531320572,1.6940454211397415,True,EleutherAI/pythia-12b,Pythia 12B,,,45000,
8,8_fb_1_s_s_im,False Belief,Implicit,Start,Start,passage_hr,passage,3,The person who put the painting in the hall was,Sarah,James,0.038015127182006836,0.09456194192171097,-1.3146860452621054,False,EleutherAI/pythia-12b,Pythia 12B,,,45000,
8,8_fb_1_s_s_im,False Belief,Implicit,Start,Start,passage_hr,passage,4,The person who moved the painting to the bedroom was,James,Sarah,0.17716678977012634,0.06211847811937332,1.512013803729728,True,EleutherAI/pythia-12b,Pythia 12B,,,45000,
8,8_tb_1_s_s_ex,True Belief,Explicit,Start,Start,passage_hr,passage,1,"At the start of the story, Sarah put the painting in the",hall,bedroom,0.40493229031562805,0.2632322907447815,0.6213442161726852,True,EleutherAI/pythia-12b,Pythia 12B,,,45000,
8,8_tb_1_s_s_ex,True Belief,Explicit,Start,Start,passage_hr,passage,2,"At the end of the story, the painting was in the",bedroom,hall,0.6569396257400513,0.06499182432889938,3.337430639353164,True,EleutherAI/pythia-12b,Pythia 12B,,,45000,
8,8_tb_1_s_s_ex,True Belief,Explicit,Start,Start,passage_hr,passage,3,The person who put the painting in the hall was,Sarah,James,0.06450799852609634,0.0625724047422409,0.043951505569768755,True,EleutherAI/pythia-12b,Pythia 12B,,,45000,
8,8_tb_1_s_s_ex,True Belief,Explicit,Start,Start,passage_hr,passage,4,The person who moved the painting to the bedroom was,James,Sarah,0.07899069786071777,0.14050397276878357,-0.8308562503386516,False,EleutherAI/pythia-12b,Pythia 12B,,,45000,
8,8_tb_1_s_s_im,True Belief,Implicit,Start,Start,passage_hr,passage,1,"At the start of the story, Sarah put the painting in the",hall,bedroom,0.40493229031562805,0.2632322907447815,0.6213442161726852,True,EleutherAI/pythia-12b,Pythia 12B,,,45000,
8,8_tb_1_s_s_im,True Belief,Implicit,Start,Start,passage_hr,passage,2,"At the end of the story, the painting was in the",bedroom,hall,0.6569396257400513,0.06499182432889938,3.337430639353164,True,EleutherAI/pythia-12b,Pythia 12B,,,45000,
8,8_tb_1_s_s_im,True Belief,Implicit,Start,Start,passage_hr,passage,3,The person who put the painting in the hall was,Sarah,James,0.06450799852609634,0.0625724047422409,0.043951505569768755,True,EleutherAI/pythia-12b,Pythia 12B,,,45000,
8,8_tb_1_s_s_im,True Belief,Implicit,Start,Start,passage_hr,passage,4,The person who moved the painting to the bedroom was,James,Sarah,0.07899069786071777,0.14050397276878357,-0.8308562503386516,False,EleutherAI/pythia-12b,Pythia 12B,,,45000,
8,8_fb_1_e_e_ex,False Belief,Explicit,End,End,passage_hr,passage,1,"At the start of the story, Sarah put the painting in the",hall,bedroom,0.30052927136421204,0.3409394323825836,-0.1820099530118258,False,EleutherAI/pythia-12b,Pythia 12B,,,45000,
8,8_fb_1_e_e_ex,False Belief,Explicit,End,End,passage_hr,passage,2,"At the end of the story, the painting was in the",bedroom,hall,0.5299073457717896,0.10325701534748077,2.3595003240967847,True,EleutherAI/pythia-12b,Pythia 12B,,,45000,
8,8_fb_1_e_e_ex,False Belief,Explicit,End,End,passage_hr,passage,3,The person who put the painting in the hall was,Sarah,James,0.04954439401626587,0.13216526806354523,-1.4155493685796192,False,EleutherAI/pythia-12b,Pythia 12B,,,45000,
8,8_fb_1_e_e_ex,False Belief,Explicit,End,End,passage_hr,passage,4,The person who moved the painting to the bedroom was,James,Sarah,0.18808777630329132,0.06592731177806854,1.5124579311396513,True,EleutherAI/pythia-12b,Pythia 12B,,,45000,
8,8_fb_1_e_e_im,False Belief,Implicit,End,End,passage_hr,passage,1,"At the start of the story, Sarah put the painting in the",hall,bedroom,0.30052927136421204,0.3409394323825836,-0.1820099530118258,False,EleutherAI/pythia-12b,Pythia 12B,,,45000,
8,8_fb_1_e_e_im,False Belief,Implicit,End,End,passage_hr,passage,2,"At the end of the story, the painting was in the",bedroom,hall,0.5299073457717896,0.10325701534748077,2.3595003240967847,True,EleutherAI/pythia-12b,Pythia 12B,,,45000,
8,8_fb_1_e_e_im,False Belief,Implicit,End,End,passage_hr,passage,3,The person who put the painting in the hall was,Sarah,James,0.04954439401626587,0.13216526806354523,-1.4155493685796192,False,EleutherAI/pythia-12b,Pythia 12B,,,45000,
8,8_fb_1_e_e_im,False Belief,Implicit,End,End,passage_hr,passage,4,The person who moved the painting to the bedroom was,James,Sarah,0.18808777630329132,0.06592731177806854,1.5124579311396513,True,EleutherAI/pythia-12b,Pythia 12B,,,45000,
8,8_tb_1_e_e_ex,True Belief,Explicit,End,End,passage_hr,passage,1,"At the start of the story, Sarah put the painting in the",hall,bedroom,0.2311401069164276,0.4436948597431183,-0.9408002247078385,False,EleutherAI/pythia-12b,Pythia 12B,,,45000,
8,8_tb_1_e_e_ex,True Belief,Explicit,End,End,passage_hr,passage,2,"At the end of the story, the painting was in the",bedroom,hall,0.6854429841041565,0.051618050783872604,3.7310890979509903,True,EleutherAI/pythia-12b,Pythia 12B,,,45000,
8,8_tb_1_e_e_ex,True Belief,Explicit,End,End,passage_hr,passage,3,The person who put the painting in the hall was,Sarah,James,0.09764062613248825,0.08262505382299423,0.24090224019734752,True,EleutherAI/pythia-12b,Pythia 12B,,,45000,
8,8_tb_1_e_e_ex,True Belief,Explicit,End,End,passage_hr,passage,4,The person who moved the painting to the bedroom was,James,Sarah,0.10613047331571579,0.14650557935237885,-0.4651166499028633,False,EleutherAI/pythia-12b,Pythia 12B,,,45000,
8,8_tb_1_e_e_im,True Belief,Implicit,End,End,passage_hr,passage,1,"At the start of the story, Sarah put the painting in the",hall,bedroom,0.2311401069164276,0.4436948597431183,-0.9408002247078385,False,EleutherAI/pythia-12b,Pythia 12B,,,45000,
8,8_tb_1_e_e_im,True Belief,Implicit,End,End,passage_hr,passage,2,"At the end of the story, the painting was in the",bedroom,hall,0.6854429841041565,0.051618050783872604,3.7310890979509903,True,EleutherAI/pythia-12b,Pythia 12B,,,45000,
8,8_tb_1_e_e_im,True Belief,Implicit,End,End,passage_hr,passage,3,The person who put the painting in the hall was,Sarah,James,0.09764062613248825,0.08262505382299423,0.24090224019734752,True,EleutherAI/pythia-12b,Pythia 12B,,,45000,
8,8_tb_1_e_e_im,True Belief,Implicit,End,End,passage_hr,passage,4,The person who moved the painting to the bedroom was,James,Sarah,0.10613047331571579,0.14650557935237885,-0.4651166499028633,False,EleutherAI/pythia-12b,Pythia 12B,,,45000,
8,8_fb_1_e_s_ex,False Belief,Explicit,End,Start,passage_hr,passage,1,"At the start of the story, Sarah put the painting in the",hall,bedroom,0.24988242983818054,0.3718312382698059,-0.5733985152382886,False,EleutherAI/pythia-12b,Pythia 12B,,,45000,
8,8_fb_1_e_s_ex,False Belief,Explicit,End,Start,passage_hr,passage,2,"At the end of the story, the painting was in the",bedroom,hall,0.5363831520080566,0.08832238614559174,2.602412868310648,True,EleutherAI/pythia-12b,Pythia 12B,,,45000,
8,8_fb_1_e_s_ex,False Belief,Explicit,End,Start,passage_hr,passage,3,The person who put the painting in the hall was,Sarah,James,0.04717551916837692,0.12310923635959625,-1.3838287051836353,False,EleutherAI/pythia-12b,Pythia 12B,,,45000,
8,8_fb_1_e_s_ex,False Belief,Explicit,End,Start,passage_hr,passage,4,The person who moved the painting to the bedroom was,James,Sarah,0.18165051937103271,0.07448925077915192,1.286061334039576,True,EleutherAI/pythia-12b,Pythia 12B,,,45000,
8,8_fb_1_e_s_im,False Belief,Implicit,End,Start,passage_hr,passage,1,"At the start of the story, Sarah put the painting in the",hall,bedroom,0.24988242983818054,0.3718312382698059,-0.5733985152382886,False,EleutherAI/pythia-12b,Pythia 12B,,,45000,
8,8_fb_1_e_s_im,False Belief,Implicit,End,Start,passage_hr,passage,2,"At the end of the story, the painting was in the",bedroom,hall,0.5363831520080566,0.08832238614559174,2.602412868310648,True,EleutherAI/pythia-12b,Pythia 12B,,,45000,
8,8_fb_1_e_s_im,False Belief,Implicit,End,Start,passage_hr,passage,3,The person who put the painting in the hall was,Sarah,James,0.04717551916837692,0.12310923635959625,-1.3838287051836353,False,EleutherAI/pythia-12b,Pythia 12B,,,45000,
8,8_fb_1_e_s_im,False Belief,Implicit,End,Start,passage_hr,passage,4,The person who moved the painting to the bedroom was,James,Sarah,0.18165051937103271,0.07448925077915192,1.286061334039576,True,EleutherAI/pythia-12b,Pythia 12B,,,45000,
8,8_tb_1_e_s_ex,True Belief,Explicit,End,Start,passage_hr,passage,1,"At the start of the story, Sarah put the painting in the",hall,bedroom,0.19945740699768066,0.4608241617679596,-1.2081356616721854,False,EleutherAI/pythia-12b,Pythia 12B,,,45000,
8,8_tb_1_e_s_ex,True Belief,Explicit,End,Start,passage_hr,passage,2,"At the end of the story, the painting was in the",bedroom,hall,0.6984497308731079,0.04065368324518204,4.102698312830674,True,EleutherAI/pythia-12b,Pythia 12B,,,45000,
8,8_tb_1_e_s_ex,True Belief,Explicit,End,Start,passage_hr,passage,3,The person who put the painting in the hall was,Sarah,James,0.0886814147233963,0.08249164372682571,0.10438380148861919,True,EleutherAI/pythia-12b,Pythia 12B,,,45000,
8,8_tb_1_e_s_ex,True Belief,Explicit,End,Start,passage_hr,passage,4,The person who moved the painting to the bedroom was,James,Sarah,0.08954588323831558,0.15882356464862823,-0.8267259682709337,False,EleutherAI/pythia-12b,Pythia 12B,,,45000,
8,8_tb_1_e_s_im,True Belief,Implicit,End,Start,passage_hr,passage,1,"At the start of the story, Sarah put the painting in the",hall,bedroom,0.19945740699768066,0.4608241617679596,-1.2081356616721854,False,EleutherAI/pythia-12b,Pythia 12B,,,45000,
8,8_tb_1_e_s_im,True Belief,Implicit,End,Start,passage_hr,passage,2,"At the end of the story, the painting was in the",bedroom,hall,0.6984497308731079,0.04065368324518204,4.102698312830674,True,EleutherAI/pythia-12b,Pythia 12B,,,45000,
8,8_tb_1_e_s_im,True Belief,Implicit,End,Start,passage_hr,passage,3,The person who put the painting in the hall was,Sarah,James,0.0886814147233963,0.08249164372682571,0.10438380148861919,True,EleutherAI/pythia-12b,Pythia 12B,,,45000,
8,8_tb_1_e_s_im,True Belief,Implicit,End,Start,passage_hr,passage,4,The person who moved the painting to the bedroom was,James,Sarah,0.08954588323831558,0.15882356464862823,-0.8267259682709337,False,EleutherAI/pythia-12b,Pythia 12B,,,45000,
9,9_fb_1_s_e_ex,False Belief,Explicit,Start,End,passage_hr,passage,1,"At the start of the story, Lisa put the grater in the",cupboard,drawer,0.5720340609550476,0.3643926680088043,0.6506071220050778,True,EleutherAI/pythia-12b,Pythia 12B,,,45000,
9,9_fb_1_s_e_ex,False Belief,Explicit,Start,End,passage_hr,passage,2,"At the end of the story, the grater was in the",drawer,cupboard,0.4457220733165741,0.44876137375831604,-0.009804095456380705,False,EleutherAI/pythia-12b,Pythia 12B,,,45000,
9,9_fb_1_s_e_ex,False Belief,Explicit,Start,End,passage_hr,passage,3,The person who put the grater in the cupboard was,Lisa,Robert,0.05269795283675194,0.13696996867656708,-1.3780407865129385,False,EleutherAI/pythia-12b,Pythia 12B,,,45000,
9,9_fb_1_s_e_ex,False Belief,Explicit,Start,End,passage_hr,passage,4,The person who moved the grater to the drawer was,Robert,Lisa,0.25538399815559387,0.0864357203245163,1.5629685843299042,True,EleutherAI/pythia-12b,Pythia 12B,,,45000,
9,9_fb_1_s_e_im,False Belief,Implicit,Start,End,passage_hr,passage,1,"At the start of the story, Lisa put the grater in the",cupboard,drawer,0.5720340609550476,0.3643926680088043,0.6506071220050778,True,EleutherAI/pythia-12b,Pythia 12B,,,45000,
9,9_fb_1_s_e_im,False Belief,Implicit,Start,End,passage_hr,passage,2,"At the end of the story, the grater was in the",drawer,cupboard,0.4457220733165741,0.44876137375831604,-0.009804095456380705,False,EleutherAI/pythia-12b,Pythia 12B,,,45000,
9,9_fb_1_s_e_im,False Belief,Implicit,Start,End,passage_hr,passage,3,The person who put the grater in the cupboard was,Lisa,Robert,0.05269795283675194,0.13696996867656708,-1.3780407865129385,False,EleutherAI/pythia-12b,Pythia 12B,,,45000,
9,9_fb_1_s_e_im,False Belief,Implicit,Start,End,passage_hr,passage,4,The person who moved the grater to the drawer was,Robert,Lisa,0.25538399815559387,0.0864357203245163,1.5629685843299042,True,EleutherAI/pythia-12b,Pythia 12B,,,45000,
9,9_tb_1_s_e_ex,True Belief,Explicit,Start,End,passage_hr,passage,1,"At the start of the story, Lisa put the grater in the",cupboard,drawer,0.5608893632888794,0.37822869420051575,0.5684574069533707,True,EleutherAI/pythia-12b,Pythia 12B,,,45000,
9,9_tb_1_s_e_ex,True Belief,Explicit,Start,End,passage_hr,passage,2,"At the end of the story, the grater was in the",drawer,cupboard,0.4872934818267822,0.435463011264801,0.16224074493712784,True,EleutherAI/pythia-12b,Pythia 12B,,,45000,
9,9_tb_1_s_e_ex,True Belief,Explicit,Start,End,passage_hr,passage,3,The person who put the grater in the cupboard was,Lisa,Robert,0.05687706917524338,0.07009074836969376,-0.3013769021489321,False,EleutherAI/pythia-12b,Pythia 12B,,,45000,
9,9_tb_1_s_e_ex,True Belief,Explicit,Start,End,passage_hr,passage,4,The person who moved the grater to the drawer was,Robert,Lisa,0.15198400616645813,0.10423346608877182,0.5441009555636895,True,EleutherAI/pythia-12b,Pythia 12B,,,45000,
9,9_tb_1_s_e_im,True Belief,Implicit,Start,End,passage_hr,passage,1,"At the start of the story, Lisa put the grater in the",cupboard,drawer,0.5608893632888794,0.37822869420051575,0.5684574069533707,True,EleutherAI/pythia-12b,Pythia 12B,,,45000,
9,9_tb_1_s_e_im,True Belief,Implicit,Start,End,passage_hr,passage,2,"At the end of the story, the grater was in the",drawer,cupboard,0.4872934818267822,0.435463011264801,0.16224074493712784,True,EleutherAI/pythia-12b,Pythia 12B,,,45000,
9,9_tb_1_s_e_im,True Belief,Implicit,Start,End,passage_hr,passage,3,The person who put the grater in the cupboard was,Lisa,Robert,0.05687706917524338,0.07009074836969376,-0.3013769021489321,False,EleutherAI/pythia-12b,Pythia 12B,,,45000,
9,9_tb_1_s_e_im,True Belief,Implicit,Start,End,passage_hr,passage,4,The person who moved the grater to the drawer was,Robert,Lisa,0.15198400616645813,0.10423346608877182,0.5441009555636895,True,EleutherAI/pythia-12b,Pythia 12B,,,45000,
9,9_fb_1_s_s_ex,False Belief,Explicit,Start,Start,passage_hr,passage,1,"At the start of the story, Lisa put the grater in the",cupboard,drawer,0.6045360565185547,0.3253840208053589,0.8936849852824807,True,EleutherAI/pythia-12b,Pythia 12B,,,45000,
9,9_fb_1_s_s_ex,False Belief,Explicit,Start,Start,passage_hr,passage,2,"At the end of the story, the grater was in the",drawer,cupboard,0.38775184750556946,0.5055336952209473,-0.38267359972480325,False,EleutherAI/pythia-12b,Pythia 12B,,,45000,
9,9_fb_1_s_s_ex,False Belief,Explicit,Start,Start,passage_hr,passage,3,The person who put the grater in the cupboard was,Lisa,Robert,0.05625443905591965,0.14196036756038666,-1.335449365442812,False,EleutherAI/pythia-12b,Pythia 12B,,,45000,
9,9_fb_1_s_s_ex,False Belief,Explicit,Start,Start,passage_hr,passage,4,The person who moved the grater to the drawer was,Robert,Lisa,0.23373481631278992,0.08613454550504684,1.4402087763808171,True,EleutherAI/pythia-12b,Pythia 12B,,,45000,
9,9_fb_1_s_s_im,False Belief,Implicit,Start,Start,passage_hr,passage,1,"At the start of the story, Lisa put the grater in the",cupboard,drawer,0.6045360565185547,0.3253840208053589,0.8936849852824807,True,EleutherAI/pythia-12b,Pythia 12B,,,45000,
9,9_fb_1_s_s_im,False Belief,Implicit,Start,Start,passage_hr,passage,2,"At the end of the story, the grater was in the",drawer,cupboard,0.38775184750556946,0.5055336952209473,-0.38267359972480325,False,EleutherAI/pythia-12b,Pythia 12B,,,45000,
9,9_fb_1_s_s_im,False Belief,Implicit,Start,Start,passage_hr,passage,3,The person who put the grater in the cupboard was,Lisa,Robert,0.05625443905591965,0.14196036756038666,-1.335449365442812,False,EleutherAI/pythia-12b,Pythia 12B,,,45000,
9,9_fb_1_s_s_im,False Belief,Implicit,Start,Start,passage_hr,passage,4,The person who moved the grater to the drawer was,Robert,Lisa,0.23373481631278992,0.08613454550504684,1.4402087763808171,True,EleutherAI/pythia-12b,Pythia 12B,,,45000,
9,9_tb_1_s_s_ex,True Belief,Explicit,Start,Start,passage_hr,passage,1,"At the start of the story, Lisa put the grater in the",cupboard,drawer,0.49299049377441406,0.43843647837638855,0.16919199066733734,True,EleutherAI/pythia-12b,Pythia 12B,,,45000,
9,9_tb_1_s_s_ex,True Belief,Explicit,Start,Start,passage_hr,passage,2,"At the end of the story, the grater was in the",drawer,cupboard,0.5276376008987427,0.3866746723651886,0.4484271093133245,True,EleutherAI/pythia-12b,Pythia 12B,,,45000,
9,9_tb_1_s_s_ex,True Belief,Explicit,Start,Start,passage_hr,passage,3,The person who put the grater in the cupboard was,Lisa,Robert,0.05938493087887764,0.07607422769069672,-0.35731089363869134,False,EleutherAI/pythia-12b,Pythia 12B,,,45000,
9,9_tb_1_s_s_ex,True Belief,Explicit,Start,Start,passage_hr,passage,4,The person who moved the grater to the drawer was,Robert,Lisa,0.15484218299388885,0.10697553306818008,0.5335176842177826,True,EleutherAI/pythia-12b,Pythia 12B,,,45000,
9,9_tb_1_s_s_im,True Belief,Implicit,Start,Start,passage_hr,passage,1,"At the start of the story, Lisa put the grater in the",cupboard,drawer,0.49299049377441406,0.43843647837638855,0.16919199066733734,True,EleutherAI/pythia-12b,Pythia 12B,,,45000,
9,9_tb_1_s_s_im,True Belief,Implicit,Start,Start,passage_hr,passage,2,"At the end of the story, the grater was in the",drawer,cupboard,0.5276376008987427,0.3866746723651886,0.4484271093133245,True,EleutherAI/pythia-12b,Pythia 12B,,,45000,
9,9_tb_1_s_s_im,True Belief,Implicit,Start,Start,passage_hr,passage,3,The person who put the grater in the cupboard was,Lisa,Robert,0.05938493087887764,0.07607422769069672,-0.35731089363869134,False,EleutherAI/pythia-12b,Pythia 12B,,,45000,
9,9_tb_1_s_s_im,True Belief,Implicit,Start,Start,passage_hr,passage,4,The person who moved the grater to the drawer was,Robert,Lisa,0.15484218299388885,0.10697553306818008,0.5335176842177826,True,EleutherAI/pythia-12b,Pythia 12B,,,45000,
9,9_fb_1_e_e_ex,False Belief,Explicit,End,End,passage_hr,passage,1,"At the start of the story, Lisa put the grater in the",cupboard,drawer,0.4051041305065155,0.536418080329895,-0.40506507001368486,False,EleutherAI/pythia-12b,Pythia 12B,,,45000,
9,9_fb_1_e_e_ex,False Belief,Explicit,End,End,passage_hr,passage,2,"At the end of the story, the grater was in the",drawer,cupboard,0.5548134446144104,0.34403103590011597,0.6894640285206629,True,EleutherAI/pythia-12b,Pythia 12B,,,45000,
9,9_fb_1_e_e_ex,False Belief,Explicit,End,End,passage_hr,passage,3,The person who put the grater in the cupboard was,Lisa,Robert,0.049932703375816345,0.13608433306217194,-1.4464440617468892,False,EleutherAI/pythia-12b,Pythia 12B,,,45000,
9,9_fb_1_e_e_ex,False Belief,Explicit,End,End,passage_hr,passage,4,The person who moved the grater to the drawer was,Robert,Lisa,0.23947829008102417,0.08585838973522186,1.4798638537193198,True,EleutherAI/pythia-12b,Pythia 12B,,,45000,
9,9_fb_1_e_e_im,False Belief,Implicit,End,End,passage_hr,passage,1,"At the start of the story, Lisa put the grater in the",cupboard,drawer,0.4051041305065155,0.536418080329895,-0.40506507001368486,False,EleutherAI/pythia-12b,Pythia 12B,,,45000,
9,9_fb_1_e_e_im,False Belief,Implicit,End,End,passage_hr,passage,2,"At the end of the story, the grater was in the",drawer,cupboard,0.5548134446144104,0.34403103590011597,0.6894640285206629,True,EleutherAI/pythia-12b,Pythia 12B,,,45000,
9,9_fb_1_e_e_im,False Belief,Implicit,End,End,passage_hr,passage,3,The person who put the grater in the cupboard was,Lisa,Robert,0.049932703375816345,0.13608433306217194,-1.4464440617468892,False,EleutherAI/pythia-12b,Pythia 12B,,,45000,
9,9_fb_1_e_e_im,False Belief,Implicit,End,End,passage_hr,passage,4,The person who moved the grater to the drawer was,Robert,Lisa,0.23947829008102417,0.08585838973522186,1.4798638537193198,True,EleutherAI/pythia-12b,Pythia 12B,,,45000,
9,9_tb_1_e_e_ex,True Belief,Explicit,End,End,passage_hr,passage,1,"At the start of the story, Lisa put the grater in the",cupboard,drawer,0.3861188292503357,0.5603780746459961,-0.5373556003452977,False,EleutherAI/pythia-12b,Pythia 12B,,,45000,
9,9_tb_1_e_e_ex,True Belief,Explicit,End,End,passage_hr,passage,2,"At the end of the story, the grater was in the",drawer,cupboard,0.5908746123313904,0.33586499094963074,0.8149705896509064,True,EleutherAI/pythia-12b,Pythia 12B,,,45000,
9,9_tb_1_e_e_ex,True Belief,Explicit,End,End,passage_hr,passage,3,The person who put the grater in the cupboard was,Lisa,Robert,0.052140384912490845,0.06933846324682236,-0.41125462912036415,False,EleutherAI/pythia-12b,Pythia 12B,,,45000,
9,9_tb_1_e_e_ex,True Belief,Explicit,End,End,passage_hr,passage,4,The person who moved the grater to the drawer was,Robert,Lisa,0.1375298798084259,0.0989752933382988,0.4746047501502817,True,EleutherAI/pythia-12b,Pythia 12B,,,45000,
9,9_tb_1_e_e_im,True Belief,Implicit,End,End,passage_hr,passage,1,"At the start of the story, Lisa put the grater in the",cupboard,drawer,0.3861188292503357,0.5603780746459961,-0.5373556003452977,False,EleutherAI/pythia-12b,Pythia 12B,,,45000,
9,9_tb_1_e_e_im,True Belief,Implicit,End,End,passage_hr,passage,2,"At the end of the story, the grater was in the",drawer,cupboard,0.5908746123313904,0.33586499094963074,0.8149705896509064,True,EleutherAI/pythia-12b,Pythia 12B,,,45000,
9,9_tb_1_e_e_im,True Belief,Implicit,End,End,passage_hr,passage,3,The person who put the grater in the cupboard was,Lisa,Robert,0.052140384912490845,0.06933846324682236,-0.41125462912036415,False,EleutherAI/pythia-12b,Pythia 12B,,,45000,
9,9_tb_1_e_e_im,True Belief,Implicit,End,End,passage_hr,passage,4,The person who moved the grater to the drawer was,Robert,Lisa,0.1375298798084259,0.0989752933382988,0.4746047501502817,True,EleutherAI/pythia-12b,Pythia 12B,,,45000,
9,9_fb_1_e_s_ex,False Belief,Explicit,End,Start,passage_hr,passage,1,"At the start of the story, Lisa put the grater in the",cupboard,drawer,0.5516926050186157,0.38659998774528503,0.5130230506536375,True,EleutherAI/pythia-12b,Pythia 12B,,,45000,
9,9_fb_1_e_s_ex,False Belief,Explicit,End,Start,passage_hr,passage,2,"At the end of the story, the grater was in the",drawer,cupboard,0.47830456495285034,0.4140532612800598,0.2081132013827456,True,EleutherAI/pythia-12b,Pythia 12B,,,45000,
9,9_fb_1_e_s_ex,False Belief,Explicit,End,Start,passage_hr,passage,3,The person who put the grater in the cupboard was,Lisa,Robert,0.05442235991358757,0.14196951687335968,-1.3833097707177875,False,EleutherAI/pythia-12b,Pythia 12B,,,45000,
9,9_fb_1_e_s_ex,False Belief,Explicit,End,Start,passage_hr,passage,4,The person who moved the grater to the drawer was,Robert,Lisa,0.22145089507102966,0.08542759716510773,1.3742127192210434,True,EleutherAI/pythia-12b,Pythia 12B,,,45000,
9,9_fb_1_e_s_im,False Belief,Implicit,End,Start,passage_hr,passage,1,"At the start of the story, Lisa put the grater in the",cupboard,drawer,0.5516926050186157,0.38659998774528503,0.5130230506536375,True,EleutherAI/pythia-12b,Pythia 12B,,,45000,
9,9_fb_1_e_s_im,False Belief,Implicit,End,Start,passage_hr,passage,2,"At the end of the story, the grater was in the",drawer,cupboard,0.47830456495285034,0.4140532612800598,0.2081132013827456,True,EleutherAI/pythia-12b,Pythia 12B,,,45000,
9,9_fb_1_e_s_im,False Belief,Implicit,End,Start,passage_hr,passage,3,The person who put the grater in the cupboard was,Lisa,Robert,0.05442235991358757,0.14196951687335968,-1.3833097707177875,False,EleutherAI/pythia-12b,Pythia 12B,,,45000,
9,9_fb_1_e_s_im,False Belief,Implicit,End,Start,passage_hr,passage,4,The person who moved the grater to the drawer was,Robert,Lisa,0.22145089507102966,0.08542759716510773,1.3742127192210434,True,EleutherAI/pythia-12b,Pythia 12B,,,45000,
9,9_tb_1_e_s_ex,True Belief,Explicit,End,Start,passage_hr,passage,1,"At the start of the story, Lisa put the grater in the",cupboard,drawer,0.4184161424636841,0.5250591039657593,-0.3275413190506677,False,EleutherAI/pythia-12b,Pythia 12B,,,45000,
9,9_tb_1_e_s_ex,True Belief,Explicit,End,Start,passage_hr,passage,2,"At the end of the story, the grater was in the",drawer,cupboard,0.6227579116821289,0.30062827467918396,1.0506907410287318,True,EleutherAI/pythia-12b,Pythia 12B,,,45000,
9,9_tb_1_e_s_ex,True Belief,Explicit,End,Start,passage_hr,passage,3,The person who put the grater in the cupboard was,Lisa,Robert,0.05491381138563156,0.07685298472642899,-0.48493224327037243,False,EleutherAI/pythia-12b,Pythia 12B,,,45000,
9,9_tb_1_e_s_ex,True Belief,Explicit,End,Start,passage_hr,passage,4,The person who moved the grater to the drawer was,Robert,Lisa,0.13984555006027222,0.10322300344705582,0.43806983344161143,True,EleutherAI/pythia-12b,Pythia 12B,,,45000,
9,9_tb_1_e_s_im,True Belief,Implicit,End,Start,passage_hr,passage,1,"At the start of the story, Lisa put the grater in the",cupboard,drawer,0.4184161424636841,0.5250591039657593,-0.3275413190506677,False,EleutherAI/pythia-12b,Pythia 12B,,,45000,
9,9_tb_1_e_s_im,True Belief,Implicit,End,Start,passage_hr,passage,2,"At the end of the story, the grater was in the",drawer,cupboard,0.6227579116821289,0.30062827467918396,1.0506907410287318,True,EleutherAI/pythia-12b,Pythia 12B,,,45000,
9,9_tb_1_e_s_im,True Belief,Implicit,End,Start,passage_hr,passage,3,The person who put the grater in the cupboard was,Lisa,Robert,0.05491381138563156,0.07685298472642899,-0.48493224327037243,False,EleutherAI/pythia-12b,Pythia 12B,,,45000,
9,9_tb_1_e_s_im,True Belief,Implicit,End,Start,passage_hr,passage,4,The person who moved the grater to the drawer was,Robert,Lisa,0.13984555006027222,0.10322300344705582,0.43806983344161143,True,EleutherAI/pythia-12b,Pythia 12B,,,45000,
10,10_fb_1_s_e_ex,False Belief,Explicit,Start,End,passage_hr,passage,1,"At the start of the story, John put the shovel in the",toolbox,van,0.8642332553863525,0.03365541622042656,4.68251014251184,True,EleutherAI/pythia-12b,Pythia 12B,,,45000,
10,10_fb_1_s_e_ex,False Belief,Explicit,Start,End,passage_hr,passage,2,"At the end of the story, the shovel was in the",van,toolbox,0.09802661836147308,0.7219880819320679,-2.880729562228321,False,EleutherAI/pythia-12b,Pythia 12B,,,45000,
10,10_fb_1_s_e_ex,False Belief,Explicit,Start,End,passage_hr,passage,3,The person who put the shovel in the toolbox was,John,Karen,0.16641362011432648,0.031073570251464844,2.4210135985823813,True,EleutherAI/pythia-12b,Pythia 12B,,,45000,
10,10_fb_1_s_e_ex,False Belief,Explicit,Start,End,passage_hr,passage,4,The person who moved the shovel to the van was,Karen,John,0.0851319432258606,0.24017389118671417,-1.4963068601870975,False,EleutherAI/pythia-12b,Pythia 12B,,,45000,
10,10_fb_1_s_e_im,False Belief,Implicit,Start,End,passage_hr,passage,1,"At the start of the story, John put the shovel in the",toolbox,van,0.8642332553863525,0.03365541622042656,4.68251014251184,True,EleutherAI/pythia-12b,Pythia 12B,,,45000,
10,10_fb_1_s_e_im,False Belief,Implicit,Start,End,passage_hr,passage,2,"At the end of the story, the shovel was in the",van,toolbox,0.09802661836147308,0.7219880819320679,-2.880729562228321,False,EleutherAI/pythia-12b,Pythia 12B,,,45000,
10,10_fb_1_s_e_im,False Belief,Implicit,Start,End,passage_hr,passage,3,The person who put the shovel in the toolbox was,John,Karen,0.16641362011432648,0.031073570251464844,2.4210135985823813,True,EleutherAI/pythia-12b,Pythia 12B,,,45000,
10,10_fb_1_s_e_im,False Belief,Implicit,Start,End,passage_hr,passage,4,The person who moved the shovel to the van was,Karen,John,0.0851319432258606,0.24017389118671417,-1.4963068601870975,False,EleutherAI/pythia-12b,Pythia 12B,,,45000,
10,10_tb_1_s_e_ex,True Belief,Explicit,Start,End,passage_hr,passage,1,"At the start of the story, John put the shovel in the",toolbox,van,0.7567344903945923,0.07456433027982712,3.3432296504802927,True,EleutherAI/pythia-12b,Pythia 12B,,,45000,
10,10_tb_1_s_e_ex,True Belief,Explicit,Start,End,passage_hr,passage,2,"At the end of the story, the shovel was in the",van,toolbox,0.17470109462738037,0.5311716198921204,-1.6042894188121561,False,EleutherAI/pythia-12b,Pythia 12B,,,45000,
10,10_tb_1_s_e_ex,True Belief,Explicit,Start,End,passage_hr,passage,3,The person who put the shovel in the toolbox was,John,Karen,0.1381702423095703,0.023585334420204163,2.550484973983966,True,EleutherAI/pythia-12b,Pythia 12B,,,45000,
10,10_tb_1_s_e_ex,True Belief,Explicit,Start,End,passage_hr,passage,4,The person who moved the shovel to the van was,Karen,John,0.03831610828638077,0.20720624923706055,-2.435044573536141,False,EleutherAI/pythia-12b,Pythia 12B,,,45000,
10,10_tb_1_s_e_im,True Belief,Implicit,Start,End,passage_hr,passage,1,"At the start of the story, John put the shovel in the",toolbox,van,0.7724197506904602,0.06777548789978027,3.5105495554832498,True,EleutherAI/pythia-12b,Pythia 12B,,,45000,
10,10_tb_1_s_e_im,True Belief,Implicit,Start,End,passage_hr,passage,2,"At the end of the story, the shovel was in the",van,toolbox,0.17101654410362244,0.5490622520446777,-1.682833831733454,False,EleutherAI/pythia-12b,Pythia 12B,,,45000,
10,10_tb_1_s_e_im,True Belief,Implicit,Start,End,passage_hr,passage,3,The person who put the shovel in the toolbox was,John,Karen,0.14564673602581024,0.02618684060871601,2.4755594537840415,True,EleutherAI/pythia-12b,Pythia 12B,,,45000,
10,10_tb_1_s_e_im,True Belief,Implicit,Start,End,passage_hr,passage,4,The person who moved the shovel to the van was,Karen,John,0.04331328719854355,0.22045952081680298,-2.3476322099650306,False,EleutherAI/pythia-12b,Pythia 12B,,,45000,
10,10_fb_1_s_s_ex,False Belief,Explicit,Start,Start,passage_hr,passage,1,"At the start of the story, John put the shovel in the",toolbox,van,0.8556351661682129,0.043449874967336655,4.299571847134854,True,EleutherAI/pythia-12b,Pythia 12B,,,45000,
10,10_fb_1_s_s_ex,False Belief,Explicit,Start,Start,passage_hr,passage,2,"At the end of the story, the shovel was in the",van,toolbox,0.09432802349328995,0.7421765923500061,-2.976004156767422,False,EleutherAI/pythia-12b,Pythia 12B,,,45000,
10,10_fb_1_s_s_ex,False Belief,Explicit,Start,Start,passage_hr,passage,3,The person who put the shovel in the toolbox was,John,Karen,0.16941995918750763,0.043868761509656906,1.9493379647799962,True,EleutherAI/pythia-12b,Pythia 12B,,,45000,
10,10_fb_1_s_s_ex,False Belief,Explicit,Start,Start,passage_hr,passage,4,The person who moved the shovel to the van was,Karen,John,0.15288279950618744,0.19895756244659424,-0.3800346359051711,False,EleutherAI/pythia-12b,Pythia 12B,,,45000,
10,10_fb_1_s_s_im,False Belief,Implicit,Start,Start,passage_hr,passage,1,"At the start of the story, John put the shovel in the",toolbox,van,0.8556351661682129,0.043449874967336655,4.299571847134854,True,EleutherAI/pythia-12b,Pythia 12B,,,45000,
10,10_fb_1_s_s_im,False Belief,Implicit,Start,Start,passage_hr,passage,2,"At the end of the story, the shovel was in the",van,toolbox,0.09432802349328995,0.7421765923500061,-2.976004156767422,False,EleutherAI/pythia-12b,Pythia 12B,,,45000,
10,10_fb_1_s_s_im,False Belief,Implicit,Start,Start,passage_hr,passage,3,The person who put the shovel in the toolbox was,John,Karen,0.16941995918750763,0.043868761509656906,1.9493379647799962,True,EleutherAI/pythia-12b,Pythia 12B,,,45000,
10,10_fb_1_s_s_im,False Belief,Implicit,Start,Start,passage_hr,passage,4,The person who moved the shovel to the van was,Karen,John,0.15288279950618744,0.19895756244659424,-0.3800346359051711,False,EleutherAI/pythia-12b,Pythia 12B,,,45000,
10,10_tb_1_s_s_ex,True Belief,Explicit,Start,Start,passage_hr,passage,1,"At the start of the story, John put the shovel in the",toolbox,van,0.7719870209693909,0.06849359720945358,3.4945355562238127,True,EleutherAI/pythia-12b,Pythia 12B,,,45000,
10,10_tb_1_s_s_ex,True Belief,Explicit,Start,Start,passage_hr,passage,2,"At the end of the story, the shovel was in the",van,toolbox,0.11834617704153061,0.6428208947181702,-2.441403721004482,False,EleutherAI/pythia-12b,Pythia 12B,,,45000,
10,10_tb_1_s_s_ex,True Belief,Explicit,Start,Start,passage_hr,passage,3,The person who put the shovel in the toolbox was,John,Karen,0.15972022712230682,0.022761011496186256,2.8109104512499115,True,EleutherAI/pythia-12b,Pythia 12B,,,45000,
10,10_tb_1_s_s_ex,True Belief,Explicit,Start,Start,passage_hr,passage,4,The person who moved the shovel to the van was,Karen,John,0.04891207814216614,0.23055905103683472,-2.2368736353082834,False,EleutherAI/pythia-12b,Pythia 12B,,,45000,
10,10_tb_1_s_s_im,True Belief,Implicit,Start,Start,passage_hr,passage,1,"At the start of the story, John put the shovel in the",toolbox,van,0.7868094444274902,0.060523778200149536,3.700440319242657,True,EleutherAI/pythia-12b,Pythia 12B,,,45000,
10,10_tb_1_s_s_im,True Belief,Implicit,Start,Start,passage_hr,passage,2,"At the end of the story, the shovel was in the",van,toolbox,0.11517024785280228,0.6543299555778503,-2.506250248785594,False,EleutherAI/pythia-12b,Pythia 12B,,,45000,
10,10_tb_1_s_s_im,True Belief,Implicit,Start,Start,passage_hr,passage,3,The person who put the shovel in the toolbox was,John,Karen,0.1654522567987442,0.024195315316319466,2.7736153245775337,True,EleutherAI/pythia-12b,Pythia 12B,,,45000,
10,10_tb_1_s_s_im,True Belief,Implicit,Start,Start,passage_hr,passage,4,The person who moved the shovel to the van was,Karen,John,0.0543215312063694,0.24285046756267548,-2.160472212282437,False,EleutherAI/pythia-12b,Pythia 12B,,,45000,
10,10_fb_1_e_e_ex,False Belief,Explicit,End,End,passage_hr,passage,1,"At the start of the story, John put the shovel in the",toolbox,van,0.845551073551178,0.058498188853263855,3.8534280363086344,True,EleutherAI/pythia-12b,Pythia 12B,,,45000,
10,10_fb_1_e_e_ex,False Belief,Explicit,End,End,passage_hr,passage,2,"At the end of the story, the shovel was in the",van,toolbox,0.15256600081920624,0.6519359350204468,-2.0952967046299724,False,EleutherAI/pythia-12b,Pythia 12B,,,45000,
10,10_fb_1_e_e_ex,False Belief,Explicit,End,End,passage_hr,passage,3,The person who put the shovel in the toolbox was,John,Karen,0.12140478938817978,0.03466344624757767,1.8083383368651982,True,EleutherAI/pythia-12b,Pythia 12B,,,45000,
10,10_fb_1_e_e_ex,False Belief,Explicit,End,End,passage_hr,passage,4,The person who moved the shovel to the van was,Karen,John,0.08500771224498749,0.20769718289375305,-1.2888160088273162,False,EleutherAI/pythia-12b,Pythia 12B,,,45000,
10,10_fb_1_e_e_im,False Belief,Implicit,End,End,passage_hr,passage,1,"At the start of the story, John put the shovel in the",toolbox,van,0.845551073551178,0.058498188853263855,3.8534280363086344,True,EleutherAI/pythia-12b,Pythia 12B,,,45000,
10,10_fb_1_e_e_im,False Belief,Implicit,End,End,passage_hr,passage,2,"At the end of the story, the shovel was in the",van,toolbox,0.15256600081920624,0.6519359350204468,-2.0952967046299724,False,EleutherAI/pythia-12b,Pythia 12B,,,45000,
10,10_fb_1_e_e_im,False Belief,Implicit,End,End,passage_hr,passage,3,The person who put the shovel in the toolbox was,John,Karen,0.12140478938817978,0.03466344624757767,1.8083383368651982,True,EleutherAI/pythia-12b,Pythia 12B,,,45000,
10,10_fb_1_e_e_im,False Belief,Implicit,End,End,passage_hr,passage,4,The person who moved the shovel to the van was,Karen,John,0.08500771224498749,0.20769718289375305,-1.2888160088273162,False,EleutherAI/pythia-12b,Pythia 12B,,,45000,
10,10_tb_1_e_e_ex,True Belief,Explicit,End,End,passage_hr,passage,1,"At the start of the story, John put the shovel in the",toolbox,van,0.7125151753425598,0.12166911363601685,2.5499577628312164,True,EleutherAI/pythia-12b,Pythia 12B,,,45000,
10,10_tb_1_e_e_ex,True Belief,Explicit,End,End,passage_hr,passage,2,"At the end of the story, the shovel was in the",van,toolbox,0.2727205157279968,0.42193737626075745,-0.6296056579270383,False,EleutherAI/pythia-12b,Pythia 12B,,,45000,
10,10_tb_1_e_e_ex,True Belief,Explicit,End,End,passage_hr,passage,3,The person who put the shovel in the toolbox was,John,Karen,0.11848660558462143,0.024906398728489876,2.2501356384077704,True,EleutherAI/pythia-12b,Pythia 12B,,,45000,
10,10_tb_1_e_e_ex,True Belief,Explicit,End,End,passage_hr,passage,4,The person who moved the shovel to the van was,Karen,John,0.03778151050209999,0.20521803200244904,-2.4414052157335044,False,EleutherAI/pythia-12b,Pythia 12B,,,45000,
10,10_tb_1_e_e_im,True Belief,Implicit,End,End,passage_hr,passage,1,"At the start of the story, John put the shovel in the",toolbox,van,0.7239078283309937,0.11518873274326324,2.651806412068044,True,EleutherAI/pythia-12b,Pythia 12B,,,45000,
10,10_tb_1_e_e_im,True Belief,Implicit,End,End,passage_hr,passage,2,"At the end of the story, the shovel was in the",van,toolbox,0.26558634638786316,0.4456300735473633,-0.7466656162641726,False,EleutherAI/pythia-12b,Pythia 12B,,,45000,
10,10_tb_1_e_e_im,True Belief,Implicit,End,End,passage_hr,passage,3,The person who put the shovel in the toolbox was,John,Karen,0.12398122996091843,0.028058895841240883,2.14359157846403,True,EleutherAI/pythia-12b,Pythia 12B,,,45000,
10,10_tb_1_e_e_im,True Belief,Implicit,End,End,passage_hr,passage,4,The person who moved the shovel to the van was,Karen,John,0.04294754937291145,0.21322201192378998,-2.311708664760536,False,EleutherAI/pythia-12b,Pythia 12B,,,45000,
10,10_fb_1_e_s_ex,False Belief,Explicit,End,Start,passage_hr,passage,1,"At the start of the story, John put the shovel in the",toolbox,van,0.8313223719596863,0.06089229881763458,3.7710763528709057,True,EleutherAI/pythia-12b,Pythia 12B,,,45000,
10,10_fb_1_e_s_ex,False Belief,Explicit,End,Start,passage_hr,passage,2,"At the end of the story, the shovel was in the",van,toolbox,0.13064689934253693,0.6755049228668213,-2.3702933980741037,False,EleutherAI/pythia-12b,Pythia 12B,,,45000,
10,10_fb_1_e_s_ex,False Belief,Explicit,End,Start,passage_hr,passage,3,The person who put the shovel in the toolbox was,John,Karen,0.11741142719984055,0.051630813628435135,1.185268588986704,True,EleutherAI/pythia-12b,Pythia 12B,,,45000,
10,10_fb_1_e_s_ex,False Belief,Explicit,End,Start,passage_hr,passage,4,The person who moved the shovel to the van was,Karen,John,0.16236557066440582,0.16874916851520538,-0.05563464953913266,False,EleutherAI/pythia-12b,Pythia 12B,,,45000,
10,10_fb_1_e_s_im,False Belief,Implicit,End,Start,passage_hr,passage,1,"At the start of the story, John put the shovel in the",toolbox,van,0.8313223719596863,0.06089229881763458,3.7710763528709057,True,EleutherAI/pythia-12b,Pythia 12B,,,45000,
10,10_fb_1_e_s_im,False Belief,Implicit,End,Start,passage_hr,passage,2,"At the end of the story, the shovel was in the",van,toolbox,0.13064689934253693,0.6755049228668213,-2.3702933980741037,False,EleutherAI/pythia-12b,Pythia 12B,,,45000,
10,10_fb_1_e_s_im,False Belief,Implicit,End,Start,passage_hr,passage,3,The person who put the shovel in the toolbox was,John,Karen,0.11741142719984055,0.051630813628435135,1.185268588986704,True,EleutherAI/pythia-12b,Pythia 12B,,,45000,
10,10_fb_1_e_s_im,False Belief,Implicit,End,Start,passage_hr,passage,4,The person who moved the shovel to the van was,Karen,John,0.16236557066440582,0.16874916851520538,-0.05563464953913266,False,EleutherAI/pythia-12b,Pythia 12B,,,45000,
10,10_tb_1_e_s_ex,True Belief,Explicit,End,Start,passage_hr,passage,1,"At the start of the story, John put the shovel in the",toolbox,van,0.735719621181488,0.08969862014055252,3.035998370605156,True,EleutherAI/pythia-12b,Pythia 12B,,,45000,
10,10_tb_1_e_s_ex,True Belief,Explicit,End,Start,passage_hr,passage,2,"At the end of the story, the shovel was in the",van,toolbox,0.17372027039527893,0.5565757155418396,-1.6798118590529418,False,EleutherAI/pythia-12b,Pythia 12B,,,45000,
10,10_tb_1_e_s_ex,True Belief,Explicit,End,Start,passage_hr,passage,3,The person who put the shovel in the toolbox was,John,Karen,0.1315816342830658,0.023035148158669472,2.51404935437249,True,EleutherAI/pythia-12b,Pythia 12B,,,45000,
10,10_tb_1_e_s_ex,True Belief,Explicit,End,Start,passage_hr,passage,4,The person who moved the shovel to the van was,Karen,John,0.05011399835348129,0.2275281697511673,-2.1827596200689525,False,EleutherAI/pythia-12b,Pythia 12B,,,45000,
10,10_tb_1_e_s_im,True Belief,Implicit,End,Start,passage_hr,passage,1,"At the start of the story, John put the shovel in the",toolbox,van,0.7515190839767456,0.07971225678920746,3.2369362608305625,True,EleutherAI/pythia-12b,Pythia 12B,,,45000,
10,10_tb_1_e_s_im,True Belief,Implicit,End,Start,passage_hr,passage,2,"At the end of the story, the shovel was in the",van,toolbox,0.1628517210483551,0.5795109868049622,-1.8312770466947723,False,EleutherAI/pythia-12b,Pythia 12B,,,45000,
10,10_tb_1_e_s_im,True Belief,Implicit,End,Start,passage_hr,passage,3,The person who put the shovel in the toolbox was,John,Karen,0.13666567206382751,0.025397974997758865,2.4278655302527503,True,EleutherAI/pythia-12b,Pythia 12B,,,45000,
10,10_tb_1_e_s_im,True Belief,Implicit,End,Start,passage_hr,passage,4,The person who moved the shovel to the van was,Karen,John,0.05665024742484093,0.23698779940605164,-2.0646586260147246,False,EleutherAI/pythia-12b,Pythia 12B,,,45000,
11,11_fb_1_s_e_ex,False Belief,Explicit,Start,End,passage_hr,passage,1,"At the start of the story, Patrick put the ticket in the",suitcase,backpack,0.4989124834537506,0.04578166455030441,3.4459449448327155,True,EleutherAI/pythia-12b,Pythia 12B,,,45000,
11,11_fb_1_s_e_ex,False Belief,Explicit,Start,End,passage_hr,passage,2,"At the end of the story, the ticket was in the",backpack,suitcase,0.32637596130371094,0.2690652012825012,0.2785789853084773,True,EleutherAI/pythia-12b,Pythia 12B,,,45000,
11,11_fb_1_s_e_ex,False Belief,Explicit,Start,End,passage_hr,passage,3,The person who put the ticket in the suitcase was,Patrick,Nicole,0.029153907671570778,0.11607541888952255,-1.9933013127765014,False,EleutherAI/pythia-12b,Pythia 12B,,,45000,
11,11_fb_1_s_e_ex,False Belief,Explicit,Start,End,passage_hr,passage,4,The person who moved the ticket to the backpack was,Nicole,Patrick,0.14147153496742249,0.030194684863090515,2.2281452812237723,True,EleutherAI/pythia-12b,Pythia 12B,,,45000,
11,11_fb_1_s_e_im,False Belief,Implicit,Start,End,passage_hr,passage,1,"At the start of the story, Patrick put the ticket in the",suitcase,backpack,0.4989124834537506,0.04578166455030441,3.4459449448327155,True,EleutherAI/pythia-12b,Pythia 12B,,,45000,
11,11_fb_1_s_e_im,False Belief,Implicit,Start,End,passage_hr,passage,2,"At the end of the story, the ticket was in the",backpack,suitcase,0.32637596130371094,0.2690652012825012,0.2785789853084773,True,EleutherAI/pythia-12b,Pythia 12B,,,45000,
11,11_fb_1_s_e_im,False Belief,Implicit,Start,End,passage_hr,passage,3,The person who put the ticket in the suitcase was,Patrick,Nicole,0.029153907671570778,0.11607541888952255,-1.9933013127765014,False,EleutherAI/pythia-12b,Pythia 12B,,,45000,
11,11_fb_1_s_e_im,False Belief,Implicit,Start,End,passage_hr,passage,4,The person who moved the ticket to the backpack was,Nicole,Patrick,0.14147153496742249,0.030194684863090515,2.2281452812237723,True,EleutherAI/pythia-12b,Pythia 12B,,,45000,
11,11_tb_1_s_e_ex,True Belief,Explicit,Start,End,passage_hr,passage,1,"At the start of the story, Patrick put the ticket in the",suitcase,backpack,0.4477461874485016,0.05334688350558281,3.06920525053366,True,EleutherAI/pythia-12b,Pythia 12B,,,45000,
11,11_tb_1_s_e_ex,True Belief,Explicit,Start,End,passage_hr,passage,2,"At the end of the story, the ticket was in the",backpack,suitcase,0.40752163529396057,0.20093141496181488,1.0201735116502617,True,EleutherAI/pythia-12b,Pythia 12B,,,45000,
11,11_tb_1_s_e_ex,True Belief,Explicit,Start,End,passage_hr,passage,3,The person who put the ticket in the suitcase was,Patrick,Nicole,0.034318432211875916,0.050814151763916016,-0.5662466972705177,False,EleutherAI/pythia-12b,Pythia 12B,,,45000,
11,11_tb_1_s_e_ex,True Belief,Explicit,Start,End,passage_hr,passage,4,The person who moved the ticket to the backpack was,Nicole,Patrick,0.13162750005722046,0.05411684885621071,1.2823111923513788,True,EleutherAI/pythia-12b,Pythia 12B,,,45000,
11,11_tb_1_s_e_im,True Belief,Implicit,Start,End,passage_hr,passage,1,"At the start of the story, Patrick put the ticket in the",suitcase,backpack,0.4477461874485016,0.05334688350558281,3.06920525053366,True,EleutherAI/pythia-12b,Pythia 12B,,,45000,
11,11_tb_1_s_e_im,True Belief,Implicit,Start,End,passage_hr,passage,2,"At the end of the story, the ticket was in the",backpack,suitcase,0.40752163529396057,0.20093141496181488,1.0201735116502617,True,EleutherAI/pythia-12b,Pythia 12B,,,45000,
11,11_tb_1_s_e_im,True Belief,Implicit,Start,End,passage_hr,passage,3,The person who put the ticket in the suitcase was,Patrick,Nicole,0.034318432211875916,0.050814151763916016,-0.5662466972705177,False,EleutherAI/pythia-12b,Pythia 12B,,,45000,
11,11_tb_1_s_e_im,True Belief,Implicit,Start,End,passage_hr,passage,4,The person who moved the ticket to the backpack was,Nicole,Patrick,0.13162750005722046,0.05411684885621071,1.2823111923513788,True,EleutherAI/pythia-12b,Pythia 12B,,,45000,
11,11_fb_1_s_s_ex,False Belief,Explicit,Start,Start,passage_hr,passage,1,"At the start of the story, Patrick put the ticket in the",suitcase,backpack,0.32103121280670166,0.25234824419021606,0.347297524083969,True,EleutherAI/pythia-12b,Pythia 12B,,,45000,
11,11_fb_1_s_s_ex,False Belief,Explicit,Start,Start,passage_hr,passage,2,"At the end of the story, the ticket was in the",backpack,suitcase,0.4908711612224579,0.1690700799226761,1.5377230398069917,True,EleutherAI/pythia-12b,Pythia 12B,,,45000,
11,11_fb_1_s_s_ex,False Belief,Explicit,Start,Start,passage_hr,passage,3,The person who put the ticket in the suitcase was,Patrick,Nicole,0.027637669816613197,0.12450367212295532,-2.171480404241505,False,EleutherAI/pythia-12b,Pythia 12B,,,45000,
11,11_fb_1_s_s_ex,False Belief,Explicit,Start,Start,passage_hr,passage,4,The person who moved the ticket to the backpack was,Nicole,Patrick,0.1449871063232422,0.030083412304520607,2.2688844837617443,True,EleutherAI/pythia-12b,Pythia 12B,,,45000,
11,11_fb_1_s_s_im,False Belief,Implicit,Start,Start,passage_hr,passage,1,"At the start of the story, Patrick put the ticket in the",suitcase,backpack,0.32103121280670166,0.25234824419021606,0.347297524083969,True,EleutherAI/pythia-12b,Pythia 12B,,,45000,
11,11_fb_1_s_s_im,False Belief,Implicit,Start,Start,passage_hr,passage,2,"At the end of the story, the ticket was in the",backpack,suitcase,0.4908711612224579,0.1690700799226761,1.5377230398069917,True,EleutherAI/pythia-12b,Pythia 12B,,,45000,
11,11_fb_1_s_s_im,False Belief,Implicit,Start,Start,passage_hr,passage,3,The person who put the ticket in the suitcase was,Patrick,Nicole,0.027637669816613197,0.12450367212295532,-2.171480404241505,False,EleutherAI/pythia-12b,Pythia 12B,,,45000,
11,11_fb_1_s_s_im,False Belief,Implicit,Start,Start,passage_hr,passage,4,The person who moved the ticket to the backpack was,Nicole,Patrick,0.1449871063232422,0.030083412304520607,2.2688844837617443,True,EleutherAI/pythia-12b,Pythia 12B,,,45000,
11,11_tb_1_s_s_ex,True Belief,Explicit,Start,Start,passage_hr,passage,1,"At the start of the story, Patrick put the ticket in the",suitcase,backpack,0.3272210955619812,0.18161742389202118,0.849363142553731,True,EleutherAI/pythia-12b,Pythia 12B,,,45000,
11,11_tb_1_s_s_ex,True Belief,Explicit,Start,Start,passage_hr,passage,2,"At the end of the story, the ticket was in the",backpack,suitcase,0.4455200433731079,0.1813451498746872,1.2967521776462805,True,EleutherAI/pythia-12b,Pythia 12B,,,45000,
11,11_tb_1_s_s_ex,True Belief,Explicit,Start,Start,passage_hr,passage,3,The person who put the ticket in the suitcase was,Patrick,Nicole,0.03490658849477768,0.09228650480508804,-1.4026203301123,False,EleutherAI/pythia-12b,Pythia 12B,,,45000,
11,11_tb_1_s_s_ex,True Belief,Explicit,Start,Start,passage_hr,passage,4,The person who moved the ticket to the backpack was,Nicole,Patrick,0.17618690431118011,0.05168969929218292,1.7691579805854951,True,EleutherAI/pythia-12b,Pythia 12B,,,45000,
11,11_tb_1_s_s_im,True Belief,Implicit,Start,Start,passage_hr,passage,1,"At the start of the story, Patrick put the ticket in the",suitcase,backpack,0.3272210955619812,0.18161742389202118,0.849363142553731,True,EleutherAI/pythia-12b,Pythia 12B,,,45000,
11,11_tb_1_s_s_im,True Belief,Implicit,Start,Start,passage_hr,passage,2,"At the end of the story, the ticket was in the",backpack,suitcase,0.4455200433731079,0.1813451498746872,1.2967521776462805,True,EleutherAI/pythia-12b,Pythia 12B,,,45000,
11,11_tb_1_s_s_im,True Belief,Implicit,Start,Start,passage_hr,passage,3,The person who put the ticket in the suitcase was,Patrick,Nicole,0.03490658849477768,0.09228650480508804,-1.4026203301123,False,EleutherAI/pythia-12b,Pythia 12B,,,45000,
11,11_tb_1_s_s_im,True Belief,Implicit,Start,Start,passage_hr,passage,4,The person who moved the ticket to the backpack was,Nicole,Patrick,0.17618690431118011,0.05168969929218292,1.7691579805854951,True,EleutherAI/pythia-12b,Pythia 12B,,,45000,
11,11_fb_1_e_e_ex,False Belief,Explicit,End,End,passage_hr,passage,1,"At the start of the story, Patrick put the ticket in the",suitcase,backpack,0.521945059299469,0.1039855033159256,2.3275155392300575,True,EleutherAI/pythia-12b,Pythia 12B,,,45000,
11,11_fb_1_e_e_ex,False Belief,Explicit,End,End,passage_hr,passage,2,"At the end of the story, the ticket was in the",backpack,suitcase,0.4838408827781677,0.1978096067905426,1.290420183401319,True,EleutherAI/pythia-12b,Pythia 12B,,,45000,
11,11_fb_1_e_e_ex,False Belief,Explicit,End,End,passage_hr,passage,3,The person who put the ticket in the suitcase was,Patrick,Nicole,0.02503371797502041,0.10669443011283875,-2.091540384295154,False,EleutherAI/pythia-12b,Pythia 12B,,,45000,
11,11_fb_1_e_e_ex,False Belief,Explicit,End,End,passage_hr,passage,4,The person who moved the ticket to the backpack was,Nicole,Patrick,0.14207705855369568,0.0279128048568964,2.347674610728579,True,EleutherAI/pythia-12b,Pythia 12B,,,45000,
11,11_fb_1_e_e_im,False Belief,Implicit,End,End,passage_hr,passage,1,"At the start of the story, Patrick put the ticket in the",suitcase,backpack,0.5000534057617188,0.11156072467565536,2.1642529721522017,True,EleutherAI/pythia-12b,Pythia 12B,,,45000,
11,11_fb_1_e_e_im,False Belief,Implicit,End,End,passage_hr,passage,2,"At the end of the story, the ticket was in the",backpack,suitcase,0.4862012565135956,0.2013702541589737,1.2717030335221666,True,EleutherAI/pythia-12b,Pythia 12B,,,45000,
11,11_fb_1_e_e_im,False Belief,Implicit,End,End,passage_hr,passage,3,The person who put the ticket in the suitcase was,Patrick,Nicole,0.03548986464738846,0.09110260754823685,-1.3600852753811743,False,EleutherAI/pythia-12b,Pythia 12B,,,45000,
11,11_fb_1_e_e_im,False Belief,Implicit,End,End,passage_hr,passage,4,The person who moved the ticket to the backpack was,Nicole,Patrick,0.1199737936258316,0.03888842463493347,1.6253066086969266,True,EleutherAI/pythia-12b,Pythia 12B,,,45000,
11,11_tb_1_e_e_ex,True Belief,Explicit,End,End,passage_hr,passage,1,"At the start of the story, Patrick put the ticket in the",suitcase,backpack,0.443183958530426,0.12729963660240173,1.7996773617611639,True,EleutherAI/pythia-12b,Pythia 12B,,,45000,
11,11_tb_1_e_e_ex,True Belief,Explicit,End,End,passage_hr,passage,2,"At the end of the story, the ticket was in the",backpack,suitcase,0.5179956555366516,0.1510394662618637,1.7780144263105044,True,EleutherAI/pythia-12b,Pythia 12B,,,45000,
11,11_tb_1_e_e_ex,True Belief,Explicit,End,End,passage_hr,passage,3,The person who put the ticket in the suitcase was,Patrick,Nicole,0.03483448177576065,0.06372344493865967,-0.871308161356823,False,EleutherAI/pythia-12b,Pythia 12B,,,45000,
11,11_tb_1_e_e_ex,True Belief,Explicit,End,End,passage_hr,passage,4,The person who moved the ticket to the backpack was,Nicole,Patrick,0.15503647923469543,0.0600908026099205,1.3673916170458214,True,EleutherAI/pythia-12b,Pythia 12B,,,45000,
11,11_tb_1_e_e_im,True Belief,Implicit,End,End,passage_hr,passage,1,"At the start of the story, Patrick put the ticket in the",suitcase,backpack,0.443183958530426,0.12729963660240173,1.7996773617611639,True,EleutherAI/pythia-12b,Pythia 12B,,,45000,
11,11_tb_1_e_e_im,True Belief,Implicit,End,End,passage_hr,passage,2,"At the end of the story, the ticket was in the",backpack,suitcase,0.5179956555366516,0.1510394662618637,1.7780144263105044,True,EleutherAI/pythia-12b,Pythia 12B,,,45000,
11,11_tb_1_e_e_im,True Belief,Implicit,End,End,passage_hr,passage,3,The person who put the ticket in the suitcase was,Patrick,Nicole,0.03483448177576065,0.06372344493865967,-0.871308161356823,False,EleutherAI/pythia-12b,Pythia 12B,,,45000,
11,11_tb_1_e_e_im,True Belief,Implicit,End,End,passage_hr,passage,4,The person who moved the ticket to the backpack was,Nicole,Patrick,0.15503647923469543,0.0600908026099205,1.3673916170458214,True,EleutherAI/pythia-12b,Pythia 12B,,,45000,
11,11_fb_1_e_s_ex,False Belief,Explicit,End,Start,passage_hr,passage,1,"At the start of the story, Patrick put the ticket in the",suitcase,backpack,0.3028023838996887,0.3405745327472687,-0.16959399476897694,False,EleutherAI/pythia-12b,Pythia 12B,,,45000,
11,11_fb_1_e_s_ex,False Belief,Explicit,End,Start,passage_hr,passage,2,"At the end of the story, the ticket was in the",backpack,suitcase,0.611578643321991,0.1143074482679367,2.419618615281625,True,EleutherAI/pythia-12b,Pythia 12B,,,45000,
11,11_fb_1_e_s_ex,False Belief,Explicit,End,Start,passage_hr,passage,3,The person who put the ticket in the suitcase was,Patrick,Nicole,0.023450959473848343,0.10957998037338257,-2.2242653947935316,False,EleutherAI/pythia-12b,Pythia 12B,,,45000,
11,11_fb_1_e_s_ex,False Belief,Explicit,End,Start,passage_hr,passage,4,The person who moved the ticket to the backpack was,Nicole,Patrick,0.14588794112205505,0.028245124965906143,2.368786848413574,True,EleutherAI/pythia-12b,Pythia 12B,,,45000,
11,11_fb_1_e_s_im,False Belief,Implicit,End,Start,passage_hr,passage,1,"At the start of the story, Patrick put the ticket in the",suitcase,backpack,0.2956795394420624,0.353060245513916,-0.2558799684895972,False,EleutherAI/pythia-12b,Pythia 12B,,,45000,
11,11_fb_1_e_s_im,False Belief,Implicit,End,Start,passage_hr,passage,2,"At the end of the story, the ticket was in the",backpack,suitcase,0.6131368279457092,0.1212306022644043,2.3384551378774368,True,EleutherAI/pythia-12b,Pythia 12B,,,45000,
11,11_fb_1_e_s_im,False Belief,Implicit,End,Start,passage_hr,passage,3,The person who put the ticket in the suitcase was,Patrick,Nicole,0.03122723288834095,0.09208416938781738,-1.560148422567606,False,EleutherAI/pythia-12b,Pythia 12B,,,45000,
11,11_fb_1_e_s_im,False Belief,Implicit,End,Start,passage_hr,passage,4,The person who moved the ticket to the backpack was,Nicole,Patrick,0.12343533337116241,0.03868512809276581,1.6739044691749618,True,EleutherAI/pythia-12b,Pythia 12B,,,45000,
11,11_tb_1_e_s_ex,True Belief,Explicit,End,Start,passage_hr,passage,1,"At the start of the story, Patrick put the ticket in the",suitcase,backpack,0.24059949815273285,0.3601974546909332,-0.5821543532660022,False,EleutherAI/pythia-12b,Pythia 12B,,,45000,
11,11_tb_1_e_s_ex,True Belief,Explicit,End,Start,passage_hr,passage,2,"At the end of the story, the ticket was in the",backpack,suitcase,0.6045594215393066,0.10188709199428558,2.568912858455929,True,EleutherAI/pythia-12b,Pythia 12B,,,45000,
11,11_tb_1_e_s_ex,True Belief,Explicit,End,Start,passage_hr,passage,3,The person who put the ticket in the suitcase was,Patrick,Nicole,0.033936843276023865,0.11731643229722977,-1.7894808229722028,False,EleutherAI/pythia-12b,Pythia 12B,,,45000,
11,11_tb_1_e_s_ex,True Belief,Explicit,End,Start,passage_hr,passage,4,The person who moved the ticket to the backpack was,Nicole,Patrick,0.20572726428508759,0.05286451801657677,1.9603613677094833,True,EleutherAI/pythia-12b,Pythia 12B,,,45000,
11,11_tb_1_e_s_im,True Belief,Implicit,End,Start,passage_hr,passage,1,"At the start of the story, Patrick put the ticket in the",suitcase,backpack,0.24059949815273285,0.3601974546909332,-0.5821543532660022,False,EleutherAI/pythia-12b,Pythia 12B,,,45000,
11,11_tb_1_e_s_im,True Belief,Implicit,End,Start,passage_hr,passage,2,"At the end of the story, the ticket was in the",backpack,suitcase,0.6045594215393066,0.10188709199428558,2.568912858455929,True,EleutherAI/pythia-12b,Pythia 12B,,,45000,
11,11_tb_1_e_s_im,True Belief,Implicit,End,Start,passage_hr,passage,3,The person who put the ticket in the suitcase was,Patrick,Nicole,0.033936843276023865,0.11731643229722977,-1.7894808229722028,False,EleutherAI/pythia-12b,Pythia 12B,,,45000,
11,11_tb_1_e_s_im,True Belief,Implicit,End,Start,passage_hr,passage,4,The person who moved the ticket to the backpack was,Nicole,Patrick,0.20572726428508759,0.05286451801657677,1.9603613677094833,True,EleutherAI/pythia-12b,Pythia 12B,,,45000,
12,12_fb_1_s_e_ex,False Belief,Explicit,Start,End,passage_hr,passage,1,"At the start of the story, Hannah put the saddle in the",stable,hut,0.7718077898025513,0.03738649934530258,4.367652307927088,True,EleutherAI/pythia-12b,Pythia 12B,,,45000,
12,12_fb_1_s_e_ex,False Belief,Explicit,Start,End,passage_hr,passage,2,"At the end of the story, the saddle was in the",hut,stable,0.11393211781978607,0.680211067199707,-2.577807974617426,False,EleutherAI/pythia-12b,Pythia 12B,,,45000,
12,12_fb_1_s_e_ex,False Belief,Explicit,Start,End,passage_hr,passage,3,The person who put the saddle in the stable was,Hannah,Martin,0.08189631998538971,0.24206207692623138,-1.5635065438547453,False,EleutherAI/pythia-12b,Pythia 12B,,,45000,
12,12_fb_1_s_e_ex,False Belief,Explicit,Start,End,passage_hr,passage,4,The person who moved the saddle to the hut was,Martin,Hannah,0.4471382200717926,0.07342267781496048,2.6064232311541438,True,EleutherAI/pythia-12b,Pythia 12B,,,45000,
12,12_fb_1_s_e_im,False Belief,Implicit,Start,End,passage_hr,passage,1,"At the start of the story, Hannah put the saddle in the",stable,hut,0.7718077898025513,0.03738649934530258,4.367652307927088,True,EleutherAI/pythia-12b,Pythia 12B,,,45000,
12,12_fb_1_s_e_im,False Belief,Implicit,Start,End,passage_hr,passage,2,"At the end of the story, the saddle was in the",hut,stable,0.11393211781978607,0.680211067199707,-2.577807974617426,False,EleutherAI/pythia-12b,Pythia 12B,,,45000,
12,12_fb_1_s_e_im,False Belief,Implicit,Start,End,passage_hr,passage,3,The person who put the saddle in the stable was,Hannah,Martin,0.08189631998538971,0.24206207692623138,-1.5635065438547453,False,EleutherAI/pythia-12b,Pythia 12B,,,45000,
12,12_fb_1_s_e_im,False Belief,Implicit,Start,End,passage_hr,passage,4,The person who moved the saddle to the hut was,Martin,Hannah,0.4471382200717926,0.07342267781496048,2.6064232311541438,True,EleutherAI/pythia-12b,Pythia 12B,,,45000,
12,12_tb_1_s_e_ex,True Belief,Explicit,Start,End,passage_hr,passage,1,"At the start of the story, Hannah put the saddle in the",stable,hut,0.5871400833129883,0.10892428457736969,2.430379113460723,True,EleutherAI/pythia-12b,Pythia 12B,,,45000,
12,12_tb_1_s_e_ex,True Belief,Explicit,Start,End,passage_hr,passage,2,"At the end of the story, the saddle was in the",hut,stable,0.3298863172531128,0.43216753005981445,-0.389621742352316,False,EleutherAI/pythia-12b,Pythia 12B,,,45000,
12,12_tb_1_s_e_ex,True Belief,Explicit,Start,End,passage_hr,passage,3,The person who put the saddle in the stable was,Hannah,Martin,0.05980239808559418,0.1583535373210907,-1.4048738518333839,False,EleutherAI/pythia-12b,Pythia 12B,,,45000,
12,12_tb_1_s_e_ex,True Belief,Explicit,Start,End,passage_hr,passage,4,The person who moved the saddle to the hut was,Martin,Hannah,0.3222091794013977,0.0716860443353653,2.168233404482029,True,EleutherAI/pythia-12b,Pythia 12B,,,45000,
12,12_tb_1_s_e_im,True Belief,Implicit,Start,End,passage_hr,passage,1,"At the start of the story, Hannah put the saddle in the",stable,hut,0.5871400833129883,0.10892428457736969,2.430379113460723,True,EleutherAI/pythia-12b,Pythia 12B,,,45000,
12,12_tb_1_s_e_im,True Belief,Implicit,Start,End,passage_hr,passage,2,"At the end of the story, the saddle was in the",hut,stable,0.3298863172531128,0.43216753005981445,-0.389621742352316,False,EleutherAI/pythia-12b,Pythia 12B,,,45000,
12,12_tb_1_s_e_im,True Belief,Implicit,Start,End,passage_hr,passage,3,The person who put the saddle in the stable was,Hannah,Martin,0.05980239808559418,0.1583535373210907,-1.4048738518333839,False,EleutherAI/pythia-12b,Pythia 12B,,,45000,
12,12_tb_1_s_e_im,True Belief,Implicit,Start,End,passage_hr,passage,4,The person who moved the saddle to the hut was,Martin,Hannah,0.3222091794013977,0.0716860443353653,2.168233404482029,True,EleutherAI/pythia-12b,Pythia 12B,,,45000,
12,12_fb_1_s_s_ex,False Belief,Explicit,Start,Start,passage_hr,passage,1,"At the start of the story, Hannah put the saddle in the",stable,hut,0.8912650346755981,0.015422115102410316,5.852781962709541,True,EleutherAI/pythia-12b,Pythia 12B,,,45000,
12,12_fb_1_s_s_ex,False Belief,Explicit,Start,Start,passage_hr,passage,2,"At the end of the story, the saddle was in the",hut,stable,0.023685166612267494,0.8902637958526611,-5.232177161647657,False,EleutherAI/pythia-12b,Pythia 12B,,,45000,
12,12_fb_1_s_s_ex,False Belief,Explicit,Start,Start,passage_hr,passage,3,The person who put the saddle in the stable was,Hannah,Martin,0.07933308184146881,0.2504671514034271,-1.6586269079861828,False,EleutherAI/pythia-12b,Pythia 12B,,,45000,
12,12_fb_1_s_s_ex,False Belief,Explicit,Start,Start,passage_hr,passage,4,The person who moved the saddle to the hut was,Martin,Hannah,0.45180633664131165,0.06024470180273056,2.906798230084111,True,EleutherAI/pythia-12b,Pythia 12B,,,45000,
12,12_fb_1_s_s_im,False Belief,Implicit,Start,Start,passage_hr,passage,1,"At the start of the story, Hannah put the saddle in the",stable,hut,0.8912650346755981,0.015422115102410316,5.852781962709541,True,EleutherAI/pythia-12b,Pythia 12B,,,45000,
12,12_fb_1_s_s_im,False Belief,Implicit,Start,Start,passage_hr,passage,2,"At the end of the story, the saddle was in the",hut,stable,0.023685166612267494,0.8902637958526611,-5.232177161647657,False,EleutherAI/pythia-12b,Pythia 12B,,,45000,
12,12_fb_1_s_s_im,False Belief,Implicit,Start,Start,passage_hr,passage,3,The person who put the saddle in the stable was,Hannah,Martin,0.07933308184146881,0.2504671514034271,-1.6586269079861828,False,EleutherAI/pythia-12b,Pythia 12B,,,45000,
12,12_fb_1_s_s_im,False Belief,Implicit,Start,Start,passage_hr,passage,4,The person who moved the saddle to the hut was,Martin,Hannah,0.45180633664131165,0.06024470180273056,2.906798230084111,True,EleutherAI/pythia-12b,Pythia 12B,,,45000,
12,12_tb_1_s_s_ex,True Belief,Explicit,Start,Start,passage_hr,passage,1,"At the start of the story, Hannah put the saddle in the",stable,hut,0.8403952121734619,0.036705683916807175,4.516992554393386,True,EleutherAI/pythia-12b,Pythia 12B,,,45000,
12,12_tb_1_s_s_ex,True Belief,Explicit,Start,Start,passage_hr,passage,2,"At the end of the story, the saddle was in the",hut,stable,0.057202380150556564,0.8411120176315308,-3.878150865657058,False,EleutherAI/pythia-12b,Pythia 12B,,,45000,
12,12_tb_1_s_s_ex,True Belief,Explicit,Start,Start,passage_hr,passage,3,The person who put the saddle in the stable was,Hannah,Martin,0.03775841370224953,0.11158104240894318,-1.5632218735474368,False,EleutherAI/pythia-12b,Pythia 12B,,,45000,
12,12_tb_1_s_s_ex,True Belief,Explicit,Start,Start,passage_hr,passage,4,The person who moved the saddle to the hut was,Martin,Hannah,0.2741519510746002,0.060666486620903015,2.17600407290624,True,EleutherAI/pythia-12b,Pythia 12B,,,45000,
12,12_tb_1_s_s_im,True Belief,Implicit,Start,Start,passage_hr,passage,1,"At the start of the story, Hannah put the saddle in the",stable,hut,0.8403952121734619,0.036705683916807175,4.516992554393386,True,EleutherAI/pythia-12b,Pythia 12B,,,45000,
12,12_tb_1_s_s_im,True Belief,Implicit,Start,Start,passage_hr,passage,2,"At the end of the story, the saddle was in the",hut,stable,0.057202380150556564,0.8411120176315308,-3.878150865657058,False,EleutherAI/pythia-12b,Pythia 12B,,,45000,
12,12_tb_1_s_s_im,True Belief,Implicit,Start,Start,passage_hr,passage,3,The person who put the saddle in the stable was,Hannah,Martin,0.03775841370224953,0.11158104240894318,-1.5632218735474368,False,EleutherAI/pythia-12b,Pythia 12B,,,45000,
12,12_tb_1_s_s_im,True Belief,Implicit,Start,Start,passage_hr,passage,4,The person who moved the saddle to the hut was,Martin,Hannah,0.2741519510746002,0.060666486620903015,2.17600407290624,True,EleutherAI/pythia-12b,Pythia 12B,,,45000,
12,12_fb_1_e_e_ex,False Belief,Explicit,End,End,passage_hr,passage,1,"At the start of the story, Hannah put the saddle in the",stable,hut,0.8258374333381653,0.02753050997853279,4.906754574137968,True,EleutherAI/pythia-12b,Pythia 12B,,,45000,
12,12_fb_1_e_e_ex,False Belief,Explicit,End,End,passage_hr,passage,2,"At the end of the story, the saddle was in the",hut,stable,0.07381918281316757,0.7533773183822632,-3.3513049273345246,False,EleutherAI/pythia-12b,Pythia 12B,,,45000,
12,12_fb_1_e_e_ex,False Belief,Explicit,End,End,passage_hr,passage,3,The person who put the saddle in the stable was,Hannah,Martin,0.07121262699365616,0.2733401954174042,-1.9404926487091885,False,EleutherAI/pythia-12b,Pythia 12B,,,45000,
12,12_fb_1_e_e_ex,False Belief,Explicit,End,End,passage_hr,passage,4,The person who moved the saddle to the hut was,Martin,Hannah,0.38627707958221436,0.08103697001934052,2.2529839375632044,True,EleutherAI/pythia-12b,Pythia 12B,,,45000,
12,12_fb_1_e_e_im,False Belief,Implicit,End,End,passage_hr,passage,1,"At the start of the story, Hannah put the saddle in the",stable,hut,0.8258374333381653,0.02753050997853279,4.906754574137968,True,EleutherAI/pythia-12b,Pythia 12B,,,45000,
12,12_fb_1_e_e_im,False Belief,Implicit,End,End,passage_hr,passage,2,"At the end of the story, the saddle was in the",hut,stable,0.07381918281316757,0.7533773183822632,-3.3513049273345246,False,EleutherAI/pythia-12b,Pythia 12B,,,45000,
12,12_fb_1_e_e_im,False Belief,Implicit,End,End,passage_hr,passage,3,The person who put the saddle in the stable was,Hannah,Martin,0.07121262699365616,0.2733401954174042,-1.9404926487091885,False,EleutherAI/pythia-12b,Pythia 12B,,,45000,
12,12_fb_1_e_e_im,False Belief,Implicit,End,End,passage_hr,passage,4,The person who moved the saddle to the hut was,Martin,Hannah,0.38627707958221436,0.08103697001934052,2.2529839375632044,True,EleutherAI/pythia-12b,Pythia 12B,,,45000,
12,12_tb_1_e_e_ex,True Belief,Explicit,End,End,passage_hr,passage,1,"At the start of the story, Hannah put the saddle in the",stable,hut,0.657446563243866,0.08639321476221085,2.9278837239089675,True,EleutherAI/pythia-12b,Pythia 12B,,,45000,
12,12_tb_1_e_e_ex,True Belief,Explicit,End,End,passage_hr,passage,2,"At the end of the story, the saddle was in the",hut,stable,0.24504005908966064,0.5166781544685364,-1.0762482669022522,False,EleutherAI/pythia-12b,Pythia 12B,,,45000,
12,12_tb_1_e_e_ex,True Belief,Explicit,End,End,passage_hr,passage,3,The person who put the saddle in the stable was,Hannah,Martin,0.06065763533115387,0.21274328231811523,-1.810352415066197,False,EleutherAI/pythia-12b,Pythia 12B,,,45000,
12,12_tb_1_e_e_ex,True Belief,Explicit,End,End,passage_hr,passage,4,The person who moved the saddle to the hut was,Martin,Hannah,0.2977622449398041,0.06836967915296555,2.12273227742721,True,EleutherAI/pythia-12b,Pythia 12B,,,45000,
12,12_tb_1_e_e_im,True Belief,Implicit,End,End,passage_hr,passage,1,"At the start of the story, Hannah put the saddle in the",stable,hut,0.657446563243866,0.08639321476221085,2.9278837239089675,True,EleutherAI/pythia-12b,Pythia 12B,,,45000,
12,12_tb_1_e_e_im,True Belief,Implicit,End,End,passage_hr,passage,2,"At the end of the story, the saddle was in the",hut,stable,0.24504005908966064,0.5166781544685364,-1.0762482669022522,False,EleutherAI/pythia-12b,Pythia 12B,,,45000,
12,12_tb_1_e_e_im,True Belief,Implicit,End,End,passage_hr,passage,3,The person who put the saddle in the stable was,Hannah,Martin,0.06065763533115387,0.21274328231811523,-1.810352415066197,False,EleutherAI/pythia-12b,Pythia 12B,,,45000,
12,12_tb_1_e_e_im,True Belief,Implicit,End,End,passage_hr,passage,4,The person who moved the saddle to the hut was,Martin,Hannah,0.2977622449398041,0.06836967915296555,2.12273227742721,True,EleutherAI/pythia-12b,Pythia 12B,,,45000,
12,12_fb_1_e_s_ex,False Belief,Explicit,End,Start,passage_hr,passage,1,"At the start of the story, Hannah put the saddle in the",stable,hut,0.8968295454978943,0.018649525940418243,5.587622943996553,True,EleutherAI/pythia-12b,Pythia 12B,,,45000,
12,12_fb_1_e_s_ex,False Belief,Explicit,End,Start,passage_hr,passage,2,"At the end of the story, the saddle was in the",hut,stable,0.027120865881443024,0.893938422203064,-5.042700311737236,False,EleutherAI/pythia-12b,Pythia 12B,,,45000,
12,12_fb_1_e_s_ex,False Belief,Explicit,End,Start,passage_hr,passage,3,The person who put the saddle in the stable was,Hannah,Martin,0.0681782066822052,0.30852022767066956,-2.1779825233112455,False,EleutherAI/pythia-12b,Pythia 12B,,,45000,
12,12_fb_1_e_s_ex,False Belief,Explicit,End,Start,passage_hr,passage,4,The person who moved the saddle to the hut was,Martin,Hannah,0.4162060022354126,0.0650978684425354,2.6766155609456663,True,EleutherAI/pythia-12b,Pythia 12B,,,45000,
12,12_fb_1_e_s_im,False Belief,Implicit,End,Start,passage_hr,passage,1,"At the start of the story, Hannah put the saddle in the",stable,hut,0.8968295454978943,0.018649525940418243,5.587622943996553,True,EleutherAI/pythia-12b,Pythia 12B,,,45000,
12,12_fb_1_e_s_im,False Belief,Implicit,End,Start,passage_hr,passage,2,"At the end of the story, the saddle was in the",hut,stable,0.027120865881443024,0.893938422203064,-5.042700311737236,False,EleutherAI/pythia-12b,Pythia 12B,,,45000,
12,12_fb_1_e_s_im,False Belief,Implicit,End,Start,passage_hr,passage,3,The person who put the saddle in the stable was,Hannah,Martin,0.0681782066822052,0.30852022767066956,-2.1779825233112455,False,EleutherAI/pythia-12b,Pythia 12B,,,45000,
12,12_fb_1_e_s_im,False Belief,Implicit,End,Start,passage_hr,passage,4,The person who moved the saddle to the hut was,Martin,Hannah,0.4162060022354126,0.0650978684425354,2.6766155609456663,True,EleutherAI/pythia-12b,Pythia 12B,,,45000,
12,12_tb_1_e_s_ex,True Belief,Explicit,End,Start,passage_hr,passage,1,"At the start of the story, Hannah put the saddle in the",stable,hut,0.8343327045440674,0.05118316411972046,4.0268815559230875,True,EleutherAI/pythia-12b,Pythia 12B,,,45000,
12,12_tb_1_e_s_ex,True Belief,Explicit,End,Start,passage_hr,passage,2,"At the end of the story, the saddle was in the",hut,stable,0.0772911086678505,0.8133574724197388,-3.3955151937661707,False,EleutherAI/pythia-12b,Pythia 12B,,,45000,
12,12_tb_1_e_s_ex,True Belief,Explicit,End,Start,passage_hr,passage,3,The person who put the saddle in the stable was,Hannah,Martin,0.03885878622531891,0.20391811430454254,-2.3916771940767525,False,EleutherAI/pythia-12b,Pythia 12B,,,45000,
12,12_tb_1_e_s_ex,True Belief,Explicit,End,Start,passage_hr,passage,4,The person who moved the saddle to the hut was,Martin,Hannah,0.26159337162971497,0.05320048704743385,2.2978146269538913,True,EleutherAI/pythia-12b,Pythia 12B,,,45000,
12,12_tb_1_e_s_im,True Belief,Implicit,End,Start,passage_hr,passage,1,"At the start of the story, Hannah put the saddle in the",stable,hut,0.8257311582565308,0.05426725372672081,3.9275183391441564,True,EleutherAI/pythia-12b,Pythia 12B,,,45000,
12,12_tb_1_e_s_im,True Belief,Implicit,End,Start,passage_hr,passage,2,"At the end of the story, the saddle was in the",hut,stable,0.08316006511449814,0.8055298328399658,-3.2759752272659326,False,EleutherAI/pythia-12b,Pythia 12B,,,45000,
12,12_tb_1_e_s_im,True Belief,Implicit,End,Start,passage_hr,passage,3,The person who put the saddle in the stable was,Hannah,Martin,0.03527816757559776,0.13896678388118744,-1.9778925570475134,False,EleutherAI/pythia-12b,Pythia 12B,,,45000,
12,12_tb_1_e_s_im,True Belief,Implicit,End,Start,passage_hr,passage,4,The person who moved the saddle to the hut was,Martin,Hannah,0.2373870462179184,0.05799389258027077,2.0332683307913797,True,EleutherAI/pythia-12b,Pythia 12B,,,45000,
1,1_fb_1_s_e_ex,False Belief,Explicit,Start,End,passage_hr,passage,1,"At the start of the story, Sean put the book in the",box,basket,0.8874994516372681,0.06636913120746613,3.7411619339604085,True,EleutherAI/pythia-12b,Pythia 12B,,,45000,
1,1_fb_1_s_e_ex,False Belief,Explicit,Start,End,passage_hr,passage,2,"At the end of the story, the book was in the",basket,box,0.29908692836761475,0.587400496006012,-0.9737796252231684,False,EleutherAI/pythia-12b,Pythia 12B,,,45000,
1,1_fb_1_s_e_ex,False Belief,Explicit,Start,End,passage_hr,passage,3,The person who put the book in the box was,Sean,Anna,0.41523411870002747,0.07853331416845322,2.402548304660162,True,EleutherAI/pythia-12b,Pythia 12B,,,45000,
1,1_fb_1_s_e_ex,False Belief,Explicit,Start,End,passage_hr,passage,4,The person who moved the book to the basket was,Anna,Sean,0.3982100784778595,0.21882127225399017,0.8637767417978028,True,EleutherAI/pythia-12b,Pythia 12B,,,45000,
1,1_fb_1_s_e_im,False Belief,Implicit,Start,End,passage_hr,passage,1,"At the start of the story, Sean put the book in the",box,basket,0.8874994516372681,0.06636913120746613,3.7411619339604085,True,EleutherAI/pythia-12b,Pythia 12B,,,45000,
1,1_fb_1_s_e_im,False Belief,Implicit,Start,End,passage_hr,passage,2,"At the end of the story, the book was in the",basket,box,0.29908692836761475,0.587400496006012,-0.9737796252231684,False,EleutherAI/pythia-12b,Pythia 12B,,,45000,
1,1_fb_1_s_e_im,False Belief,Implicit,Start,End,passage_hr,passage,3,The person who put the book in the box was,Sean,Anna,0.41523411870002747,0.07853331416845322,2.402548304660162,True,EleutherAI/pythia-12b,Pythia 12B,,,45000,
1,1_fb_1_s_e_im,False Belief,Implicit,Start,End,passage_hr,passage,4,The person who moved the book to the basket was,Anna,Sean,0.3982100784778595,0.21882127225399017,0.8637767417978028,True,EleutherAI/pythia-12b,Pythia 12B,,,45000,
1,1_tb_1_s_e_ex,True Belief,Explicit,Start,End,passage_hr,passage,1,"At the start of the story, Sean put the book in the",box,basket,0.8670251369476318,0.07465656846761703,3.5377327180283693,True,EleutherAI/pythia-12b,Pythia 12B,,,45000,
1,1_tb_1_s_e_ex,True Belief,Explicit,Start,End,passage_hr,passage,2,"At the end of the story, the book was in the",basket,box,0.2379271239042282,0.6551321744918823,-1.4612662535508516,False,EleutherAI/pythia-12b,Pythia 12B,,,45000,
1,1_tb_1_s_e_ex,True Belief,Explicit,Start,End,passage_hr,passage,3,The person who put the book in the box was,Sean,Anna,0.49443182349205017,0.12943531572818756,1.9335403009050038,True,EleutherAI/pythia-12b,Pythia 12B,,,45000,
1,1_tb_1_s_e_ex,True Belief,Explicit,Start,End,passage_hr,passage,4,The person who moved the book to the basket was,Anna,Sean,0.3176954388618469,0.36048534512519836,-0.18229623302362893,False,EleutherAI/pythia-12b,Pythia 12B,,,45000,
1,1_tb_1_s_e_im,True Belief,Implicit,Start,End,passage_hr,passage,1,"At the start of the story, Sean put the book in the",box,basket,0.8670251369476318,0.07465656846761703,3.5377327180283693,True,EleutherAI/pythia-12b,Pythia 12B,,,45000,
1,1_tb_1_s_e_im,True Belief,Implicit,Start,End,passage_hr,passage,2,"At the end of the story, the book was in the",basket,box,0.2379271239042282,0.6551321744918823,-1.4612662535508516,False,EleutherAI/pythia-12b,Pythia 12B,,,45000,
1,1_tb_1_s_e_im,True Belief,Implicit,Start,End,passage_hr,passage,3,The person who put the book in the box was,Sean,Anna,0.49443182349205017,0.12943531572818756,1.9335403009050038,True,EleutherAI/pythia-12b,Pythia 12B,,,45000,
1,1_tb_1_s_e_im,True Belief,Implicit,Start,End,passage_hr,passage,4,The person who moved the book to the basket was,Anna,Sean,0.3176954388618469,0.36048534512519836,-0.18229623302362893,False,EleutherAI/pythia-12b,Pythia 12B,,,45000,
1,1_fb_1_s_s_ex,False Belief,Explicit,Start,Start,passage_hr,passage,1,"At the start of the story, Sean put the book in the",box,basket,0.8891654014587402,0.06200708448886871,3.8419468502699803,True,EleutherAI/pythia-12b,Pythia 12B,,,45000,
1,1_fb_1_s_s_ex,False Belief,Explicit,Start,Start,passage_hr,passage,2,"At the end of the story, the book was in the",basket,box,0.19901452958583832,0.6782869696617126,-1.7690220155490144,False,EleutherAI/pythia-12b,Pythia 12B,,,45000,
1,1_fb_1_s_s_ex,False Belief,Explicit,Start,Start,passage_hr,passage,3,The person who put the book in the box was,Sean,Anna,0.44952574372291565,0.08408845216035843,2.4184241449145003,True,EleutherAI/pythia-12b,Pythia 12B,,,45000,
1,1_fb_1_s_s_ex,False Belief,Explicit,Start,Start,passage_hr,passage,4,The person who moved the book to the basket was,Anna,Sean,0.383838027715683,0.22422832250595093,0.7755291318066695,True,EleutherAI/pythia-12b,Pythia 12B,,,45000,
1,1_fb_1_s_s_im,False Belief,Implicit,Start,Start,passage_hr,passage,1,"At the start of the story, Sean put the book in the",box,basket,0.8891654014587402,0.06200708448886871,3.8419468502699803,True,EleutherAI/pythia-12b,Pythia 12B,,,45000,
1,1_fb_1_s_s_im,False Belief,Implicit,Start,Start,passage_hr,passage,2,"At the end of the story, the book was in the",basket,box,0.19901452958583832,0.6782869696617126,-1.7690220155490144,False,EleutherAI/pythia-12b,Pythia 12B,,,45000,
1,1_fb_1_s_s_im,False Belief,Implicit,Start,Start,passage_hr,passage,3,The person who put the book in the box was,Sean,Anna,0.44952574372291565,0.08408845216035843,2.4184241449145003,True,EleutherAI/pythia-12b,Pythia 12B,,,45000,
1,1_fb_1_s_s_im,False Belief,Implicit,Start,Start,passage_hr,passage,4,The person who moved the book to the basket was,Anna,Sean,0.383838027715683,0.22422832250595093,0.7755291318066695,True,EleutherAI/pythia-12b,Pythia 12B,,,45000,
1,1_tb_1_s_s_ex,True Belief,Explicit,Start,Start,passage_hr,passage,1,"At the start of the story, Sean put the book in the",box,basket,0.8563122749328613,0.08629638701677322,3.3107649418761307,True,EleutherAI/pythia-12b,Pythia 12B,,,45000,
1,1_tb_1_s_s_ex,True Belief,Explicit,Start,Start,passage_hr,passage,2,"At the end of the story, the book was in the",basket,box,0.23841769993305206,0.6479332447052002,-1.4423538384545016,False,EleutherAI/pythia-12b,Pythia 12B,,,45000,
1,1_tb_1_s_s_ex,True Belief,Explicit,Start,Start,passage_hr,passage,3,The person who put the book in the box was,Sean,Anna,0.5056596398353577,0.12773793935775757,1.9849795491212978,True,EleutherAI/pythia-12b,Pythia 12B,,,45000,
1,1_tb_1_s_s_ex,True Belief,Explicit,Start,Start,passage_hr,passage,4,The person who moved the book to the basket was,Anna,Sean,0.33465269207954407,0.3376385271549225,-0.01281491608407259,False,EleutherAI/pythia-12b,Pythia 12B,,,45000,
1,1_tb_1_s_s_im,True Belief,Implicit,Start,Start,passage_hr,passage,1,"At the start of the story, Sean put the book in the",box,basket,0.8563122749328613,0.08629638701677322,3.3107649418761307,True,EleutherAI/pythia-12b,Pythia 12B,,,45000,
1,1_tb_1_s_s_im,True Belief,Implicit,Start,Start,passage_hr,passage,2,"At the end of the story, the book was in the",basket,box,0.23841769993305206,0.6479332447052002,-1.4423538384545016,False,EleutherAI/pythia-12b,Pythia 12B,,,45000,
1,1_tb_1_s_s_im,True Belief,Implicit,Start,Start,passage_hr,passage,3,The person who put the book in the box was,Sean,Anna,0.5056596398353577,0.12773793935775757,1.9849795491212978,True,EleutherAI/pythia-12b,Pythia 12B,,,45000,
1,1_tb_1_s_s_im,True Belief,Implicit,Start,Start,passage_hr,passage,4,The person who moved the book to the basket was,Anna,Sean,0.33465269207954407,0.3376385271549225,-0.01281491608407259,False,EleutherAI/pythia-12b,Pythia 12B,,,45000,
1,1_fb_1_e_e_ex,False Belief,Explicit,End,End,passage_hr,passage,1,"At the start of the story, Sean put the book in the",box,basket,0.7953261733055115,0.14355359971523285,2.4699571415376957,True,EleutherAI/pythia-12b,Pythia 12B,,,45000,
1,1_fb_1_e_e_ex,False Belief,Explicit,End,End,passage_hr,passage,2,"At the end of the story, the book was in the",basket,box,0.360107958316803,0.5036576986312866,-0.48401408337369267,False,EleutherAI/pythia-12b,Pythia 12B,,,45000,
1,1_fb_1_e_e_ex,False Belief,Explicit,End,End,passage_hr,passage,3,The person who put the book in the box was,Sean,Anna,0.38959425687789917,0.09443975239992142,2.0445062461325407,True,EleutherAI/pythia-12b,Pythia 12B,,,45000,
1,1_fb_1_e_e_ex,False Belief,Explicit,End,End,passage_hr,passage,4,The person who moved the book to the basket was,Anna,Sean,0.3817491829395294,0.2128339558839798,0.8428967300422736,True,EleutherAI/pythia-12b,Pythia 12B,,,45000,
1,1_fb_1_e_e_im,False Belief,Implicit,End,End,passage_hr,passage,1,"At the start of the story, Sean put the book in the",box,basket,0.7953261733055115,0.14355359971523285,2.4699571415376957,True,EleutherAI/pythia-12b,Pythia 12B,,,45000,
1,1_fb_1_e_e_im,False Belief,Implicit,End,End,passage_hr,passage,2,"At the end of the story, the book was in the",basket,box,0.360107958316803,0.5036576986312866,-0.48401408337369267,False,EleutherAI/pythia-12b,Pythia 12B,,,45000,
1,1_fb_1_e_e_im,False Belief,Implicit,End,End,passage_hr,passage,3,The person who put the book in the box was,Sean,Anna,0.38959425687789917,0.09443975239992142,2.0445062461325407,True,EleutherAI/pythia-12b,Pythia 12B,,,45000,
1,1_fb_1_e_e_im,False Belief,Implicit,End,End,passage_hr,passage,4,The person who moved the book to the basket was,Anna,Sean,0.3817491829395294,0.2128339558839798,0.8428967300422736,True,EleutherAI/pythia-12b,Pythia 12B,,,45000,
1,1_tb_1_e_e_ex,True Belief,Explicit,End,End,passage_hr,passage,1,"At the start of the story, Sean put the book in the",box,basket,0.7964385747909546,0.13416311144828796,2.569575045683089,True,EleutherAI/pythia-12b,Pythia 12B,,,45000,
1,1_tb_1_e_e_ex,True Belief,Explicit,End,End,passage_hr,passage,2,"At the end of the story, the book was in the",basket,box,0.24913892149925232,0.62937331199646,-1.336965580866922,False,EleutherAI/pythia-12b,Pythia 12B,,,45000,
1,1_tb_1_e_e_ex,True Belief,Explicit,End,End,passage_hr,passage,3,The person who put the book in the box was,Sean,Anna,0.45672592520713806,0.16111063957214355,1.5032769127627015,True,EleutherAI/pythia-12b,Pythia 12B,,,45000,
1,1_tb_1_e_e_ex,True Belief,Explicit,End,End,passage_hr,passage,4,The person who moved the book to the basket was,Anna,Sean,0.31196436285972595,0.35784703493118286,-0.1979617930067111,False,EleutherAI/pythia-12b,Pythia 12B,,,45000,
1,1_tb_1_e_e_im,True Belief,Implicit,End,End,passage_hr,passage,1,"At the start of the story, Sean put the book in the",box,basket,0.7964385747909546,0.13416311144828796,2.569575045683089,True,EleutherAI/pythia-12b,Pythia 12B,,,45000,
1,1_tb_1_e_e_im,True Belief,Implicit,End,End,passage_hr,passage,2,"At the end of the story, the book was in the",basket,box,0.24913892149925232,0.62937331199646,-1.336965580866922,False,EleutherAI/pythia-12b,Pythia 12B,,,45000,
1,1_tb_1_e_e_im,True Belief,Implicit,End,End,passage_hr,passage,3,The person who put the book in the box was,Sean,Anna,0.45672592520713806,0.16111063957214355,1.5032769127627015,True,EleutherAI/pythia-12b,Pythia 12B,,,45000,
1,1_tb_1_e_e_im,True Belief,Implicit,End,End,passage_hr,passage,4,The person who moved the book to the basket was,Anna,Sean,0.31196436285972595,0.35784703493118286,-0.1979617930067111,False,EleutherAI/pythia-12b,Pythia 12B,,,45000,
1,1_fb_1_e_s_ex,False Belief,Explicit,End,Start,passage_hr,passage,1,"At the start of the story, Sean put the book in the",box,basket,0.8212206363677979,0.11648005992174149,2.817686878409128,True,EleutherAI/pythia-12b,Pythia 12B,,,45000,
1,1_fb_1_e_s_ex,False Belief,Explicit,End,Start,passage_hr,passage,2,"At the end of the story, the book was in the",basket,box,0.2785301208496094,0.5822354555130005,-1.0637693435927518,False,EleutherAI/pythia-12b,Pythia 12B,,,45000,
1,1_fb_1_e_s_ex,False Belief,Explicit,End,Start,passage_hr,passage,3,The person who put the book in the box was,Sean,Anna,0.4280419945716858,0.09311600029468536,2.20065134910547,True,EleutherAI/pythia-12b,Pythia 12B,,,45000,
1,1_fb_1_e_s_ex,False Belief,Explicit,End,Start,passage_hr,passage,4,The person who moved the book to the basket was,Anna,Sean,0.35155370831489563,0.22612930834293365,0.6365971224808216,True,EleutherAI/pythia-12b,Pythia 12B,,,45000,
1,1_fb_1_e_s_im,False Belief,Implicit,End,Start,passage_hr,passage,1,"At the start of the story, Sean put the book in the",box,basket,0.8212206363677979,0.11648005992174149,2.817686878409128,True,EleutherAI/pythia-12b,Pythia 12B,,,45000,
1,1_fb_1_e_s_im,False Belief,Implicit,End,Start,passage_hr,passage,2,"At the end of the story, the book was in the",basket,box,0.2785301208496094,0.5822354555130005,-1.0637693435927518,False,EleutherAI/pythia-12b,Pythia 12B,,,45000,
1,1_fb_1_e_s_im,False Belief,Implicit,End,Start,passage_hr,passage,3,The person who put the book in the box was,Sean,Anna,0.4280419945716858,0.09311600029468536,2.20065134910547,True,EleutherAI/pythia-12b,Pythia 12B,,,45000,
1,1_fb_1_e_s_im,False Belief,Implicit,End,Start,passage_hr,passage,4,The person who moved the book to the basket was,Anna,Sean,0.35155370831489563,0.22612930834293365,0.6365971224808216,True,EleutherAI/pythia-12b,Pythia 12B,,,45000,
1,1_tb_1_e_s_ex,True Belief,Explicit,End,Start,passage_hr,passage,1,"At the start of the story, Sean put the book in the",box,basket,0.8006305694580078,0.1306464821100235,2.615468423326522,True,EleutherAI/pythia-12b,Pythia 12B,,,45000,
1,1_tb_1_e_s_ex,True Belief,Explicit,End,Start,passage_hr,passage,2,"At the end of the story, the book was in the",basket,box,0.25936251878738403,0.6254289150238037,-1.2698759132260977,False,EleutherAI/pythia-12b,Pythia 12B,,,45000,
1,1_tb_1_e_s_ex,True Belief,Explicit,End,Start,passage_hr,passage,3,The person who put the book in the box was,Sean,Anna,0.47097378969192505,0.1506747305393219,1.6442092894675902,True,EleutherAI/pythia-12b,Pythia 12B,,,45000,
1,1_tb_1_e_s_ex,True Belief,Explicit,End,Start,passage_hr,passage,4,The person who moved the book to the basket was,Anna,Sean,0.31253424286842346,0.3436807692050934,-0.13705485982390983,False,EleutherAI/pythia-12b,Pythia 12B,,,45000,
1,1_tb_1_e_s_im,True Belief,Implicit,End,Start,passage_hr,passage,1,"At the start of the story, Sean put the book in the",box,basket,0.8006305694580078,0.1306464821100235,2.615468423326522,True,EleutherAI/pythia-12b,Pythia 12B,,,45000,
1,1_tb_1_e_s_im,True Belief,Implicit,End,Start,passage_hr,passage,2,"At the end of the story, the book was in the",basket,box,0.25936251878738403,0.6254289150238037,-1.2698759132260977,False,EleutherAI/pythia-12b,Pythia 12B,,,45000,
1,1_tb_1_e_s_im,True Belief,Implicit,End,Start,passage_hr,passage,3,The person who put the book in the box was,Sean,Anna,0.47097378969192505,0.1506747305393219,1.6442092894675902,True,EleutherAI/pythia-12b,Pythia 12B,,,45000,
1,1_tb_1_e_s_im,True Belief,Implicit,End,Start,passage_hr,passage,4,The person who moved the book to the basket was,Anna,Sean,0.31253424286842346,0.3436807692050934,-0.13705485982390983,False,EleutherAI/pythia-12b,Pythia 12B,,,45000,
2,2_fb_1_s_e_ex,False Belief,Explicit,Start,End,passage_hr,passage,1,"At the start of the story, Mary put the jam in the",cupboard,fridge,0.6273680329322815,0.2755098044872284,1.1872083591317146,True,EleutherAI/pythia-12b,Pythia 12B,,,45000,
2,2_fb_1_s_e_ex,False Belief,Explicit,Start,End,passage_hr,passage,2,"At the end of the story, the jam was in the",fridge,cupboard,0.6866815090179443,0.20882482826709747,1.71734786359581,True,EleutherAI/pythia-12b,Pythia 12B,,,45000,
2,2_fb_1_s_e_ex,False Belief,Explicit,Start,End,passage_hr,passage,3,The person who put the jam in the cupboard was,Mary,James,0.3371097445487976,0.07960689067840576,2.0822531114362617,True,EleutherAI/pythia-12b,Pythia 12B,,,45000,
2,2_fb_1_s_e_ex,False Belief,Explicit,Start,End,passage_hr,passage,4,The person who moved the jam to the fridge was,James,Mary,0.2196374386548996,0.277723491191864,-0.3385252201986446,False,EleutherAI/pythia-12b,Pythia 12B,,,45000,
2,2_fb_1_s_e_im,False Belief,Implicit,Start,End,passage_hr,passage,1,"At the start of the story, Mary put the jam in the",cupboard,fridge,0.6273680329322815,0.2755098044872284,1.1872083591317146,True,EleutherAI/pythia-12b,Pythia 12B,,,45000,
2,2_fb_1_s_e_im,False Belief,Implicit,Start,End,passage_hr,passage,2,"At the end of the story, the jam was in the",fridge,cupboard,0.6866815090179443,0.20882482826709747,1.71734786359581,True,EleutherAI/pythia-12b,Pythia 12B,,,45000,
2,2_fb_1_s_e_im,False Belief,Implicit,Start,End,passage_hr,passage,3,The person who put the jam in the cupboard was,Mary,James,0.3371097445487976,0.07960689067840576,2.0822531114362617,True,EleutherAI/pythia-12b,Pythia 12B,,,45000,
2,2_fb_1_s_e_im,False Belief,Implicit,Start,End,passage_hr,passage,4,The person who moved the jam to the fridge was,James,Mary,0.2196374386548996,0.277723491191864,-0.3385252201986446,False,EleutherAI/pythia-12b,Pythia 12B,,,45000,
2,2_tb_1_s_e_ex,True Belief,Explicit,Start,End,passage_hr,passage,1,"At the start of the story, Mary put the jam in the",cupboard,fridge,0.5465677380561829,0.31604668498039246,0.7902626227321268,True,EleutherAI/pythia-12b,Pythia 12B,,,45000,
2,2_tb_1_s_e_ex,True Belief,Explicit,Start,End,passage_hr,passage,2,"At the end of the story, the jam was in the",fridge,cupboard,0.7545617818832397,0.1384783685207367,2.445978397487563,True,EleutherAI/pythia-12b,Pythia 12B,,,45000,
2,2_tb_1_s_e_ex,True Belief,Explicit,Start,End,passage_hr,passage,3,The person who put the jam in the cupboard was,Mary,James,0.2013796865940094,0.19579724967479706,0.04055766450490998,True,EleutherAI/pythia-12b,Pythia 12B,,,45000,
2,2_tb_1_s_e_ex,True Belief,Explicit,Start,End,passage_hr,passage,4,The person who moved the jam to the fridge was,James,Mary,0.3106421232223511,0.271499365568161,0.19430464635074876,True,EleutherAI/pythia-12b,Pythia 12B,,,45000,
2,2_tb_1_s_e_im,True Belief,Implicit,Start,End,passage_hr,passage,1,"At the start of the story, Mary put the jam in the",cupboard,fridge,0.5465677380561829,0.31604668498039246,0.7902626227321268,True,EleutherAI/pythia-12b,Pythia 12B,,,45000,
2,2_tb_1_s_e_im,True Belief,Implicit,Start,End,passage_hr,passage,2,"At the end of the story, the jam was in the",fridge,cupboard,0.7545617818832397,0.1384783685207367,2.445978397487563,True,EleutherAI/pythia-12b,Pythia 12B,,,45000,
2,2_tb_1_s_e_im,True Belief,Implicit,Start,End,passage_hr,passage,3,The person who put the jam in the cupboard was,Mary,James,0.2013796865940094,0.19579724967479706,0.04055766450490998,True,EleutherAI/pythia-12b,Pythia 12B,,,45000,
2,2_tb_1_s_e_im,True Belief,Implicit,Start,End,passage_hr,passage,4,The person who moved the jam to the fridge was,James,Mary,0.3106421232223511,0.271499365568161,0.19430464635074876,True,EleutherAI/pythia-12b,Pythia 12B,,,45000,
2,2_fb_1_s_s_ex,False Belief,Explicit,Start,Start,passage_hr,passage,1,"At the start of the story, Mary put the jam in the",cupboard,fridge,0.5897210836410522,0.31502553820610046,0.9045639856974265,True,EleutherAI/pythia-12b,Pythia 12B,,,45000,
2,2_fb_1_s_s_ex,False Belief,Explicit,Start,Start,passage_hr,passage,2,"At the end of the story, the jam was in the",fridge,cupboard,0.8253867030143738,0.08426477760076523,3.292068576196065,True,EleutherAI/pythia-12b,Pythia 12B,,,45000,
2,2_fb_1_s_s_ex,False Belief,Explicit,Start,Start,passage_hr,passage,3,The person who put the jam in the cupboard was,Mary,James,0.3312152326107025,0.07731498032808304,2.0989491452182887,True,EleutherAI/pythia-12b,Pythia 12B,,,45000,
2,2_fb_1_s_s_ex,False Belief,Explicit,Start,Start,passage_hr,passage,4,The person who moved the jam to the fridge was,James,Mary,0.17679433524608612,0.3149518072605133,-0.833059040366982,False,EleutherAI/pythia-12b,Pythia 12B,,,45000,
2,2_fb_1_s_s_im,False Belief,Implicit,Start,Start,passage_hr,passage,1,"At the start of the story, Mary put the jam in the",cupboard,fridge,0.5897210836410522,0.31502553820610046,0.9045639856974265,True,EleutherAI/pythia-12b,Pythia 12B,,,45000,
2,2_fb_1_s_s_im,False Belief,Implicit,Start,Start,passage_hr,passage,2,"At the end of the story, the jam was in the",fridge,cupboard,0.8253867030143738,0.08426477760076523,3.292068576196065,True,EleutherAI/pythia-12b,Pythia 12B,,,45000,
2,2_fb_1_s_s_im,False Belief,Implicit,Start,Start,passage_hr,passage,3,The person who put the jam in the cupboard was,Mary,James,0.3312152326107025,0.07731498032808304,2.0989491452182887,True,EleutherAI/pythia-12b,Pythia 12B,,,45000,
2,2_fb_1_s_s_im,False Belief,Implicit,Start,Start,passage_hr,passage,4,The person who moved the jam to the fridge was,James,Mary,0.17679433524608612,0.3149518072605133,-0.833059040366982,False,EleutherAI/pythia-12b,Pythia 12B,,,45000,
2,2_tb_1_s_s_ex,True Belief,Explicit,Start,Start,passage_hr,passage,1,"At the start of the story, Mary put the jam in the",cupboard,fridge,0.3732672929763794,0.500676691532135,-0.4236701938131428,False,EleutherAI/pythia-12b,Pythia 12B,,,45000,
2,2_tb_1_s_s_ex,True Belief,Explicit,Start,Start,passage_hr,passage,2,"At the end of the story, the jam was in the",fridge,cupboard,0.8791661858558655,0.035765986889600754,4.619475743564633,True,EleutherAI/pythia-12b,Pythia 12B,,,45000,
2,2_tb_1_s_s_ex,True Belief,Explicit,Start,Start,passage_hr,passage,3,The person who put the jam in the cupboard was,Mary,James,0.1897144615650177,0.20300857722759247,-0.09771102659966953,False,EleutherAI/pythia-12b,Pythia 12B,,,45000,
2,2_tb_1_s_s_ex,True Belief,Explicit,Start,Start,passage_hr,passage,4,The person who moved the jam to the fridge was,James,Mary,0.2559749484062195,0.2734658718109131,-0.09535817339474632,False,EleutherAI/pythia-12b,Pythia 12B,,,45000,
2,2_tb_1_s_s_im,True Belief,Implicit,Start,Start,passage_hr,passage,1,"At the start of the story, Mary put the jam in the",cupboard,fridge,0.3732672929763794,0.500676691532135,-0.4236701938131428,False,EleutherAI/pythia-12b,Pythia 12B,,,45000,
2,2_tb_1_s_s_im,True Belief,Implicit,Start,Start,passage_hr,passage,2,"At the end of the story, the jam was in the",fridge,cupboard,0.8791661858558655,0.035765986889600754,4.619475743564633,True,EleutherAI/pythia-12b,Pythia 12B,,,45000,
2,2_tb_1_s_s_im,True Belief,Implicit,Start,Start,passage_hr,passage,3,The person who put the jam in the cupboard was,Mary,James,0.1897144615650177,0.20300857722759247,-0.09771102659966953,False,EleutherAI/pythia-12b,Pythia 12B,,,45000,
2,2_tb_1_s_s_im,True Belief,Implicit,Start,Start,passage_hr,passage,4,The person who moved the jam to the fridge was,James,Mary,0.2559749484062195,0.2734658718109131,-0.09535817339474632,False,EleutherAI/pythia-12b,Pythia 12B,,,45000,
2,2_fb_1_e_e_ex,False Belief,Explicit,End,End,passage_hr,passage,1,"At the start of the story, Mary put the jam in the",cupboard,fridge,0.5327636003494263,0.36100536584854126,0.5614752365388664,True,EleutherAI/pythia-12b,Pythia 12B,,,45000,
2,2_fb_1_e_e_ex,False Belief,Explicit,End,End,passage_hr,passage,2,"At the end of the story, the jam was in the",fridge,cupboard,0.7128844261169434,0.1784856766462326,1.9978599001546677,True,EleutherAI/pythia-12b,Pythia 12B,,,45000,
2,2_fb_1_e_e_ex,False Belief,Explicit,End,End,passage_hr,passage,3,The person who put the jam in the cupboard was,Mary,James,0.35626086592674255,0.07279378175735474,2.291046895045105,True,EleutherAI/pythia-12b,Pythia 12B,,,45000,
2,2_fb_1_e_e_ex,False Belief,Explicit,End,End,passage_hr,passage,4,The person who moved the jam to the fridge was,James,Mary,0.19029764831066132,0.2966444492340088,-0.6404770545944315,False,EleutherAI/pythia-12b,Pythia 12B,,,45000,
2,2_fb_1_e_e_im,False Belief,Implicit,End,End,passage_hr,passage,1,"At the start of the story, Mary put the jam in the",cupboard,fridge,0.5327636003494263,0.36100536584854126,0.5614752365388664,True,EleutherAI/pythia-12b,Pythia 12B,,,45000,
2,2_fb_1_e_e_im,False Belief,Implicit,End,End,passage_hr,passage,2,"At the end of the story, the jam was in the",fridge,cupboard,0.7128844261169434,0.1784856766462326,1.9978599001546677,True,EleutherAI/pythia-12b,Pythia 12B,,,45000,
2,2_fb_1_e_e_im,False Belief,Implicit,End,End,passage_hr,passage,3,The person who put the jam in the cupboard was,Mary,James,0.35626086592674255,0.07279378175735474,2.291046895045105,True,EleutherAI/pythia-12b,Pythia 12B,,,45000,
2,2_fb_1_e_e_im,False Belief,Implicit,End,End,passage_hr,passage,4,The person who moved the jam to the fridge was,James,Mary,0.19029764831066132,0.2966444492340088,-0.6404770545944315,False,EleutherAI/pythia-12b,Pythia 12B,,,45000,
2,2_tb_1_e_e_ex,True Belief,Explicit,End,End,passage_hr,passage,1,"At the start of the story, Mary put the jam in the",cupboard,fridge,0.4595247209072113,0.40179726481437683,0.19367473267941615,True,EleutherAI/pythia-12b,Pythia 12B,,,45000,
2,2_tb_1_e_e_ex,True Belief,Explicit,End,End,passage_hr,passage,2,"At the end of the story, the jam was in the",fridge,cupboard,0.7073065638542175,0.17592892050743103,2.0073429864051513,True,EleutherAI/pythia-12b,Pythia 12B,,,45000,
2,2_tb_1_e_e_ex,True Belief,Explicit,End,End,passage_hr,passage,3,The person who put the jam in the cupboard was,Mary,James,0.22700980305671692,0.17987608909606934,0.3357511772683314,True,EleutherAI/pythia-12b,Pythia 12B,,,45000,
2,2_tb_1_e_e_ex,True Belief,Explicit,End,End,passage_hr,passage,4,The person who moved the jam to the fridge was,James,Mary,0.2643303871154785,0.3023732602596283,-0.19398827844631955,False,EleutherAI/pythia-12b,Pythia 12B,,,45000,
2,2_tb_1_e_e_im,True Belief,Implicit,End,End,passage_hr,passage,1,"At the start of the story, Mary put the jam in the",cupboard,fridge,0.4595247209072113,0.40179726481437683,0.19367473267941615,True,EleutherAI/pythia-12b,Pythia 12B,,,45000,
2,2_tb_1_e_e_im,True Belief,Implicit,End,End,passage_hr,passage,2,"At the end of the story, the jam was in the",fridge,cupboard,0.7073065638542175,0.17592892050743103,2.0073429864051513,True,EleutherAI/pythia-12b,Pythia 12B,,,45000,
2,2_tb_1_e_e_im,True Belief,Implicit,End,End,passage_hr,passage,3,The person who put the jam in the cupboard was,Mary,James,0.22700980305671692,0.17987608909606934,0.3357511772683314,True,EleutherAI/pythia-12b,Pythia 12B,,,45000,
2,2_tb_1_e_e_im,True Belief,Implicit,End,End,passage_hr,passage,4,The person who moved the jam to the fridge was,James,Mary,0.2643303871154785,0.3023732602596283,-0.19398827844631955,False,EleutherAI/pythia-12b,Pythia 12B,,,45000,
2,2_fb_1_e_s_ex,False Belief,Explicit,End,Start,passage_hr,passage,1,"At the start of the story, Mary put the jam in the",cupboard,fridge,0.5555841326713562,0.3415299952030182,0.7019931067669601,True,EleutherAI/pythia-12b,Pythia 12B,,,45000,
2,2_fb_1_e_s_ex,False Belief,Explicit,End,Start,passage_hr,passage,2,"At the end of the story, the jam was in the",fridge,cupboard,0.7669102549552917,0.1298404186964035,2.562318203897173,True,EleutherAI/pythia-12b,Pythia 12B,,,45000,
2,2_fb_1_e_s_ex,False Belief,Explicit,End,Start,passage_hr,passage,3,The person who put the jam in the cupboard was,Mary,James,0.3446480333805084,0.07106900215148926,2.277831434770122,True,EleutherAI/pythia-12b,Pythia 12B,,,45000,
2,2_fb_1_e_s_ex,False Belief,Explicit,End,Start,passage_hr,passage,4,The person who moved the jam to the fridge was,James,Mary,0.1581089347600937,0.3202659785747528,-1.0183516537759478,False,EleutherAI/pythia-12b,Pythia 12B,,,45000,
2,2_fb_1_e_s_im,False Belief,Implicit,End,Start,passage_hr,passage,1,"At the start of the story, Mary put the jam in the",cupboard,fridge,0.5555841326713562,0.3415299952030182,0.7019931067669601,True,EleutherAI/pythia-12b,Pythia 12B,,,45000,
2,2_fb_1_e_s_im,False Belief,Implicit,End,Start,passage_hr,passage,2,"At the end of the story, the jam was in the",fridge,cupboard,0.7669102549552917,0.1298404186964035,2.562318203897173,True,EleutherAI/pythia-12b,Pythia 12B,,,45000,
2,2_fb_1_e_s_im,False Belief,Implicit,End,Start,passage_hr,passage,3,The person who put the jam in the cupboard was,Mary,James,0.3446480333805084,0.07106900215148926,2.277831434770122,True,EleutherAI/pythia-12b,Pythia 12B,,,45000,
2,2_fb_1_e_s_im,False Belief,Implicit,End,Start,passage_hr,passage,4,The person who moved the jam to the fridge was,James,Mary,0.1581089347600937,0.3202659785747528,-1.0183516537759478,False,EleutherAI/pythia-12b,Pythia 12B,,,45000,
2,2_tb_1_e_s_ex,True Belief,Explicit,End,Start,passage_hr,passage,1,"At the start of the story, Mary put the jam in the",cupboard,fridge,0.35833027958869934,0.5168525576591492,-0.5284628229738166,False,EleutherAI/pythia-12b,Pythia 12B,,,45000,
2,2_tb_1_e_s_ex,True Belief,Explicit,End,Start,passage_hr,passage,2,"At the end of the story, the jam was in the",fridge,cupboard,0.8343953490257263,0.06778637319803238,3.6216639273384708,True,EleutherAI/pythia-12b,Pythia 12B,,,45000,
2,2_tb_1_e_s_ex,True Belief,Explicit,End,Start,passage_hr,passage,3,The person who put the jam in the cupboard was,Mary,James,0.21904055774211884,0.18628914654254913,0.23365440187681435,True,EleutherAI/pythia-12b,Pythia 12B,,,45000,
2,2_tb_1_e_s_ex,True Belief,Explicit,End,Start,passage_hr,passage,4,The person who moved the jam to the fridge was,James,Mary,0.22683702409267426,0.29654160141944885,-0.386578378085112,False,EleutherAI/pythia-12b,Pythia 12B,,,45000,
2,2_tb_1_e_s_im,True Belief,Implicit,End,Start,passage_hr,passage,1,"At the start of the story, Mary put the jam in the",cupboard,fridge,0.35833027958869934,0.5168525576591492,-0.5284628229738166,False,EleutherAI/pythia-12b,Pythia 12B,,,45000,
2,2_tb_1_e_s_im,True Belief,Implicit,End,Start,passage_hr,passage,2,"At the end of the story, the jam was in the",fridge,cupboard,0.8343953490257263,0.06778637319803238,3.6216639273384708,True,EleutherAI/pythia-12b,Pythia 12B,,,45000,
2,2_tb_1_e_s_im,True Belief,Implicit,End,Start,passage_hr,passage,3,The person who put the jam in the cupboard was,Mary,James,0.21904055774211884,0.18628914654254913,0.23365440187681435,True,EleutherAI/pythia-12b,Pythia 12B,,,45000,
2,2_tb_1_e_s_im,True Belief,Implicit,End,Start,passage_hr,passage,4,The person who moved the jam to the fridge was,James,Mary,0.22683702409267426,0.29654160141944885,-0.386578378085112,False,EleutherAI/pythia-12b,Pythia 12B,,,45000,
3,3_fb_1_s_e_ex,False Belief,Explicit,Start,End,passage_hr,passage,1,"At the start of the story, Cameron put the shirt in the",sink,basket,0.8897225260734558,0.022162484005093575,5.32716398411504,True,EleutherAI/pythia-12b,Pythia 12B,,,45000,
3,3_fb_1_s_e_ex,False Belief,Explicit,Start,End,passage_hr,passage,2,"At the end of the story, the shirt was in the",basket,sink,0.5976439118385315,0.2551920413970947,1.2277028170469577,True,EleutherAI/pythia-12b,Pythia 12B,,,45000,
3,3_fb_1_s_e_ex,False Belief,Explicit,Start,End,passage_hr,passage,3,The person who put the shirt in the sink was,Cameron,Helen,0.04826274886727333,0.4925791323184967,-3.3513735170573735,False,EleutherAI/pythia-12b,Pythia 12B,,,45000,
3,3_fb_1_s_e_ex,False Belief,Explicit,Start,End,passage_hr,passage,4,The person who moved the shirt to the basket was,Helen,Cameron,0.6414986252784729,0.053220074623823166,3.5914037352611876,True,EleutherAI/pythia-12b,Pythia 12B,,,45000,
3,3_fb_1_s_e_im,False Belief,Implicit,Start,End,passage_hr,passage,1,"At the start of the story, Cameron put the shirt in the",sink,basket,0.8897225260734558,0.022162484005093575,5.32716398411504,True,EleutherAI/pythia-12b,Pythia 12B,,,45000,
3,3_fb_1_s_e_im,False Belief,Implicit,Start,End,passage_hr,passage,2,"At the end of the story, the shirt was in the",basket,sink,0.5976439118385315,0.2551920413970947,1.2277028170469577,True,EleutherAI/pythia-12b,Pythia 12B,,,45000,
3,3_fb_1_s_e_im,False Belief,Implicit,Start,End,passage_hr,passage,3,The person who put the shirt in the sink was,Cameron,Helen,0.04826274886727333,0.4925791323184967,-3.3513735170573735,False,EleutherAI/pythia-12b,Pythia 12B,,,45000,
3,3_fb_1_s_e_im,False Belief,Implicit,Start,End,passage_hr,passage,4,The person who moved the shirt to the basket was,Helen,Cameron,0.6414986252784729,0.053220074623823166,3.5914037352611876,True,EleutherAI/pythia-12b,Pythia 12B,,,45000,
3,3_tb_1_s_e_ex,True Belief,Explicit,Start,End,passage_hr,passage,1,"At the start of the story, Cameron put the shirt in the",sink,basket,0.817003607749939,0.0365336537361145,4.483044498910209,True,EleutherAI/pythia-12b,Pythia 12B,,,45000,
3,3_tb_1_s_e_ex,True Belief,Explicit,Start,End,passage_hr,passage,2,"At the end of the story, the shirt was in the",basket,sink,0.56097012758255,0.2227039784193039,1.3327966165291238,True,EleutherAI/pythia-12b,Pythia 12B,,,45000,
3,3_tb_1_s_e_ex,True Belief,Explicit,Start,End,passage_hr,passage,3,The person who put the shirt in the sink was,Cameron,Helen,0.0387636162340641,0.31856462359428406,-3.0388109950779776,False,EleutherAI/pythia-12b,Pythia 12B,,,45000,
3,3_tb_1_s_e_ex,True Belief,Explicit,Start,End,passage_hr,passage,4,The person who moved the shirt to the basket was,Helen,Cameron,0.4282517731189728,0.05951397120952606,2.8471589262646733,True,EleutherAI/pythia-12b,Pythia 12B,,,45000,
3,3_tb_1_s_e_im,True Belief,Implicit,Start,End,passage_hr,passage,1,"At the start of the story, Cameron put the shirt in the",sink,basket,0.817003607749939,0.0365336537361145,4.483044498910209,True,EleutherAI/pythia-12b,Pythia 12B,,,45000,
3,3_tb_1_s_e_im,True Belief,Implicit,Start,End,passage_hr,passage,2,"At the end of the story, the shirt was in the",basket,sink,0.56097012758255,0.2227039784193039,1.3327966165291238,True,EleutherAI/pythia-12b,Pythia 12B,,,45000,
3,3_tb_1_s_e_im,True Belief,Implicit,Start,End,passage_hr,passage,3,The person who put the shirt in the sink was,Cameron,Helen,0.0387636162340641,0.31856462359428406,-3.0388109950779776,False,EleutherAI/pythia-12b,Pythia 12B,,,45000,
3,3_tb_1_s_e_im,True Belief,Implicit,Start,End,passage_hr,passage,4,The person who moved the shirt to the basket was,Helen,Cameron,0.4282517731189728,0.05951397120952606,2.8471589262646733,True,EleutherAI/pythia-12b,Pythia 12B,,,45000,
3,3_fb_1_s_s_ex,False Belief,Explicit,Start,Start,passage_hr,passage,1,"At the start of the story, Cameron put the shirt in the",sink,basket,0.7792214155197144,0.11792521923780441,2.7241610448602427,True,EleutherAI/pythia-12b,Pythia 12B,,,45000,
3,3_fb_1_s_s_ex,False Belief,Explicit,Start,Start,passage_hr,passage,2,"At the end of the story, the shirt was in the",basket,sink,0.6911420226097107,0.18708261847496033,1.8853066736534676,True,EleutherAI/pythia-12b,Pythia 12B,,,45000,
3,3_fb_1_s_s_ex,False Belief,Explicit,Start,Start,passage_hr,passage,3,The person who put the shirt in the sink was,Cameron,Helen,0.04523173347115517,0.4781419336795807,-3.4020317451846,False,EleutherAI/pythia-12b,Pythia 12B,,,45000,
3,3_fb_1_s_s_ex,False Belief,Explicit,Start,Start,passage_hr,passage,4,The person who moved the shirt to the basket was,Helen,Cameron,0.6076321005821228,0.06056998670101166,3.3265230882167436,True,EleutherAI/pythia-12b,Pythia 12B,,,45000,
3,3_fb_1_s_s_im,False Belief,Implicit,Start,Start,passage_hr,passage,1,"At the start of the story, Cameron put the shirt in the",sink,basket,0.7792214155197144,0.11792521923780441,2.7241610448602427,True,EleutherAI/pythia-12b,Pythia 12B,,,45000,
3,3_fb_1_s_s_im,False Belief,Implicit,Start,Start,passage_hr,passage,2,"At the end of the story, the shirt was in the",basket,sink,0.6911420226097107,0.18708261847496033,1.8853066736534676,True,EleutherAI/pythia-12b,Pythia 12B,,,45000,
3,3_fb_1_s_s_im,False Belief,Implicit,Start,Start,passage_hr,passage,3,The person who put the shirt in the sink was,Cameron,Helen,0.04523173347115517,0.4781419336795807,-3.4020317451846,False,EleutherAI/pythia-12b,Pythia 12B,,,45000,
3,3_fb_1_s_s_im,False Belief,Implicit,Start,Start,passage_hr,passage,4,The person who moved the shirt to the basket was,Helen,Cameron,0.6076321005821228,0.06056998670101166,3.3265230882167436,True,EleutherAI/pythia-12b,Pythia 12B,,,45000,
3,3_tb_1_s_s_ex,True Belief,Explicit,Start,Start,passage_hr,passage,1,"At the start of the story, Cameron put the shirt in the",sink,basket,0.7399708032608032,0.10797621309757233,2.7767548228974572,True,EleutherAI/pythia-12b,Pythia 12B,,,45000,
3,3_tb_1_s_s_ex,True Belief,Explicit,Start,Start,passage_hr,passage,2,"At the end of the story, the shirt was in the",basket,sink,0.6412124633789062,0.1607334315776825,1.9961324356947268,True,EleutherAI/pythia-12b,Pythia 12B,,,45000,
3,3_tb_1_s_s_ex,True Belief,Explicit,Start,Start,passage_hr,passage,3,The person who put the shirt in the sink was,Cameron,Helen,0.0334952212870121,0.3191937208175659,-3.252405082900165,False,EleutherAI/pythia-12b,Pythia 12B,,,45000,
3,3_tb_1_s_s_ex,True Belief,Explicit,Start,Start,passage_hr,passage,4,The person who moved the shirt to the basket was,Helen,Cameron,0.4156961441040039,0.05828581750392914,2.834312580930564,True,EleutherAI/pythia-12b,Pythia 12B,,,45000,
3,3_tb_1_s_s_im,True Belief,Implicit,Start,Start,passage_hr,passage,1,"At the start of the story, Cameron put the shirt in the",sink,basket,0.7399708032608032,0.10797621309757233,2.7767548228974572,True,EleutherAI/pythia-12b,Pythia 12B,,,45000,
3,3_tb_1_s_s_im,True Belief,Implicit,Start,Start,passage_hr,passage,2,"At the end of the story, the shirt was in the",basket,sink,0.6412124633789062,0.1607334315776825,1.9961324356947268,True,EleutherAI/pythia-12b,Pythia 12B,,,45000,
3,3_tb_1_s_s_im,True Belief,Implicit,Start,Start,passage_hr,passage,3,The person who put the shirt in the sink was,Cameron,Helen,0.0334952212870121,0.3191937208175659,-3.252405082900165,False,EleutherAI/pythia-12b,Pythia 12B,,,45000,
3,3_tb_1_s_s_im,True Belief,Implicit,Start,Start,passage_hr,passage,4,The person who moved the shirt to the basket was,Helen,Cameron,0.4156961441040039,0.05828581750392914,2.834312580930564,True,EleutherAI/pythia-12b,Pythia 12B,,,45000,
3,3_fb_1_e_e_ex,False Belief,Explicit,End,End,passage_hr,passage,1,"At the start of the story, Cameron put the shirt in the",sink,basket,0.8507115244865417,0.04817453771829605,4.142327270613879,True,EleutherAI/pythia-12b,Pythia 12B,,,45000,
3,3_fb_1_e_e_ex,False Belief,Explicit,End,End,passage_hr,passage,2,"At the end of the story, the shirt was in the",basket,sink,0.5843934416770935,0.2747724652290344,1.088702547804777,True,EleutherAI/pythia-12b,Pythia 12B,,,45000,
3,3_fb_1_e_e_ex,False Belief,Explicit,End,End,passage_hr,passage,3,The person who put the shirt in the sink was,Cameron,Helen,0.045923128724098206,0.5173381567001343,-3.4938147619206625,False,EleutherAI/pythia-12b,Pythia 12B,,,45000,
3,3_fb_1_e_e_ex,False Belief,Explicit,End,End,passage_hr,passage,4,The person who moved the shirt to the basket was,Helen,Cameron,0.6017748117446899,0.05642612278461456,3.4147885955953488,True,EleutherAI/pythia-12b,Pythia 12B,,,45000,
3,3_fb_1_e_e_im,False Belief,Implicit,End,End,passage_hr,passage,1,"At the start of the story, Cameron put the shirt in the",sink,basket,0.8507115244865417,0.04817453771829605,4.142327270613879,True,EleutherAI/pythia-12b,Pythia 12B,,,45000,
3,3_fb_1_e_e_im,False Belief,Implicit,End,End,passage_hr,passage,2,"At the end of the story, the shirt was in the",basket,sink,0.5843934416770935,0.2747724652290344,1.088702547804777,True,EleutherAI/pythia-12b,Pythia 12B,,,45000,
3,3_fb_1_e_e_im,False Belief,Implicit,End,End,passage_hr,passage,3,The person who put the shirt in the sink was,Cameron,Helen,0.045923128724098206,0.5173381567001343,-3.4938147619206625,False,EleutherAI/pythia-12b,Pythia 12B,,,45000,
3,3_fb_1_e_e_im,False Belief,Implicit,End,End,passage_hr,passage,4,The person who moved the shirt to the basket was,Helen,Cameron,0.6017748117446899,0.05642612278461456,3.4147885955953488,True,EleutherAI/pythia-12b,Pythia 12B,,,45000,
3,3_tb_1_e_e_ex,True Belief,Explicit,End,End,passage_hr,passage,1,"At the start of the story, Cameron put the shirt in the",sink,basket,0.7425662279129028,0.08801855146884918,3.0766401681273856,True,EleutherAI/pythia-12b,Pythia 12B,,,45000,
3,3_tb_1_e_e_ex,True Belief,Explicit,End,End,passage_hr,passage,2,"At the end of the story, the shirt was in the",basket,sink,0.5412857532501221,0.24188411235809326,1.1620744044449398,True,EleutherAI/pythia-12b,Pythia 12B,,,45000,
3,3_tb_1_e_e_ex,True Belief,Explicit,End,End,passage_hr,passage,3,The person who put the shirt in the sink was,Cameron,Helen,0.03597521409392357,0.3412940204143524,-3.2459399603579775,False,EleutherAI/pythia-12b,Pythia 12B,,,45000,
3,3_tb_1_e_e_ex,True Belief,Explicit,End,End,passage_hr,passage,4,The person who moved the shirt to the basket was,Helen,Cameron,0.39323365688323975,0.05170899257063866,2.926899704632142,True,EleutherAI/pythia-12b,Pythia 12B,,,45000,
3,3_tb_1_e_e_im,True Belief,Implicit,End,End,passage_hr,passage,1,"At the start of the story, Cameron put the shirt in the",sink,basket,0.7425662279129028,0.08801855146884918,3.0766401681273856,True,EleutherAI/pythia-12b,Pythia 12B,,,45000,
3,3_tb_1_e_e_im,True Belief,Implicit,End,End,passage_hr,passage,2,"At the end of the story, the shirt was in the",basket,sink,0.5412857532501221,0.24188411235809326,1.1620744044449398,True,EleutherAI/pythia-12b,Pythia 12B,,,45000,
3,3_tb_1_e_e_im,True Belief,Implicit,End,End,passage_hr,passage,3,The person who put the shirt in the sink was,Cameron,Helen,0.03597521409392357,0.3412940204143524,-3.2459399603579775,False,EleutherAI/pythia-12b,Pythia 12B,,,45000,
3,3_tb_1_e_e_im,True Belief,Implicit,End,End,passage_hr,passage,4,The person who moved the shirt to the basket was,Helen,Cameron,0.39323365688323975,0.05170899257063866,2.926899704632142,True,EleutherAI/pythia-12b,Pythia 12B,,,45000,
3,3_fb_1_e_s_ex,False Belief,Explicit,End,Start,passage_hr,passage,1,"At the start of the story, Cameron put the shirt in the",sink,basket,0.6016687750816345,0.28736644983291626,1.0660778505849136,True,EleutherAI/pythia-12b,Pythia 12B,,,45000,
3,3_fb_1_e_s_ex,False Belief,Explicit,End,Start,passage_hr,passage,2,"At the end of the story, the shirt was in the",basket,sink,0.7277473211288452,0.167214497923851,2.1217376855466115,True,EleutherAI/pythia-12b,Pythia 12B,,,45000,
3,3_fb_1_e_s_ex,False Belief,Explicit,End,Start,passage_hr,passage,3,The person who put the shirt in the sink was,Cameron,Helen,0.04257462918758392,0.5057997107505798,-3.570500342349345,False,EleutherAI/pythia-12b,Pythia 12B,,,45000,
3,3_fb_1_e_s_ex,False Belief,Explicit,End,Start,passage_hr,passage,4,The person who moved the shirt to the basket was,Helen,Cameron,0.5868744850158691,0.061901602894067764,3.2450033142910595,True,EleutherAI/pythia-12b,Pythia 12B,,,45000,
3,3_fb_1_e_s_im,False Belief,Implicit,End,Start,passage_hr,passage,1,"At the start of the story, Cameron put the shirt in the",sink,basket,0.6016687750816345,0.28736644983291626,1.0660778505849136,True,EleutherAI/pythia-12b,Pythia 12B,,,45000,
3,3_fb_1_e_s_im,False Belief,Implicit,End,Start,passage_hr,passage,2,"At the end of the story, the shirt was in the",basket,sink,0.7277473211288452,0.167214497923851,2.1217376855466115,True,EleutherAI/pythia-12b,Pythia 12B,,,45000,
3,3_fb_1_e_s_im,False Belief,Implicit,End,Start,passage_hr,passage,3,The person who put the shirt in the sink was,Cameron,Helen,0.04257462918758392,0.5057997107505798,-3.570500342349345,False,EleutherAI/pythia-12b,Pythia 12B,,,45000,
3,3_fb_1_e_s_im,False Belief,Implicit,End,Start,passage_hr,passage,4,The person who moved the shirt to the basket was,Helen,Cameron,0.5868744850158691,0.061901602894067764,3.2450033142910595,True,EleutherAI/pythia-12b,Pythia 12B,,,45000,
3,3_tb_1_e_s_ex,True Belief,Explicit,End,Start,passage_hr,passage,1,"At the start of the story, Cameron put the shirt in the",sink,basket,0.5314263701438904,0.2978406250476837,0.8353292692739948,True,EleutherAI/pythia-12b,Pythia 12B,,,45000,
3,3_tb_1_e_s_ex,True Belief,Explicit,End,Start,passage_hr,passage,2,"At the end of the story, the shirt was in the",basket,sink,0.6364800930023193,0.18971827626228333,1.7462567265045787,True,EleutherAI/pythia-12b,Pythia 12B,,,45000,
3,3_tb_1_e_s_ex,True Belief,Explicit,End,Start,passage_hr,passage,3,The person who put the shirt in the sink was,Cameron,Helen,0.030859561637043953,0.33458834886550903,-3.4385977347483254,False,EleutherAI/pythia-12b,Pythia 12B,,,45000,
3,3_tb_1_e_s_ex,True Belief,Explicit,End,Start,passage_hr,passage,4,The person who moved the shirt to the basket was,Helen,Cameron,0.39259374141693115,0.047880738973617554,3.0355198504933036,True,EleutherAI/pythia-12b,Pythia 12B,,,45000,
3,3_tb_1_e_s_im,True Belief,Implicit,End,Start,passage_hr,passage,1,"At the start of the story, Cameron put the shirt in the",sink,basket,0.5314263701438904,0.2978406250476837,0.8353292692739948,True,EleutherAI/pythia-12b,Pythia 12B,,,45000,
3,3_tb_1_e_s_im,True Belief,Implicit,End,Start,passage_hr,passage,2,"At the end of the story, the shirt was in the",basket,sink,0.6364800930023193,0.18971827626228333,1.7462567265045787,True,EleutherAI/pythia-12b,Pythia 12B,,,45000,
3,3_tb_1_e_s_im,True Belief,Implicit,End,Start,passage_hr,passage,3,The person who put the shirt in the sink was,Cameron,Helen,0.030859561637043953,0.33458834886550903,-3.4385977347483254,False,EleutherAI/pythia-12b,Pythia 12B,,,45000,
3,3_tb_1_e_s_im,True Belief,Implicit,End,Start,passage_hr,passage,4,The person who moved the shirt to the basket was,Helen,Cameron,0.39259374141693115,0.047880738973617554,3.0355198504933036,True,EleutherAI/pythia-12b,Pythia 12B,,,45000,
4,4_fb_1_s_e_ex,False Belief,Explicit,Start,End,passage_hr,passage,1,"At the start of the story, Paula put the football in the",shed,garage,0.8930935263633728,0.041241396218538284,4.4366461841084925,True,EleutherAI/pythia-12b,Pythia 12B,,,45000,
4,4_fb_1_s_e_ex,False Belief,Explicit,Start,End,passage_hr,passage,2,"At the end of the story, the football was in the",garage,shed,0.19087041914463043,0.6833013296127319,-1.8399284010874817,False,EleutherAI/pythia-12b,Pythia 12B,,,45000,
4,4_fb_1_s_e_ex,False Belief,Explicit,Start,End,passage_hr,passage,3,The person who put the football in the shed was,Paula,Tim,0.06804408878087997,0.3133528232574463,-2.203246251120643,False,EleutherAI/pythia-12b,Pythia 12B,,,45000,
4,4_fb_1_s_e_ex,False Belief,Explicit,Start,End,passage_hr,passage,4,The person who moved the football to the garage was,Tim,Paula,0.4884204864501953,0.06948334723711014,2.813384554300882,True,EleutherAI/pythia-12b,Pythia 12B,,,45000,
4,4_fb_1_s_e_im,False Belief,Implicit,Start,End,passage_hr,passage,1,"At the start of the story, Paula put the football in the",shed,garage,0.8930935263633728,0.041241396218538284,4.4366461841084925,True,EleutherAI/pythia-12b,Pythia 12B,,,45000,
4,4_fb_1_s_e_im,False Belief,Implicit,Start,End,passage_hr,passage,2,"At the end of the story, the football was in the",garage,shed,0.19087041914463043,0.6833013296127319,-1.8399284010874817,False,EleutherAI/pythia-12b,Pythia 12B,,,45000,
4,4_fb_1_s_e_im,False Belief,Implicit,Start,End,passage_hr,passage,3,The person who put the football in the shed was,Paula,Tim,0.06804408878087997,0.3133528232574463,-2.203246251120643,False,EleutherAI/pythia-12b,Pythia 12B,,,45000,
4,4_fb_1_s_e_im,False Belief,Implicit,Start,End,passage_hr,passage,4,The person who moved the football to the garage was,Tim,Paula,0.4884204864501953,0.06948334723711014,2.813384554300882,True,EleutherAI/pythia-12b,Pythia 12B,,,45000,
4,4_tb_1_s_e_ex,True Belief,Explicit,Start,End,passage_hr,passage,1,"At the start of the story, Paula put the football in the",shed,garage,0.8869290947914124,0.047576114535331726,4.220509414325297,True,EleutherAI/pythia-12b,Pythia 12B,,,45000,
4,4_tb_1_s_e_ex,True Belief,Explicit,Start,End,passage_hr,passage,2,"At the end of the story, the football was in the",garage,shed,0.23068025708198547,0.6333898305892944,-1.4571991689932395,False,EleutherAI/pythia-12b,Pythia 12B,,,45000,
4,4_tb_1_s_e_ex,True Belief,Explicit,Start,End,passage_hr,passage,3,The person who put the football in the shed was,Paula,Tim,0.05238634720444679,0.36660873889923096,-2.8069784016156434,False,EleutherAI/pythia-12b,Pythia 12B,,,45000,
4,4_tb_1_s_e_ex,True Belief,Explicit,Start,End,passage_hr,passage,4,The person who moved the football to the garage was,Tim,Paula,0.4645998775959015,0.05528360232710838,3.071065242900144,True,EleutherAI/pythia-12b,Pythia 12B,,,45000,
4,4_tb_1_s_e_im,True Belief,Implicit,Start,End,passage_hr,passage,1,"At the start of the story, Paula put the football in the",shed,garage,0.8869290947914124,0.047576114535331726,4.220509414325297,True,EleutherAI/pythia-12b,Pythia 12B,,,45000,
4,4_tb_1_s_e_im,True Belief,Implicit,Start,End,passage_hr,passage,2,"At the end of the story, the football was in the",garage,shed,0.23068025708198547,0.6333898305892944,-1.4571991689932395,False,EleutherAI/pythia-12b,Pythia 12B,,,45000,
4,4_tb_1_s_e_im,True Belief,Implicit,Start,End,passage_hr,passage,3,The person who put the football in the shed was,Paula,Tim,0.05238634720444679,0.36660873889923096,-2.8069784016156434,False,EleutherAI/pythia-12b,Pythia 12B,,,45000,
4,4_tb_1_s_e_im,True Belief,Implicit,Start,End,passage_hr,passage,4,The person who moved the football to the garage was,Tim,Paula,0.4645998775959015,0.05528360232710838,3.071065242900144,True,EleutherAI/pythia-12b,Pythia 12B,,,45000,
4,4_fb_1_s_s_ex,False Belief,Explicit,Start,Start,passage_hr,passage,1,"At the start of the story, Paula put the football in the",shed,garage,0.8701383471488953,0.04480531066656113,4.279503152940302,True,EleutherAI/pythia-12b,Pythia 12B,,,45000,
4,4_fb_1_s_s_ex,False Belief,Explicit,Start,Start,passage_hr,passage,2,"At the end of the story, the football was in the",garage,shed,0.23916329443454742,0.6097785234451294,-1.350289350124196,False,EleutherAI/pythia-12b,Pythia 12B,,,45000,
4,4_fb_1_s_s_ex,False Belief,Explicit,Start,Start,passage_hr,passage,3,The person who put the football in the shed was,Paula,Tim,0.05460748076438904,0.3021133244037628,-2.467919307228716,False,EleutherAI/pythia-12b,Pythia 12B,,,45000,
4,4_fb_1_s_s_ex,False Belief,Explicit,Start,Start,passage_hr,passage,4,The person who moved the football to the garage was,Tim,Paula,0.46571698784828186,0.08015614748001099,2.538568432454486,True,EleutherAI/pythia-12b,Pythia 12B,,,45000,
4,4_fb_1_s_s_im,False Belief,Implicit,Start,Start,passage_hr,passage,1,"At the start of the story, Paula put the football in the",shed,garage,0.8701383471488953,0.04480531066656113,4.279503152940302,True,EleutherAI/pythia-12b,Pythia 12B,,,45000,
4,4_fb_1_s_s_im,False Belief,Implicit,Start,Start,passage_hr,passage,2,"At the end of the story, the football was in the",garage,shed,0.23916329443454742,0.6097785234451294,-1.350289350124196,False,EleutherAI/pythia-12b,Pythia 12B,,,45000,
4,4_fb_1_s_s_im,False Belief,Implicit,Start,Start,passage_hr,passage,3,The person who put the football in the shed was,Paula,Tim,0.05460748076438904,0.3021133244037628,-2.467919307228716,False,EleutherAI/pythia-12b,Pythia 12B,,,45000,
4,4_fb_1_s_s_im,False Belief,Implicit,Start,Start,passage_hr,passage,4,The person who moved the football to the garage was,Tim,Paula,0.46571698784828186,0.08015614748001099,2.538568432454486,True,EleutherAI/pythia-12b,Pythia 12B,,,45000,
4,4_tb_1_s_s_ex,True Belief,Explicit,Start,Start,passage_hr,passage,1,"At the start of the story, Paula put the football in the",shed,garage,0.8385530114173889,0.06940384209156036,3.5948145550385036,True,EleutherAI/pythia-12b,Pythia 12B,,,45000,
4,4_tb_1_s_s_ex,True Belief,Explicit,Start,Start,passage_hr,passage,2,"At the end of the story, the football was in the",garage,shed,0.26678913831710815,0.5741969347000122,-1.1058456970311783,False,EleutherAI/pythia-12b,Pythia 12B,,,45000,
4,4_tb_1_s_s_ex,True Belief,Explicit,Start,Start,passage_hr,passage,3,The person who put the football in the shed was,Paula,Tim,0.050442613661289215,0.35633888840675354,-2.8205350026953435,False,EleutherAI/pythia-12b,Pythia 12B,,,45000,
4,4_tb_1_s_s_ex,True Belief,Explicit,Start,Start,passage_hr,passage,4,The person who moved the football to the garage was,Tim,Paula,0.4369640350341797,0.06518837064504623,2.744828020211903,True,EleutherAI/pythia-12b,Pythia 12B,,,45000,
4,4_tb_1_s_s_im,True Belief,Implicit,Start,Start,passage_hr,passage,1,"At the start of the story, Paula put the football in the",shed,garage,0.8385530114173889,0.06940384209156036,3.5948145550385036,True,EleutherAI/pythia-12b,Pythia 12B,,,45000,
4,4_tb_1_s_s_im,True Belief,Implicit,Start,Start,passage_hr,passage,2,"At the end of the story, the football was in the",garage,shed,0.26678913831710815,0.5741969347000122,-1.1058456970311783,False,EleutherAI/pythia-12b,Pythia 12B,,,45000,
4,4_tb_1_s_s_im,True Belief,Implicit,Start,Start,passage_hr,passage,3,The person who put the football in the shed was,Paula,Tim,0.050442613661289215,0.35633888840675354,-2.8205350026953435,False,EleutherAI/pythia-12b,Pythia 12B,,,45000,
4,4_tb_1_s_s_im,True Belief,Implicit,Start,Start,passage_hr,passage,4,The person who moved the football to the garage was,Tim,Paula,0.4369640350341797,0.06518837064504623,2.744828020211903,True,EleutherAI/pythia-12b,Pythia 12B,,,45000,
4,4_fb_1_e_e_ex,False Belief,Explicit,End,End,passage_hr,passage,1,"At the start of the story, Paula put the football in the",shed,garage,0.8721655607223511,0.06154274940490723,3.8249412215028307,True,EleutherAI/pythia-12b,Pythia 12B,,,45000,
4,4_fb_1_e_e_ex,False Belief,Explicit,End,End,passage_hr,passage,2,"At the end of the story, the football was in the",garage,shed,0.25594544410705566,0.6057329773902893,-1.242845630686823,False,EleutherAI/pythia-12b,Pythia 12B,,,45000,
4,4_fb_1_e_e_ex,False Belief,Explicit,End,End,passage_hr,passage,3,The person who put the football in the shed was,Paula,Tim,0.07098907232284546,0.3405568301677704,-2.2622267009068033,False,EleutherAI/pythia-12b,Pythia 12B,,,45000,
4,4_fb_1_e_e_ex,False Belief,Explicit,End,End,passage_hr,passage,4,The person who moved the football to the garage was,Tim,Paula,0.4849865734577179,0.07825562357902527,2.6316784724216653,True,EleutherAI/pythia-12b,Pythia 12B,,,45000,
4,4_fb_1_e_e_im,False Belief,Implicit,End,End,passage_hr,passage,1,"At the start of the story, Paula put the football in the",shed,garage,0.8721655607223511,0.06154274940490723,3.8249412215028307,True,EleutherAI/pythia-12b,Pythia 12B,,,45000,
4,4_fb_1_e_e_im,False Belief,Implicit,End,End,passage_hr,passage,2,"At the end of the story, the football was in the",garage,shed,0.25594544410705566,0.6057329773902893,-1.242845630686823,False,EleutherAI/pythia-12b,Pythia 12B,,,45000,
4,4_fb_1_e_e_im,False Belief,Implicit,End,End,passage_hr,passage,3,The person who put the football in the shed was,Paula,Tim,0.07098907232284546,0.3405568301677704,-2.2622267009068033,False,EleutherAI/pythia-12b,Pythia 12B,,,45000,
4,4_fb_1_e_e_im,False Belief,Implicit,End,End,passage_hr,passage,4,The person who moved the football to the garage was,Tim,Paula,0.4849865734577179,0.07825562357902527,2.6316784724216653,True,EleutherAI/pythia-12b,Pythia 12B,,,45000,
4,4_tb_1_e_e_ex,True Belief,Explicit,End,End,passage_hr,passage,1,"At the start of the story, Paula put the football in the",shed,garage,0.8617120385169983,0.07559370249509811,3.5108678815586702,True,EleutherAI/pythia-12b,Pythia 12B,,,45000,
4,4_tb_1_e_e_ex,True Belief,Explicit,End,End,passage_hr,passage,2,"At the end of the story, the football was in the",garage,shed,0.31809547543525696,0.5453810691833496,-0.7778047722412635,False,EleutherAI/pythia-12b,Pythia 12B,,,45000,
4,4_tb_1_e_e_ex,True Belief,Explicit,End,End,passage_hr,passage,3,The person who put the football in the shed was,Paula,Tim,0.053632307797670364,0.3930473029613495,-2.873528711284307,False,EleutherAI/pythia-12b,Pythia 12B,,,45000,
4,4_tb_1_e_e_ex,True Belief,Explicit,End,End,passage_hr,passage,4,The person who moved the football to the garage was,Tim,Paula,0.470209538936615,0.05512837693095207,3.0924367747359676,True,EleutherAI/pythia-12b,Pythia 12B,,,45000,
4,4_tb_1_e_e_im,True Belief,Implicit,End,End,passage_hr,passage,1,"At the start of the story, Paula put the football in the",shed,garage,0.8617120385169983,0.07559370249509811,3.5108678815586702,True,EleutherAI/pythia-12b,Pythia 12B,,,45000,
4,4_tb_1_e_e_im,True Belief,Implicit,End,End,passage_hr,passage,2,"At the end of the story, the football was in the",garage,shed,0.31809547543525696,0.5453810691833496,-0.7778047722412635,False,EleutherAI/pythia-12b,Pythia 12B,,,45000,
4,4_tb_1_e_e_im,True Belief,Implicit,End,End,passage_hr,passage,3,The person who put the football in the shed was,Paula,Tim,0.053632307797670364,0.3930473029613495,-2.873528711284307,False,EleutherAI/pythia-12b,Pythia 12B,,,45000,
4,4_tb_1_e_e_im,True Belief,Implicit,End,End,passage_hr,passage,4,The person who moved the football to the garage was,Tim,Paula,0.470209538936615,0.05512837693095207,3.0924367747359676,True,EleutherAI/pythia-12b,Pythia 12B,,,45000,
4,4_fb_1_e_s_ex,False Belief,Explicit,End,Start,passage_hr,passage,1,"At the start of the story, Paula put the football in the",shed,garage,0.8675802946090698,0.05398157984018326,4.006458180527469,True,EleutherAI/pythia-12b,Pythia 12B,,,45000,
4,4_fb_1_e_s_ex,False Belief,Explicit,End,Start,passage_hr,passage,2,"At the end of the story, the football was in the",garage,shed,0.3484792709350586,0.4979154169559479,-0.514827845403794,False,EleutherAI/pythia-12b,Pythia 12B,,,45000,
4,4_fb_1_e_s_ex,False Belief,Explicit,End,Start,passage_hr,passage,3,The person who put the football in the shed was,Paula,Tim,0.06162489950656891,0.3335680067539215,-2.4363956293799767,False,EleutherAI/pythia-12b,Pythia 12B,,,45000,
4,4_fb_1_e_s_ex,False Belief,Explicit,End,Start,passage_hr,passage,4,The person who moved the football to the garage was,Tim,Paula,0.45207661390304565,0.08763036131858826,2.3670645758671713,True,EleutherAI/pythia-12b,Pythia 12B,,,45000,
4,4_fb_1_e_s_im,False Belief,Implicit,End,Start,passage_hr,passage,1,"At the start of the story, Paula put the football in the",shed,garage,0.8675802946090698,0.05398157984018326,4.006458180527469,True,EleutherAI/pythia-12b,Pythia 12B,,,45000,
4,4_fb_1_e_s_im,False Belief,Implicit,End,Start,passage_hr,passage,2,"At the end of the story, the football was in the",garage,shed,0.3484792709350586,0.4979154169559479,-0.514827845403794,False,EleutherAI/pythia-12b,Pythia 12B,,,45000,
4,4_fb_1_e_s_im,False Belief,Implicit,End,Start,passage_hr,passage,3,The person who put the football in the shed was,Paula,Tim,0.06162489950656891,0.3335680067539215,-2.4363956293799767,False,EleutherAI/pythia-12b,Pythia 12B,,,45000,
4,4_fb_1_e_s_im,False Belief,Implicit,End,Start,passage_hr,passage,4,The person who moved the football to the garage was,Tim,Paula,0.45207661390304565,0.08763036131858826,2.3670645758671713,True,EleutherAI/pythia-12b,Pythia 12B,,,45000,
4,4_tb_1_e_s_ex,True Belief,Explicit,End,Start,passage_hr,passage,1,"At the start of the story, Paula put the football in the",shed,garage,0.8274363875389099,0.08727721124887466,3.244971493900542,True,EleutherAI/pythia-12b,Pythia 12B,,,45000,
4,4_tb_1_e_s_ex,True Belief,Explicit,End,Start,passage_hr,passage,2,"At the end of the story, the football was in the",garage,shed,0.35470008850097656,0.4864300787448883,-0.45563275135992365,False,EleutherAI/pythia-12b,Pythia 12B,,,45000,
4,4_tb_1_e_s_ex,True Belief,Explicit,End,Start,passage_hr,passage,3,The person who put the football in the shed was,Paula,Tim,0.052584949880838394,0.3893239200115204,-2.888249130428459,False,EleutherAI/pythia-12b,Pythia 12B,,,45000,
4,4_tb_1_e_s_ex,True Belief,Explicit,End,Start,passage_hr,passage,4,The person who moved the football to the garage was,Tim,Paula,0.4472552537918091,0.0655081495642662,2.771352127433245,True,EleutherAI/pythia-12b,Pythia 12B,,,45000,
4,4_tb_1_e_s_im,True Belief,Implicit,End,Start,passage_hr,passage,1,"At the start of the story, Paula put the football in the",shed,garage,0.8274363875389099,0.08727721124887466,3.244971493900542,True,EleutherAI/pythia-12b,Pythia 12B,,,45000,
4,4_tb_1_e_s_im,True Belief,Implicit,End,Start,passage_hr,passage,2,"At the end of the story, the football was in the",garage,shed,0.35470008850097656,0.4864300787448883,-0.45563275135992365,False,EleutherAI/pythia-12b,Pythia 12B,,,45000,
4,4_tb_1_e_s_im,True Belief,Implicit,End,Start,passage_hr,passage,3,The person who put the football in the shed was,Paula,Tim,0.052584949880838394,0.3893239200115204,-2.888249130428459,False,EleutherAI/pythia-12b,Pythia 12B,,,45000,
4,4_tb_1_e_s_im,True Belief,Implicit,End,Start,passage_hr,passage,4,The person who moved the football to the garage was,Tim,Paula,0.4472552537918091,0.0655081495642662,2.771352127433245,True,EleutherAI/pythia-12b,Pythia 12B,,,45000,
5,5_fb_1_s_e_ex,False Belief,Explicit,Start,End,passage_hr,passage,1,"At the start of the story, Ed put the keys in the",hall,study,0.40141183137893677,0.2611463665962219,0.6202245086968828,True,EleutherAI/pythia-12b,Pythia 12B,,,45000,
5,5_fb_1_s_e_ex,False Belief,Explicit,Start,End,passage_hr,passage,2,"At the end of the story, the keys were in the",study,hall,0.7286641597747803,0.038222696632146835,4.252752561802466,True,EleutherAI/pythia-12b,Pythia 12B,,,45000,
5,5_fb_1_s_e_ex,False Belief,Explicit,Start,End,passage_hr,passage,3,The person who put the keys in the hall was,Ed,Seana,0.0700555294752121,0.32746174931526184,-2.224755563799074,False,EleutherAI/pythia-12b,Pythia 12B,,,45000,
5,5_fb_1_s_e_ex,False Belief,Explicit,Start,End,passage_hr,passage,4,The person who moved the keys to the study was,Seana,Ed,0.5183010101318359,0.06283433735370636,3.044165129872646,True,EleutherAI/pythia-12b,Pythia 12B,,,45000,
5,5_fb_1_s_e_im,False Belief,Implicit,Start,End,passage_hr,passage,1,"At the start of the story, Ed put the keys in the",hall,study,0.40141183137893677,0.2611463665962219,0.6202245086968828,True,EleutherAI/pythia-12b,Pythia 12B,,,45000,
5,5_fb_1_s_e_im,False Belief,Implicit,Start,End,passage_hr,passage,2,"At the end of the story, the keys were in the",study,hall,0.7286641597747803,0.038222696632146835,4.252752561802466,True,EleutherAI/pythia-12b,Pythia 12B,,,45000,
5,5_fb_1_s_e_im,False Belief,Implicit,Start,End,passage_hr,passage,3,The person who put the keys in the hall was,Ed,Seana,0.0700555294752121,0.32746174931526184,-2.224755563799074,False,EleutherAI/pythia-12b,Pythia 12B,,,45000,
5,5_fb_1_s_e_im,False Belief,Implicit,Start,End,passage_hr,passage,4,The person who moved the keys to the study was,Seana,Ed,0.5183010101318359,0.06283433735370636,3.044165129872646,True,EleutherAI/pythia-12b,Pythia 12B,,,45000,
5,5_tb_1_s_e_ex,True Belief,Explicit,Start,End,passage_hr,passage,1,"At the start of the story, Ed put the keys in the",hall,study,0.4522591233253479,0.12184630334377289,1.892087124055281,True,EleutherAI/pythia-12b,Pythia 12B,,,45000,
5,5_tb_1_s_e_ex,True Belief,Explicit,Start,End,passage_hr,passage,2,"At the end of the story, the keys were in the",study,hall,0.4377831816673279,0.13189612329006195,1.7308143702034833,True,EleutherAI/pythia-12b,Pythia 12B,,,45000,
5,5_tb_1_s_e_ex,True Belief,Explicit,Start,End,passage_hr,passage,3,The person who put the keys in the hall was,Ed,Seana,0.09117109328508377,0.33046042919158936,-1.85782914633987,False,EleutherAI/pythia-12b,Pythia 12B,,,45000,
5,5_tb_1_s_e_ex,True Belief,Explicit,Start,End,passage_hr,passage,4,The person who moved the keys to the study was,Seana,Ed,0.3639541566371918,0.08538251370191574,2.0917441992471466,True,EleutherAI/pythia-12b,Pythia 12B,,,45000,
5,5_tb_1_s_e_im,True Belief,Implicit,Start,End,passage_hr,passage,1,"At the start of the story, Ed put the keys in the",hall,study,0.4522591233253479,0.12184630334377289,1.892087124055281,True,EleutherAI/pythia-12b,Pythia 12B,,,45000,
5,5_tb_1_s_e_im,True Belief,Implicit,Start,End,passage_hr,passage,2,"At the end of the story, the keys were in the",study,hall,0.4377831816673279,0.13189612329006195,1.7308143702034833,True,EleutherAI/pythia-12b,Pythia 12B,,,45000,
5,5_tb_1_s_e_im,True Belief,Implicit,Start,End,passage_hr,passage,3,The person who put the keys in the hall was,Ed,Seana,0.09117109328508377,0.33046042919158936,-1.85782914633987,False,EleutherAI/pythia-12b,Pythia 12B,,,45000,
5,5_tb_1_s_e_im,True Belief,Implicit,Start,End,passage_hr,passage,4,The person who moved the keys to the study was,Seana,Ed,0.3639541566371918,0.08538251370191574,2.0917441992471466,True,EleutherAI/pythia-12b,Pythia 12B,,,45000,
5,5_fb_1_s_s_ex,False Belief,Explicit,Start,Start,passage_hr,passage,1,"At the start of the story, Ed put the keys in the",hall,study,0.42262211441993713,0.21896009147167206,0.9487003182076903,True,EleutherAI/pythia-12b,Pythia 12B,,,45000,
5,5_fb_1_s_s_ex,False Belief,Explicit,Start,Start,passage_hr,passage,2,"At the end of the story, the keys were in the",study,hall,0.6361545920372009,0.08047482371330261,2.982767981208505,True,EleutherAI/pythia-12b,Pythia 12B,,,45000,
5,5_fb_1_s_s_ex,False Belief,Explicit,Start,Start,passage_hr,passage,3,The person who put the keys in the hall was,Ed,Seana,0.06366410106420517,0.32518523931503296,-2.3527097731541864,False,EleutherAI/pythia-12b,Pythia 12B,,,45000,
5,5_fb_1_s_s_ex,False Belief,Explicit,Start,Start,passage_hr,passage,4,The person who moved the keys to the study was,Seana,Ed,0.49822768568992615,0.06899093091487885,2.852326559535859,True,EleutherAI/pythia-12b,Pythia 12B,,,45000,
5,5_fb_1_s_s_im,False Belief,Implicit,Start,Start,passage_hr,passage,1,"At the start of the story, Ed put the keys in the",hall,study,0.42262211441993713,0.21896009147167206,0.9487003182076903,True,EleutherAI/pythia-12b,Pythia 12B,,,45000,
5,5_fb_1_s_s_im,False Belief,Implicit,Start,Start,passage_hr,passage,2,"At the end of the story, the keys were in the",study,hall,0.6361545920372009,0.08047482371330261,2.982767981208505,True,EleutherAI/pythia-12b,Pythia 12B,,,45000,
5,5_fb_1_s_s_im,False Belief,Implicit,Start,Start,passage_hr,passage,3,The person who put the keys in the hall was,Ed,Seana,0.06366410106420517,0.32518523931503296,-2.3527097731541864,False,EleutherAI/pythia-12b,Pythia 12B,,,45000,
5,5_fb_1_s_s_im,False Belief,Implicit,Start,Start,passage_hr,passage,4,The person who moved the keys to the study was,Seana,Ed,0.49822768568992615,0.06899093091487885,2.852326559535859,True,EleutherAI/pythia-12b,Pythia 12B,,,45000,
5,5_tb_1_s_s_ex,True Belief,Explicit,Start,Start,passage_hr,passage,1,"At the start of the story, Ed put the keys in the",hall,study,0.44989708065986633,0.13736246526241302,1.7116071685093688,True,EleutherAI/pythia-12b,Pythia 12B,,,45000,
5,5_tb_1_s_s_ex,True Belief,Explicit,Start,Start,passage_hr,passage,2,"At the end of the story, the keys were in the",study,hall,0.45223674178123474,0.14342854917049408,1.6567459897618162,True,EleutherAI/pythia-12b,Pythia 12B,,,45000,
5,5_tb_1_s_s_ex,True Belief,Explicit,Start,Start,passage_hr,passage,3,The person who put the keys in the hall was,Ed,Seana,0.08307918161153793,0.35108646750450134,-2.079267479351244,False,EleutherAI/pythia-12b,Pythia 12B,,,45000,
5,5_tb_1_s_s_ex,True Belief,Explicit,Start,Start,passage_hr,passage,4,The person who moved the keys to the study was,Seana,Ed,0.3665159344673157,0.08547176420688629,2.1003561154212376,True,EleutherAI/pythia-12b,Pythia 12B,,,45000,
5,5_tb_1_s_s_im,True Belief,Implicit,Start,Start,passage_hr,passage,1,"At the start of the story, Ed put the keys in the",hall,study,0.44989708065986633,0.13736246526241302,1.7116071685093688,True,EleutherAI/pythia-12b,Pythia 12B,,,45000,
5,5_tb_1_s_s_im,True Belief,Implicit,Start,Start,passage_hr,passage,2,"At the end of the story, the keys were in the",study,hall,0.45223674178123474,0.14342854917049408,1.6567459897618162,True,EleutherAI/pythia-12b,Pythia 12B,,,45000,
5,5_tb_1_s_s_im,True Belief,Implicit,Start,Start,passage_hr,passage,3,The person who put the keys in the hall was,Ed,Seana,0.08307918161153793,0.35108646750450134,-2.079267479351244,False,EleutherAI/pythia-12b,Pythia 12B,,,45000,
5,5_tb_1_s_s_im,True Belief,Implicit,Start,Start,passage_hr,passage,4,The person who moved the keys to the study was,Seana,Ed,0.3665159344673157,0.08547176420688629,2.1003561154212376,True,EleutherAI/pythia-12b,Pythia 12B,,,45000,
5,5_fb_1_e_e_ex,False Belief,Explicit,End,End,passage_hr,passage,1,"At the start of the story, Ed put the keys in the",hall,study,0.3500492572784424,0.22318920493125916,0.6492906960462441,True,EleutherAI/pythia-12b,Pythia 12B,,,45000,
5,5_fb_1_e_e_ex,False Belief,Explicit,End,End,passage_hr,passage,2,"At the end of the story, the keys were in the",study,hall,0.677090048789978,0.0385693684220314,4.133820289109406,True,EleutherAI/pythia-12b,Pythia 12B,,,45000,
5,5_fb_1_e_e_ex,False Belief,Explicit,End,End,passage_hr,passage,3,The person who put the keys in the hall was,Ed,Seana,0.07461194694042206,0.3387412428855896,-2.182705090620514,False,EleutherAI/pythia-12b,Pythia 12B,,,45000,
5,5_fb_1_e_e_ex,False Belief,Explicit,End,End,passage_hr,passage,4,The person who moved the keys to the study was,Seana,Ed,0.4678463339805603,0.07910624146461487,2.564171315979632,True,EleutherAI/pythia-12b,Pythia 12B,,,45000,
5,5_fb_1_e_e_im,False Belief,Implicit,End,End,passage_hr,passage,1,"At the start of the story, Ed put the keys in the",hall,study,0.3500492572784424,0.22318920493125916,0.6492906960462441,True,EleutherAI/pythia-12b,Pythia 12B,,,45000,
5,5_fb_1_e_e_im,False Belief,Implicit,End,End,passage_hr,passage,2,"At the end of the story, the keys were in the",study,hall,0.677090048789978,0.0385693684220314,4.133820289109406,True,EleutherAI/pythia-12b,Pythia 12B,,,45000,
5,5_fb_1_e_e_im,False Belief,Implicit,End,End,passage_hr,passage,3,The person who put the keys in the hall was,Ed,Seana,0.07461194694042206,0.3387412428855896,-2.182705090620514,False,EleutherAI/pythia-12b,Pythia 12B,,,45000,
5,5_fb_1_e_e_im,False Belief,Implicit,End,End,passage_hr,passage,4,The person who moved the keys to the study was,Seana,Ed,0.4678463339805603,0.07910624146461487,2.564171315979632,True,EleutherAI/pythia-12b,Pythia 12B,,,45000,
5,5_tb_1_e_e_ex,True Belief,Explicit,End,End,passage_hr,passage,1,"At the start of the story, Ed put the keys in the",hall,study,0.33840060234069824,0.14795249700546265,1.1935980911941342,True,EleutherAI/pythia-12b,Pythia 12B,,,45000,
5,5_tb_1_e_e_ex,True Belief,Explicit,End,End,passage_hr,passage,2,"At the end of the story, the keys were in the",study,hall,0.44188356399536133,0.09107623994350433,2.2785196340110363,True,EleutherAI/pythia-12b,Pythia 12B,,,45000,
5,5_tb_1_e_e_ex,True Belief,Explicit,End,End,passage_hr,passage,3,The person who put the keys in the hall was,Ed,Seana,0.09029774367809296,0.30909889936447144,-1.775306673260273,False,EleutherAI/pythia-12b,Pythia 12B,,,45000,
5,5_tb_1_e_e_ex,True Belief,Explicit,End,End,passage_hr,passage,4,The person who moved the keys to the study was,Seana,Ed,0.32358452677726746,0.0934709757566452,1.791552262762223,True,EleutherAI/pythia-12b,Pythia 12B,,,45000,
5,5_tb_1_e_e_im,True Belief,Implicit,End,End,passage_hr,passage,1,"At the start of the story, Ed put the keys in the",hall,study,0.33840060234069824,0.14795249700546265,1.1935980911941342,True,EleutherAI/pythia-12b,Pythia 12B,,,45000,
5,5_tb_1_e_e_im,True Belief,Implicit,End,End,passage_hr,passage,2,"At the end of the story, the keys were in the",study,hall,0.44188356399536133,0.09107623994350433,2.2785196340110363,True,EleutherAI/pythia-12b,Pythia 12B,,,45000,
5,5_tb_1_e_e_im,True Belief,Implicit,End,End,passage_hr,passage,3,The person who put the keys in the hall was,Ed,Seana,0.09029774367809296,0.30909889936447144,-1.775306673260273,False,EleutherAI/pythia-12b,Pythia 12B,,,45000,
5,5_tb_1_e_e_im,True Belief,Implicit,End,End,passage_hr,passage,4,The person who moved the keys to the study was,Seana,Ed,0.32358452677726746,0.0934709757566452,1.791552262762223,True,EleutherAI/pythia-12b,Pythia 12B,,,45000,
5,5_fb_1_e_s_ex,False Belief,Explicit,End,Start,passage_hr,passage,1,"At the start of the story, Ed put the keys in the",hall,study,0.35801953077316284,0.19088219106197357,0.9073557835331442,True,EleutherAI/pythia-12b,Pythia 12B,,,45000,
5,5_fb_1_e_s_ex,False Belief,Explicit,End,Start,passage_hr,passage,2,"At the end of the story, the keys were in the",study,hall,0.5646770000457764,0.06397581100463867,3.141827433699299,True,EleutherAI/pythia-12b,Pythia 12B,,,45000,
5,5_fb_1_e_s_ex,False Belief,Explicit,End,Start,passage_hr,passage,3,The person who put the keys in the hall was,Ed,Seana,0.06724290549755096,0.3198222815990448,-2.2498164845728184,False,EleutherAI/pythia-12b,Pythia 12B,,,45000,
5,5_fb_1_e_s_ex,False Belief,Explicit,End,Start,passage_hr,passage,4,The person who moved the keys to the study was,Seana,Ed,0.45205995440483093,0.08500736951828003,2.4108542996993547,True,EleutherAI/pythia-12b,Pythia 12B,,,45000,
5,5_fb_1_e_s_im,False Belief,Implicit,End,Start,passage_hr,passage,1,"At the start of the story, Ed put the keys in the",hall,study,0.35801953077316284,0.19088219106197357,0.9073557835331442,True,EleutherAI/pythia-12b,Pythia 12B,,,45000,
5,5_fb_1_e_s_im,False Belief,Implicit,End,Start,passage_hr,passage,2,"At the end of the story, the keys were in the",study,hall,0.5646770000457764,0.06397581100463867,3.141827433699299,True,EleutherAI/pythia-12b,Pythia 12B,,,45000,
5,5_fb_1_e_s_im,False Belief,Implicit,End,Start,passage_hr,passage,3,The person who put the keys in the hall was,Ed,Seana,0.06724290549755096,0.3198222815990448,-2.2498164845728184,False,EleutherAI/pythia-12b,Pythia 12B,,,45000,
5,5_fb_1_e_s_im,False Belief,Implicit,End,Start,passage_hr,passage,4,The person who moved the keys to the study was,Seana,Ed,0.45205995440483093,0.08500736951828003,2.4108542996993547,True,EleutherAI/pythia-12b,Pythia 12B,,,45000,
5,5_tb_1_e_s_ex,True Belief,Explicit,End,Start,passage_hr,passage,1,"At the start of the story, Ed put the keys in the",hall,study,0.36634159088134766,0.15560504794120789,1.2353006368251214,True,EleutherAI/pythia-12b,Pythia 12B,,,45000,
5,5_tb_1_e_s_ex,True Belief,Explicit,End,Start,passage_hr,passage,2,"At the end of the story, the keys were in the",study,hall,0.4197923541069031,0.09951610118150711,2.07667402020579,True,EleutherAI/pythia-12b,Pythia 12B,,,45000,
5,5_tb_1_e_s_ex,True Belief,Explicit,End,Start,passage_hr,passage,3,The person who put the keys in the hall was,Ed,Seana,0.0832027792930603,0.34315025806427,-2.0441368138018565,False,EleutherAI/pythia-12b,Pythia 12B,,,45000,
5,5_tb_1_e_s_ex,True Belief,Explicit,End,Start,passage_hr,passage,4,The person who moved the keys to the study was,Seana,Ed,0.3390427231788635,0.09740670025348663,1.7993741619527315,True,EleutherAI/pythia-12b,Pythia 12B,,,45000,
5,5_tb_1_e_s_im,True Belief,Implicit,End,Start,passage_hr,passage,1,"At the start of the story, Ed put the keys in the",hall,study,0.36634159088134766,0.15560504794120789,1.2353006368251214,True,EleutherAI/pythia-12b,Pythia 12B,,,45000,
5,5_tb_1_e_s_im,True Belief,Implicit,End,Start,passage_hr,passage,2,"At the end of the story, the keys were in the",study,hall,0.4197923541069031,0.09951610118150711,2.07667402020579,True,EleutherAI/pythia-12b,Pythia 12B,,,45000,
5,5_tb_1_e_s_im,True Belief,Implicit,End,Start,passage_hr,passage,3,The person who put the keys in the hall was,Ed,Seana,0.0832027792930603,0.34315025806427,-2.0441368138018565,False,EleutherAI/pythia-12b,Pythia 12B,,,45000,
5,5_tb_1_e_s_im,True Belief,Implicit,End,Start,passage_hr,passage,4,The person who moved the keys to the study was,Seana,Ed,0.3390427231788635,0.09740670025348663,1.7993741619527315,True,EleutherAI/pythia-12b,Pythia 12B,,,45000,
6,6_fb_1_s_e_ex,False Belief,Explicit,Start,End,passage_hr,passage,1,"At the start of the story, Laura put the stapler in the",drawer,cabinet,0.9089043140411377,0.04103992506861687,4.469028419051831,True,EleutherAI/pythia-12b,Pythia 12B,,,45000,
6,6_fb_1_s_e_ex,False Belief,Explicit,Start,End,passage_hr,passage,2,"At the end of the story, the stapler was in the",cabinet,drawer,0.3135698437690735,0.5859071612358093,-0.9018852622237478,False,EleutherAI/pythia-12b,Pythia 12B,,,45000,
6,6_fb_1_s_e_ex,False Belief,Explicit,Start,End,passage_hr,passage,3,The person who put the stapler in the drawer was,Laura,Ross,0.04933301731944084,0.22117583453655243,-2.164568333030631,False,EleutherAI/pythia-12b,Pythia 12B,,,45000,
6,6_fb_1_s_e_ex,False Belief,Explicit,Start,End,passage_hr,passage,4,The person who moved the stapler to the cabinet was,Ross,Laura,0.3294036388397217,0.02723531611263752,3.5963059749011927,True,EleutherAI/pythia-12b,Pythia 12B,,,45000,
6,6_fb_1_s_e_im,False Belief,Implicit,Start,End,passage_hr,passage,1,"At the start of the story, Laura put the stapler in the",drawer,cabinet,0.9089043140411377,0.04103992506861687,4.469028419051831,True,EleutherAI/pythia-12b,Pythia 12B,,,45000,
6,6_fb_1_s_e_im,False Belief,Implicit,Start,End,passage_hr,passage,2,"At the end of the story, the stapler was in the",cabinet,drawer,0.3135698437690735,0.5859071612358093,-0.9018852622237478,False,EleutherAI/pythia-12b,Pythia 12B,,,45000,
6,6_fb_1_s_e_im,False Belief,Implicit,Start,End,passage_hr,passage,3,The person who put the stapler in the drawer was,Laura,Ross,0.04933301731944084,0.22117583453655243,-2.164568333030631,False,EleutherAI/pythia-12b,Pythia 12B,,,45000,
6,6_fb_1_s_e_im,False Belief,Implicit,Start,End,passage_hr,passage,4,The person who moved the stapler to the cabinet was,Ross,Laura,0.3294036388397217,0.02723531611263752,3.5963059749011927,True,EleutherAI/pythia-12b,Pythia 12B,,,45000,
6,6_tb_1_s_e_ex,True Belief,Explicit,Start,End,passage_hr,passage,1,"At the start of the story, Laura put the stapler in the",drawer,cabinet,0.8995547294616699,0.042702119797468185,4.396831464310161,True,EleutherAI/pythia-12b,Pythia 12B,,,45000,
6,6_tb_1_s_e_ex,True Belief,Explicit,Start,End,passage_hr,passage,2,"At the end of the story, the stapler was in the",cabinet,drawer,0.39298826456069946,0.5007345080375671,-0.34955965066225414,False,EleutherAI/pythia-12b,Pythia 12B,,,45000,
6,6_tb_1_s_e_ex,True Belief,Explicit,Start,End,passage_hr,passage,3,The person who put the stapler in the drawer was,Laura,Ross,0.07536810636520386,0.13245880603790283,-0.8135177088673095,False,EleutherAI/pythia-12b,Pythia 12B,,,45000,
6,6_tb_1_s_e_ex,True Belief,Explicit,Start,End,passage_hr,passage,4,The person who moved the stapler to the cabinet was,Ross,Laura,0.17549015581607819,0.06485375016927719,1.4361281984296332,True,EleutherAI/pythia-12b,Pythia 12B,,,45000,
6,6_tb_1_s_e_im,True Belief,Implicit,Start,End,passage_hr,passage,1,"At the start of the story, Laura put the stapler in the",drawer,cabinet,0.8995547294616699,0.042702119797468185,4.396831464310161,True,EleutherAI/pythia-12b,Pythia 12B,,,45000,
6,6_tb_1_s_e_im,True Belief,Implicit,Start,End,passage_hr,passage,2,"At the end of the story, the stapler was in the",cabinet,drawer,0.39298826456069946,0.5007345080375671,-0.34955965066225414,False,EleutherAI/pythia-12b,Pythia 12B,,,45000,
6,6_tb_1_s_e_im,True Belief,Implicit,Start,End,passage_hr,passage,3,The person who put the stapler in the drawer was,Laura,Ross,0.07536810636520386,0.13245880603790283,-0.8135177088673095,False,EleutherAI/pythia-12b,Pythia 12B,,,45000,
6,6_tb_1_s_e_im,True Belief,Implicit,Start,End,passage_hr,passage,4,The person who moved the stapler to the cabinet was,Ross,Laura,0.17549015581607819,0.06485375016927719,1.4361281984296332,True,EleutherAI/pythia-12b,Pythia 12B,,,45000,
6,6_fb_1_s_s_ex,False Belief,Explicit,Start,Start,passage_hr,passage,1,"At the start of the story, Laura put the stapler in the",drawer,cabinet,0.8836182951927185,0.046750087291002274,4.2403823259085245,True,EleutherAI/pythia-12b,Pythia 12B,,,45000,
6,6_fb_1_s_s_ex,False Belief,Explicit,Start,Start,passage_hr,passage,2,"At the end of the story, the stapler was in the",cabinet,drawer,0.10386352241039276,0.7803184986114502,-2.9093740429507142,False,EleutherAI/pythia-12b,Pythia 12B,,,45000,
6,6_fb_1_s_s_ex,False Belief,Explicit,Start,Start,passage_hr,passage,3,The person who put the stapler in the drawer was,Laura,Ross,0.03156950697302818,0.27573272585868835,-3.126666871394866,False,EleutherAI/pythia-12b,Pythia 12B,,,45000,
6,6_fb_1_s_s_ex,False Belief,Explicit,Start,Start,passage_hr,passage,4,The person who moved the stapler to the cabinet was,Ross,Laura,0.36400604248046875,0.024041175842285156,3.9203830348776254,True,EleutherAI/pythia-12b,Pythia 12B,,,45000,
6,6_fb_1_s_s_im,False Belief,Implicit,Start,Start,passage_hr,passage,1,"At the start of the story, Laura put the stapler in the",drawer,cabinet,0.8836182951927185,0.046750087291002274,4.2403823259085245,True,EleutherAI/pythia-12b,Pythia 12B,,,45000,
6,6_fb_1_s_s_im,False Belief,Implicit,Start,Start,passage_hr,passage,2,"At the end of the story, the stapler was in the",cabinet,drawer,0.10386352241039276,0.7803184986114502,-2.9093740429507142,False,EleutherAI/pythia-12b,Pythia 12B,,,45000,
6,6_fb_1_s_s_im,False Belief,Implicit,Start,Start,passage_hr,passage,3,The person who put the stapler in the drawer was,Laura,Ross,0.03156950697302818,0.27573272585868835,-3.126666871394866,False,EleutherAI/pythia-12b,Pythia 12B,,,45000,
6,6_fb_1_s_s_im,False Belief,Implicit,Start,Start,passage_hr,passage,4,The person who moved the stapler to the cabinet was,Ross,Laura,0.36400604248046875,0.024041175842285156,3.9203830348776254,True,EleutherAI/pythia-12b,Pythia 12B,,,45000,
6,6_tb_1_s_s_ex,True Belief,Explicit,Start,Start,passage_hr,passage,1,"At the start of the story, Laura put the stapler in the",drawer,cabinet,0.8395118117332458,0.0714515745639801,3.5545129145196284,True,EleutherAI/pythia-12b,Pythia 12B,,,45000,
6,6_tb_1_s_s_ex,True Belief,Explicit,Start,Start,passage_hr,passage,2,"At the end of the story, the stapler was in the",cabinet,drawer,0.14081332087516785,0.7194172143936157,-2.353044862335174,False,EleutherAI/pythia-12b,Pythia 12B,,,45000,
6,6_tb_1_s_s_ex,True Belief,Explicit,Start,Start,passage_hr,passage,3,The person who put the stapler in the drawer was,Laura,Ross,0.06499802321195602,0.1521296203136444,-1.2268333323862837,False,EleutherAI/pythia-12b,Pythia 12B,,,45000,
6,6_tb_1_s_s_ex,True Belief,Explicit,Start,Start,passage_hr,passage,4,The person who moved the stapler to the cabinet was,Ross,Laura,0.16727709770202637,0.05890577286481857,1.5057590035130348,True,EleutherAI/pythia-12b,Pythia 12B,,,45000,
6,6_tb_1_s_s_im,True Belief,Implicit,Start,Start,passage_hr,passage,1,"At the start of the story, Laura put the stapler in the",drawer,cabinet,0.8395118117332458,0.0714515745639801,3.5545129145196284,True,EleutherAI/pythia-12b,Pythia 12B,,,45000,
6,6_tb_1_s_s_im,True Belief,Implicit,Start,Start,passage_hr,passage,2,"At the end of the story, the stapler was in the",cabinet,drawer,0.14081332087516785,0.7194172143936157,-2.353044862335174,False,EleutherAI/pythia-12b,Pythia 12B,,,45000,
6,6_tb_1_s_s_im,True Belief,Implicit,Start,Start,passage_hr,passage,3,The person who put the stapler in the drawer was,Laura,Ross,0.06499802321195602,0.1521296203136444,-1.2268333323862837,False,EleutherAI/pythia-12b,Pythia 12B,,,45000,
6,6_tb_1_s_s_im,True Belief,Implicit,Start,Start,passage_hr,passage,4,The person who moved the stapler to the cabinet was,Ross,Laura,0.16727709770202637,0.05890577286481857,1.5057590035130348,True,EleutherAI/pythia-12b,Pythia 12B,,,45000,
6,6_fb_1_e_e_ex,False Belief,Explicit,End,End,passage_hr,passage,1,"At the start of the story, Laura put the stapler in the",drawer,cabinet,0.832747757434845,0.09659044444561005,3.1079271862917355,True,EleutherAI/pythia-12b,Pythia 12B,,,45000,
6,6_fb_1_e_e_ex,False Belief,Explicit,End,End,passage_hr,passage,2,"At the end of the story, the stapler was in the",cabinet,drawer,0.3596809506416321,0.5147427916526794,-0.5171339680689143,False,EleutherAI/pythia-12b,Pythia 12B,,,45000,
6,6_fb_1_e_e_ex,False Belief,Explicit,End,End,passage_hr,passage,3,The person who put the stapler in the drawer was,Laura,Ross,0.03569101169705391,0.24271947145462036,-2.7656571473933886,False,EleutherAI/pythia-12b,Pythia 12B,,,45000,
6,6_fb_1_e_e_ex,False Belief,Explicit,End,End,passage_hr,passage,4,The person who moved the stapler to the cabinet was,Ross,Laura,0.3182079792022705,0.029932426288723946,3.410188880400868,True,EleutherAI/pythia-12b,Pythia 12B,,,45000,
6,6_fb_1_e_e_im,False Belief,Implicit,End,End,passage_hr,passage,1,"At the start of the story, Laura put the stapler in the",drawer,cabinet,0.832747757434845,0.09659044444561005,3.1079271862917355,True,EleutherAI/pythia-12b,Pythia 12B,,,45000,
6,6_fb_1_e_e_im,False Belief,Implicit,End,End,passage_hr,passage,2,"At the end of the story, the stapler was in the",cabinet,drawer,0.3596809506416321,0.5147427916526794,-0.5171339680689143,False,EleutherAI/pythia-12b,Pythia 12B,,,45000,
6,6_fb_1_e_e_im,False Belief,Implicit,End,End,passage_hr,passage,3,The person who put the stapler in the drawer was,Laura,Ross,0.03569101169705391,0.24271947145462036,-2.7656571473933886,False,EleutherAI/pythia-12b,Pythia 12B,,,45000,
6,6_fb_1_e_e_im,False Belief,Implicit,End,End,passage_hr,passage,4,The person who moved the stapler to the cabinet was,Ross,Laura,0.3182079792022705,0.029932426288723946,3.410188880400868,True,EleutherAI/pythia-12b,Pythia 12B,,,45000,
6,6_tb_1_e_e_ex,True Belief,Explicit,End,End,passage_hr,passage,1,"At the start of the story, Laura put the stapler in the",drawer,cabinet,0.8462193608283997,0.07891720533370972,3.4226199213472315,True,EleutherAI/pythia-12b,Pythia 12B,,,45000,
6,6_tb_1_e_e_ex,True Belief,Explicit,End,End,passage_hr,passage,2,"At the end of the story, the stapler was in the",cabinet,drawer,0.37712863087654114,0.4889313876628876,-0.37457534297378,False,EleutherAI/pythia-12b,Pythia 12B,,,45000,
6,6_tb_1_e_e_ex,True Belief,Explicit,End,End,passage_hr,passage,3,The person who put the stapler in the drawer was,Laura,Ross,0.06289532035589218,0.1316797286272049,-1.0660086833189197,False,EleutherAI/pythia-12b,Pythia 12B,,,45000,
6,6_tb_1_e_e_ex,True Belief,Explicit,End,End,passage_hr,passage,4,The person who moved the stapler to the cabinet was,Ross,Laura,0.15431959927082062,0.07230427116155624,1.0937685244278494,True,EleutherAI/pythia-12b,Pythia 12B,,,45000,
6,6_tb_1_e_e_im,True Belief,Implicit,End,End,passage_hr,passage,1,"At the start of the story, Laura put the stapler in the",drawer,cabinet,0.8462193608283997,0.07891720533370972,3.4226199213472315,True,EleutherAI/pythia-12b,Pythia 12B,,,45000,
6,6_tb_1_e_e_im,True Belief,Implicit,End,End,passage_hr,passage,2,"At the end of the story, the stapler was in the",cabinet,drawer,0.37712863087654114,0.4889313876628876,-0.37457534297378,False,EleutherAI/pythia-12b,Pythia 12B,,,45000,
6,6_tb_1_e_e_im,True Belief,Implicit,End,End,passage_hr,passage,3,The person who put the stapler in the drawer was,Laura,Ross,0.06289532035589218,0.1316797286272049,-1.0660086833189197,False,EleutherAI/pythia-12b,Pythia 12B,,,45000,
6,6_tb_1_e_e_im,True Belief,Implicit,End,End,passage_hr,passage,4,The person who moved the stapler to the cabinet was,Ross,Laura,0.15431959927082062,0.07230427116155624,1.0937685244278494,True,EleutherAI/pythia-12b,Pythia 12B,,,45000,
6,6_fb_1_e_s_ex,False Belief,Explicit,End,Start,passage_hr,passage,1,"At the start of the story, Laura put the stapler in the",drawer,cabinet,0.8536050915718079,0.0628117024898529,3.764463502815857,True,EleutherAI/pythia-12b,Pythia 12B,,,45000,
6,6_fb_1_e_s_ex,False Belief,Explicit,End,Start,passage_hr,passage,2,"At the end of the story, the stapler was in the",cabinet,drawer,0.10664648562669754,0.7756725549697876,-2.8626113321371562,False,EleutherAI/pythia-12b,Pythia 12B,,,45000,
6,6_fb_1_e_s_ex,False Belief,Explicit,End,Start,passage_hr,passage,3,The person who put the stapler in the drawer was,Laura,Ross,0.02715465798974037,0.2793380916118622,-3.3627407205666593,False,EleutherAI/pythia-12b,Pythia 12B,,,45000,
6,6_fb_1_e_s_ex,False Belief,Explicit,End,Start,passage_hr,passage,4,The person who moved the stapler to the cabinet was,Ross,Laura,0.3615528643131256,0.027322832494974136,3.726027648342276,True,EleutherAI/pythia-12b,Pythia 12B,,,45000,
6,6_fb_1_e_s_im,False Belief,Implicit,End,Start,passage_hr,passage,1,"At the start of the story, Laura put the stapler in the",drawer,cabinet,0.8536050915718079,0.0628117024898529,3.764463502815857,True,EleutherAI/pythia-12b,Pythia 12B,,,45000,
6,6_fb_1_e_s_im,False Belief,Implicit,End,Start,passage_hr,passage,2,"At the end of the story, the stapler was in the",cabinet,drawer,0.10664648562669754,0.7756725549697876,-2.8626113321371562,False,EleutherAI/pythia-12b,Pythia 12B,,,45000,
6,6_fb_1_e_s_im,False Belief,Implicit,End,Start,passage_hr,passage,3,The person who put the stapler in the drawer was,Laura,Ross,0.02715465798974037,0.2793380916118622,-3.3627407205666593,False,EleutherAI/pythia-12b,Pythia 12B,,,45000,
6,6_fb_1_e_s_im,False Belief,Implicit,End,Start,passage_hr,passage,4,The person who moved the stapler to the cabinet was,Ross,Laura,0.3615528643131256,0.027322832494974136,3.726027648342276,True,EleutherAI/pythia-12b,Pythia 12B,,,45000,
6,6_tb_1_e_s_ex,True Belief,Explicit,End,Start,passage_hr,passage,1,"At the start of the story, Laura put the stapler in the",drawer,cabinet,0.8026247620582581,0.09085320681333542,3.1431163231309927,True,EleutherAI/pythia-12b,Pythia 12B,,,45000,
6,6_tb_1_e_s_ex,True Belief,Explicit,End,Start,passage_hr,passage,2,"At the end of the story, the stapler was in the",cabinet,drawer,0.12891486287117004,0.7280895113945007,-2.4976972216987767,False,EleutherAI/pythia-12b,Pythia 12B,,,45000,
6,6_tb_1_e_s_ex,True Belief,Explicit,End,Start,passage_hr,passage,3,The person who put the stapler in the drawer was,Laura,Ross,0.05362599343061447,0.14890089631080627,-1.4733480641245256,False,EleutherAI/pythia-12b,Pythia 12B,,,45000,
6,6_tb_1_e_s_ex,True Belief,Explicit,End,Start,passage_hr,passage,4,The person who moved the stapler to the cabinet was,Ross,Laura,0.15394511818885803,0.065963976085186,1.222665850984396,True,EleutherAI/pythia-12b,Pythia 12B,,,45000,
6,6_tb_1_e_s_im,True Belief,Implicit,End,Start,passage_hr,passage,1,"At the start of the story, Laura put the stapler in the",drawer,cabinet,0.8026247620582581,0.09085320681333542,3.1431163231309927,True,EleutherAI/pythia-12b,Pythia 12B,,,45000,
6,6_tb_1_e_s_im,True Belief,Implicit,End,Start,passage_hr,passage,2,"At the end of the story, the stapler was in the",cabinet,drawer,0.12891486287117004,0.7280895113945007,-2.4976972216987767,False,EleutherAI/pythia-12b,Pythia 12B,,,45000,
6,6_tb_1_e_s_im,True Belief,Implicit,End,Start,passage_hr,passage,3,The person who put the stapler in the drawer was,Laura,Ross,0.05362599343061447,0.14890089631080627,-1.4733480641245256,False,EleutherAI/pythia-12b,Pythia 12B,,,45000,
6,6_tb_1_e_s_im,True Belief,Implicit,End,Start,passage_hr,passage,4,The person who moved the stapler to the cabinet was,Ross,Laura,0.15394511818885803,0.065963976085186,1.222665850984396,True,EleutherAI/pythia-12b,Pythia 12B,,,45000,
