item,item_id,condition,knowledge_cue,first_mention,recent_mention,passage_hr,passage,question_id,question,correct_answer,distractor_answer,prob_correct,prob_distractor,log_odds,is_correct,model_path,model_shorthand,stage,ingredient,step,tokens_seen
7,7_fb_1_s_e_ex,False Belief,Explicit,Start,End,passage_hr,passage,1,"At the start of the story, David put the wine in the",garage,fridge,0.15045194327831268,0.47297200560569763,-1.6524520544354306,False,EleutherAI/pythia-6.9b,Pythia 6.9B,,,38000,
7,7_fb_1_s_e_ex,False Belief,Explicit,Start,End,passage_hr,passage,2,"At the end of the story, the wine was in the",fridge,garage,0.5675584673881531,0.08551079779863358,2.7305905085599176,True,EleutherAI/pythia-6.9b,Pythia 6.9B,,,38000,
7,7_fb_1_s_e_ex,False Belief,Explicit,Start,End,passage_hr,passage,3,The person who put the wine in the garage was,David,Marta,0.0889144241809845,0.09883324056863785,-0.15257886495832698,False,EleutherAI/pythia-6.9b,Pythia 6.9B,,,38000,
7,7_fb_1_s_e_ex,False Belief,Explicit,Start,End,passage_hr,passage,4,The person who moved the wine to the fridge was,Marta,David,0.2278410643339157,0.09536023437976837,1.2565681039962275,True,EleutherAI/pythia-6.9b,Pythia 6.9B,,,38000,
7,7_fb_1_s_e_im,False Belief,Implicit,Start,End,passage_hr,passage,1,"At the start of the story, David put the wine in the",garage,fridge,0.15045194327831268,0.47297200560569763,-1.6524520544354306,False,EleutherAI/pythia-6.9b,Pythia 6.9B,,,38000,
7,7_fb_1_s_e_im,False Belief,Implicit,Start,End,passage_hr,passage,2,"At the end of the story, the wine was in the",fridge,garage,0.5675584673881531,0.08551079779863358,2.7305905085599176,True,EleutherAI/pythia-6.9b,Pythia 6.9B,,,38000,
7,7_fb_1_s_e_im,False Belief,Implicit,Start,End,passage_hr,passage,3,The person who put the wine in the garage was,David,Marta,0.0889144241809845,0.09883324056863785,-0.15257886495832698,False,EleutherAI/pythia-6.9b,Pythia 6.9B,,,38000,
7,7_fb_1_s_e_im,False Belief,Implicit,Start,End,passage_hr,passage,4,The person who moved the wine to the fridge was,Marta,David,0.2278410643339157,0.09536023437976837,1.2565681039962275,True,EleutherAI/pythia-6.9b,Pythia 6.9B,,,38000,
7,7_tb_1_s_e_ex,True Belief,Explicit,Start,End,passage_hr,passage,1,"At the start of the story, David put the wine in the",garage,fridge,0.23058275878429413,0.35836654901504517,-0.6361513349749796,False,EleutherAI/pythia-6.9b,Pythia 6.9B,,,38000,
7,7_tb_1_s_e_ex,True Belief,Explicit,Start,End,passage_hr,passage,2,"At the end of the story, the wine was in the",fridge,garage,0.39913609623908997,0.1947060227394104,1.0355832453205507,True,EleutherAI/pythia-6.9b,Pythia 6.9B,,,38000,
7,7_tb_1_s_e_ex,True Belief,Explicit,Start,End,passage_hr,passage,3,The person who put the wine in the garage was,David,Marta,0.07978751510381699,0.19828104972839355,-1.3133118808795012,False,EleutherAI/pythia-6.9b,Pythia 6.9B,,,38000,
7,7_tb_1_s_e_ex,True Belief,Explicit,Start,End,passage_hr,passage,4,The person who moved the wine to the fridge was,Marta,David,0.2896190583705902,0.08028174936771393,1.8510125830436563,True,EleutherAI/pythia-6.9b,Pythia 6.9B,,,38000,
7,7_tb_1_s_e_im,True Belief,Implicit,Start,End,passage_hr,passage,1,"At the start of the story, David put the wine in the",garage,fridge,0.23058275878429413,0.35836654901504517,-0.6361513349749796,False,EleutherAI/pythia-6.9b,Pythia 6.9B,,,38000,
7,7_tb_1_s_e_im,True Belief,Implicit,Start,End,passage_hr,passage,2,"At the end of the story, the wine was in the",fridge,garage,0.39913609623908997,0.1947060227394104,1.0355832453205507,True,EleutherAI/pythia-6.9b,Pythia 6.9B,,,38000,
7,7_tb_1_s_e_im,True Belief,Implicit,Start,End,passage_hr,passage,3,The person who put the wine in the garage was,David,Marta,0.07978751510381699,0.19828104972839355,-1.3133118808795012,False,EleutherAI/pythia-6.9b,Pythia 6.9B,,,38000,
7,7_tb_1_s_e_im,True Belief,Implicit,Start,End,passage_hr,passage,4,The person who moved the wine to the fridge was,Marta,David,0.2896190583705902,0.08028174936771393,1.8510125830436563,True,EleutherAI/pythia-6.9b,Pythia 6.9B,,,38000,
7,7_fb_1_s_s_ex,False Belief,Explicit,Start,Start,passage_hr,passage,1,"At the start of the story, David put the wine in the",garage,fridge,0.08189021050930023,0.5252149105072021,-2.681144972358344,False,EleutherAI/pythia-6.9b,Pythia 6.9B,,,38000,
7,7_fb_1_s_s_ex,False Belief,Explicit,Start,Start,passage_hr,passage,2,"At the end of the story, the wine was in the",fridge,garage,0.5730889439582825,0.0781799852848053,2.8738878458318684,True,EleutherAI/pythia-6.9b,Pythia 6.9B,,,38000,
7,7_fb_1_s_s_ex,False Belief,Explicit,Start,Start,passage_hr,passage,3,The person who put the wine in the garage was,David,Marta,0.0834621712565422,0.08926872164011002,-0.0970323135750005,False,EleutherAI/pythia-6.9b,Pythia 6.9B,,,38000,
7,7_fb_1_s_s_ex,False Belief,Explicit,Start,Start,passage_hr,passage,4,The person who moved the wine to the fridge was,Marta,David,0.1803566962480545,0.09229398518800735,0.9665444528099219,True,EleutherAI/pythia-6.9b,Pythia 6.9B,,,38000,
7,7_fb_1_s_s_im,False Belief,Implicit,Start,Start,passage_hr,passage,1,"At the start of the story, David put the wine in the",garage,fridge,0.08189021050930023,0.5252149105072021,-2.681144972358344,False,EleutherAI/pythia-6.9b,Pythia 6.9B,,,38000,
7,7_fb_1_s_s_im,False Belief,Implicit,Start,Start,passage_hr,passage,2,"At the end of the story, the wine was in the",fridge,garage,0.5730889439582825,0.0781799852848053,2.8738878458318684,True,EleutherAI/pythia-6.9b,Pythia 6.9B,,,38000,
7,7_fb_1_s_s_im,False Belief,Implicit,Start,Start,passage_hr,passage,3,The person who put the wine in the garage was,David,Marta,0.0834621712565422,0.08926872164011002,-0.0970323135750005,False,EleutherAI/pythia-6.9b,Pythia 6.9B,,,38000,
7,7_fb_1_s_s_im,False Belief,Implicit,Start,Start,passage_hr,passage,4,The person who moved the wine to the fridge was,Marta,David,0.1803566962480545,0.09229398518800735,0.9665444528099219,True,EleutherAI/pythia-6.9b,Pythia 6.9B,,,38000,
7,7_tb_1_s_s_ex,True Belief,Explicit,Start,Start,passage_hr,passage,1,"At the start of the story, David put the wine in the",garage,fridge,0.14251506328582764,0.40311917662620544,-1.5000920001380842,False,EleutherAI/pythia-6.9b,Pythia 6.9B,,,38000,
7,7_tb_1_s_s_ex,True Belief,Explicit,Start,Start,passage_hr,passage,2,"At the end of the story, the wine was in the",fridge,garage,0.392707496881485,0.19148236513137817,1.0362436086593645,True,EleutherAI/pythia-6.9b,Pythia 6.9B,,,38000,
7,7_tb_1_s_s_ex,True Belief,Explicit,Start,Start,passage_hr,passage,3,The person who put the wine in the garage was,David,Marta,0.0750325471162796,0.17329803109169006,-1.2076668244641864,False,EleutherAI/pythia-6.9b,Pythia 6.9B,,,38000,
7,7_tb_1_s_s_ex,True Belief,Explicit,Start,Start,passage_hr,passage,4,The person who moved the wine to the fridge was,Marta,David,0.2379940152168274,0.07687190920114517,1.6303968898636045,True,EleutherAI/pythia-6.9b,Pythia 6.9B,,,38000,
7,7_tb_1_s_s_im,True Belief,Implicit,Start,Start,passage_hr,passage,1,"At the start of the story, David put the wine in the",garage,fridge,0.14251506328582764,0.40311917662620544,-1.5000920001380842,False,EleutherAI/pythia-6.9b,Pythia 6.9B,,,38000,
7,7_tb_1_s_s_im,True Belief,Implicit,Start,Start,passage_hr,passage,2,"At the end of the story, the wine was in the",fridge,garage,0.392707496881485,0.19148236513137817,1.0362436086593645,True,EleutherAI/pythia-6.9b,Pythia 6.9B,,,38000,
7,7_tb_1_s_s_im,True Belief,Implicit,Start,Start,passage_hr,passage,3,The person who put the wine in the garage was,David,Marta,0.0750325471162796,0.17329803109169006,-1.2076668244641864,False,EleutherAI/pythia-6.9b,Pythia 6.9B,,,38000,
7,7_tb_1_s_s_im,True Belief,Implicit,Start,Start,passage_hr,passage,4,The person who moved the wine to the fridge was,Marta,David,0.2379940152168274,0.07687190920114517,1.6303968898636045,True,EleutherAI/pythia-6.9b,Pythia 6.9B,,,38000,
7,7_fb_1_e_e_ex,False Belief,Explicit,End,End,passage_hr,passage,1,"At the start of the story, David put the wine in the",garage,fridge,0.17395812273025513,0.4751405715942383,-1.4496143565870356,False,EleutherAI/pythia-6.9b,Pythia 6.9B,,,38000,
7,7_fb_1_e_e_ex,False Belief,Explicit,End,End,passage_hr,passage,2,"At the end of the story, the wine was in the",fridge,garage,0.4823920428752899,0.16606074571609497,1.5384950279684446,True,EleutherAI/pythia-6.9b,Pythia 6.9B,,,38000,
7,7_fb_1_e_e_ex,False Belief,Explicit,End,End,passage_hr,passage,3,The person who put the wine in the garage was,David,Marta,0.09939876198768616,0.09924407303333282,0.0022469376498132046,True,EleutherAI/pythia-6.9b,Pythia 6.9B,,,38000,
7,7_fb_1_e_e_ex,False Belief,Explicit,End,End,passage_hr,passage,4,The person who moved the wine to the fridge was,Marta,David,0.19733940064907074,0.10265433043241501,0.942884544069918,True,EleutherAI/pythia-6.9b,Pythia 6.9B,,,38000,
7,7_fb_1_e_e_im,False Belief,Implicit,End,End,passage_hr,passage,1,"At the start of the story, David put the wine in the",garage,fridge,0.17395812273025513,0.4751405715942383,-1.4496143565870356,False,EleutherAI/pythia-6.9b,Pythia 6.9B,,,38000,
7,7_fb_1_e_e_im,False Belief,Implicit,End,End,passage_hr,passage,2,"At the end of the story, the wine was in the",fridge,garage,0.4823920428752899,0.16606074571609497,1.5384950279684446,True,EleutherAI/pythia-6.9b,Pythia 6.9B,,,38000,
7,7_fb_1_e_e_im,False Belief,Implicit,End,End,passage_hr,passage,3,The person who put the wine in the garage was,David,Marta,0.09939876198768616,0.09924407303333282,0.0022469376498132046,True,EleutherAI/pythia-6.9b,Pythia 6.9B,,,38000,
7,7_fb_1_e_e_im,False Belief,Implicit,End,End,passage_hr,passage,4,The person who moved the wine to the fridge was,Marta,David,0.19733940064907074,0.10265433043241501,0.942884544069918,True,EleutherAI/pythia-6.9b,Pythia 6.9B,,,38000,
7,7_tb_1_e_e_ex,True Belief,Explicit,End,End,passage_hr,passage,1,"At the start of the story, David put the wine in the",garage,fridge,0.22405172884464264,0.39570140838623047,-0.8205803414166789,False,EleutherAI/pythia-6.9b,Pythia 6.9B,,,38000,
7,7_tb_1_e_e_ex,True Belief,Explicit,End,End,passage_hr,passage,2,"At the end of the story, the wine was in the",fridge,garage,0.32132887840270996,0.3232742249965668,-0.008707840186942081,False,EleutherAI/pythia-6.9b,Pythia 6.9B,,,38000,
7,7_tb_1_e_e_ex,True Belief,Explicit,End,End,passage_hr,passage,3,The person who put the wine in the garage was,David,Marta,0.0865364670753479,0.2014346718788147,-1.2189319003171422,False,EleutherAI/pythia-6.9b,Pythia 6.9B,,,38000,
7,7_tb_1_e_e_ex,True Belief,Explicit,End,End,passage_hr,passage,4,The person who moved the wine to the fridge was,Marta,David,0.27649280428886414,0.0874655619263649,1.6604549376010227,True,EleutherAI/pythia-6.9b,Pythia 6.9B,,,38000,
7,7_tb_1_e_e_im,True Belief,Implicit,End,End,passage_hr,passage,1,"At the start of the story, David put the wine in the",garage,fridge,0.22405172884464264,0.39570140838623047,-0.8205803414166789,False,EleutherAI/pythia-6.9b,Pythia 6.9B,,,38000,
7,7_tb_1_e_e_im,True Belief,Implicit,End,End,passage_hr,passage,2,"At the end of the story, the wine was in the",fridge,garage,0.32132887840270996,0.3232742249965668,-0.008707840186942081,False,EleutherAI/pythia-6.9b,Pythia 6.9B,,,38000,
7,7_tb_1_e_e_im,True Belief,Implicit,End,End,passage_hr,passage,3,The person who put the wine in the garage was,David,Marta,0.0865364670753479,0.2014346718788147,-1.2189319003171422,False,EleutherAI/pythia-6.9b,Pythia 6.9B,,,38000,
7,7_tb_1_e_e_im,True Belief,Implicit,End,End,passage_hr,passage,4,The person who moved the wine to the fridge was,Marta,David,0.27649280428886414,0.0874655619263649,1.6604549376010227,True,EleutherAI/pythia-6.9b,Pythia 6.9B,,,38000,
7,7_fb_1_e_s_ex,False Belief,Explicit,End,Start,passage_hr,passage,1,"At the start of the story, David put the wine in the",garage,fridge,0.11425625532865524,0.5110803246498108,-2.1612768996979654,False,EleutherAI/pythia-6.9b,Pythia 6.9B,,,38000,
7,7_fb_1_e_s_ex,False Belief,Explicit,End,Start,passage_hr,passage,2,"At the end of the story, the wine was in the",fridge,garage,0.4917184114456177,0.15973994135856628,1.6221072859220682,True,EleutherAI/pythia-6.9b,Pythia 6.9B,,,38000,
7,7_fb_1_e_s_ex,False Belief,Explicit,End,Start,passage_hr,passage,3,The person who put the wine in the garage was,David,Marta,0.08696587383747101,0.09022244811058044,-0.053037046937808946,False,EleutherAI/pythia-6.9b,Pythia 6.9B,,,38000,
7,7_fb_1_e_s_ex,False Belief,Explicit,End,Start,passage_hr,passage,4,The person who moved the wine to the fridge was,Marta,David,0.15952381491661072,0.0938250869512558,0.7657261892246567,True,EleutherAI/pythia-6.9b,Pythia 6.9B,,,38000,
7,7_fb_1_e_s_im,False Belief,Implicit,End,Start,passage_hr,passage,1,"At the start of the story, David put the wine in the",garage,fridge,0.11425625532865524,0.5110803246498108,-2.1612768996979654,False,EleutherAI/pythia-6.9b,Pythia 6.9B,,,38000,
7,7_fb_1_e_s_im,False Belief,Implicit,End,Start,passage_hr,passage,2,"At the end of the story, the wine was in the",fridge,garage,0.4917184114456177,0.15973994135856628,1.6221072859220682,True,EleutherAI/pythia-6.9b,Pythia 6.9B,,,38000,
7,7_fb_1_e_s_im,False Belief,Implicit,End,Start,passage_hr,passage,3,The person who put the wine in the garage was,David,Marta,0.08696587383747101,0.09022244811058044,-0.053037046937808946,False,EleutherAI/pythia-6.9b,Pythia 6.9B,,,38000,
7,7_fb_1_e_s_im,False Belief,Implicit,End,Start,passage_hr,passage,4,The person who moved the wine to the fridge was,Marta,David,0.15952381491661072,0.0938250869512558,0.7657261892246567,True,EleutherAI/pythia-6.9b,Pythia 6.9B,,,38000,
7,7_tb_1_e_s_ex,True Belief,Explicit,End,Start,passage_hr,passage,1,"At the start of the story, David put the wine in the",garage,fridge,0.18149295449256897,0.40020808577537537,-1.1408367713683751,False,EleutherAI/pythia-6.9b,Pythia 6.9B,,,38000,
7,7_tb_1_e_s_ex,True Belief,Explicit,End,Start,passage_hr,passage,2,"At the end of the story, the wine was in the",fridge,garage,0.29761895537376404,0.3504334092140198,-0.23567390875446678,False,EleutherAI/pythia-6.9b,Pythia 6.9B,,,38000,
7,7_tb_1_e_s_ex,True Belief,Explicit,End,Start,passage_hr,passage,3,The person who put the wine in the garage was,David,Marta,0.07346449047327042,0.18215951323509216,-1.3100833536830296,False,EleutherAI/pythia-6.9b,Pythia 6.9B,,,38000,
7,7_tb_1_e_s_ex,True Belief,Explicit,End,Start,passage_hr,passage,4,The person who moved the wine to the fridge was,Marta,David,0.23549437522888184,0.07561791688203812,1.6388925898458526,True,EleutherAI/pythia-6.9b,Pythia 6.9B,,,38000,
7,7_tb_1_e_s_im,True Belief,Implicit,End,Start,passage_hr,passage,1,"At the start of the story, David put the wine in the",garage,fridge,0.18149295449256897,0.40020808577537537,-1.1408367713683751,False,EleutherAI/pythia-6.9b,Pythia 6.9B,,,38000,
7,7_tb_1_e_s_im,True Belief,Implicit,End,Start,passage_hr,passage,2,"At the end of the story, the wine was in the",fridge,garage,0.29761895537376404,0.3504334092140198,-0.23567390875446678,False,EleutherAI/pythia-6.9b,Pythia 6.9B,,,38000,
7,7_tb_1_e_s_im,True Belief,Implicit,End,Start,passage_hr,passage,3,The person who put the wine in the garage was,David,Marta,0.07346449047327042,0.18215951323509216,-1.3100833536830296,False,EleutherAI/pythia-6.9b,Pythia 6.9B,,,38000,
7,7_tb_1_e_s_im,True Belief,Implicit,End,Start,passage_hr,passage,4,The person who moved the wine to the fridge was,Marta,David,0.23549437522888184,0.07561791688203812,1.6388925898458526,True,EleutherAI/pythia-6.9b,Pythia 6.9B,,,38000,
8,8_fb_1_s_e_ex,False Belief,Explicit,Start,End,passage_hr,passage,1,"At the start of the story, Sarah put the painting in the",hall,bedroom,0.18500089645385742,0.34890541434288025,-0.9153037239791524,False,EleutherAI/pythia-6.9b,Pythia 6.9B,,,38000,
8,8_fb_1_s_e_ex,False Belief,Explicit,Start,End,passage_hr,passage,2,"At the end of the story, the painting was in the",bedroom,hall,0.6378145813941956,0.06616558879613876,3.2689840755162796,True,EleutherAI/pythia-6.9b,Pythia 6.9B,,,38000,
8,8_fb_1_s_e_ex,False Belief,Explicit,Start,End,passage_hr,passage,3,The person who put the painting in the hall was,Sarah,James,0.11427409946918488,0.2587999105453491,-1.1793386687533178,False,EleutherAI/pythia-6.9b,Pythia 6.9B,,,38000,
8,8_fb_1_s_e_ex,False Belief,Explicit,Start,End,passage_hr,passage,4,The person who moved the painting to the bedroom was,James,Sarah,0.46934205293655396,0.10427043586969376,2.1703095673952264,True,EleutherAI/pythia-6.9b,Pythia 6.9B,,,38000,
8,8_fb_1_s_e_im,False Belief,Implicit,Start,End,passage_hr,passage,1,"At the start of the story, Sarah put the painting in the",hall,bedroom,0.18500089645385742,0.34890541434288025,-0.9153037239791524,False,EleutherAI/pythia-6.9b,Pythia 6.9B,,,38000,
8,8_fb_1_s_e_im,False Belief,Implicit,Start,End,passage_hr,passage,2,"At the end of the story, the painting was in the",bedroom,hall,0.6378145813941956,0.06616558879613876,3.2689840755162796,True,EleutherAI/pythia-6.9b,Pythia 6.9B,,,38000,
8,8_fb_1_s_e_im,False Belief,Implicit,Start,End,passage_hr,passage,3,The person who put the painting in the hall was,Sarah,James,0.11427409946918488,0.2587999105453491,-1.1793386687533178,False,EleutherAI/pythia-6.9b,Pythia 6.9B,,,38000,
8,8_fb_1_s_e_im,False Belief,Implicit,Start,End,passage_hr,passage,4,The person who moved the painting to the bedroom was,James,Sarah,0.46934205293655396,0.10427043586969376,2.1703095673952264,True,EleutherAI/pythia-6.9b,Pythia 6.9B,,,38000,
8,8_tb_1_s_e_ex,True Belief,Explicit,Start,End,passage_hr,passage,1,"At the start of the story, Sarah put the painting in the",hall,bedroom,0.34686803817749023,0.2287224382162094,0.6007890064848225,True,EleutherAI/pythia-6.9b,Pythia 6.9B,,,38000,
8,8_tb_1_s_e_ex,True Belief,Explicit,Start,End,passage_hr,passage,2,"At the end of the story, the painting was in the",bedroom,hall,0.5658847689628601,0.0968741849064827,2.5463241354831148,True,EleutherAI/pythia-6.9b,Pythia 6.9B,,,38000,
8,8_tb_1_s_e_ex,True Belief,Explicit,Start,End,passage_hr,passage,3,The person who put the painting in the hall was,Sarah,James,0.11409885436296463,0.12398194521665573,-0.11984573848769298,False,EleutherAI/pythia-6.9b,Pythia 6.9B,,,38000,
8,8_tb_1_s_e_ex,True Belief,Explicit,Start,End,passage_hr,passage,4,The person who moved the painting to the bedroom was,James,Sarah,0.1763255000114441,0.15739020705223083,0.16389535284172482,True,EleutherAI/pythia-6.9b,Pythia 6.9B,,,38000,
8,8_tb_1_s_e_im,True Belief,Implicit,Start,End,passage_hr,passage,1,"At the start of the story, Sarah put the painting in the",hall,bedroom,0.34686803817749023,0.2287224382162094,0.6007890064848225,True,EleutherAI/pythia-6.9b,Pythia 6.9B,,,38000,
8,8_tb_1_s_e_im,True Belief,Implicit,Start,End,passage_hr,passage,2,"At the end of the story, the painting was in the",bedroom,hall,0.5658847689628601,0.0968741849064827,2.5463241354831148,True,EleutherAI/pythia-6.9b,Pythia 6.9B,,,38000,
8,8_tb_1_s_e_im,True Belief,Implicit,Start,End,passage_hr,passage,3,The person who put the painting in the hall was,Sarah,James,0.11409885436296463,0.12398194521665573,-0.11984573848769298,False,EleutherAI/pythia-6.9b,Pythia 6.9B,,,38000,
8,8_tb_1_s_e_im,True Belief,Implicit,Start,End,passage_hr,passage,4,The person who moved the painting to the bedroom was,James,Sarah,0.1763255000114441,0.15739020705223083,0.16389535284172482,True,EleutherAI/pythia-6.9b,Pythia 6.9B,,,38000,
8,8_fb_1_s_s_ex,False Belief,Explicit,Start,Start,passage_hr,passage,1,"At the start of the story, Sarah put the painting in the",hall,bedroom,0.1507195681333542,0.3838627338409424,-1.348723771053178,False,EleutherAI/pythia-6.9b,Pythia 6.9B,,,38000,
8,8_fb_1_s_s_ex,False Belief,Explicit,Start,Start,passage_hr,passage,2,"At the end of the story, the painting was in the",bedroom,hall,0.6245401501655579,0.06892566382884979,3.1796811600339976,True,EleutherAI/pythia-6.9b,Pythia 6.9B,,,38000,
8,8_fb_1_s_s_ex,False Belief,Explicit,Start,Start,passage_hr,passage,3,The person who put the painting in the hall was,Sarah,James,0.12172664701938629,0.2881741225719452,-1.2432957692702895,False,EleutherAI/pythia-6.9b,Pythia 6.9B,,,38000,
8,8_fb_1_s_s_ex,False Belief,Explicit,Start,Start,passage_hr,passage,4,The person who moved the painting to the bedroom was,James,Sarah,0.5076125264167786,0.10544685274362564,2.2672116353093337,True,EleutherAI/pythia-6.9b,Pythia 6.9B,,,38000,
8,8_fb_1_s_s_im,False Belief,Implicit,Start,Start,passage_hr,passage,1,"At the start of the story, Sarah put the painting in the",hall,bedroom,0.1507195681333542,0.3838627338409424,-1.348723771053178,False,EleutherAI/pythia-6.9b,Pythia 6.9B,,,38000,
8,8_fb_1_s_s_im,False Belief,Implicit,Start,Start,passage_hr,passage,2,"At the end of the story, the painting was in the",bedroom,hall,0.6245401501655579,0.06892566382884979,3.1796811600339976,True,EleutherAI/pythia-6.9b,Pythia 6.9B,,,38000,
8,8_fb_1_s_s_im,False Belief,Implicit,Start,Start,passage_hr,passage,3,The person who put the painting in the hall was,Sarah,James,0.12172664701938629,0.2881741225719452,-1.2432957692702895,False,EleutherAI/pythia-6.9b,Pythia 6.9B,,,38000,
8,8_fb_1_s_s_im,False Belief,Implicit,Start,Start,passage_hr,passage,4,The person who moved the painting to the bedroom was,James,Sarah,0.5076125264167786,0.10544685274362564,2.2672116353093337,True,EleutherAI/pythia-6.9b,Pythia 6.9B,,,38000,
8,8_tb_1_s_s_ex,True Belief,Explicit,Start,Start,passage_hr,passage,1,"At the start of the story, Sarah put the painting in the",hall,bedroom,0.2867225706577301,0.29188984632492065,-0.025768548866009832,False,EleutherAI/pythia-6.9b,Pythia 6.9B,,,38000,
8,8_tb_1_s_s_ex,True Belief,Explicit,Start,Start,passage_hr,passage,2,"At the end of the story, the painting was in the",bedroom,hall,0.5818016529083252,0.09747858345508575,2.577370203878003,True,EleutherAI/pythia-6.9b,Pythia 6.9B,,,38000,
8,8_tb_1_s_s_ex,True Belief,Explicit,Start,Start,passage_hr,passage,3,The person who put the painting in the hall was,Sarah,James,0.12095428258180618,0.1440032571554184,-0.2516395926410988,False,EleutherAI/pythia-6.9b,Pythia 6.9B,,,38000,
8,8_tb_1_s_s_ex,True Belief,Explicit,Start,Start,passage_hr,passage,4,The person who moved the painting to the bedroom was,James,Sarah,0.17394475638866425,0.16148439049720764,0.10723447219482604,True,EleutherAI/pythia-6.9b,Pythia 6.9B,,,38000,
8,8_tb_1_s_s_im,True Belief,Implicit,Start,Start,passage_hr,passage,1,"At the start of the story, Sarah put the painting in the",hall,bedroom,0.2867225706577301,0.29188984632492065,-0.025768548866009832,False,EleutherAI/pythia-6.9b,Pythia 6.9B,,,38000,
8,8_tb_1_s_s_im,True Belief,Implicit,Start,Start,passage_hr,passage,2,"At the end of the story, the painting was in the",bedroom,hall,0.5818016529083252,0.09747858345508575,2.577370203878003,True,EleutherAI/pythia-6.9b,Pythia 6.9B,,,38000,
8,8_tb_1_s_s_im,True Belief,Implicit,Start,Start,passage_hr,passage,3,The person who put the painting in the hall was,Sarah,James,0.12095428258180618,0.1440032571554184,-0.2516395926410988,False,EleutherAI/pythia-6.9b,Pythia 6.9B,,,38000,
8,8_tb_1_s_s_im,True Belief,Implicit,Start,Start,passage_hr,passage,4,The person who moved the painting to the bedroom was,James,Sarah,0.17394475638866425,0.16148439049720764,0.10723447219482604,True,EleutherAI/pythia-6.9b,Pythia 6.9B,,,38000,
8,8_fb_1_e_e_ex,False Belief,Explicit,End,End,passage_hr,passage,1,"At the start of the story, Sarah put the painting in the",hall,bedroom,0.17111805081367493,0.3404442369937897,-0.9924265574644295,False,EleutherAI/pythia-6.9b,Pythia 6.9B,,,38000,
8,8_fb_1_e_e_ex,False Belief,Explicit,End,End,passage_hr,passage,2,"At the end of the story, the painting was in the",bedroom,hall,0.589838445186615,0.09452196955680847,2.641598262932335,True,EleutherAI/pythia-6.9b,Pythia 6.9B,,,38000,
8,8_fb_1_e_e_ex,False Belief,Explicit,End,End,passage_hr,passage,3,The person who put the painting in the hall was,Sarah,James,0.11135556548833847,0.23228178918361664,-1.0607023867485423,False,EleutherAI/pythia-6.9b,Pythia 6.9B,,,38000,
8,8_fb_1_e_e_ex,False Belief,Explicit,End,End,passage_hr,passage,4,The person who moved the painting to the bedroom was,James,Sarah,0.41336268186569214,0.09230203926563263,2.162973721631018,True,EleutherAI/pythia-6.9b,Pythia 6.9B,,,38000,
8,8_fb_1_e_e_im,False Belief,Implicit,End,End,passage_hr,passage,1,"At the start of the story, Sarah put the painting in the",hall,bedroom,0.17111805081367493,0.3404442369937897,-0.9924265574644295,False,EleutherAI/pythia-6.9b,Pythia 6.9B,,,38000,
8,8_fb_1_e_e_im,False Belief,Implicit,End,End,passage_hr,passage,2,"At the end of the story, the painting was in the",bedroom,hall,0.589838445186615,0.09452196955680847,2.641598262932335,True,EleutherAI/pythia-6.9b,Pythia 6.9B,,,38000,
8,8_fb_1_e_e_im,False Belief,Implicit,End,End,passage_hr,passage,3,The person who put the painting in the hall was,Sarah,James,0.11135556548833847,0.23228178918361664,-1.0607023867485423,False,EleutherAI/pythia-6.9b,Pythia 6.9B,,,38000,
8,8_fb_1_e_e_im,False Belief,Implicit,End,End,passage_hr,passage,4,The person who moved the painting to the bedroom was,James,Sarah,0.41336268186569214,0.09230203926563263,2.162973721631018,True,EleutherAI/pythia-6.9b,Pythia 6.9B,,,38000,
8,8_tb_1_e_e_ex,True Belief,Explicit,End,End,passage_hr,passage,1,"At the start of the story, Sarah put the painting in the",hall,bedroom,0.32825949788093567,0.25000524520874023,0.39287839123464197,True,EleutherAI/pythia-6.9b,Pythia 6.9B,,,38000,
8,8_tb_1_e_e_ex,True Belief,Explicit,End,End,passage_hr,passage,2,"At the end of the story, the painting was in the",bedroom,hall,0.5674226880073547,0.10478650033473969,2.4369709707747513,True,EleutherAI/pythia-6.9b,Pythia 6.9B,,,38000,
8,8_tb_1_e_e_ex,True Belief,Explicit,End,End,passage_hr,passage,3,The person who put the painting in the hall was,Sarah,James,0.11677032709121704,0.11236680299043655,0.05545783571497677,True,EleutherAI/pythia-6.9b,Pythia 6.9B,,,38000,
8,8_tb_1_e_e_ex,True Belief,Explicit,End,End,passage_hr,passage,4,The person who moved the painting to the bedroom was,James,Sarah,0.16478601098060608,0.14989590644836426,0.13663278956685038,True,EleutherAI/pythia-6.9b,Pythia 6.9B,,,38000,
8,8_tb_1_e_e_im,True Belief,Implicit,End,End,passage_hr,passage,1,"At the start of the story, Sarah put the painting in the",hall,bedroom,0.32825949788093567,0.25000524520874023,0.39287839123464197,True,EleutherAI/pythia-6.9b,Pythia 6.9B,,,38000,
8,8_tb_1_e_e_im,True Belief,Implicit,End,End,passage_hr,passage,2,"At the end of the story, the painting was in the",bedroom,hall,0.5674226880073547,0.10478650033473969,2.4369709707747513,True,EleutherAI/pythia-6.9b,Pythia 6.9B,,,38000,
8,8_tb_1_e_e_im,True Belief,Implicit,End,End,passage_hr,passage,3,The person who put the painting in the hall was,Sarah,James,0.11677032709121704,0.11236680299043655,0.05545783571497677,True,EleutherAI/pythia-6.9b,Pythia 6.9B,,,38000,
8,8_tb_1_e_e_im,True Belief,Implicit,End,End,passage_hr,passage,4,The person who moved the painting to the bedroom was,James,Sarah,0.16478601098060608,0.14989590644836426,0.13663278956685038,True,EleutherAI/pythia-6.9b,Pythia 6.9B,,,38000,
8,8_fb_1_e_s_ex,False Belief,Explicit,End,Start,passage_hr,passage,1,"At the start of the story, Sarah put the painting in the",hall,bedroom,0.13964392244815826,0.36686834692955017,-1.3935096491972059,False,EleutherAI/pythia-6.9b,Pythia 6.9B,,,38000,
8,8_fb_1_e_s_ex,False Belief,Explicit,End,Start,passage_hr,passage,2,"At the end of the story, the painting was in the",bedroom,hall,0.6101635694503784,0.08207707107067108,2.894144890401128,True,EleutherAI/pythia-6.9b,Pythia 6.9B,,,38000,
8,8_fb_1_e_s_ex,False Belief,Explicit,End,Start,passage_hr,passage,3,The person who put the painting in the hall was,Sarah,James,0.12158693373203278,0.2523788809776306,-1.0536029921509644,False,EleutherAI/pythia-6.9b,Pythia 6.9B,,,38000,
8,8_fb_1_e_s_ex,False Belief,Explicit,End,Start,passage_hr,passage,4,The person who moved the painting to the bedroom was,James,Sarah,0.4405558407306671,0.0995621457695961,2.1456556644215103,True,EleutherAI/pythia-6.9b,Pythia 6.9B,,,38000,
8,8_fb_1_e_s_im,False Belief,Implicit,End,Start,passage_hr,passage,1,"At the start of the story, Sarah put the painting in the",hall,bedroom,0.13964392244815826,0.36686834692955017,-1.3935096491972059,False,EleutherAI/pythia-6.9b,Pythia 6.9B,,,38000,
8,8_fb_1_e_s_im,False Belief,Implicit,End,Start,passage_hr,passage,2,"At the end of the story, the painting was in the",bedroom,hall,0.6101635694503784,0.08207707107067108,2.894144890401128,True,EleutherAI/pythia-6.9b,Pythia 6.9B,,,38000,
8,8_fb_1_e_s_im,False Belief,Implicit,End,Start,passage_hr,passage,3,The person who put the painting in the hall was,Sarah,James,0.12158693373203278,0.2523788809776306,-1.0536029921509644,False,EleutherAI/pythia-6.9b,Pythia 6.9B,,,38000,
8,8_fb_1_e_s_im,False Belief,Implicit,End,Start,passage_hr,passage,4,The person who moved the painting to the bedroom was,James,Sarah,0.4405558407306671,0.0995621457695961,2.1456556644215103,True,EleutherAI/pythia-6.9b,Pythia 6.9B,,,38000,
8,8_tb_1_e_s_ex,True Belief,Explicit,End,Start,passage_hr,passage,1,"At the start of the story, Sarah put the painting in the",hall,bedroom,0.27040234208106995,0.3042413890361786,-0.17010878329499043,False,EleutherAI/pythia-6.9b,Pythia 6.9B,,,38000,
8,8_tb_1_e_s_ex,True Belief,Explicit,End,Start,passage_hr,passage,2,"At the end of the story, the painting was in the",bedroom,hall,0.6264980435371399,0.0832936242222786,2.9110320315530283,True,EleutherAI/pythia-6.9b,Pythia 6.9B,,,38000,
8,8_tb_1_e_s_ex,True Belief,Explicit,End,Start,passage_hr,passage,3,The person who put the painting in the hall was,Sarah,James,0.12197768688201904,0.12039609998464584,0.01882860345739605,True,EleutherAI/pythia-6.9b,Pythia 6.9B,,,38000,
8,8_tb_1_e_s_ex,True Belief,Explicit,End,Start,passage_hr,passage,4,The person who moved the painting to the bedroom was,James,Sarah,0.15714965760707855,0.1521681696176529,0.04647251991510401,True,EleutherAI/pythia-6.9b,Pythia 6.9B,,,38000,
8,8_tb_1_e_s_im,True Belief,Implicit,End,Start,passage_hr,passage,1,"At the start of the story, Sarah put the painting in the",hall,bedroom,0.27040234208106995,0.3042413890361786,-0.17010878329499043,False,EleutherAI/pythia-6.9b,Pythia 6.9B,,,38000,
8,8_tb_1_e_s_im,True Belief,Implicit,End,Start,passage_hr,passage,2,"At the end of the story, the painting was in the",bedroom,hall,0.6264980435371399,0.0832936242222786,2.9110320315530283,True,EleutherAI/pythia-6.9b,Pythia 6.9B,,,38000,
8,8_tb_1_e_s_im,True Belief,Implicit,End,Start,passage_hr,passage,3,The person who put the painting in the hall was,Sarah,James,0.12197768688201904,0.12039609998464584,0.01882860345739605,True,EleutherAI/pythia-6.9b,Pythia 6.9B,,,38000,
8,8_tb_1_e_s_im,True Belief,Implicit,End,Start,passage_hr,passage,4,The person who moved the painting to the bedroom was,James,Sarah,0.15714965760707855,0.1521681696176529,0.04647251991510401,True,EleutherAI/pythia-6.9b,Pythia 6.9B,,,38000,
9,9_fb_1_s_e_ex,False Belief,Explicit,Start,End,passage_hr,passage,1,"At the start of the story, Lisa put the grater in the",cupboard,drawer,0.22863659262657166,0.6357545256614685,-1.475413505665942,False,EleutherAI/pythia-6.9b,Pythia 6.9B,,,38000,
9,9_fb_1_s_e_ex,False Belief,Explicit,Start,End,passage_hr,passage,2,"At the end of the story, the grater was in the",drawer,cupboard,0.6845589876174927,0.14666776359081268,2.222623049175581,True,EleutherAI/pythia-6.9b,Pythia 6.9B,,,38000,
9,9_fb_1_s_e_ex,False Belief,Explicit,Start,End,passage_hr,passage,3,The person who put the grater in the cupboard was,Lisa,Robert,0.030507098883390427,0.14100608229637146,-2.208540498222208,False,EleutherAI/pythia-6.9b,Pythia 6.9B,,,38000,
9,9_fb_1_s_e_ex,False Belief,Explicit,Start,End,passage_hr,passage,4,The person who moved the grater to the drawer was,Robert,Lisa,0.268838495016098,0.04432902857661247,2.6004160797438556,True,EleutherAI/pythia-6.9b,Pythia 6.9B,,,38000,
9,9_fb_1_s_e_im,False Belief,Implicit,Start,End,passage_hr,passage,1,"At the start of the story, Lisa put the grater in the",cupboard,drawer,0.22863659262657166,0.6357545256614685,-1.475413505665942,False,EleutherAI/pythia-6.9b,Pythia 6.9B,,,38000,
9,9_fb_1_s_e_im,False Belief,Implicit,Start,End,passage_hr,passage,2,"At the end of the story, the grater was in the",drawer,cupboard,0.6845589876174927,0.14666776359081268,2.222623049175581,True,EleutherAI/pythia-6.9b,Pythia 6.9B,,,38000,
9,9_fb_1_s_e_im,False Belief,Implicit,Start,End,passage_hr,passage,3,The person who put the grater in the cupboard was,Lisa,Robert,0.030507098883390427,0.14100608229637146,-2.208540498222208,False,EleutherAI/pythia-6.9b,Pythia 6.9B,,,38000,
9,9_fb_1_s_e_im,False Belief,Implicit,Start,End,passage_hr,passage,4,The person who moved the grater to the drawer was,Robert,Lisa,0.268838495016098,0.04432902857661247,2.6004160797438556,True,EleutherAI/pythia-6.9b,Pythia 6.9B,,,38000,
9,9_tb_1_s_e_ex,True Belief,Explicit,Start,End,passage_hr,passage,1,"At the start of the story, Lisa put the grater in the",cupboard,drawer,0.26890793442726135,0.5679506659507751,-1.0786532938123805,False,EleutherAI/pythia-6.9b,Pythia 6.9B,,,38000,
9,9_tb_1_s_e_ex,True Belief,Explicit,Start,End,passage_hr,passage,2,"At the end of the story, the grater was in the",drawer,cupboard,0.6505366563796997,0.16378991305828094,1.9897838402112977,True,EleutherAI/pythia-6.9b,Pythia 6.9B,,,38000,
9,9_tb_1_s_e_ex,True Belief,Explicit,Start,End,passage_hr,passage,3,The person who put the grater in the cupboard was,Lisa,Robert,0.022853408008813858,0.10043107718229294,-2.135724534926766,False,EleutherAI/pythia-6.9b,Pythia 6.9B,,,38000,
9,9_tb_1_s_e_ex,True Belief,Explicit,Start,End,passage_hr,passage,4,The person who moved the grater to the drawer was,Robert,Lisa,0.15972743928432465,0.03873394429683685,2.043941847664971,True,EleutherAI/pythia-6.9b,Pythia 6.9B,,,38000,
9,9_tb_1_s_e_im,True Belief,Implicit,Start,End,passage_hr,passage,1,"At the start of the story, Lisa put the grater in the",cupboard,drawer,0.26890793442726135,0.5679506659507751,-1.0786532938123805,False,EleutherAI/pythia-6.9b,Pythia 6.9B,,,38000,
9,9_tb_1_s_e_im,True Belief,Implicit,Start,End,passage_hr,passage,2,"At the end of the story, the grater was in the",drawer,cupboard,0.6505366563796997,0.16378991305828094,1.9897838402112977,True,EleutherAI/pythia-6.9b,Pythia 6.9B,,,38000,
9,9_tb_1_s_e_im,True Belief,Implicit,Start,End,passage_hr,passage,3,The person who put the grater in the cupboard was,Lisa,Robert,0.022853408008813858,0.10043107718229294,-2.135724534926766,False,EleutherAI/pythia-6.9b,Pythia 6.9B,,,38000,
9,9_tb_1_s_e_im,True Belief,Implicit,Start,End,passage_hr,passage,4,The person who moved the grater to the drawer was,Robert,Lisa,0.15972743928432465,0.03873394429683685,2.043941847664971,True,EleutherAI/pythia-6.9b,Pythia 6.9B,,,38000,
9,9_fb_1_s_s_ex,False Belief,Explicit,Start,Start,passage_hr,passage,1,"At the start of the story, Lisa put the grater in the",cupboard,drawer,0.25111445784568787,0.5974928140640259,-1.250576268400368,False,EleutherAI/pythia-6.9b,Pythia 6.9B,,,38000,
9,9_fb_1_s_s_ex,False Belief,Explicit,Start,Start,passage_hr,passage,2,"At the end of the story, the grater was in the",drawer,cupboard,0.5860785245895386,0.20221339166164398,1.5352154308298172,True,EleutherAI/pythia-6.9b,Pythia 6.9B,,,38000,
9,9_fb_1_s_s_ex,False Belief,Explicit,Start,Start,passage_hr,passage,3,The person who put the grater in the cupboard was,Lisa,Robert,0.0321510024368763,0.13178454339504242,-2.0352455458006937,False,EleutherAI/pythia-6.9b,Pythia 6.9B,,,38000,
9,9_fb_1_s_s_ex,False Belief,Explicit,Start,Start,passage_hr,passage,4,The person who moved the grater to the drawer was,Robert,Lisa,0.25532007217407227,0.043769676238298416,2.5443033431291906,True,EleutherAI/pythia-6.9b,Pythia 6.9B,,,38000,
9,9_fb_1_s_s_im,False Belief,Implicit,Start,Start,passage_hr,passage,1,"At the start of the story, Lisa put the grater in the",cupboard,drawer,0.25111445784568787,0.5974928140640259,-1.250576268400368,False,EleutherAI/pythia-6.9b,Pythia 6.9B,,,38000,
9,9_fb_1_s_s_im,False Belief,Implicit,Start,Start,passage_hr,passage,2,"At the end of the story, the grater was in the",drawer,cupboard,0.5860785245895386,0.20221339166164398,1.5352154308298172,True,EleutherAI/pythia-6.9b,Pythia 6.9B,,,38000,
9,9_fb_1_s_s_im,False Belief,Implicit,Start,Start,passage_hr,passage,3,The person who put the grater in the cupboard was,Lisa,Robert,0.0321510024368763,0.13178454339504242,-2.0352455458006937,False,EleutherAI/pythia-6.9b,Pythia 6.9B,,,38000,
9,9_fb_1_s_s_im,False Belief,Implicit,Start,Start,passage_hr,passage,4,The person who moved the grater to the drawer was,Robert,Lisa,0.25532007217407227,0.043769676238298416,2.5443033431291906,True,EleutherAI/pythia-6.9b,Pythia 6.9B,,,38000,
9,9_tb_1_s_s_ex,True Belief,Explicit,Start,Start,passage_hr,passage,1,"At the start of the story, Lisa put the grater in the",cupboard,drawer,0.28759947419166565,0.5522796511650085,-0.9413379339017336,False,EleutherAI/pythia-6.9b,Pythia 6.9B,,,38000,
9,9_tb_1_s_s_ex,True Belief,Explicit,Start,Start,passage_hr,passage,2,"At the end of the story, the grater was in the",drawer,cupboard,0.5540178418159485,0.22602519392967224,1.2934488463537341,True,EleutherAI/pythia-6.9b,Pythia 6.9B,,,38000,
9,9_tb_1_s_s_ex,True Belief,Explicit,Start,Start,passage_hr,passage,3,The person who put the grater in the cupboard was,Lisa,Robert,0.025378476828336716,0.10028424113988876,-1.9824175270004343,False,EleutherAI/pythia-6.9b,Pythia 6.9B,,,38000,
9,9_tb_1_s_s_ex,True Belief,Explicit,Start,Start,passage_hr,passage,4,The person who moved the grater to the drawer was,Robert,Lisa,0.1672223061323166,0.038226623088121414,2.1291176400656657,True,EleutherAI/pythia-6.9b,Pythia 6.9B,,,38000,
9,9_tb_1_s_s_im,True Belief,Implicit,Start,Start,passage_hr,passage,1,"At the start of the story, Lisa put the grater in the",cupboard,drawer,0.28759947419166565,0.5522796511650085,-0.9413379339017336,False,EleutherAI/pythia-6.9b,Pythia 6.9B,,,38000,
9,9_tb_1_s_s_im,True Belief,Implicit,Start,Start,passage_hr,passage,2,"At the end of the story, the grater was in the",drawer,cupboard,0.5540178418159485,0.22602519392967224,1.2934488463537341,True,EleutherAI/pythia-6.9b,Pythia 6.9B,,,38000,
9,9_tb_1_s_s_im,True Belief,Implicit,Start,Start,passage_hr,passage,3,The person who put the grater in the cupboard was,Lisa,Robert,0.025378476828336716,0.10028424113988876,-1.9824175270004343,False,EleutherAI/pythia-6.9b,Pythia 6.9B,,,38000,
9,9_tb_1_s_s_im,True Belief,Implicit,Start,Start,passage_hr,passage,4,The person who moved the grater to the drawer was,Robert,Lisa,0.1672223061323166,0.038226623088121414,2.1291176400656657,True,EleutherAI/pythia-6.9b,Pythia 6.9B,,,38000,
9,9_fb_1_e_e_ex,False Belief,Explicit,End,End,passage_hr,passage,1,"At the start of the story, Lisa put the grater in the",cupboard,drawer,0.24170945584774017,0.6234879493713379,-1.3670877627784477,False,EleutherAI/pythia-6.9b,Pythia 6.9B,,,38000,
9,9_fb_1_e_e_ex,False Belief,Explicit,End,End,passage_hr,passage,2,"At the end of the story, the grater was in the",drawer,cupboard,0.6850740313529968,0.1522972285747528,2.1693702102136068,True,EleutherAI/pythia-6.9b,Pythia 6.9B,,,38000,
9,9_fb_1_e_e_ex,False Belief,Explicit,End,End,passage_hr,passage,3,The person who put the grater in the cupboard was,Lisa,Robert,0.03843248635530472,0.1632196307182312,-2.0864163648724032,False,EleutherAI/pythia-6.9b,Pythia 6.9B,,,38000,
9,9_fb_1_e_e_ex,False Belief,Explicit,End,End,passage_hr,passage,4,The person who moved the grater to the drawer was,Robert,Lisa,0.29551583528518677,0.05160195380449295,2.5177378430757944,True,EleutherAI/pythia-6.9b,Pythia 6.9B,,,38000,
9,9_fb_1_e_e_im,False Belief,Implicit,End,End,passage_hr,passage,1,"At the start of the story, Lisa put the grater in the",cupboard,drawer,0.24170945584774017,0.6234879493713379,-1.3670877627784477,False,EleutherAI/pythia-6.9b,Pythia 6.9B,,,38000,
9,9_fb_1_e_e_im,False Belief,Implicit,End,End,passage_hr,passage,2,"At the end of the story, the grater was in the",drawer,cupboard,0.6850740313529968,0.1522972285747528,2.1693702102136068,True,EleutherAI/pythia-6.9b,Pythia 6.9B,,,38000,
9,9_fb_1_e_e_im,False Belief,Implicit,End,End,passage_hr,passage,3,The person who put the grater in the cupboard was,Lisa,Robert,0.03843248635530472,0.1632196307182312,-2.0864163648724032,False,EleutherAI/pythia-6.9b,Pythia 6.9B,,,38000,
9,9_fb_1_e_e_im,False Belief,Implicit,End,End,passage_hr,passage,4,The person who moved the grater to the drawer was,Robert,Lisa,0.29551583528518677,0.05160195380449295,2.5177378430757944,True,EleutherAI/pythia-6.9b,Pythia 6.9B,,,38000,
9,9_tb_1_e_e_ex,True Belief,Explicit,End,End,passage_hr,passage,1,"At the start of the story, Lisa put the grater in the",cupboard,drawer,0.29015442728996277,0.5513678193092346,-0.9261941243611098,False,EleutherAI/pythia-6.9b,Pythia 6.9B,,,38000,
9,9_tb_1_e_e_ex,True Belief,Explicit,End,End,passage_hr,passage,2,"At the end of the story, the grater was in the",drawer,cupboard,0.6472916603088379,0.1868956983089447,1.79218255271606,True,EleutherAI/pythia-6.9b,Pythia 6.9B,,,38000,
9,9_tb_1_e_e_ex,True Belief,Explicit,End,End,passage_hr,passage,3,The person who put the grater in the cupboard was,Lisa,Robert,0.03101103939116001,0.10412028431892395,-1.7473973699838208,False,EleutherAI/pythia-6.9b,Pythia 6.9B,,,38000,
9,9_tb_1_e_e_ex,True Belief,Explicit,End,End,passage_hr,passage,4,The person who moved the grater to the drawer was,Robert,Lisa,0.1648740917444229,0.048667021095752716,1.7603483368148558,True,EleutherAI/pythia-6.9b,Pythia 6.9B,,,38000,
9,9_tb_1_e_e_im,True Belief,Implicit,End,End,passage_hr,passage,1,"At the start of the story, Lisa put the grater in the",cupboard,drawer,0.29015442728996277,0.5513678193092346,-0.9261941243611098,False,EleutherAI/pythia-6.9b,Pythia 6.9B,,,38000,
9,9_tb_1_e_e_im,True Belief,Implicit,End,End,passage_hr,passage,2,"At the end of the story, the grater was in the",drawer,cupboard,0.6472916603088379,0.1868956983089447,1.79218255271606,True,EleutherAI/pythia-6.9b,Pythia 6.9B,,,38000,
9,9_tb_1_e_e_im,True Belief,Implicit,End,End,passage_hr,passage,3,The person who put the grater in the cupboard was,Lisa,Robert,0.03101103939116001,0.10412028431892395,-1.7473973699838208,False,EleutherAI/pythia-6.9b,Pythia 6.9B,,,38000,
9,9_tb_1_e_e_im,True Belief,Implicit,End,End,passage_hr,passage,4,The person who moved the grater to the drawer was,Robert,Lisa,0.1648740917444229,0.048667021095752716,1.7603483368148558,True,EleutherAI/pythia-6.9b,Pythia 6.9B,,,38000,
9,9_fb_1_e_s_ex,False Belief,Explicit,End,Start,passage_hr,passage,1,"At the start of the story, Lisa put the grater in the",cupboard,drawer,0.260038286447525,0.5954121947288513,-1.1951647174475872,False,EleutherAI/pythia-6.9b,Pythia 6.9B,,,38000,
9,9_fb_1_e_s_ex,False Belief,Explicit,End,Start,passage_hr,passage,2,"At the end of the story, the grater was in the",drawer,cupboard,0.6114078164100647,0.19376365840435028,1.6578369865882743,True,EleutherAI/pythia-6.9b,Pythia 6.9B,,,38000,
9,9_fb_1_e_s_ex,False Belief,Explicit,End,Start,passage_hr,passage,3,The person who put the grater in the cupboard was,Lisa,Robert,0.042776647955179214,0.1595873236656189,-1.8994507197999577,False,EleutherAI/pythia-6.9b,Pythia 6.9B,,,38000,
9,9_fb_1_e_s_ex,False Belief,Explicit,End,Start,passage_hr,passage,4,The person who moved the grater to the drawer was,Robert,Lisa,0.2918483316898346,0.055332694202661514,2.3990147444519394,True,EleutherAI/pythia-6.9b,Pythia 6.9B,,,38000,
9,9_fb_1_e_s_im,False Belief,Implicit,End,Start,passage_hr,passage,1,"At the start of the story, Lisa put the grater in the",cupboard,drawer,0.260038286447525,0.5954121947288513,-1.1951647174475872,False,EleutherAI/pythia-6.9b,Pythia 6.9B,,,38000,
9,9_fb_1_e_s_im,False Belief,Implicit,End,Start,passage_hr,passage,2,"At the end of the story, the grater was in the",drawer,cupboard,0.6114078164100647,0.19376365840435028,1.6578369865882743,True,EleutherAI/pythia-6.9b,Pythia 6.9B,,,38000,
9,9_fb_1_e_s_im,False Belief,Implicit,End,Start,passage_hr,passage,3,The person who put the grater in the cupboard was,Lisa,Robert,0.042776647955179214,0.1595873236656189,-1.8994507197999577,False,EleutherAI/pythia-6.9b,Pythia 6.9B,,,38000,
9,9_fb_1_e_s_im,False Belief,Implicit,End,Start,passage_hr,passage,4,The person who moved the grater to the drawer was,Robert,Lisa,0.2918483316898346,0.055332694202661514,2.3990147444519394,True,EleutherAI/pythia-6.9b,Pythia 6.9B,,,38000,
9,9_tb_1_e_s_ex,True Belief,Explicit,End,Start,passage_hr,passage,1,"At the start of the story, Lisa put the grater in the",cupboard,drawer,0.2783944606781006,0.5725269913673401,-1.0402132040052534,False,EleutherAI/pythia-6.9b,Pythia 6.9B,,,38000,
9,9_tb_1_e_s_ex,True Belief,Explicit,End,Start,passage_hr,passage,2,"At the end of the story, the grater was in the",drawer,cupboard,0.5885001420974731,0.22650587558746338,1.3774942891867414,True,EleutherAI/pythia-6.9b,Pythia 6.9B,,,38000,
9,9_tb_1_e_s_ex,True Belief,Explicit,End,Start,passage_hr,passage,3,The person who put the grater in the cupboard was,Lisa,Robert,0.03484559804201126,0.10549842566251755,-1.5981731493370412,False,EleutherAI/pythia-6.9b,Pythia 6.9B,,,38000,
9,9_tb_1_e_s_ex,True Belief,Explicit,End,Start,passage_hr,passage,4,The person who moved the grater to the drawer was,Robert,Lisa,0.17219284176826477,0.05098828673362732,1.7557874020355053,True,EleutherAI/pythia-6.9b,Pythia 6.9B,,,38000,
9,9_tb_1_e_s_im,True Belief,Implicit,End,Start,passage_hr,passage,1,"At the start of the story, Lisa put the grater in the",cupboard,drawer,0.2783944606781006,0.5725269913673401,-1.0402132040052534,False,EleutherAI/pythia-6.9b,Pythia 6.9B,,,38000,
9,9_tb_1_e_s_im,True Belief,Implicit,End,Start,passage_hr,passage,2,"At the end of the story, the grater was in the",drawer,cupboard,0.5885001420974731,0.22650587558746338,1.3774942891867414,True,EleutherAI/pythia-6.9b,Pythia 6.9B,,,38000,
9,9_tb_1_e_s_im,True Belief,Implicit,End,Start,passage_hr,passage,3,The person who put the grater in the cupboard was,Lisa,Robert,0.03484559804201126,0.10549842566251755,-1.5981731493370412,False,EleutherAI/pythia-6.9b,Pythia 6.9B,,,38000,
9,9_tb_1_e_s_im,True Belief,Implicit,End,Start,passage_hr,passage,4,The person who moved the grater to the drawer was,Robert,Lisa,0.17219284176826477,0.05098828673362732,1.7557874020355053,True,EleutherAI/pythia-6.9b,Pythia 6.9B,,,38000,
10,10_fb_1_s_e_ex,False Belief,Explicit,Start,End,passage_hr,passage,1,"At the start of the story, John put the shovel in the",toolbox,van,0.5990093946456909,0.173753559589386,1.785536096092669,True,EleutherAI/pythia-6.9b,Pythia 6.9B,,,38000,
10,10_fb_1_s_e_ex,False Belief,Explicit,Start,End,passage_hr,passage,2,"At the end of the story, the shovel was in the",van,toolbox,0.44738590717315674,0.35926511883735657,0.31647094124118863,True,EleutherAI/pythia-6.9b,Pythia 6.9B,,,38000,
10,10_fb_1_s_e_ex,False Belief,Explicit,Start,End,passage_hr,passage,3,The person who put the shovel in the toolbox was,John,Karen,0.05128828063607216,0.08187312632799149,-0.6747607778386234,False,EleutherAI/pythia-6.9b,Pythia 6.9B,,,38000,
10,10_fb_1_s_e_ex,False Belief,Explicit,Start,End,passage_hr,passage,4,The person who moved the shovel to the van was,Karen,John,0.045585229992866516,0.04275158792734146,0.09258844729487449,True,EleutherAI/pythia-6.9b,Pythia 6.9B,,,38000,
10,10_fb_1_s_e_im,False Belief,Implicit,Start,End,passage_hr,passage,1,"At the start of the story, John put the shovel in the",toolbox,van,0.5990093946456909,0.173753559589386,1.785536096092669,True,EleutherAI/pythia-6.9b,Pythia 6.9B,,,38000,
10,10_fb_1_s_e_im,False Belief,Implicit,Start,End,passage_hr,passage,2,"At the end of the story, the shovel was in the",van,toolbox,0.44738590717315674,0.35926511883735657,0.31647094124118863,True,EleutherAI/pythia-6.9b,Pythia 6.9B,,,38000,
10,10_fb_1_s_e_im,False Belief,Implicit,Start,End,passage_hr,passage,3,The person who put the shovel in the toolbox was,John,Karen,0.05128828063607216,0.08187312632799149,-0.6747607778386234,False,EleutherAI/pythia-6.9b,Pythia 6.9B,,,38000,
10,10_fb_1_s_e_im,False Belief,Implicit,Start,End,passage_hr,passage,4,The person who moved the shovel to the van was,Karen,John,0.045585229992866516,0.04275158792734146,0.09258844729487449,True,EleutherAI/pythia-6.9b,Pythia 6.9B,,,38000,
10,10_tb_1_s_e_ex,True Belief,Explicit,Start,End,passage_hr,passage,1,"At the start of the story, John put the shovel in the",toolbox,van,0.452287882566452,0.21747928857803345,1.0563633307540485,True,EleutherAI/pythia-6.9b,Pythia 6.9B,,,38000,
10,10_tb_1_s_e_ex,True Belief,Explicit,Start,End,passage_hr,passage,2,"At the end of the story, the shovel was in the",van,toolbox,0.46215882897377014,0.3080172836780548,0.5853774375793345,True,EleutherAI/pythia-6.9b,Pythia 6.9B,,,38000,
10,10_tb_1_s_e_ex,True Belief,Explicit,Start,End,passage_hr,passage,3,The person who put the shovel in the toolbox was,John,Karen,0.0403573177754879,0.054609265178442,-0.4363154506979211,False,EleutherAI/pythia-6.9b,Pythia 6.9B,,,38000,
10,10_tb_1_s_e_ex,True Belief,Explicit,Start,End,passage_hr,passage,4,The person who moved the shovel to the van was,Karen,John,0.0353388711810112,0.03754603490233421,-0.08740460105530184,False,EleutherAI/pythia-6.9b,Pythia 6.9B,,,38000,
10,10_tb_1_s_e_im,True Belief,Implicit,Start,End,passage_hr,passage,1,"At the start of the story, John put the shovel in the",toolbox,van,0.4510171413421631,0.21720972657203674,1.05409355759684,True,EleutherAI/pythia-6.9b,Pythia 6.9B,,,38000,
10,10_tb_1_s_e_im,True Belief,Implicit,Start,End,passage_hr,passage,2,"At the end of the story, the shovel was in the",van,toolbox,0.4593256413936615,0.30552878975868225,0.5882089922437633,True,EleutherAI/pythia-6.9b,Pythia 6.9B,,,38000,
10,10_tb_1_s_e_im,True Belief,Implicit,Start,End,passage_hr,passage,3,The person who put the shovel in the toolbox was,John,Karen,0.04209050163626671,0.05706135928630829,-0.43901941058899485,False,EleutherAI/pythia-6.9b,Pythia 6.9B,,,38000,
10,10_tb_1_s_e_im,True Belief,Implicit,Start,End,passage_hr,passage,4,The person who moved the shovel to the van was,Karen,John,0.036649562418460846,0.036176081746816635,0.018759815990759928,True,EleutherAI/pythia-6.9b,Pythia 6.9B,,,38000,
10,10_fb_1_s_s_ex,False Belief,Explicit,Start,Start,passage_hr,passage,1,"At the start of the story, John put the shovel in the",toolbox,van,0.6926720142364502,0.1396673023700714,2.3101780766282474,True,EleutherAI/pythia-6.9b,Pythia 6.9B,,,38000,
10,10_fb_1_s_s_ex,False Belief,Explicit,Start,Start,passage_hr,passage,2,"At the end of the story, the shovel was in the",van,toolbox,0.25014886260032654,0.5038845539093018,-1.0103063400047299,False,EleutherAI/pythia-6.9b,Pythia 6.9B,,,38000,
10,10_fb_1_s_s_ex,False Belief,Explicit,Start,Start,passage_hr,passage,3,The person who put the shovel in the toolbox was,John,Karen,0.06314565986394882,0.09287847578525543,-0.5566607186363455,False,EleutherAI/pythia-6.9b,Pythia 6.9B,,,38000,
10,10_fb_1_s_s_ex,False Belief,Explicit,Start,Start,passage_hr,passage,4,The person who moved the shovel to the van was,Karen,John,0.057376325130462646,0.050181109458208084,0.19331120080148068,True,EleutherAI/pythia-6.9b,Pythia 6.9B,,,38000,
10,10_fb_1_s_s_im,False Belief,Implicit,Start,Start,passage_hr,passage,1,"At the start of the story, John put the shovel in the",toolbox,van,0.6926720142364502,0.1396673023700714,2.3101780766282474,True,EleutherAI/pythia-6.9b,Pythia 6.9B,,,38000,
10,10_fb_1_s_s_im,False Belief,Implicit,Start,Start,passage_hr,passage,2,"At the end of the story, the shovel was in the",van,toolbox,0.25014886260032654,0.5038845539093018,-1.0103063400047299,False,EleutherAI/pythia-6.9b,Pythia 6.9B,,,38000,
10,10_fb_1_s_s_im,False Belief,Implicit,Start,Start,passage_hr,passage,3,The person who put the shovel in the toolbox was,John,Karen,0.06314565986394882,0.09287847578525543,-0.5566607186363455,False,EleutherAI/pythia-6.9b,Pythia 6.9B,,,38000,
10,10_fb_1_s_s_im,False Belief,Implicit,Start,Start,passage_hr,passage,4,The person who moved the shovel to the van was,Karen,John,0.057376325130462646,0.050181109458208084,0.19331120080148068,True,EleutherAI/pythia-6.9b,Pythia 6.9B,,,38000,
10,10_tb_1_s_s_ex,True Belief,Explicit,Start,Start,passage_hr,passage,1,"At the start of the story, John put the shovel in the",toolbox,van,0.6035367846488953,0.16769039630889893,1.8476416361392363,True,EleutherAI/pythia-6.9b,Pythia 6.9B,,,38000,
10,10_tb_1_s_s_ex,True Belief,Explicit,Start,Start,passage_hr,passage,2,"At the end of the story, the shovel was in the",van,toolbox,0.28878921270370483,0.444365918636322,-0.6217313176575694,False,EleutherAI/pythia-6.9b,Pythia 6.9B,,,38000,
10,10_tb_1_s_s_ex,True Belief,Explicit,Start,Start,passage_hr,passage,3,The person who put the shovel in the toolbox was,John,Karen,0.04548325017094612,0.05506723001599312,-0.275858689140991,False,EleutherAI/pythia-6.9b,Pythia 6.9B,,,38000,
10,10_tb_1_s_s_ex,True Belief,Explicit,Start,Start,passage_hr,passage,4,The person who moved the shovel to the van was,Karen,John,0.03855704516172409,0.041742902249097824,-0.11453641575463135,False,EleutherAI/pythia-6.9b,Pythia 6.9B,,,38000,
10,10_tb_1_s_s_im,True Belief,Implicit,Start,Start,passage_hr,passage,1,"At the start of the story, John put the shovel in the",toolbox,van,0.6084406971931458,0.16380979120731354,1.8930950627829781,True,EleutherAI/pythia-6.9b,Pythia 6.9B,,,38000,
10,10_tb_1_s_s_im,True Belief,Implicit,Start,Start,passage_hr,passage,2,"At the end of the story, the shovel was in the",van,toolbox,0.288191556930542,0.44005870819091797,-0.6106679365110685,False,EleutherAI/pythia-6.9b,Pythia 6.9B,,,38000,
10,10_tb_1_s_s_im,True Belief,Implicit,Start,Start,passage_hr,passage,3,The person who put the shovel in the toolbox was,John,Karen,0.04746660962700844,0.05638051778078079,-0.24828372040822946,False,EleutherAI/pythia-6.9b,Pythia 6.9B,,,38000,
10,10_tb_1_s_s_im,True Belief,Implicit,Start,Start,passage_hr,passage,4,The person who moved the shovel to the van was,Karen,John,0.03912680596113205,0.04032657667994499,-0.04357359715894441,False,EleutherAI/pythia-6.9b,Pythia 6.9B,,,38000,
10,10_fb_1_e_e_ex,False Belief,Explicit,End,End,passage_hr,passage,1,"At the start of the story, John put the shovel in the",toolbox,van,0.5030866861343384,0.23725120723247528,1.0843915818366332,True,EleutherAI/pythia-6.9b,Pythia 6.9B,,,38000,
10,10_fb_1_e_e_ex,False Belief,Explicit,End,End,passage_hr,passage,2,"At the end of the story, the shovel was in the",van,toolbox,0.49581921100616455,0.3173025846481323,0.6439548981067844,True,EleutherAI/pythia-6.9b,Pythia 6.9B,,,38000,
10,10_fb_1_e_e_ex,False Belief,Explicit,End,End,passage_hr,passage,3,The person who put the shovel in the toolbox was,John,Karen,0.06412609666585922,0.10651961714029312,-0.7321356496481289,False,EleutherAI/pythia-6.9b,Pythia 6.9B,,,38000,
10,10_fb_1_e_e_ex,False Belief,Explicit,End,End,passage_hr,passage,4,The person who moved the shovel to the van was,Karen,John,0.05567745119333267,0.052532490342855453,0.08388319071826435,True,EleutherAI/pythia-6.9b,Pythia 6.9B,,,38000,
10,10_fb_1_e_e_im,False Belief,Implicit,End,End,passage_hr,passage,1,"At the start of the story, John put the shovel in the",toolbox,van,0.5030866861343384,0.23725120723247528,1.0843915818366332,True,EleutherAI/pythia-6.9b,Pythia 6.9B,,,38000,
10,10_fb_1_e_e_im,False Belief,Implicit,End,End,passage_hr,passage,2,"At the end of the story, the shovel was in the",van,toolbox,0.49581921100616455,0.3173025846481323,0.6439548981067844,True,EleutherAI/pythia-6.9b,Pythia 6.9B,,,38000,
10,10_fb_1_e_e_im,False Belief,Implicit,End,End,passage_hr,passage,3,The person who put the shovel in the toolbox was,John,Karen,0.06412609666585922,0.10651961714029312,-0.7321356496481289,False,EleutherAI/pythia-6.9b,Pythia 6.9B,,,38000,
10,10_fb_1_e_e_im,False Belief,Implicit,End,End,passage_hr,passage,4,The person who moved the shovel to the van was,Karen,John,0.05567745119333267,0.052532490342855453,0.08388319071826435,True,EleutherAI/pythia-6.9b,Pythia 6.9B,,,38000,
10,10_tb_1_e_e_ex,True Belief,Explicit,End,End,passage_hr,passage,1,"At the start of the story, John put the shovel in the",toolbox,van,0.356649249792099,0.2816412150859833,0.3406474669367376,True,EleutherAI/pythia-6.9b,Pythia 6.9B,,,38000,
10,10_tb_1_e_e_ex,True Belief,Explicit,End,End,passage_hr,passage,2,"At the end of the story, the shovel was in the",van,toolbox,0.5246630311012268,0.25819557905197144,1.0229268397872688,True,EleutherAI/pythia-6.9b,Pythia 6.9B,,,38000,
10,10_tb_1_e_e_ex,True Belief,Explicit,End,End,passage_hr,passage,3,The person who put the shovel in the toolbox was,John,Karen,0.055725835263729095,0.06804803013801575,-0.28820706311335503,False,EleutherAI/pythia-6.9b,Pythia 6.9B,,,38000,
10,10_tb_1_e_e_ex,True Belief,Explicit,End,End,passage_hr,passage,4,The person who moved the shovel to the van was,Karen,John,0.043611593544483185,0.04873109981417656,-0.1601310764470161,False,EleutherAI/pythia-6.9b,Pythia 6.9B,,,38000,
10,10_tb_1_e_e_im,True Belief,Implicit,End,End,passage_hr,passage,1,"At the start of the story, John put the shovel in the",toolbox,van,0.34358924627304077,0.29407256841659546,0.22451266993325936,True,EleutherAI/pythia-6.9b,Pythia 6.9B,,,38000,
10,10_tb_1_e_e_im,True Belief,Implicit,End,End,passage_hr,passage,2,"At the end of the story, the shovel was in the",van,toolbox,0.5266346335411072,0.2531279921531677,1.056935345070666,True,EleutherAI/pythia-6.9b,Pythia 6.9B,,,38000,
10,10_tb_1_e_e_im,True Belief,Implicit,End,End,passage_hr,passage,3,The person who put the shovel in the toolbox was,John,Karen,0.05818207189440727,0.07162102311849594,-0.2998084554618711,False,EleutherAI/pythia-6.9b,Pythia 6.9B,,,38000,
10,10_tb_1_e_e_im,True Belief,Implicit,End,End,passage_hr,passage,4,The person who moved the shovel to the van was,Karen,John,0.04539021477103233,0.04705512151122093,-0.0519704407694419,False,EleutherAI/pythia-6.9b,Pythia 6.9B,,,38000,
10,10_fb_1_e_s_ex,False Belief,Explicit,End,Start,passage_hr,passage,1,"At the start of the story, John put the shovel in the",toolbox,van,0.6484538316726685,0.1700063943862915,1.9314148508467979,True,EleutherAI/pythia-6.9b,Pythia 6.9B,,,38000,
10,10_fb_1_e_s_ex,False Belief,Explicit,End,Start,passage_hr,passage,2,"At the end of the story, the shovel was in the",van,toolbox,0.29773300886154175,0.45971640944480896,-0.6267249854781146,False,EleutherAI/pythia-6.9b,Pythia 6.9B,,,38000,
10,10_fb_1_e_s_ex,False Belief,Explicit,End,Start,passage_hr,passage,3,The person who put the shovel in the toolbox was,John,Karen,0.07804809510707855,0.11663985252380371,-0.5796254742894743,False,EleutherAI/pythia-6.9b,Pythia 6.9B,,,38000,
10,10_fb_1_e_s_ex,False Belief,Explicit,End,Start,passage_hr,passage,4,The person who moved the shovel to the van was,Karen,John,0.0711929053068161,0.06385312974452972,0.1569761423231086,True,EleutherAI/pythia-6.9b,Pythia 6.9B,,,38000,
10,10_fb_1_e_s_im,False Belief,Implicit,End,Start,passage_hr,passage,1,"At the start of the story, John put the shovel in the",toolbox,van,0.6484538316726685,0.1700063943862915,1.9314148508467979,True,EleutherAI/pythia-6.9b,Pythia 6.9B,,,38000,
10,10_fb_1_e_s_im,False Belief,Implicit,End,Start,passage_hr,passage,2,"At the end of the story, the shovel was in the",van,toolbox,0.29773300886154175,0.45971640944480896,-0.6267249854781146,False,EleutherAI/pythia-6.9b,Pythia 6.9B,,,38000,
10,10_fb_1_e_s_im,False Belief,Implicit,End,Start,passage_hr,passage,3,The person who put the shovel in the toolbox was,John,Karen,0.07804809510707855,0.11663985252380371,-0.5796254742894743,False,EleutherAI/pythia-6.9b,Pythia 6.9B,,,38000,
10,10_fb_1_e_s_im,False Belief,Implicit,End,Start,passage_hr,passage,4,The person who moved the shovel to the van was,Karen,John,0.0711929053068161,0.06385312974452972,0.1569761423231086,True,EleutherAI/pythia-6.9b,Pythia 6.9B,,,38000,
10,10_tb_1_e_s_ex,True Belief,Explicit,End,Start,passage_hr,passage,1,"At the start of the story, John put the shovel in the",toolbox,van,0.5465882420539856,0.2114696502685547,1.3700038003371422,True,EleutherAI/pythia-6.9b,Pythia 6.9B,,,38000,
10,10_tb_1_e_s_ex,True Belief,Explicit,End,Start,passage_hr,passage,2,"At the end of the story, the shovel was in the",van,toolbox,0.3697524070739746,0.3844842314720154,-0.05636489211941207,False,EleutherAI/pythia-6.9b,Pythia 6.9B,,,38000,
10,10_tb_1_e_s_ex,True Belief,Explicit,End,Start,passage_hr,passage,3,The person who put the shovel in the toolbox was,John,Karen,0.060548748821020126,0.06895806640386581,-0.1876221731891522,False,EleutherAI/pythia-6.9b,Pythia 6.9B,,,38000,
10,10_tb_1_e_s_ex,True Belief,Explicit,End,Start,passage_hr,passage,4,The person who moved the shovel to the van was,Karen,John,0.04888662323355675,0.05374002084136009,-0.13655712395302222,False,EleutherAI/pythia-6.9b,Pythia 6.9B,,,38000,
10,10_tb_1_e_s_im,True Belief,Implicit,End,Start,passage_hr,passage,1,"At the start of the story, John put the shovel in the",toolbox,van,0.5355527400970459,0.2219870388507843,1.2705532110656432,True,EleutherAI/pythia-6.9b,Pythia 6.9B,,,38000,
10,10_tb_1_e_s_im,True Belief,Implicit,End,Start,passage_hr,passage,2,"At the end of the story, the shovel was in the",van,toolbox,0.3718324899673462,0.3782810568809509,-0.024805697064880564,False,EleutherAI/pythia-6.9b,Pythia 6.9B,,,38000,
10,10_tb_1_e_s_im,True Belief,Implicit,End,Start,passage_hr,passage,3,The person who put the shovel in the toolbox was,John,Karen,0.06347355991601944,0.0718037337064743,-0.17790310590605085,False,EleutherAI/pythia-6.9b,Pythia 6.9B,,,38000,
10,10_tb_1_e_s_im,True Belief,Implicit,End,Start,passage_hr,passage,4,The person who moved the shovel to the van was,Karen,John,0.05032510682940483,0.05192770063877106,-0.04522601454822696,False,EleutherAI/pythia-6.9b,Pythia 6.9B,,,38000,
11,11_fb_1_s_e_ex,False Belief,Explicit,Start,End,passage_hr,passage,1,"At the start of the story, Patrick put the ticket in the",suitcase,backpack,0.25708824396133423,0.552579402923584,-1.1039181468921615,False,EleutherAI/pythia-6.9b,Pythia 6.9B,,,38000,
11,11_fb_1_s_e_ex,False Belief,Explicit,Start,End,passage_hr,passage,2,"At the end of the story, the ticket was in the",backpack,suitcase,0.4485216438770294,0.2434055358171463,0.8818156256645152,True,EleutherAI/pythia-6.9b,Pythia 6.9B,,,38000,
11,11_fb_1_s_e_ex,False Belief,Explicit,Start,End,passage_hr,passage,3,The person who put the ticket in the suitcase was,Patrick,Nicole,0.034686289727687836,0.06734232604503632,-0.9571480248092776,False,EleutherAI/pythia-6.9b,Pythia 6.9B,,,38000,
11,11_fb_1_s_e_ex,False Belief,Explicit,Start,End,passage_hr,passage,4,The person who moved the ticket to the backpack was,Nicole,Patrick,0.11778846383094788,0.048744894564151764,1.272875221841172,True,EleutherAI/pythia-6.9b,Pythia 6.9B,,,38000,
11,11_fb_1_s_e_im,False Belief,Implicit,Start,End,passage_hr,passage,1,"At the start of the story, Patrick put the ticket in the",suitcase,backpack,0.25708824396133423,0.552579402923584,-1.1039181468921615,False,EleutherAI/pythia-6.9b,Pythia 6.9B,,,38000,
11,11_fb_1_s_e_im,False Belief,Implicit,Start,End,passage_hr,passage,2,"At the end of the story, the ticket was in the",backpack,suitcase,0.4485216438770294,0.2434055358171463,0.8818156256645152,True,EleutherAI/pythia-6.9b,Pythia 6.9B,,,38000,
11,11_fb_1_s_e_im,False Belief,Implicit,Start,End,passage_hr,passage,3,The person who put the ticket in the suitcase was,Patrick,Nicole,0.034686289727687836,0.06734232604503632,-0.9571480248092776,False,EleutherAI/pythia-6.9b,Pythia 6.9B,,,38000,
11,11_fb_1_s_e_im,False Belief,Implicit,Start,End,passage_hr,passage,4,The person who moved the ticket to the backpack was,Nicole,Patrick,0.11778846383094788,0.048744894564151764,1.272875221841172,True,EleutherAI/pythia-6.9b,Pythia 6.9B,,,38000,
11,11_tb_1_s_e_ex,True Belief,Explicit,Start,End,passage_hr,passage,1,"At the start of the story, Patrick put the ticket in the",suitcase,backpack,0.3622719347476959,0.44445160031318665,-0.29495327731069754,False,EleutherAI/pythia-6.9b,Pythia 6.9B,,,38000,
11,11_tb_1_s_e_ex,True Belief,Explicit,Start,End,passage_hr,passage,2,"At the end of the story, the ticket was in the",backpack,suitcase,0.3844917416572571,0.25144216418266296,0.6127260167626396,True,EleutherAI/pythia-6.9b,Pythia 6.9B,,,38000,
11,11_tb_1_s_e_ex,True Belief,Explicit,Start,End,passage_hr,passage,3,The person who put the ticket in the suitcase was,Patrick,Nicole,0.02808000147342682,0.018808957189321518,0.578123146507526,True,EleutherAI/pythia-6.9b,Pythia 6.9B,,,38000,
11,11_tb_1_s_e_ex,True Belief,Explicit,Start,End,passage_hr,passage,4,The person who moved the ticket to the backpack was,Nicole,Patrick,0.03169001266360283,0.03986457735300064,-0.3310791373986918,False,EleutherAI/pythia-6.9b,Pythia 6.9B,,,38000,
11,11_tb_1_s_e_im,True Belief,Implicit,Start,End,passage_hr,passage,1,"At the start of the story, Patrick put the ticket in the",suitcase,backpack,0.3622719347476959,0.44445160031318665,-0.29495327731069754,False,EleutherAI/pythia-6.9b,Pythia 6.9B,,,38000,
11,11_tb_1_s_e_im,True Belief,Implicit,Start,End,passage_hr,passage,2,"At the end of the story, the ticket was in the",backpack,suitcase,0.3844917416572571,0.25144216418266296,0.6127260167626396,True,EleutherAI/pythia-6.9b,Pythia 6.9B,,,38000,
11,11_tb_1_s_e_im,True Belief,Implicit,Start,End,passage_hr,passage,3,The person who put the ticket in the suitcase was,Patrick,Nicole,0.02808000147342682,0.018808957189321518,0.578123146507526,True,EleutherAI/pythia-6.9b,Pythia 6.9B,,,38000,
11,11_tb_1_s_e_im,True Belief,Implicit,Start,End,passage_hr,passage,4,The person who moved the ticket to the backpack was,Nicole,Patrick,0.03169001266360283,0.03986457735300064,-0.3310791373986918,False,EleutherAI/pythia-6.9b,Pythia 6.9B,,,38000,
11,11_fb_1_s_s_ex,False Belief,Explicit,Start,Start,passage_hr,passage,1,"At the start of the story, Patrick put the ticket in the",suitcase,backpack,0.14728614687919617,0.6634621024131775,-2.1713923169598526,False,EleutherAI/pythia-6.9b,Pythia 6.9B,,,38000,
11,11_fb_1_s_s_ex,False Belief,Explicit,Start,Start,passage_hr,passage,2,"At the end of the story, the ticket was in the",backpack,suitcase,0.5120952725410461,0.16701515018939972,1.616433263144148,True,EleutherAI/pythia-6.9b,Pythia 6.9B,,,38000,
11,11_fb_1_s_s_ex,False Belief,Explicit,Start,Start,passage_hr,passage,3,The person who put the ticket in the suitcase was,Patrick,Nicole,0.035566795617341995,0.08841964602470398,-1.3138359577210466,False,EleutherAI/pythia-6.9b,Pythia 6.9B,,,38000,
11,11_fb_1_s_s_ex,False Belief,Explicit,Start,Start,passage_hr,passage,4,The person who moved the ticket to the backpack was,Nicole,Patrick,0.1363108605146408,0.045624732971191406,1.5790124925605764,True,EleutherAI/pythia-6.9b,Pythia 6.9B,,,38000,
11,11_fb_1_s_s_im,False Belief,Implicit,Start,Start,passage_hr,passage,1,"At the start of the story, Patrick put the ticket in the",suitcase,backpack,0.14728614687919617,0.6634621024131775,-2.1713923169598526,False,EleutherAI/pythia-6.9b,Pythia 6.9B,,,38000,
11,11_fb_1_s_s_im,False Belief,Implicit,Start,Start,passage_hr,passage,2,"At the end of the story, the ticket was in the",backpack,suitcase,0.5120952725410461,0.16701515018939972,1.616433263144148,True,EleutherAI/pythia-6.9b,Pythia 6.9B,,,38000,
11,11_fb_1_s_s_im,False Belief,Implicit,Start,Start,passage_hr,passage,3,The person who put the ticket in the suitcase was,Patrick,Nicole,0.035566795617341995,0.08841964602470398,-1.3138359577210466,False,EleutherAI/pythia-6.9b,Pythia 6.9B,,,38000,
11,11_fb_1_s_s_im,False Belief,Implicit,Start,Start,passage_hr,passage,4,The person who moved the ticket to the backpack was,Nicole,Patrick,0.1363108605146408,0.045624732971191406,1.5790124925605764,True,EleutherAI/pythia-6.9b,Pythia 6.9B,,,38000,
11,11_tb_1_s_s_ex,True Belief,Explicit,Start,Start,passage_hr,passage,1,"At the start of the story, Patrick put the ticket in the",suitcase,backpack,0.21481621265411377,0.5839426517486572,-1.4427238100370912,False,EleutherAI/pythia-6.9b,Pythia 6.9B,,,38000,
11,11_tb_1_s_s_ex,True Belief,Explicit,Start,Start,passage_hr,passage,2,"At the end of the story, the ticket was in the",backpack,suitcase,0.5056825280189514,0.14896927773952484,1.7632171011542979,True,EleutherAI/pythia-6.9b,Pythia 6.9B,,,38000,
11,11_tb_1_s_s_ex,True Belief,Explicit,Start,Start,passage_hr,passage,3,The person who put the ticket in the suitcase was,Patrick,Nicole,0.03054746240377426,0.02795909345149994,0.12773495608923002,True,EleutherAI/pythia-6.9b,Pythia 6.9B,,,38000,
11,11_tb_1_s_s_ex,True Belief,Explicit,Start,Start,passage_hr,passage,4,The person who moved the ticket to the backpack was,Nicole,Patrick,0.04708056151866913,0.03905803710222244,0.2695120800869238,True,EleutherAI/pythia-6.9b,Pythia 6.9B,,,38000,
11,11_tb_1_s_s_im,True Belief,Implicit,Start,Start,passage_hr,passage,1,"At the start of the story, Patrick put the ticket in the",suitcase,backpack,0.21481621265411377,0.5839426517486572,-1.4427238100370912,False,EleutherAI/pythia-6.9b,Pythia 6.9B,,,38000,
11,11_tb_1_s_s_im,True Belief,Implicit,Start,Start,passage_hr,passage,2,"At the end of the story, the ticket was in the",backpack,suitcase,0.5056825280189514,0.14896927773952484,1.7632171011542979,True,EleutherAI/pythia-6.9b,Pythia 6.9B,,,38000,
11,11_tb_1_s_s_im,True Belief,Implicit,Start,Start,passage_hr,passage,3,The person who put the ticket in the suitcase was,Patrick,Nicole,0.03054746240377426,0.02795909345149994,0.12773495608923002,True,EleutherAI/pythia-6.9b,Pythia 6.9B,,,38000,
11,11_tb_1_s_s_im,True Belief,Implicit,Start,Start,passage_hr,passage,4,The person who moved the ticket to the backpack was,Nicole,Patrick,0.04708056151866913,0.03905803710222244,0.2695120800869238,True,EleutherAI/pythia-6.9b,Pythia 6.9B,,,38000,
11,11_fb_1_e_e_ex,False Belief,Explicit,End,End,passage_hr,passage,1,"At the start of the story, Patrick put the ticket in the",suitcase,backpack,0.20121590793132782,0.6427913904190063,-1.6756062379106256,False,EleutherAI/pythia-6.9b,Pythia 6.9B,,,38000,
11,11_fb_1_e_e_ex,False Belief,Explicit,End,End,passage_hr,passage,2,"At the end of the story, the ticket was in the",backpack,suitcase,0.4699438512325287,0.23634223639965057,0.9916109198430161,True,EleutherAI/pythia-6.9b,Pythia 6.9B,,,38000,
11,11_fb_1_e_e_ex,False Belief,Explicit,End,End,passage_hr,passage,3,The person who put the ticket in the suitcase was,Patrick,Nicole,0.04010484740138054,0.08565252274274826,-1.0947191157561247,False,EleutherAI/pythia-6.9b,Pythia 6.9B,,,38000,
11,11_fb_1_e_e_ex,False Belief,Explicit,End,End,passage_hr,passage,4,The person who moved the ticket to the backpack was,Nicole,Patrick,0.13229449093341827,0.05336796119809151,1.309707182912995,True,EleutherAI/pythia-6.9b,Pythia 6.9B,,,38000,
11,11_fb_1_e_e_im,False Belief,Implicit,End,End,passage_hr,passage,1,"At the start of the story, Patrick put the ticket in the",suitcase,backpack,0.21921731531620026,0.6126160025596619,-1.4826212961084955,False,EleutherAI/pythia-6.9b,Pythia 6.9B,,,38000,
11,11_fb_1_e_e_im,False Belief,Implicit,End,End,passage_hr,passage,2,"At the end of the story, the ticket was in the",backpack,suitcase,0.4529416859149933,0.24969343841075897,0.859167412325334,True,EleutherAI/pythia-6.9b,Pythia 6.9B,,,38000,
11,11_fb_1_e_e_im,False Belief,Implicit,End,End,passage_hr,passage,3,The person who put the ticket in the suitcase was,Patrick,Nicole,0.0393354706466198,0.08874984085559845,-1.1739136870261466,False,EleutherAI/pythia-6.9b,Pythia 6.9B,,,38000,
11,11_fb_1_e_e_im,False Belief,Implicit,End,End,passage_hr,passage,4,The person who moved the ticket to the backpack was,Nicole,Patrick,0.13783825933933258,0.05320822447538376,1.3732552204074158,True,EleutherAI/pythia-6.9b,Pythia 6.9B,,,38000,
11,11_tb_1_e_e_ex,True Belief,Explicit,End,End,passage_hr,passage,1,"At the start of the story, Patrick put the ticket in the",suitcase,backpack,0.2754954695701599,0.5572346448898315,-1.01625636289233,False,EleutherAI/pythia-6.9b,Pythia 6.9B,,,38000,
11,11_tb_1_e_e_ex,True Belief,Explicit,End,End,passage_hr,passage,2,"At the end of the story, the ticket was in the",backpack,suitcase,0.4274895191192627,0.2214198112487793,0.9491047383207284,True,EleutherAI/pythia-6.9b,Pythia 6.9B,,,38000,
11,11_tb_1_e_e_ex,True Belief,Explicit,End,End,passage_hr,passage,3,The person who put the ticket in the suitcase was,Patrick,Nicole,0.028522253036499023,0.022306319326162338,0.3546354679320169,True,EleutherAI/pythia-6.9b,Pythia 6.9B,,,38000,
11,11_tb_1_e_e_ex,True Belief,Explicit,End,End,passage_hr,passage,4,The person who moved the ticket to the backpack was,Nicole,Patrick,0.03843812644481659,0.04293099790811539,-0.15948169001846546,False,EleutherAI/pythia-6.9b,Pythia 6.9B,,,38000,
11,11_tb_1_e_e_im,True Belief,Implicit,End,End,passage_hr,passage,1,"At the start of the story, Patrick put the ticket in the",suitcase,backpack,0.2754954695701599,0.5572346448898315,-1.01625636289233,False,EleutherAI/pythia-6.9b,Pythia 6.9B,,,38000,
11,11_tb_1_e_e_im,True Belief,Implicit,End,End,passage_hr,passage,2,"At the end of the story, the ticket was in the",backpack,suitcase,0.4274895191192627,0.2214198112487793,0.9491047383207284,True,EleutherAI/pythia-6.9b,Pythia 6.9B,,,38000,
11,11_tb_1_e_e_im,True Belief,Implicit,End,End,passage_hr,passage,3,The person who put the ticket in the suitcase was,Patrick,Nicole,0.028522253036499023,0.022306319326162338,0.3546354679320169,True,EleutherAI/pythia-6.9b,Pythia 6.9B,,,38000,
11,11_tb_1_e_e_im,True Belief,Implicit,End,End,passage_hr,passage,4,The person who moved the ticket to the backpack was,Nicole,Patrick,0.03843812644481659,0.04293099790811539,-0.15948169001846546,False,EleutherAI/pythia-6.9b,Pythia 6.9B,,,38000,
11,11_fb_1_e_s_ex,False Belief,Explicit,End,Start,passage_hr,passage,1,"At the start of the story, Patrick put the ticket in the",suitcase,backpack,0.17167332768440247,0.639701247215271,-1.8977323860589501,False,EleutherAI/pythia-6.9b,Pythia 6.9B,,,38000,
11,11_fb_1_e_s_ex,False Belief,Explicit,End,Start,passage_hr,passage,2,"At the end of the story, the ticket was in the",backpack,suitcase,0.4515005052089691,0.2126869410276413,1.0859961474366804,True,EleutherAI/pythia-6.9b,Pythia 6.9B,,,38000,
11,11_fb_1_e_s_ex,False Belief,Explicit,End,Start,passage_hr,passage,3,The person who put the ticket in the suitcase was,Patrick,Nicole,0.04217657074332237,0.10781345516443253,-1.3540235346791991,False,EleutherAI/pythia-6.9b,Pythia 6.9B,,,38000,
11,11_fb_1_e_s_ex,False Belief,Explicit,End,Start,passage_hr,passage,4,The person who moved the ticket to the backpack was,Nicole,Patrick,0.15306729078292847,0.052809327840805054,1.5353013397864659,True,EleutherAI/pythia-6.9b,Pythia 6.9B,,,38000,
11,11_fb_1_e_s_im,False Belief,Implicit,End,Start,passage_hr,passage,1,"At the start of the story, Patrick put the ticket in the",suitcase,backpack,0.1734178364276886,0.6323634386062622,-1.8665016669938967,False,EleutherAI/pythia-6.9b,Pythia 6.9B,,,38000,
11,11_fb_1_e_s_im,False Belief,Implicit,End,Start,passage_hr,passage,2,"At the end of the story, the ticket was in the",backpack,suitcase,0.44457170367240906,0.2206600159406662,1.0105908919723214,True,EleutherAI/pythia-6.9b,Pythia 6.9B,,,38000,
11,11_fb_1_e_s_im,False Belief,Implicit,End,Start,passage_hr,passage,3,The person who put the ticket in the suitcase was,Patrick,Nicole,0.04374018684029579,0.11088953912258148,-1.3420919856966744,False,EleutherAI/pythia-6.9b,Pythia 6.9B,,,38000,
11,11_fb_1_e_s_im,False Belief,Implicit,End,Start,passage_hr,passage,4,The person who moved the ticket to the backpack was,Nicole,Patrick,0.15592989325523376,0.05445345491170883,1.5178020412991378,True,EleutherAI/pythia-6.9b,Pythia 6.9B,,,38000,
11,11_tb_1_e_s_ex,True Belief,Explicit,End,Start,passage_hr,passage,1,"At the start of the story, Patrick put the ticket in the",suitcase,backpack,0.2099873423576355,0.6043226718902588,-1.5250166999221686,False,EleutherAI/pythia-6.9b,Pythia 6.9B,,,38000,
11,11_tb_1_e_s_ex,True Belief,Explicit,End,Start,passage_hr,passage,2,"At the end of the story, the ticket was in the",backpack,suitcase,0.4805174171924591,0.1581602543592453,1.6032016285687163,True,EleutherAI/pythia-6.9b,Pythia 6.9B,,,38000,
11,11_tb_1_e_s_ex,True Belief,Explicit,End,Start,passage_hr,passage,3,The person who put the ticket in the suitcase was,Patrick,Nicole,0.0341474749147892,0.03719478100538254,-0.123321303178677,False,EleutherAI/pythia-6.9b,Pythia 6.9B,,,38000,
11,11_tb_1_e_s_ex,True Belief,Explicit,End,Start,passage_hr,passage,4,The person who moved the ticket to the backpack was,Nicole,Patrick,0.05921105295419693,0.04469016194343567,0.40590923690646363,True,EleutherAI/pythia-6.9b,Pythia 6.9B,,,38000,
11,11_tb_1_e_s_im,True Belief,Implicit,End,Start,passage_hr,passage,1,"At the start of the story, Patrick put the ticket in the",suitcase,backpack,0.2099873423576355,0.6043226718902588,-1.5250166999221686,False,EleutherAI/pythia-6.9b,Pythia 6.9B,,,38000,
11,11_tb_1_e_s_im,True Belief,Implicit,End,Start,passage_hr,passage,2,"At the end of the story, the ticket was in the",backpack,suitcase,0.4805174171924591,0.1581602543592453,1.6032016285687163,True,EleutherAI/pythia-6.9b,Pythia 6.9B,,,38000,
11,11_tb_1_e_s_im,True Belief,Implicit,End,Start,passage_hr,passage,3,The person who put the ticket in the suitcase was,Patrick,Nicole,0.0341474749147892,0.03719478100538254,-0.123321303178677,False,EleutherAI/pythia-6.9b,Pythia 6.9B,,,38000,
11,11_tb_1_e_s_im,True Belief,Implicit,End,Start,passage_hr,passage,4,The person who moved the ticket to the backpack was,Nicole,Patrick,0.05921105295419693,0.04469016194343567,0.40590923690646363,True,EleutherAI/pythia-6.9b,Pythia 6.9B,,,38000,
12,12_fb_1_s_e_ex,False Belief,Explicit,Start,End,passage_hr,passage,1,"At the start of the story, Hannah put the saddle in the",stable,hut,0.12204421311616898,0.7207090854644775,-2.562013142992081,False,EleutherAI/pythia-6.9b,Pythia 6.9B,,,38000,
12,12_fb_1_s_e_ex,False Belief,Explicit,Start,End,passage_hr,passage,2,"At the end of the story, the saddle was in the",hut,stable,0.7140467762947083,0.08848436921834946,3.012524056018579,True,EleutherAI/pythia-6.9b,Pythia 6.9B,,,38000,
12,12_fb_1_s_e_ex,False Belief,Explicit,Start,End,passage_hr,passage,3,The person who put the saddle in the stable was,Hannah,Martin,0.06430933624505997,0.06281068921089172,0.03401809921840273,True,EleutherAI/pythia-6.9b,Pythia 6.9B,,,38000,
12,12_fb_1_s_e_ex,False Belief,Explicit,Start,End,passage_hr,passage,4,The person who moved the saddle to the hut was,Martin,Hannah,0.07708392292261124,0.05212898924946785,0.5643441073373967,True,EleutherAI/pythia-6.9b,Pythia 6.9B,,,38000,
12,12_fb_1_s_e_im,False Belief,Implicit,Start,End,passage_hr,passage,1,"At the start of the story, Hannah put the saddle in the",stable,hut,0.12204421311616898,0.7207090854644775,-2.562013142992081,False,EleutherAI/pythia-6.9b,Pythia 6.9B,,,38000,
12,12_fb_1_s_e_im,False Belief,Implicit,Start,End,passage_hr,passage,2,"At the end of the story, the saddle was in the",hut,stable,0.7140467762947083,0.08848436921834946,3.012524056018579,True,EleutherAI/pythia-6.9b,Pythia 6.9B,,,38000,
12,12_fb_1_s_e_im,False Belief,Implicit,Start,End,passage_hr,passage,3,The person who put the saddle in the stable was,Hannah,Martin,0.06430933624505997,0.06281068921089172,0.03401809921840273,True,EleutherAI/pythia-6.9b,Pythia 6.9B,,,38000,
12,12_fb_1_s_e_im,False Belief,Implicit,Start,End,passage_hr,passage,4,The person who moved the saddle to the hut was,Martin,Hannah,0.07708392292261124,0.05212898924946785,0.5643441073373967,True,EleutherAI/pythia-6.9b,Pythia 6.9B,,,38000,
12,12_tb_1_s_e_ex,True Belief,Explicit,Start,End,passage_hr,passage,1,"At the start of the story, Hannah put the saddle in the",stable,hut,0.16528920829296112,0.6577155590057373,-1.9924712648923377,False,EleutherAI/pythia-6.9b,Pythia 6.9B,,,38000,
12,12_tb_1_s_e_ex,True Belief,Explicit,Start,End,passage_hr,passage,2,"At the end of the story, the saddle was in the",hut,stable,0.7183842658996582,0.09557925164699554,2.9099863754914304,True,EleutherAI/pythia-6.9b,Pythia 6.9B,,,38000,
12,12_tb_1_s_e_ex,True Belief,Explicit,Start,End,passage_hr,passage,3,The person who put the saddle in the stable was,Hannah,Martin,0.04523630812764168,0.07770758122205734,-0.7805741647225872,False,EleutherAI/pythia-6.9b,Pythia 6.9B,,,38000,
12,12_tb_1_s_e_ex,True Belief,Explicit,Start,End,passage_hr,passage,4,The person who moved the saddle to the hut was,Martin,Hannah,0.08810088783502579,0.038235921412706375,1.204227917254569,True,EleutherAI/pythia-6.9b,Pythia 6.9B,,,38000,
12,12_tb_1_s_e_im,True Belief,Implicit,Start,End,passage_hr,passage,1,"At the start of the story, Hannah put the saddle in the",stable,hut,0.16528920829296112,0.6577155590057373,-1.9924712648923377,False,EleutherAI/pythia-6.9b,Pythia 6.9B,,,38000,
12,12_tb_1_s_e_im,True Belief,Implicit,Start,End,passage_hr,passage,2,"At the end of the story, the saddle was in the",hut,stable,0.7183842658996582,0.09557925164699554,2.9099863754914304,True,EleutherAI/pythia-6.9b,Pythia 6.9B,,,38000,
12,12_tb_1_s_e_im,True Belief,Implicit,Start,End,passage_hr,passage,3,The person who put the saddle in the stable was,Hannah,Martin,0.04523630812764168,0.07770758122205734,-0.7805741647225872,False,EleutherAI/pythia-6.9b,Pythia 6.9B,,,38000,
12,12_tb_1_s_e_im,True Belief,Implicit,Start,End,passage_hr,passage,4,The person who moved the saddle to the hut was,Martin,Hannah,0.08810088783502579,0.038235921412706375,1.204227917254569,True,EleutherAI/pythia-6.9b,Pythia 6.9B,,,38000,
12,12_fb_1_s_s_ex,False Belief,Explicit,Start,Start,passage_hr,passage,1,"At the start of the story, Hannah put the saddle in the",stable,hut,0.24461022019386292,0.6490367650985718,-1.4078155197554014,False,EleutherAI/pythia-6.9b,Pythia 6.9B,,,38000,
12,12_fb_1_s_s_ex,False Belief,Explicit,Start,Start,passage_hr,passage,2,"At the end of the story, the saddle was in the",hut,stable,0.6464452147483826,0.18055438995361328,1.8400946109652394,True,EleutherAI/pythia-6.9b,Pythia 6.9B,,,38000,
12,12_fb_1_s_s_ex,False Belief,Explicit,Start,Start,passage_hr,passage,3,The person who put the saddle in the stable was,Hannah,Martin,0.06629763543605804,0.08929697424173355,-0.42965387532157806,False,EleutherAI/pythia-6.9b,Pythia 6.9B,,,38000,
12,12_fb_1_s_s_ex,False Belief,Explicit,Start,Start,passage_hr,passage,4,The person who moved the saddle to the hut was,Martin,Hannah,0.09958600997924805,0.05895022675395012,0.7564457215601248,True,EleutherAI/pythia-6.9b,Pythia 6.9B,,,38000,
12,12_fb_1_s_s_im,False Belief,Implicit,Start,Start,passage_hr,passage,1,"At the start of the story, Hannah put the saddle in the",stable,hut,0.24461022019386292,0.6490367650985718,-1.4078155197554014,False,EleutherAI/pythia-6.9b,Pythia 6.9B,,,38000,
12,12_fb_1_s_s_im,False Belief,Implicit,Start,Start,passage_hr,passage,2,"At the end of the story, the saddle was in the",hut,stable,0.6464452147483826,0.18055438995361328,1.8400946109652394,True,EleutherAI/pythia-6.9b,Pythia 6.9B,,,38000,
12,12_fb_1_s_s_im,False Belief,Implicit,Start,Start,passage_hr,passage,3,The person who put the saddle in the stable was,Hannah,Martin,0.06629763543605804,0.08929697424173355,-0.42965387532157806,False,EleutherAI/pythia-6.9b,Pythia 6.9B,,,38000,
12,12_fb_1_s_s_im,False Belief,Implicit,Start,Start,passage_hr,passage,4,The person who moved the saddle to the hut was,Martin,Hannah,0.09958600997924805,0.05895022675395012,0.7564457215601248,True,EleutherAI/pythia-6.9b,Pythia 6.9B,,,38000,
12,12_tb_1_s_s_ex,True Belief,Explicit,Start,Start,passage_hr,passage,1,"At the start of the story, Hannah put the saddle in the",stable,hut,0.442413330078125,0.4430893361568451,-0.0022027506952418106,False,EleutherAI/pythia-6.9b,Pythia 6.9B,,,38000,
12,12_tb_1_s_s_ex,True Belief,Explicit,Start,Start,passage_hr,passage,2,"At the end of the story, the saddle was in the",hut,stable,0.5373039841651917,0.32024186849594116,0.7465765973506808,True,EleutherAI/pythia-6.9b,Pythia 6.9B,,,38000,
12,12_tb_1_s_s_ex,True Belief,Explicit,Start,Start,passage_hr,passage,3,The person who put the saddle in the stable was,Hannah,Martin,0.03647412359714508,0.08847727626562119,-1.2784336601384918,False,EleutherAI/pythia-6.9b,Pythia 6.9B,,,38000,
12,12_tb_1_s_s_ex,True Belief,Explicit,Start,Start,passage_hr,passage,4,The person who moved the saddle to the hut was,Martin,Hannah,0.10540156066417694,0.03747732564806938,1.4918063166691693,True,EleutherAI/pythia-6.9b,Pythia 6.9B,,,38000,
12,12_tb_1_s_s_im,True Belief,Implicit,Start,Start,passage_hr,passage,1,"At the start of the story, Hannah put the saddle in the",stable,hut,0.442413330078125,0.4430893361568451,-0.0022027506952418106,False,EleutherAI/pythia-6.9b,Pythia 6.9B,,,38000,
12,12_tb_1_s_s_im,True Belief,Implicit,Start,Start,passage_hr,passage,2,"At the end of the story, the saddle was in the",hut,stable,0.5373039841651917,0.32024186849594116,0.7465765973506808,True,EleutherAI/pythia-6.9b,Pythia 6.9B,,,38000,
12,12_tb_1_s_s_im,True Belief,Implicit,Start,Start,passage_hr,passage,3,The person who put the saddle in the stable was,Hannah,Martin,0.03647412359714508,0.08847727626562119,-1.2784336601384918,False,EleutherAI/pythia-6.9b,Pythia 6.9B,,,38000,
12,12_tb_1_s_s_im,True Belief,Implicit,Start,Start,passage_hr,passage,4,The person who moved the saddle to the hut was,Martin,Hannah,0.10540156066417694,0.03747732564806938,1.4918063166691693,True,EleutherAI/pythia-6.9b,Pythia 6.9B,,,38000,
12,12_fb_1_e_e_ex,False Belief,Explicit,End,End,passage_hr,passage,1,"At the start of the story, Hannah put the saddle in the",stable,hut,0.12327901273965836,0.7277086973190308,-2.561433839976339,False,EleutherAI/pythia-6.9b,Pythia 6.9B,,,38000,
12,12_fb_1_e_e_ex,False Belief,Explicit,End,End,passage_hr,passage,2,"At the end of the story, the saddle was in the",hut,stable,0.648431122303009,0.16877955198287964,1.9418132076321712,True,EleutherAI/pythia-6.9b,Pythia 6.9B,,,38000,
12,12_fb_1_e_e_ex,False Belief,Explicit,End,End,passage_hr,passage,3,The person who put the saddle in the stable was,Hannah,Martin,0.05614019185304642,0.06321937590837479,-0.17133279914324318,False,EleutherAI/pythia-6.9b,Pythia 6.9B,,,38000,
12,12_fb_1_e_e_ex,False Belief,Explicit,End,End,passage_hr,passage,4,The person who moved the saddle to the hut was,Martin,Hannah,0.07729680836200714,0.049996230751276016,0.6285895122576932,True,EleutherAI/pythia-6.9b,Pythia 6.9B,,,38000,
12,12_fb_1_e_e_im,False Belief,Implicit,End,End,passage_hr,passage,1,"At the start of the story, Hannah put the saddle in the",stable,hut,0.12327901273965836,0.7277086973190308,-2.561433839976339,False,EleutherAI/pythia-6.9b,Pythia 6.9B,,,38000,
12,12_fb_1_e_e_im,False Belief,Implicit,End,End,passage_hr,passage,2,"At the end of the story, the saddle was in the",hut,stable,0.648431122303009,0.16877955198287964,1.9418132076321712,True,EleutherAI/pythia-6.9b,Pythia 6.9B,,,38000,
12,12_fb_1_e_e_im,False Belief,Implicit,End,End,passage_hr,passage,3,The person who put the saddle in the stable was,Hannah,Martin,0.05614019185304642,0.06321937590837479,-0.17133279914324318,False,EleutherAI/pythia-6.9b,Pythia 6.9B,,,38000,
12,12_fb_1_e_e_im,False Belief,Implicit,End,End,passage_hr,passage,4,The person who moved the saddle to the hut was,Martin,Hannah,0.07729680836200714,0.049996230751276016,0.6285895122576932,True,EleutherAI/pythia-6.9b,Pythia 6.9B,,,38000,
12,12_tb_1_e_e_ex,True Belief,Explicit,End,End,passage_hr,passage,1,"At the start of the story, Hannah put the saddle in the",stable,hut,0.1710316687822342,0.6551737785339355,-1.9376141344004634,False,EleutherAI/pythia-6.9b,Pythia 6.9B,,,38000,
12,12_tb_1_e_e_ex,True Belief,Explicit,End,End,passage_hr,passage,2,"At the end of the story, the saddle was in the",hut,stable,0.6460671424865723,0.16586804389953613,1.9616481409413669,True,EleutherAI/pythia-6.9b,Pythia 6.9B,,,38000,
12,12_tb_1_e_e_ex,True Belief,Explicit,End,End,passage_hr,passage,3,The person who put the saddle in the stable was,Hannah,Martin,0.03984072059392929,0.079830102622509,-1.0026891242039844,False,EleutherAI/pythia-6.9b,Pythia 6.9B,,,38000,
12,12_tb_1_e_e_ex,True Belief,Explicit,End,End,passage_hr,passage,4,The person who moved the saddle to the hut was,Martin,Hannah,0.08586626499891281,0.03712403029203415,1.2097380968414646,True,EleutherAI/pythia-6.9b,Pythia 6.9B,,,38000,
12,12_tb_1_e_e_im,True Belief,Implicit,End,End,passage_hr,passage,1,"At the start of the story, Hannah put the saddle in the",stable,hut,0.1710316687822342,0.6551737785339355,-1.9376141344004634,False,EleutherAI/pythia-6.9b,Pythia 6.9B,,,38000,
12,12_tb_1_e_e_im,True Belief,Implicit,End,End,passage_hr,passage,2,"At the end of the story, the saddle was in the",hut,stable,0.6460671424865723,0.16586804389953613,1.9616481409413669,True,EleutherAI/pythia-6.9b,Pythia 6.9B,,,38000,
12,12_tb_1_e_e_im,True Belief,Implicit,End,End,passage_hr,passage,3,The person who put the saddle in the stable was,Hannah,Martin,0.03984072059392929,0.079830102622509,-1.0026891242039844,False,EleutherAI/pythia-6.9b,Pythia 6.9B,,,38000,
12,12_tb_1_e_e_im,True Belief,Implicit,End,End,passage_hr,passage,4,The person who moved the saddle to the hut was,Martin,Hannah,0.08586626499891281,0.03712403029203415,1.2097380968414646,True,EleutherAI/pythia-6.9b,Pythia 6.9B,,,38000,
12,12_fb_1_e_s_ex,False Belief,Explicit,End,Start,passage_hr,passage,1,"At the start of the story, Hannah put the saddle in the",stable,hut,0.33139514923095703,0.5503794550895691,-0.7318741318325679,False,EleutherAI/pythia-6.9b,Pythia 6.9B,,,38000,
12,12_fb_1_e_s_ex,False Belief,Explicit,End,Start,passage_hr,passage,2,"At the end of the story, the saddle was in the",hut,stable,0.5420446991920471,0.302466481924057,0.8416365491481717,True,EleutherAI/pythia-6.9b,Pythia 6.9B,,,38000,
12,12_fb_1_e_s_ex,False Belief,Explicit,End,Start,passage_hr,passage,3,The person who put the saddle in the stable was,Hannah,Martin,0.05469157546758652,0.08989065885543823,-0.7168525818057647,False,EleutherAI/pythia-6.9b,Pythia 6.9B,,,38000,
12,12_fb_1_e_s_ex,False Belief,Explicit,End,Start,passage_hr,passage,4,The person who moved the saddle to the hut was,Martin,Hannah,0.1037539541721344,0.056419193744659424,0.8789083656997012,True,EleutherAI/pythia-6.9b,Pythia 6.9B,,,38000,
12,12_fb_1_e_s_im,False Belief,Implicit,End,Start,passage_hr,passage,1,"At the start of the story, Hannah put the saddle in the",stable,hut,0.33139514923095703,0.5503794550895691,-0.7318741318325679,False,EleutherAI/pythia-6.9b,Pythia 6.9B,,,38000,
12,12_fb_1_e_s_im,False Belief,Implicit,End,Start,passage_hr,passage,2,"At the end of the story, the saddle was in the",hut,stable,0.5420446991920471,0.302466481924057,0.8416365491481717,True,EleutherAI/pythia-6.9b,Pythia 6.9B,,,38000,
12,12_fb_1_e_s_im,False Belief,Implicit,End,Start,passage_hr,passage,3,The person who put the saddle in the stable was,Hannah,Martin,0.05469157546758652,0.08989065885543823,-0.7168525818057647,False,EleutherAI/pythia-6.9b,Pythia 6.9B,,,38000,
12,12_fb_1_e_s_im,False Belief,Implicit,End,Start,passage_hr,passage,4,The person who moved the saddle to the hut was,Martin,Hannah,0.1037539541721344,0.056419193744659424,0.8789083656997012,True,EleutherAI/pythia-6.9b,Pythia 6.9B,,,38000,
12,12_tb_1_e_s_ex,True Belief,Explicit,End,Start,passage_hr,passage,1,"At the start of the story, Hannah put the saddle in the",stable,hut,0.410473495721817,0.4562380313873291,-0.15249764260109508,False,EleutherAI/pythia-6.9b,Pythia 6.9B,,,38000,
12,12_tb_1_e_s_ex,True Belief,Explicit,End,Start,passage_hr,passage,2,"At the end of the story, the saddle was in the",hut,stable,0.5398140549659729,0.3248184621334076,0.7328289050775314,True,EleutherAI/pythia-6.9b,Pythia 6.9B,,,38000,
12,12_tb_1_e_s_ex,True Belief,Explicit,End,Start,passage_hr,passage,3,The person who put the saddle in the stable was,Hannah,Martin,0.03075551800429821,0.0973203256726265,-1.6618958731696325,False,EleutherAI/pythia-6.9b,Pythia 6.9B,,,38000,
12,12_tb_1_e_s_ex,True Belief,Explicit,End,Start,passage_hr,passage,4,The person who moved the saddle to the hut was,Martin,Hannah,0.10469403862953186,0.03655228018760681,1.518145984646246,True,EleutherAI/pythia-6.9b,Pythia 6.9B,,,38000,
12,12_tb_1_e_s_im,True Belief,Implicit,End,Start,passage_hr,passage,1,"At the start of the story, Hannah put the saddle in the",stable,hut,0.3796643912792206,0.48894068598747253,-0.3649347656901375,False,EleutherAI/pythia-6.9b,Pythia 6.9B,,,38000,
12,12_tb_1_e_s_im,True Belief,Implicit,End,Start,passage_hr,passage,2,"At the end of the story, the saddle was in the",hut,stable,0.5290682911872864,0.3374747037887573,0.648674589238754,True,EleutherAI/pythia-6.9b,Pythia 6.9B,,,38000,
12,12_tb_1_e_s_im,True Belief,Implicit,End,Start,passage_hr,passage,3,The person who put the saddle in the stable was,Hannah,Martin,0.03190989047288895,0.09109696000814438,-1.5133992539931582,False,EleutherAI/pythia-6.9b,Pythia 6.9B,,,38000,
12,12_tb_1_e_s_im,True Belief,Implicit,End,Start,passage_hr,passage,4,The person who moved the saddle to the hut was,Martin,Hannah,0.10246588289737701,0.0367121696472168,1.4808133453705423,True,EleutherAI/pythia-6.9b,Pythia 6.9B,,,38000,
1,1_fb_1_s_e_ex,False Belief,Explicit,Start,End,passage_hr,passage,1,"At the start of the story, Sean put the book in the",box,basket,0.6459434628486633,0.3010115921497345,1.101588849272953,True,EleutherAI/pythia-6.9b,Pythia 6.9B,,,38000,
1,1_fb_1_s_e_ex,False Belief,Explicit,Start,End,passage_hr,passage,2,"At the end of the story, the book was in the",basket,box,0.6628388166427612,0.2499968707561493,1.406748054403694,True,EleutherAI/pythia-6.9b,Pythia 6.9B,,,38000,
1,1_fb_1_s_e_ex,False Belief,Explicit,Start,End,passage_hr,passage,3,The person who put the book in the box was,Sean,Anna,0.08800490200519562,0.32317620515823364,-1.8766651877608325,False,EleutherAI/pythia-6.9b,Pythia 6.9B,,,38000,
1,1_fb_1_s_e_ex,False Belief,Explicit,Start,End,passage_hr,passage,4,The person who moved the book to the basket was,Anna,Sean,0.44052428007125854,0.10772103071212769,2.0319215981351526,True,EleutherAI/pythia-6.9b,Pythia 6.9B,,,38000,
1,1_fb_1_s_e_im,False Belief,Implicit,Start,End,passage_hr,passage,1,"At the start of the story, Sean put the book in the",box,basket,0.6459434628486633,0.3010115921497345,1.101588849272953,True,EleutherAI/pythia-6.9b,Pythia 6.9B,,,38000,
1,1_fb_1_s_e_im,False Belief,Implicit,Start,End,passage_hr,passage,2,"At the end of the story, the book was in the",basket,box,0.6628388166427612,0.2499968707561493,1.406748054403694,True,EleutherAI/pythia-6.9b,Pythia 6.9B,,,38000,
1,1_fb_1_s_e_im,False Belief,Implicit,Start,End,passage_hr,passage,3,The person who put the book in the box was,Sean,Anna,0.08800490200519562,0.32317620515823364,-1.8766651877608325,False,EleutherAI/pythia-6.9b,Pythia 6.9B,,,38000,
1,1_fb_1_s_e_im,False Belief,Implicit,Start,End,passage_hr,passage,4,The person who moved the book to the basket was,Anna,Sean,0.44052428007125854,0.10772103071212769,2.0319215981351526,True,EleutherAI/pythia-6.9b,Pythia 6.9B,,,38000,
1,1_tb_1_s_e_ex,True Belief,Explicit,Start,End,passage_hr,passage,1,"At the start of the story, Sean put the book in the",box,basket,0.7222034335136414,0.20107664167881012,1.844659780300382,True,EleutherAI/pythia-6.9b,Pythia 6.9B,,,38000,
1,1_tb_1_s_e_ex,True Belief,Explicit,Start,End,passage_hr,passage,2,"At the end of the story, the book was in the",basket,box,0.3748071491718292,0.4955415725708008,-0.4028576231892554,False,EleutherAI/pythia-6.9b,Pythia 6.9B,,,38000,
1,1_tb_1_s_e_ex,True Belief,Explicit,Start,End,passage_hr,passage,3,The person who put the book in the box was,Sean,Anna,0.09793844819068909,0.3272932469844818,-1.740636593466139,False,EleutherAI/pythia-6.9b,Pythia 6.9B,,,38000,
1,1_tb_1_s_e_ex,True Belief,Explicit,Start,End,passage_hr,passage,4,The person who moved the book to the basket was,Anna,Sean,0.3326423168182373,0.13575933873653412,1.2929202687026864,True,EleutherAI/pythia-6.9b,Pythia 6.9B,,,38000,
1,1_tb_1_s_e_im,True Belief,Implicit,Start,End,passage_hr,passage,1,"At the start of the story, Sean put the book in the",box,basket,0.7222034335136414,0.20107664167881012,1.844659780300382,True,EleutherAI/pythia-6.9b,Pythia 6.9B,,,38000,
1,1_tb_1_s_e_im,True Belief,Implicit,Start,End,passage_hr,passage,2,"At the end of the story, the book was in the",basket,box,0.3748071491718292,0.4955415725708008,-0.4028576231892554,False,EleutherAI/pythia-6.9b,Pythia 6.9B,,,38000,
1,1_tb_1_s_e_im,True Belief,Implicit,Start,End,passage_hr,passage,3,The person who put the book in the box was,Sean,Anna,0.09793844819068909,0.3272932469844818,-1.740636593466139,False,EleutherAI/pythia-6.9b,Pythia 6.9B,,,38000,
1,1_tb_1_s_e_im,True Belief,Implicit,Start,End,passage_hr,passage,4,The person who moved the book to the basket was,Anna,Sean,0.3326423168182373,0.13575933873653412,1.2929202687026864,True,EleutherAI/pythia-6.9b,Pythia 6.9B,,,38000,
1,1_fb_1_s_s_ex,False Belief,Explicit,Start,Start,passage_hr,passage,1,"At the start of the story, Sean put the book in the",box,basket,0.6819664835929871,0.2575967609882355,1.4045863841065163,True,EleutherAI/pythia-6.9b,Pythia 6.9B,,,38000,
1,1_fb_1_s_s_ex,False Belief,Explicit,Start,Start,passage_hr,passage,2,"At the end of the story, the book was in the",basket,box,0.5064926147460938,0.3837079703807831,0.40053250009209856,True,EleutherAI/pythia-6.9b,Pythia 6.9B,,,38000,
1,1_fb_1_s_s_ex,False Belief,Explicit,Start,Start,passage_hr,passage,3,The person who put the book in the box was,Sean,Anna,0.08543851226568222,0.34420332312583923,-2.010302595189124,False,EleutherAI/pythia-6.9b,Pythia 6.9B,,,38000,
1,1_fb_1_s_s_ex,False Belief,Explicit,Start,Start,passage_hr,passage,4,The person who moved the book to the basket was,Anna,Sean,0.4701153337955475,0.09801748394966125,2.2619037186027846,True,EleutherAI/pythia-6.9b,Pythia 6.9B,,,38000,
1,1_fb_1_s_s_im,False Belief,Implicit,Start,Start,passage_hr,passage,1,"At the start of the story, Sean put the book in the",box,basket,0.6819664835929871,0.2575967609882355,1.4045863841065163,True,EleutherAI/pythia-6.9b,Pythia 6.9B,,,38000,
1,1_fb_1_s_s_im,False Belief,Implicit,Start,Start,passage_hr,passage,2,"At the end of the story, the book was in the",basket,box,0.5064926147460938,0.3837079703807831,0.40053250009209856,True,EleutherAI/pythia-6.9b,Pythia 6.9B,,,38000,
1,1_fb_1_s_s_im,False Belief,Implicit,Start,Start,passage_hr,passage,3,The person who put the book in the box was,Sean,Anna,0.08543851226568222,0.34420332312583923,-2.010302595189124,False,EleutherAI/pythia-6.9b,Pythia 6.9B,,,38000,
1,1_fb_1_s_s_im,False Belief,Implicit,Start,Start,passage_hr,passage,4,The person who moved the book to the basket was,Anna,Sean,0.4701153337955475,0.09801748394966125,2.2619037186027846,True,EleutherAI/pythia-6.9b,Pythia 6.9B,,,38000,
1,1_tb_1_s_s_ex,True Belief,Explicit,Start,Start,passage_hr,passage,1,"At the start of the story, Sean put the book in the",box,basket,0.7431275844573975,0.18218940496444702,2.028170859139691,True,EleutherAI/pythia-6.9b,Pythia 6.9B,,,38000,
1,1_tb_1_s_s_ex,True Belief,Explicit,Start,Start,passage_hr,passage,2,"At the end of the story, the book was in the",basket,box,0.3508765697479248,0.5269014835357666,-0.586569628681014,False,EleutherAI/pythia-6.9b,Pythia 6.9B,,,38000,
1,1_tb_1_s_s_ex,True Belief,Explicit,Start,Start,passage_hr,passage,3,The person who put the book in the box was,Sean,Anna,0.10115348547697067,0.34405753016471863,-1.766103787272827,False,EleutherAI/pythia-6.9b,Pythia 6.9B,,,38000,
1,1_tb_1_s_s_ex,True Belief,Explicit,Start,Start,passage_hr,passage,4,The person who moved the book to the basket was,Anna,Sean,0.3520369231700897,0.1400737464427948,1.3295401713912942,True,EleutherAI/pythia-6.9b,Pythia 6.9B,,,38000,
1,1_tb_1_s_s_im,True Belief,Implicit,Start,Start,passage_hr,passage,1,"At the start of the story, Sean put the book in the",box,basket,0.7431275844573975,0.18218940496444702,2.028170859139691,True,EleutherAI/pythia-6.9b,Pythia 6.9B,,,38000,
1,1_tb_1_s_s_im,True Belief,Implicit,Start,Start,passage_hr,passage,2,"At the end of the story, the book was in the",basket,box,0.3508765697479248,0.5269014835357666,-0.586569628681014,False,EleutherAI/pythia-6.9b,Pythia 6.9B,,,38000,
1,1_tb_1_s_s_im,True Belief,Implicit,Start,Start,passage_hr,passage,3,The person who put the book in the box was,Sean,Anna,0.10115348547697067,0.34405753016471863,-1.766103787272827,False,EleutherAI/pythia-6.9b,Pythia 6.9B,,,38000,
1,1_tb_1_s_s_im,True Belief,Implicit,Start,Start,passage_hr,passage,4,The person who moved the book to the basket was,Anna,Sean,0.3520369231700897,0.1400737464427948,1.3295401713912942,True,EleutherAI/pythia-6.9b,Pythia 6.9B,,,38000,
1,1_fb_1_e_e_ex,False Belief,Explicit,End,End,passage_hr,passage,1,"At the start of the story, Sean put the book in the",box,basket,0.5227060317993164,0.40800735354423523,0.3574046532427747,True,EleutherAI/pythia-6.9b,Pythia 6.9B,,,38000,
1,1_fb_1_e_e_ex,False Belief,Explicit,End,End,passage_hr,passage,2,"At the end of the story, the book was in the",basket,box,0.685369074344635,0.22278937697410583,1.6212006512865431,True,EleutherAI/pythia-6.9b,Pythia 6.9B,,,38000,
1,1_fb_1_e_e_ex,False Belief,Explicit,End,End,passage_hr,passage,3,The person who put the book in the box was,Sean,Anna,0.07560672610998154,0.34056252241134644,-2.171333190733997,False,EleutherAI/pythia-6.9b,Pythia 6.9B,,,38000,
1,1_fb_1_e_e_ex,False Belief,Explicit,End,End,passage_hr,passage,4,The person who moved the book to the basket was,Anna,Sean,0.4637020230293274,0.09875226020812988,2.2313123473045997,True,EleutherAI/pythia-6.9b,Pythia 6.9B,,,38000,
1,1_fb_1_e_e_im,False Belief,Implicit,End,End,passage_hr,passage,1,"At the start of the story, Sean put the book in the",box,basket,0.5227060317993164,0.40800735354423523,0.3574046532427747,True,EleutherAI/pythia-6.9b,Pythia 6.9B,,,38000,
1,1_fb_1_e_e_im,False Belief,Implicit,End,End,passage_hr,passage,2,"At the end of the story, the book was in the",basket,box,0.685369074344635,0.22278937697410583,1.6212006512865431,True,EleutherAI/pythia-6.9b,Pythia 6.9B,,,38000,
1,1_fb_1_e_e_im,False Belief,Implicit,End,End,passage_hr,passage,3,The person who put the book in the box was,Sean,Anna,0.07560672610998154,0.34056252241134644,-2.171333190733997,False,EleutherAI/pythia-6.9b,Pythia 6.9B,,,38000,
1,1_fb_1_e_e_im,False Belief,Implicit,End,End,passage_hr,passage,4,The person who moved the book to the basket was,Anna,Sean,0.4637020230293274,0.09875226020812988,2.2313123473045997,True,EleutherAI/pythia-6.9b,Pythia 6.9B,,,38000,
1,1_tb_1_e_e_ex,True Belief,Explicit,End,End,passage_hr,passage,1,"At the start of the story, Sean put the book in the",box,basket,0.6071426272392273,0.29573768377304077,1.0377173801284902,True,EleutherAI/pythia-6.9b,Pythia 6.9B,,,38000,
1,1_tb_1_e_e_ex,True Belief,Explicit,End,End,passage_hr,passage,2,"At the end of the story, the book was in the",basket,box,0.3994428515434265,0.4758807420730591,-0.25261096181039316,False,EleutherAI/pythia-6.9b,Pythia 6.9B,,,38000,
1,1_tb_1_e_e_ex,True Belief,Explicit,End,End,passage_hr,passage,3,The person who put the book in the box was,Sean,Anna,0.09442057460546494,0.3317600190639496,-1.8129668675178685,False,EleutherAI/pythia-6.9b,Pythia 6.9B,,,38000,
1,1_tb_1_e_e_ex,True Belief,Explicit,End,End,passage_hr,passage,4,The person who moved the book to the basket was,Anna,Sean,0.3491448760032654,0.12793710827827454,1.4483910201380834,True,EleutherAI/pythia-6.9b,Pythia 6.9B,,,38000,
1,1_tb_1_e_e_im,True Belief,Implicit,End,End,passage_hr,passage,1,"At the start of the story, Sean put the book in the",box,basket,0.6071426272392273,0.29573768377304077,1.0377173801284902,True,EleutherAI/pythia-6.9b,Pythia 6.9B,,,38000,
1,1_tb_1_e_e_im,True Belief,Implicit,End,End,passage_hr,passage,2,"At the end of the story, the book was in the",basket,box,0.3994428515434265,0.4758807420730591,-0.25261096181039316,False,EleutherAI/pythia-6.9b,Pythia 6.9B,,,38000,
1,1_tb_1_e_e_im,True Belief,Implicit,End,End,passage_hr,passage,3,The person who put the book in the box was,Sean,Anna,0.09442057460546494,0.3317600190639496,-1.8129668675178685,False,EleutherAI/pythia-6.9b,Pythia 6.9B,,,38000,
1,1_tb_1_e_e_im,True Belief,Implicit,End,End,passage_hr,passage,4,The person who moved the book to the basket was,Anna,Sean,0.3491448760032654,0.12793710827827454,1.4483910201380834,True,EleutherAI/pythia-6.9b,Pythia 6.9B,,,38000,
1,1_fb_1_e_s_ex,False Belief,Explicit,End,Start,passage_hr,passage,1,"At the start of the story, Sean put the book in the",box,basket,0.6177071332931519,0.3032921254634857,1.0262149500746087,True,EleutherAI/pythia-6.9b,Pythia 6.9B,,,38000,
1,1_fb_1_e_s_ex,False Belief,Explicit,End,Start,passage_hr,passage,2,"At the end of the story, the book was in the",basket,box,0.5054712891578674,0.37398761510849,0.4346386542363686,True,EleutherAI/pythia-6.9b,Pythia 6.9B,,,38000,
1,1_fb_1_e_s_ex,False Belief,Explicit,End,Start,passage_hr,passage,3,The person who put the book in the box was,Sean,Anna,0.07609584927558899,0.3679020404815674,-2.273432010159788,False,EleutherAI/pythia-6.9b,Pythia 6.9B,,,38000,
1,1_fb_1_e_s_ex,False Belief,Explicit,End,Start,passage_hr,passage,4,The person who moved the book to the basket was,Anna,Sean,0.5028883218765259,0.08828308433294296,2.51002911256353,True,EleutherAI/pythia-6.9b,Pythia 6.9B,,,38000,
1,1_fb_1_e_s_im,False Belief,Implicit,End,Start,passage_hr,passage,1,"At the start of the story, Sean put the book in the",box,basket,0.6177071332931519,0.3032921254634857,1.0262149500746087,True,EleutherAI/pythia-6.9b,Pythia 6.9B,,,38000,
1,1_fb_1_e_s_im,False Belief,Implicit,End,Start,passage_hr,passage,2,"At the end of the story, the book was in the",basket,box,0.5054712891578674,0.37398761510849,0.4346386542363686,True,EleutherAI/pythia-6.9b,Pythia 6.9B,,,38000,
1,1_fb_1_e_s_im,False Belief,Implicit,End,Start,passage_hr,passage,3,The person who put the book in the box was,Sean,Anna,0.07609584927558899,0.3679020404815674,-2.273432010159788,False,EleutherAI/pythia-6.9b,Pythia 6.9B,,,38000,
1,1_fb_1_e_s_im,False Belief,Implicit,End,Start,passage_hr,passage,4,The person who moved the book to the basket was,Anna,Sean,0.5028883218765259,0.08828308433294296,2.51002911256353,True,EleutherAI/pythia-6.9b,Pythia 6.9B,,,38000,
1,1_tb_1_e_s_ex,True Belief,Explicit,End,Start,passage_hr,passage,1,"At the start of the story, Sean put the book in the",box,basket,0.6572473049163818,0.24822793900966644,1.4047708155090382,True,EleutherAI/pythia-6.9b,Pythia 6.9B,,,38000,
1,1_tb_1_e_s_ex,True Belief,Explicit,End,Start,passage_hr,passage,2,"At the end of the story, the book was in the",basket,box,0.37752196192741394,0.5045408010482788,-0.4184103673764128,False,EleutherAI/pythia-6.9b,Pythia 6.9B,,,38000,
1,1_tb_1_e_s_ex,True Belief,Explicit,End,Start,passage_hr,passage,3,The person who put the book in the box was,Sean,Anna,0.10134315490722656,0.3523954153060913,-1.797946507678376,False,EleutherAI/pythia-6.9b,Pythia 6.9B,,,38000,
1,1_tb_1_e_s_ex,True Belief,Explicit,End,Start,passage_hr,passage,4,The person who moved the book to the basket was,Anna,Sean,0.3741876482963562,0.13381880521774292,1.4834810683848632,True,EleutherAI/pythia-6.9b,Pythia 6.9B,,,38000,
1,1_tb_1_e_s_im,True Belief,Implicit,End,Start,passage_hr,passage,1,"At the start of the story, Sean put the book in the",box,basket,0.6572473049163818,0.24822793900966644,1.4047708155090382,True,EleutherAI/pythia-6.9b,Pythia 6.9B,,,38000,
1,1_tb_1_e_s_im,True Belief,Implicit,End,Start,passage_hr,passage,2,"At the end of the story, the book was in the",basket,box,0.37752196192741394,0.5045408010482788,-0.4184103673764128,False,EleutherAI/pythia-6.9b,Pythia 6.9B,,,38000,
1,1_tb_1_e_s_im,True Belief,Implicit,End,Start,passage_hr,passage,3,The person who put the book in the box was,Sean,Anna,0.10134315490722656,0.3523954153060913,-1.797946507678376,False,EleutherAI/pythia-6.9b,Pythia 6.9B,,,38000,
1,1_tb_1_e_s_im,True Belief,Implicit,End,Start,passage_hr,passage,4,The person who moved the book to the basket was,Anna,Sean,0.3741876482963562,0.13381880521774292,1.4834810683848632,True,EleutherAI/pythia-6.9b,Pythia 6.9B,,,38000,
2,2_fb_1_s_e_ex,False Belief,Explicit,Start,End,passage_hr,passage,1,"At the start of the story, Mary put the jam in the",cupboard,fridge,0.14867359399795532,0.6618955135345459,-2.154455059700755,False,EleutherAI/pythia-6.9b,Pythia 6.9B,,,38000,
2,2_fb_1_s_e_ex,False Belief,Explicit,Start,End,passage_hr,passage,2,"At the end of the story, the jam was in the",fridge,cupboard,0.7108302712440491,0.15340276062488556,2.212180675223793,True,EleutherAI/pythia-6.9b,Pythia 6.9B,,,38000,
2,2_fb_1_s_e_ex,False Belief,Explicit,Start,End,passage_hr,passage,3,The person who put the jam in the cupboard was,Mary,James,0.06332787126302719,0.2537650465965271,-2.002580877341141,False,EleutherAI/pythia-6.9b,Pythia 6.9B,,,38000,
2,2_fb_1_s_e_ex,False Belief,Explicit,Start,End,passage_hr,passage,4,The person who moved the jam to the fridge was,James,Mary,0.4526265859603882,0.0862571969628334,2.391604587037007,True,EleutherAI/pythia-6.9b,Pythia 6.9B,,,38000,
2,2_fb_1_s_e_im,False Belief,Implicit,Start,End,passage_hr,passage,1,"At the start of the story, Mary put the jam in the",cupboard,fridge,0.14867359399795532,0.6618955135345459,-2.154455059700755,False,EleutherAI/pythia-6.9b,Pythia 6.9B,,,38000,
2,2_fb_1_s_e_im,False Belief,Implicit,Start,End,passage_hr,passage,2,"At the end of the story, the jam was in the",fridge,cupboard,0.7108302712440491,0.15340276062488556,2.212180675223793,True,EleutherAI/pythia-6.9b,Pythia 6.9B,,,38000,
2,2_fb_1_s_e_im,False Belief,Implicit,Start,End,passage_hr,passage,3,The person who put the jam in the cupboard was,Mary,James,0.06332787126302719,0.2537650465965271,-2.002580877341141,False,EleutherAI/pythia-6.9b,Pythia 6.9B,,,38000,
2,2_fb_1_s_e_im,False Belief,Implicit,Start,End,passage_hr,passage,4,The person who moved the jam to the fridge was,James,Mary,0.4526265859603882,0.0862571969628334,2.391604587037007,True,EleutherAI/pythia-6.9b,Pythia 6.9B,,,38000,
2,2_tb_1_s_e_ex,True Belief,Explicit,Start,End,passage_hr,passage,1,"At the start of the story, Mary put the jam in the",cupboard,fridge,0.15653188526630402,0.6506091952323914,-2.055334651011223,False,EleutherAI/pythia-6.9b,Pythia 6.9B,,,38000,
2,2_tb_1_s_e_ex,True Belief,Explicit,Start,End,passage_hr,passage,2,"At the end of the story, the jam was in the",fridge,cupboard,0.6512367725372314,0.21518002450466156,1.597638008190126,True,EleutherAI/pythia-6.9b,Pythia 6.9B,,,38000,
2,2_tb_1_s_e_ex,True Belief,Explicit,Start,End,passage_hr,passage,3,The person who put the jam in the cupboard was,Mary,James,0.0924827829003334,0.2801119089126587,-1.598746604908308,False,EleutherAI/pythia-6.9b,Pythia 6.9B,,,38000,
2,2_tb_1_s_e_ex,True Belief,Explicit,Start,End,passage_hr,passage,4,The person who moved the jam to the fridge was,James,Mary,0.31870198249816895,0.11144597828388214,1.5158634380318345,True,EleutherAI/pythia-6.9b,Pythia 6.9B,,,38000,
2,2_tb_1_s_e_im,True Belief,Implicit,Start,End,passage_hr,passage,1,"At the start of the story, Mary put the jam in the",cupboard,fridge,0.15653188526630402,0.6506091952323914,-2.055334651011223,False,EleutherAI/pythia-6.9b,Pythia 6.9B,,,38000,
2,2_tb_1_s_e_im,True Belief,Implicit,Start,End,passage_hr,passage,2,"At the end of the story, the jam was in the",fridge,cupboard,0.6512367725372314,0.21518002450466156,1.597638008190126,True,EleutherAI/pythia-6.9b,Pythia 6.9B,,,38000,
2,2_tb_1_s_e_im,True Belief,Implicit,Start,End,passage_hr,passage,3,The person who put the jam in the cupboard was,Mary,James,0.0924827829003334,0.2801119089126587,-1.598746604908308,False,EleutherAI/pythia-6.9b,Pythia 6.9B,,,38000,
2,2_tb_1_s_e_im,True Belief,Implicit,Start,End,passage_hr,passage,4,The person who moved the jam to the fridge was,James,Mary,0.31870198249816895,0.11144597828388214,1.5158634380318345,True,EleutherAI/pythia-6.9b,Pythia 6.9B,,,38000,
2,2_fb_1_s_s_ex,False Belief,Explicit,Start,Start,passage_hr,passage,1,"At the start of the story, Mary put the jam in the",cupboard,fridge,0.0974130928516388,0.756843090057373,-2.957806632780974,False,EleutherAI/pythia-6.9b,Pythia 6.9B,,,38000,
2,2_fb_1_s_s_ex,False Belief,Explicit,Start,Start,passage_hr,passage,2,"At the end of the story, the jam was in the",fridge,cupboard,0.7712294459342957,0.11796081811189651,2.7088524021603173,True,EleutherAI/pythia-6.9b,Pythia 6.9B,,,38000,
2,2_fb_1_s_s_ex,False Belief,Explicit,Start,Start,passage_hr,passage,3,The person who put the jam in the cupboard was,Mary,James,0.06718435138463974,0.27033236622810364,-2.008537108598046,False,EleutherAI/pythia-6.9b,Pythia 6.9B,,,38000,
2,2_fb_1_s_s_ex,False Belief,Explicit,Start,Start,passage_hr,passage,4,The person who moved the jam to the fridge was,James,Mary,0.46391522884368896,0.08467341214418411,2.453880273353282,True,EleutherAI/pythia-6.9b,Pythia 6.9B,,,38000,
2,2_fb_1_s_s_im,False Belief,Implicit,Start,Start,passage_hr,passage,1,"At the start of the story, Mary put the jam in the",cupboard,fridge,0.0974130928516388,0.756843090057373,-2.957806632780974,False,EleutherAI/pythia-6.9b,Pythia 6.9B,,,38000,
2,2_fb_1_s_s_im,False Belief,Implicit,Start,Start,passage_hr,passage,2,"At the end of the story, the jam was in the",fridge,cupboard,0.7712294459342957,0.11796081811189651,2.7088524021603173,True,EleutherAI/pythia-6.9b,Pythia 6.9B,,,38000,
2,2_fb_1_s_s_im,False Belief,Implicit,Start,Start,passage_hr,passage,3,The person who put the jam in the cupboard was,Mary,James,0.06718435138463974,0.27033236622810364,-2.008537108598046,False,EleutherAI/pythia-6.9b,Pythia 6.9B,,,38000,
2,2_fb_1_s_s_im,False Belief,Implicit,Start,Start,passage_hr,passage,4,The person who moved the jam to the fridge was,James,Mary,0.46391522884368896,0.08467341214418411,2.453880273353282,True,EleutherAI/pythia-6.9b,Pythia 6.9B,,,38000,
2,2_tb_1_s_s_ex,True Belief,Explicit,Start,Start,passage_hr,passage,1,"At the start of the story, Mary put the jam in the",cupboard,fridge,0.08603925257921219,0.7756909132003784,-3.1724150040788617,False,EleutherAI/pythia-6.9b,Pythia 6.9B,,,38000,
2,2_tb_1_s_s_ex,True Belief,Explicit,Start,Start,passage_hr,passage,2,"At the end of the story, the jam was in the",fridge,cupboard,0.7238409519195557,0.1652699112892151,2.1308486373709457,True,EleutherAI/pythia-6.9b,Pythia 6.9B,,,38000,
2,2_tb_1_s_s_ex,True Belief,Explicit,Start,Start,passage_hr,passage,3,The person who put the jam in the cupboard was,Mary,James,0.07992606610059738,0.29076769948005676,-1.8631290256955935,False,EleutherAI/pythia-6.9b,Pythia 6.9B,,,38000,
2,2_tb_1_s_s_ex,True Belief,Explicit,Start,Start,passage_hr,passage,4,The person who moved the jam to the fridge was,James,Mary,0.3055920898914337,0.09788401424884796,1.6424620273279151,True,EleutherAI/pythia-6.9b,Pythia 6.9B,,,38000,
2,2_tb_1_s_s_im,True Belief,Implicit,Start,Start,passage_hr,passage,1,"At the start of the story, Mary put the jam in the",cupboard,fridge,0.08603925257921219,0.7756909132003784,-3.1724150040788617,False,EleutherAI/pythia-6.9b,Pythia 6.9B,,,38000,
2,2_tb_1_s_s_im,True Belief,Implicit,Start,Start,passage_hr,passage,2,"At the end of the story, the jam was in the",fridge,cupboard,0.7238409519195557,0.1652699112892151,2.1308486373709457,True,EleutherAI/pythia-6.9b,Pythia 6.9B,,,38000,
2,2_tb_1_s_s_im,True Belief,Implicit,Start,Start,passage_hr,passage,3,The person who put the jam in the cupboard was,Mary,James,0.07992606610059738,0.29076769948005676,-1.8631290256955935,False,EleutherAI/pythia-6.9b,Pythia 6.9B,,,38000,
2,2_tb_1_s_s_im,True Belief,Implicit,Start,Start,passage_hr,passage,4,The person who moved the jam to the fridge was,James,Mary,0.3055920898914337,0.09788401424884796,1.6424620273279151,True,EleutherAI/pythia-6.9b,Pythia 6.9B,,,38000,
2,2_fb_1_e_e_ex,False Belief,Explicit,End,End,passage_hr,passage,1,"At the start of the story, Mary put the jam in the",cupboard,fridge,0.09242071211338043,0.703272819519043,-2.9277963494897783,False,EleutherAI/pythia-6.9b,Pythia 6.9B,,,38000,
2,2_fb_1_e_e_ex,False Belief,Explicit,End,End,passage_hr,passage,2,"At the end of the story, the jam was in the",fridge,cupboard,0.7216354608535767,0.1429629921913147,2.3356284985718854,True,EleutherAI/pythia-6.9b,Pythia 6.9B,,,38000,
2,2_fb_1_e_e_ex,False Belief,Explicit,End,End,passage_hr,passage,3,The person who put the jam in the cupboard was,Mary,James,0.0617697611451149,0.3026117980480194,-2.292495578465492,False,EleutherAI/pythia-6.9b,Pythia 6.9B,,,38000,
2,2_fb_1_e_e_ex,False Belief,Explicit,End,End,passage_hr,passage,4,The person who moved the jam to the fridge was,James,Mary,0.487707257270813,0.0881357192993164,2.46821670781878,True,EleutherAI/pythia-6.9b,Pythia 6.9B,,,38000,
2,2_fb_1_e_e_im,False Belief,Implicit,End,End,passage_hr,passage,1,"At the start of the story, Mary put the jam in the",cupboard,fridge,0.09242071211338043,0.703272819519043,-2.9277963494897783,False,EleutherAI/pythia-6.9b,Pythia 6.9B,,,38000,
2,2_fb_1_e_e_im,False Belief,Implicit,End,End,passage_hr,passage,2,"At the end of the story, the jam was in the",fridge,cupboard,0.7216354608535767,0.1429629921913147,2.3356284985718854,True,EleutherAI/pythia-6.9b,Pythia 6.9B,,,38000,
2,2_fb_1_e_e_im,False Belief,Implicit,End,End,passage_hr,passage,3,The person who put the jam in the cupboard was,Mary,James,0.0617697611451149,0.3026117980480194,-2.292495578465492,False,EleutherAI/pythia-6.9b,Pythia 6.9B,,,38000,
2,2_fb_1_e_e_im,False Belief,Implicit,End,End,passage_hr,passage,4,The person who moved the jam to the fridge was,James,Mary,0.487707257270813,0.0881357192993164,2.46821670781878,True,EleutherAI/pythia-6.9b,Pythia 6.9B,,,38000,
2,2_tb_1_e_e_ex,True Belief,Explicit,End,End,passage_hr,passage,1,"At the start of the story, Mary put the jam in the",cupboard,fridge,0.10035604238510132,0.6881507635116577,-2.7775971891688056,False,EleutherAI/pythia-6.9b,Pythia 6.9B,,,38000,
2,2_tb_1_e_e_ex,True Belief,Explicit,End,End,passage_hr,passage,2,"At the end of the story, the jam was in the",fridge,cupboard,0.6471812725067139,0.21868279576301575,1.5653301360985585,True,EleutherAI/pythia-6.9b,Pythia 6.9B,,,38000,
2,2_tb_1_e_e_ex,True Belief,Explicit,End,End,passage_hr,passage,3,The person who put the jam in the cupboard was,Mary,James,0.09529925882816315,0.3120313584804535,-1.7111541251168,False,EleutherAI/pythia-6.9b,Pythia 6.9B,,,38000,
2,2_tb_1_e_e_ex,True Belief,Explicit,End,End,passage_hr,passage,4,The person who moved the jam to the fridge was,James,Mary,0.34375426173210144,0.12472594529390335,1.4626159960826721,True,EleutherAI/pythia-6.9b,Pythia 6.9B,,,38000,
2,2_tb_1_e_e_im,True Belief,Implicit,End,End,passage_hr,passage,1,"At the start of the story, Mary put the jam in the",cupboard,fridge,0.10035604238510132,0.6881507635116577,-2.7775971891688056,False,EleutherAI/pythia-6.9b,Pythia 6.9B,,,38000,
2,2_tb_1_e_e_im,True Belief,Implicit,End,End,passage_hr,passage,2,"At the end of the story, the jam was in the",fridge,cupboard,0.6471812725067139,0.21868279576301575,1.5653301360985585,True,EleutherAI/pythia-6.9b,Pythia 6.9B,,,38000,
2,2_tb_1_e_e_im,True Belief,Implicit,End,End,passage_hr,passage,3,The person who put the jam in the cupboard was,Mary,James,0.09529925882816315,0.3120313584804535,-1.7111541251168,False,EleutherAI/pythia-6.9b,Pythia 6.9B,,,38000,
2,2_tb_1_e_e_im,True Belief,Implicit,End,End,passage_hr,passage,4,The person who moved the jam to the fridge was,James,Mary,0.34375426173210144,0.12472594529390335,1.4626159960826721,True,EleutherAI/pythia-6.9b,Pythia 6.9B,,,38000,
2,2_fb_1_e_s_ex,False Belief,Explicit,End,Start,passage_hr,passage,1,"At the start of the story, Mary put the jam in the",cupboard,fridge,0.06706750392913818,0.78117835521698,-3.5419661608194426,False,EleutherAI/pythia-6.9b,Pythia 6.9B,,,38000,
2,2_fb_1_e_s_ex,False Belief,Explicit,End,Start,passage_hr,passage,2,"At the end of the story, the jam was in the",fridge,cupboard,0.7800230979919434,0.1130310595035553,2.786797584153961,True,EleutherAI/pythia-6.9b,Pythia 6.9B,,,38000,
2,2_fb_1_e_s_ex,False Belief,Explicit,End,Start,passage_hr,passage,3,The person who put the jam in the cupboard was,Mary,James,0.06650786101818085,0.32072412967681885,-2.2697361212285467,False,EleutherAI/pythia-6.9b,Pythia 6.9B,,,38000,
2,2_fb_1_e_s_ex,False Belief,Explicit,End,Start,passage_hr,passage,4,The person who moved the jam to the fridge was,James,Mary,0.5021928548812866,0.08426441252231598,2.5752461323270293,True,EleutherAI/pythia-6.9b,Pythia 6.9B,,,38000,
2,2_fb_1_e_s_im,False Belief,Implicit,End,Start,passage_hr,passage,1,"At the start of the story, Mary put the jam in the",cupboard,fridge,0.06706750392913818,0.78117835521698,-3.5419661608194426,False,EleutherAI/pythia-6.9b,Pythia 6.9B,,,38000,
2,2_fb_1_e_s_im,False Belief,Implicit,End,Start,passage_hr,passage,2,"At the end of the story, the jam was in the",fridge,cupboard,0.7800230979919434,0.1130310595035553,2.786797584153961,True,EleutherAI/pythia-6.9b,Pythia 6.9B,,,38000,
2,2_fb_1_e_s_im,False Belief,Implicit,End,Start,passage_hr,passage,3,The person who put the jam in the cupboard was,Mary,James,0.06650786101818085,0.32072412967681885,-2.2697361212285467,False,EleutherAI/pythia-6.9b,Pythia 6.9B,,,38000,
2,2_fb_1_e_s_im,False Belief,Implicit,End,Start,passage_hr,passage,4,The person who moved the jam to the fridge was,James,Mary,0.5021928548812866,0.08426441252231598,2.5752461323270293,True,EleutherAI/pythia-6.9b,Pythia 6.9B,,,38000,
2,2_tb_1_e_s_ex,True Belief,Explicit,End,Start,passage_hr,passage,1,"At the start of the story, Mary put the jam in the",cupboard,fridge,0.06110599637031555,0.7950553894042969,-3.701669507956633,False,EleutherAI/pythia-6.9b,Pythia 6.9B,,,38000,
2,2_tb_1_e_s_ex,True Belief,Explicit,End,Start,passage_hr,passage,2,"At the end of the story, the jam was in the",fridge,cupboard,0.7275429964065552,0.1683730036020279,2.111371671311661,True,EleutherAI/pythia-6.9b,Pythia 6.9B,,,38000,
2,2_tb_1_e_s_ex,True Belief,Explicit,End,Start,passage_hr,passage,3,The person who put the jam in the cupboard was,Mary,James,0.08567968755960464,0.33858609199523926,-1.9824975890116956,False,EleutherAI/pythia-6.9b,Pythia 6.9B,,,38000,
2,2_tb_1_e_s_ex,True Belief,Explicit,End,Start,passage_hr,passage,4,The person who moved the jam to the fridge was,James,Mary,0.3232349753379822,0.11085346341133118,1.5439294667563541,True,EleutherAI/pythia-6.9b,Pythia 6.9B,,,38000,
2,2_tb_1_e_s_im,True Belief,Implicit,End,Start,passage_hr,passage,1,"At the start of the story, Mary put the jam in the",cupboard,fridge,0.06110599637031555,0.7950553894042969,-3.701669507956633,False,EleutherAI/pythia-6.9b,Pythia 6.9B,,,38000,
2,2_tb_1_e_s_im,True Belief,Implicit,End,Start,passage_hr,passage,2,"At the end of the story, the jam was in the",fridge,cupboard,0.7275429964065552,0.1683730036020279,2.111371671311661,True,EleutherAI/pythia-6.9b,Pythia 6.9B,,,38000,
2,2_tb_1_e_s_im,True Belief,Implicit,End,Start,passage_hr,passage,3,The person who put the jam in the cupboard was,Mary,James,0.08567968755960464,0.33858609199523926,-1.9824975890116956,False,EleutherAI/pythia-6.9b,Pythia 6.9B,,,38000,
2,2_tb_1_e_s_im,True Belief,Implicit,End,Start,passage_hr,passage,4,The person who moved the jam to the fridge was,James,Mary,0.3232349753379822,0.11085346341133118,1.5439294667563541,True,EleutherAI/pythia-6.9b,Pythia 6.9B,,,38000,
3,3_fb_1_s_e_ex,False Belief,Explicit,Start,End,passage_hr,passage,1,"At the start of the story, Cameron put the shirt in the",sink,basket,0.3414314389228821,0.49770501255989075,-0.5436950094840167,False,EleutherAI/pythia-6.9b,Pythia 6.9B,,,38000,
3,3_fb_1_s_e_ex,False Belief,Explicit,Start,End,passage_hr,passage,2,"At the end of the story, the shirt was in the",basket,sink,0.7468113303184509,0.09411567449569702,2.988236893980882,True,EleutherAI/pythia-6.9b,Pythia 6.9B,,,38000,
3,3_fb_1_s_e_ex,False Belief,Explicit,Start,End,passage_hr,passage,3,The person who put the shirt in the sink was,Cameron,Helen,0.04166973754763603,0.3435361385345459,-3.0433899538610456,False,EleutherAI/pythia-6.9b,Pythia 6.9B,,,38000,
3,3_fb_1_s_e_ex,False Belief,Explicit,Start,End,passage_hr,passage,4,The person who moved the shirt to the basket was,Helen,Cameron,0.41224539279937744,0.05591908469796181,2.8820907188710834,True,EleutherAI/pythia-6.9b,Pythia 6.9B,,,38000,
3,3_fb_1_s_e_im,False Belief,Implicit,Start,End,passage_hr,passage,1,"At the start of the story, Cameron put the shirt in the",sink,basket,0.3414314389228821,0.49770501255989075,-0.5436950094840167,False,EleutherAI/pythia-6.9b,Pythia 6.9B,,,38000,
3,3_fb_1_s_e_im,False Belief,Implicit,Start,End,passage_hr,passage,2,"At the end of the story, the shirt was in the",basket,sink,0.7468113303184509,0.09411567449569702,2.988236893980882,True,EleutherAI/pythia-6.9b,Pythia 6.9B,,,38000,
3,3_fb_1_s_e_im,False Belief,Implicit,Start,End,passage_hr,passage,3,The person who put the shirt in the sink was,Cameron,Helen,0.04166973754763603,0.3435361385345459,-3.0433899538610456,False,EleutherAI/pythia-6.9b,Pythia 6.9B,,,38000,
3,3_fb_1_s_e_im,False Belief,Implicit,Start,End,passage_hr,passage,4,The person who moved the shirt to the basket was,Helen,Cameron,0.41224539279937744,0.05591908469796181,2.8820907188710834,True,EleutherAI/pythia-6.9b,Pythia 6.9B,,,38000,
3,3_tb_1_s_e_ex,True Belief,Explicit,Start,End,passage_hr,passage,1,"At the start of the story, Cameron put the shirt in the",sink,basket,0.45193853974342346,0.32117918133735657,0.4927482090939985,True,EleutherAI/pythia-6.9b,Pythia 6.9B,,,38000,
3,3_tb_1_s_e_ex,True Belief,Explicit,Start,End,passage_hr,passage,2,"At the end of the story, the shirt was in the",basket,sink,0.6760939955711365,0.11426649987697601,2.5648213316574284,True,EleutherAI/pythia-6.9b,Pythia 6.9B,,,38000,
3,3_tb_1_s_e_ex,True Belief,Explicit,Start,End,passage_hr,passage,3,The person who put the shirt in the sink was,Cameron,Helen,0.02689737267792225,0.34728023409843445,-3.690563137173643,False,EleutherAI/pythia-6.9b,Pythia 6.9B,,,38000,
3,3_tb_1_s_e_ex,True Belief,Explicit,Start,End,passage_hr,passage,4,The person who moved the shirt to the basket was,Helen,Cameron,0.39140692353248596,0.04354202747344971,3.1681887845106744,True,EleutherAI/pythia-6.9b,Pythia 6.9B,,,38000,
3,3_tb_1_s_e_im,True Belief,Implicit,Start,End,passage_hr,passage,1,"At the start of the story, Cameron put the shirt in the",sink,basket,0.45193853974342346,0.32117918133735657,0.4927482090939985,True,EleutherAI/pythia-6.9b,Pythia 6.9B,,,38000,
3,3_tb_1_s_e_im,True Belief,Implicit,Start,End,passage_hr,passage,2,"At the end of the story, the shirt was in the",basket,sink,0.6760939955711365,0.11426649987697601,2.5648213316574284,True,EleutherAI/pythia-6.9b,Pythia 6.9B,,,38000,
3,3_tb_1_s_e_im,True Belief,Implicit,Start,End,passage_hr,passage,3,The person who put the shirt in the sink was,Cameron,Helen,0.02689737267792225,0.34728023409843445,-3.690563137173643,False,EleutherAI/pythia-6.9b,Pythia 6.9B,,,38000,
3,3_tb_1_s_e_im,True Belief,Implicit,Start,End,passage_hr,passage,4,The person who moved the shirt to the basket was,Helen,Cameron,0.39140692353248596,0.04354202747344971,3.1681887845106744,True,EleutherAI/pythia-6.9b,Pythia 6.9B,,,38000,
3,3_fb_1_s_s_ex,False Belief,Explicit,Start,Start,passage_hr,passage,1,"At the start of the story, Cameron put the shirt in the",sink,basket,0.13855893909931183,0.7347986102104187,-2.4068491087818393,False,EleutherAI/pythia-6.9b,Pythia 6.9B,,,38000,
3,3_fb_1_s_s_ex,False Belief,Explicit,Start,Start,passage_hr,passage,2,"At the end of the story, the shirt was in the",basket,sink,0.8103917241096497,0.047947246581315994,4.0790995665834755,True,EleutherAI/pythia-6.9b,Pythia 6.9B,,,38000,
3,3_fb_1_s_s_ex,False Belief,Explicit,Start,Start,passage_hr,passage,3,The person who put the shirt in the sink was,Cameron,Helen,0.03856244310736656,0.35458052158355713,-3.2008449249376327,False,EleutherAI/pythia-6.9b,Pythia 6.9B,,,38000,
3,3_fb_1_s_s_ex,False Belief,Explicit,Start,Start,passage_hr,passage,4,The person who moved the shirt to the basket was,Helen,Cameron,0.41669219732284546,0.039991483092308044,3.3812173955353,True,EleutherAI/pythia-6.9b,Pythia 6.9B,,,38000,
3,3_fb_1_s_s_im,False Belief,Implicit,Start,Start,passage_hr,passage,1,"At the start of the story, Cameron put the shirt in the",sink,basket,0.13855893909931183,0.7347986102104187,-2.4068491087818393,False,EleutherAI/pythia-6.9b,Pythia 6.9B,,,38000,
3,3_fb_1_s_s_im,False Belief,Implicit,Start,Start,passage_hr,passage,2,"At the end of the story, the shirt was in the",basket,sink,0.8103917241096497,0.047947246581315994,4.0790995665834755,True,EleutherAI/pythia-6.9b,Pythia 6.9B,,,38000,
3,3_fb_1_s_s_im,False Belief,Implicit,Start,Start,passage_hr,passage,3,The person who put the shirt in the sink was,Cameron,Helen,0.03856244310736656,0.35458052158355713,-3.2008449249376327,False,EleutherAI/pythia-6.9b,Pythia 6.9B,,,38000,
3,3_fb_1_s_s_im,False Belief,Implicit,Start,Start,passage_hr,passage,4,The person who moved the shirt to the basket was,Helen,Cameron,0.41669219732284546,0.039991483092308044,3.3812173955353,True,EleutherAI/pythia-6.9b,Pythia 6.9B,,,38000,
3,3_tb_1_s_s_ex,True Belief,Explicit,Start,Start,passage_hr,passage,1,"At the start of the story, Cameron put the shirt in the",sink,basket,0.2264123409986496,0.555251955986023,-1.2941899730461461,False,EleutherAI/pythia-6.9b,Pythia 6.9B,,,38000,
3,3_tb_1_s_s_ex,True Belief,Explicit,Start,Start,passage_hr,passage,2,"At the end of the story, the shirt was in the",basket,sink,0.7669340372085571,0.0487343855202198,3.976090540098593,True,EleutherAI/pythia-6.9b,Pythia 6.9B,,,38000,
3,3_tb_1_s_s_ex,True Belief,Explicit,Start,Start,passage_hr,passage,3,The person who put the shirt in the sink was,Cameron,Helen,0.023814115673303604,0.366584450006485,-3.944256709129655,False,EleutherAI/pythia-6.9b,Pythia 6.9B,,,38000,
3,3_tb_1_s_s_ex,True Belief,Explicit,Start,Start,passage_hr,passage,4,The person who moved the shirt to the basket was,Helen,Cameron,0.3915041387081146,0.0336645245552063,3.5397265638878523,True,EleutherAI/pythia-6.9b,Pythia 6.9B,,,38000,
3,3_tb_1_s_s_im,True Belief,Implicit,Start,Start,passage_hr,passage,1,"At the start of the story, Cameron put the shirt in the",sink,basket,0.2264123409986496,0.555251955986023,-1.2941899730461461,False,EleutherAI/pythia-6.9b,Pythia 6.9B,,,38000,
3,3_tb_1_s_s_im,True Belief,Implicit,Start,Start,passage_hr,passage,2,"At the end of the story, the shirt was in the",basket,sink,0.7669340372085571,0.0487343855202198,3.976090540098593,True,EleutherAI/pythia-6.9b,Pythia 6.9B,,,38000,
3,3_tb_1_s_s_im,True Belief,Implicit,Start,Start,passage_hr,passage,3,The person who put the shirt in the sink was,Cameron,Helen,0.023814115673303604,0.366584450006485,-3.944256709129655,False,EleutherAI/pythia-6.9b,Pythia 6.9B,,,38000,
3,3_tb_1_s_s_im,True Belief,Implicit,Start,Start,passage_hr,passage,4,The person who moved the shirt to the basket was,Helen,Cameron,0.3915041387081146,0.0336645245552063,3.5397265638878523,True,EleutherAI/pythia-6.9b,Pythia 6.9B,,,38000,
3,3_fb_1_e_e_ex,False Belief,Explicit,End,End,passage_hr,passage,1,"At the start of the story, Cameron put the shirt in the",sink,basket,0.3386019766330719,0.5156602263450623,-0.6068303773948904,False,EleutherAI/pythia-6.9b,Pythia 6.9B,,,38000,
3,3_fb_1_e_e_ex,False Belief,Explicit,End,End,passage_hr,passage,2,"At the end of the story, the shirt was in the",basket,sink,0.6873111724853516,0.14106912910938263,2.284561101049139,True,EleutherAI/pythia-6.9b,Pythia 6.9B,,,38000,
3,3_fb_1_e_e_ex,False Belief,Explicit,End,End,passage_hr,passage,3,The person who put the shirt in the sink was,Cameron,Helen,0.04376878961920738,0.3583122789859772,-3.033243090645707,False,EleutherAI/pythia-6.9b,Pythia 6.9B,,,38000,
3,3_fb_1_e_e_ex,False Belief,Explicit,End,End,passage_hr,passage,4,The person who moved the shirt to the basket was,Helen,Cameron,0.3984217345714569,0.059572260826826096,2.7415837340267055,True,EleutherAI/pythia-6.9b,Pythia 6.9B,,,38000,
3,3_fb_1_e_e_im,False Belief,Implicit,End,End,passage_hr,passage,1,"At the start of the story, Cameron put the shirt in the",sink,basket,0.3386019766330719,0.5156602263450623,-0.6068303773948904,False,EleutherAI/pythia-6.9b,Pythia 6.9B,,,38000,
3,3_fb_1_e_e_im,False Belief,Implicit,End,End,passage_hr,passage,2,"At the end of the story, the shirt was in the",basket,sink,0.6873111724853516,0.14106912910938263,2.284561101049139,True,EleutherAI/pythia-6.9b,Pythia 6.9B,,,38000,
3,3_fb_1_e_e_im,False Belief,Implicit,End,End,passage_hr,passage,3,The person who put the shirt in the sink was,Cameron,Helen,0.04376878961920738,0.3583122789859772,-3.033243090645707,False,EleutherAI/pythia-6.9b,Pythia 6.9B,,,38000,
3,3_fb_1_e_e_im,False Belief,Implicit,End,End,passage_hr,passage,4,The person who moved the shirt to the basket was,Helen,Cameron,0.3984217345714569,0.059572260826826096,2.7415837340267055,True,EleutherAI/pythia-6.9b,Pythia 6.9B,,,38000,
3,3_tb_1_e_e_ex,True Belief,Explicit,End,End,passage_hr,passage,1,"At the start of the story, Cameron put the shirt in the",sink,basket,0.43837425112724304,0.3572229743003845,0.2953381925562381,True,EleutherAI/pythia-6.9b,Pythia 6.9B,,,38000,
3,3_tb_1_e_e_ex,True Belief,Explicit,End,End,passage_hr,passage,2,"At the end of the story, the shirt was in the",basket,sink,0.624198853969574,0.15706411004066467,1.9906521534358987,True,EleutherAI/pythia-6.9b,Pythia 6.9B,,,38000,
3,3_tb_1_e_e_ex,True Belief,Explicit,End,End,passage_hr,passage,3,The person who put the shirt in the sink was,Cameron,Helen,0.028665728867053986,0.3545946478843689,-3.62877189372001,False,EleutherAI/pythia-6.9b,Pythia 6.9B,,,38000,
3,3_tb_1_e_e_ex,True Belief,Explicit,End,End,passage_hr,passage,4,The person who moved the shirt to the basket was,Helen,Cameron,0.3716229498386383,0.04316609352827072,3.105869157211681,True,EleutherAI/pythia-6.9b,Pythia 6.9B,,,38000,
3,3_tb_1_e_e_im,True Belief,Implicit,End,End,passage_hr,passage,1,"At the start of the story, Cameron put the shirt in the",sink,basket,0.43837425112724304,0.3572229743003845,0.2953381925562381,True,EleutherAI/pythia-6.9b,Pythia 6.9B,,,38000,
3,3_tb_1_e_e_im,True Belief,Implicit,End,End,passage_hr,passage,2,"At the end of the story, the shirt was in the",basket,sink,0.624198853969574,0.15706411004066467,1.9906521534358987,True,EleutherAI/pythia-6.9b,Pythia 6.9B,,,38000,
3,3_tb_1_e_e_im,True Belief,Implicit,End,End,passage_hr,passage,3,The person who put the shirt in the sink was,Cameron,Helen,0.028665728867053986,0.3545946478843689,-3.62877189372001,False,EleutherAI/pythia-6.9b,Pythia 6.9B,,,38000,
3,3_tb_1_e_e_im,True Belief,Implicit,End,End,passage_hr,passage,4,The person who moved the shirt to the basket was,Helen,Cameron,0.3716229498386383,0.04316609352827072,3.105869157211681,True,EleutherAI/pythia-6.9b,Pythia 6.9B,,,38000,
3,3_fb_1_e_s_ex,False Belief,Explicit,End,Start,passage_hr,passage,1,"At the start of the story, Cameron put the shirt in the",sink,basket,0.2077006846666336,0.6547685861587524,-1.6564791353681683,False,EleutherAI/pythia-6.9b,Pythia 6.9B,,,38000,
3,3_fb_1_e_s_ex,False Belief,Explicit,End,Start,passage_hr,passage,2,"At the end of the story, the shirt was in the",basket,sink,0.7541676163673401,0.08597488701343536,3.1328979832023034,True,EleutherAI/pythia-6.9b,Pythia 6.9B,,,38000,
3,3_fb_1_e_s_ex,False Belief,Explicit,End,Start,passage_hr,passage,3,The person who put the shirt in the sink was,Cameron,Helen,0.040086083114147186,0.35618922114372253,-3.151470497769514,False,EleutherAI/pythia-6.9b,Pythia 6.9B,,,38000,
3,3_fb_1_e_s_ex,False Belief,Explicit,End,Start,passage_hr,passage,4,The person who moved the shirt to the basket was,Helen,Cameron,0.3963086009025574,0.04268193244934082,3.214926876178319,True,EleutherAI/pythia-6.9b,Pythia 6.9B,,,38000,
3,3_fb_1_e_s_im,False Belief,Implicit,End,Start,passage_hr,passage,1,"At the start of the story, Cameron put the shirt in the",sink,basket,0.2077006846666336,0.6547685861587524,-1.6564791353681683,False,EleutherAI/pythia-6.9b,Pythia 6.9B,,,38000,
3,3_fb_1_e_s_im,False Belief,Implicit,End,Start,passage_hr,passage,2,"At the end of the story, the shirt was in the",basket,sink,0.7541676163673401,0.08597488701343536,3.1328979832023034,True,EleutherAI/pythia-6.9b,Pythia 6.9B,,,38000,
3,3_fb_1_e_s_im,False Belief,Implicit,End,Start,passage_hr,passage,3,The person who put the shirt in the sink was,Cameron,Helen,0.040086083114147186,0.35618922114372253,-3.151470497769514,False,EleutherAI/pythia-6.9b,Pythia 6.9B,,,38000,
3,3_fb_1_e_s_im,False Belief,Implicit,End,Start,passage_hr,passage,4,The person who moved the shirt to the basket was,Helen,Cameron,0.3963086009025574,0.04268193244934082,3.214926876178319,True,EleutherAI/pythia-6.9b,Pythia 6.9B,,,38000,
3,3_tb_1_e_s_ex,True Belief,Explicit,End,Start,passage_hr,passage,1,"At the start of the story, Cameron put the shirt in the",sink,basket,0.27292537689208984,0.5043066143989563,-0.8857946033901709,False,EleutherAI/pythia-6.9b,Pythia 6.9B,,,38000,
3,3_tb_1_e_s_ex,True Belief,Explicit,End,Start,passage_hr,passage,2,"At the end of the story, the shirt was in the",basket,sink,0.7209199666976929,0.07626944035291672,3.240662088065971,True,EleutherAI/pythia-6.9b,Pythia 6.9B,,,38000,
3,3_tb_1_e_s_ex,True Belief,Explicit,End,Start,passage_hr,passage,3,The person who put the shirt in the sink was,Cameron,Helen,0.02595260553061962,0.3548290431499481,-3.7731728092780514,False,EleutherAI/pythia-6.9b,Pythia 6.9B,,,38000,
3,3_tb_1_e_s_ex,True Belief,Explicit,End,Start,passage_hr,passage,4,The person who moved the shirt to the basket was,Helen,Cameron,0.3608883023262024,0.03498111292719841,3.366904286541549,True,EleutherAI/pythia-6.9b,Pythia 6.9B,,,38000,
3,3_tb_1_e_s_im,True Belief,Implicit,End,Start,passage_hr,passage,1,"At the start of the story, Cameron put the shirt in the",sink,basket,0.27292537689208984,0.5043066143989563,-0.8857946033901709,False,EleutherAI/pythia-6.9b,Pythia 6.9B,,,38000,
3,3_tb_1_e_s_im,True Belief,Implicit,End,Start,passage_hr,passage,2,"At the end of the story, the shirt was in the",basket,sink,0.7209199666976929,0.07626944035291672,3.240662088065971,True,EleutherAI/pythia-6.9b,Pythia 6.9B,,,38000,
3,3_tb_1_e_s_im,True Belief,Implicit,End,Start,passage_hr,passage,3,The person who put the shirt in the sink was,Cameron,Helen,0.02595260553061962,0.3548290431499481,-3.7731728092780514,False,EleutherAI/pythia-6.9b,Pythia 6.9B,,,38000,
3,3_tb_1_e_s_im,True Belief,Implicit,End,Start,passage_hr,passage,4,The person who moved the shirt to the basket was,Helen,Cameron,0.3608883023262024,0.03498111292719841,3.366904286541549,True,EleutherAI/pythia-6.9b,Pythia 6.9B,,,38000,
4,4_fb_1_s_e_ex,False Belief,Explicit,Start,End,passage_hr,passage,1,"At the start of the story, Paula put the football in the",shed,garage,0.6279386281967163,0.18075579404830933,1.796581670819055,True,EleutherAI/pythia-6.9b,Pythia 6.9B,,,38000,
4,4_fb_1_s_e_ex,False Belief,Explicit,Start,End,passage_hr,passage,2,"At the end of the story, the football was in the",garage,shed,0.36962419748306274,0.3073614537715912,0.26612295815887493,True,EleutherAI/pythia-6.9b,Pythia 6.9B,,,38000,
4,4_fb_1_s_e_ex,False Belief,Explicit,Start,End,passage_hr,passage,3,The person who put the football in the shed was,Paula,Tim,0.014888308010995388,0.1029578447341919,-2.789802045793217,False,EleutherAI/pythia-6.9b,Pythia 6.9B,,,38000,
4,4_fb_1_s_e_ex,False Belief,Explicit,Start,End,passage_hr,passage,4,The person who moved the football to the garage was,Tim,Paula,0.11162127554416656,0.017914244905114174,2.6394328983050186,True,EleutherAI/pythia-6.9b,Pythia 6.9B,,,38000,
4,4_fb_1_s_e_im,False Belief,Implicit,Start,End,passage_hr,passage,1,"At the start of the story, Paula put the football in the",shed,garage,0.6279386281967163,0.18075579404830933,1.796581670819055,True,EleutherAI/pythia-6.9b,Pythia 6.9B,,,38000,
4,4_fb_1_s_e_im,False Belief,Implicit,Start,End,passage_hr,passage,2,"At the end of the story, the football was in the",garage,shed,0.36962419748306274,0.3073614537715912,0.26612295815887493,True,EleutherAI/pythia-6.9b,Pythia 6.9B,,,38000,
4,4_fb_1_s_e_im,False Belief,Implicit,Start,End,passage_hr,passage,3,The person who put the football in the shed was,Paula,Tim,0.014888308010995388,0.1029578447341919,-2.789802045793217,False,EleutherAI/pythia-6.9b,Pythia 6.9B,,,38000,
4,4_fb_1_s_e_im,False Belief,Implicit,Start,End,passage_hr,passage,4,The person who moved the football to the garage was,Tim,Paula,0.11162127554416656,0.017914244905114174,2.6394328983050186,True,EleutherAI/pythia-6.9b,Pythia 6.9B,,,38000,
4,4_tb_1_s_e_ex,True Belief,Explicit,Start,End,passage_hr,passage,1,"At the start of the story, Paula put the football in the",shed,garage,0.6614460945129395,0.17876502871513367,1.8875590529465376,True,EleutherAI/pythia-6.9b,Pythia 6.9B,,,38000,
4,4_tb_1_s_e_ex,True Belief,Explicit,Start,End,passage_hr,passage,2,"At the end of the story, the football was in the",garage,shed,0.44458192586898804,0.3134298622608185,0.5043066577260413,True,EleutherAI/pythia-6.9b,Pythia 6.9B,,,38000,
4,4_tb_1_s_e_ex,True Belief,Explicit,Start,End,passage_hr,passage,3,The person who put the football in the shed was,Paula,Tim,0.012656787410378456,0.12380804866552353,-3.2901219395978,False,EleutherAI/pythia-6.9b,Pythia 6.9B,,,38000,
4,4_tb_1_s_e_ex,True Belief,Explicit,Start,End,passage_hr,passage,4,The person who moved the football to the garage was,Tim,Paula,0.12159974873065948,0.01161395013332367,3.3882095978544764,True,EleutherAI/pythia-6.9b,Pythia 6.9B,,,38000,
4,4_tb_1_s_e_im,True Belief,Implicit,Start,End,passage_hr,passage,1,"At the start of the story, Paula put the football in the",shed,garage,0.6614460945129395,0.17876502871513367,1.8875590529465376,True,EleutherAI/pythia-6.9b,Pythia 6.9B,,,38000,
4,4_tb_1_s_e_im,True Belief,Implicit,Start,End,passage_hr,passage,2,"At the end of the story, the football was in the",garage,shed,0.44458192586898804,0.3134298622608185,0.5043066577260413,True,EleutherAI/pythia-6.9b,Pythia 6.9B,,,38000,
4,4_tb_1_s_e_im,True Belief,Implicit,Start,End,passage_hr,passage,3,The person who put the football in the shed was,Paula,Tim,0.012656787410378456,0.12380804866552353,-3.2901219395978,False,EleutherAI/pythia-6.9b,Pythia 6.9B,,,38000,
4,4_tb_1_s_e_im,True Belief,Implicit,Start,End,passage_hr,passage,4,The person who moved the football to the garage was,Tim,Paula,0.12159974873065948,0.01161395013332367,3.3882095978544764,True,EleutherAI/pythia-6.9b,Pythia 6.9B,,,38000,
4,4_fb_1_s_s_ex,False Belief,Explicit,Start,Start,passage_hr,passage,1,"At the start of the story, Paula put the football in the",shed,garage,0.4990682005882263,0.31213319301605225,0.6770751965736962,True,EleutherAI/pythia-6.9b,Pythia 6.9B,,,38000,
4,4_fb_1_s_s_ex,False Belief,Explicit,Start,Start,passage_hr,passage,2,"At the end of the story, the football was in the",garage,shed,0.5847864747047424,0.2275746762752533,1.3615699157031327,True,EleutherAI/pythia-6.9b,Pythia 6.9B,,,38000,
4,4_fb_1_s_s_ex,False Belief,Explicit,Start,Start,passage_hr,passage,3,The person who put the football in the shed was,Paula,Tim,0.010362038388848305,0.09917838871479034,-3.258717953489518,False,EleutherAI/pythia-6.9b,Pythia 6.9B,,,38000,
4,4_fb_1_s_s_ex,False Belief,Explicit,Start,Start,passage_hr,passage,4,The person who moved the football to the garage was,Tim,Paula,0.10388994961977005,0.01321577001363039,2.974723702933593,True,EleutherAI/pythia-6.9b,Pythia 6.9B,,,38000,
4,4_fb_1_s_s_im,False Belief,Implicit,Start,Start,passage_hr,passage,1,"At the start of the story, Paula put the football in the",shed,garage,0.4990682005882263,0.31213319301605225,0.6770751965736962,True,EleutherAI/pythia-6.9b,Pythia 6.9B,,,38000,
4,4_fb_1_s_s_im,False Belief,Implicit,Start,Start,passage_hr,passage,2,"At the end of the story, the football was in the",garage,shed,0.5847864747047424,0.2275746762752533,1.3615699157031327,True,EleutherAI/pythia-6.9b,Pythia 6.9B,,,38000,
4,4_fb_1_s_s_im,False Belief,Implicit,Start,Start,passage_hr,passage,3,The person who put the football in the shed was,Paula,Tim,0.010362038388848305,0.09917838871479034,-3.258717953489518,False,EleutherAI/pythia-6.9b,Pythia 6.9B,,,38000,
4,4_fb_1_s_s_im,False Belief,Implicit,Start,Start,passage_hr,passage,4,The person who moved the football to the garage was,Tim,Paula,0.10388994961977005,0.01321577001363039,2.974723702933593,True,EleutherAI/pythia-6.9b,Pythia 6.9B,,,38000,
4,4_tb_1_s_s_ex,True Belief,Explicit,Start,Start,passage_hr,passage,1,"At the start of the story, Paula put the football in the",shed,garage,0.5590779781341553,0.2682667076587677,1.0593814940141317,True,EleutherAI/pythia-6.9b,Pythia 6.9B,,,38000,
4,4_tb_1_s_s_ex,True Belief,Explicit,Start,Start,passage_hr,passage,2,"At the end of the story, the football was in the",garage,shed,0.6297385692596436,0.21393635869026184,1.5575713392725667,True,EleutherAI/pythia-6.9b,Pythia 6.9B,,,38000,
4,4_tb_1_s_s_ex,True Belief,Explicit,Start,Start,passage_hr,passage,3,The person who put the football in the shed was,Paula,Tim,0.009229143150150776,0.11265529692173004,-3.6095746270460705,False,EleutherAI/pythia-6.9b,Pythia 6.9B,,,38000,
4,4_tb_1_s_s_ex,True Belief,Explicit,Start,Start,passage_hr,passage,4,The person who moved the football to the garage was,Tim,Paula,0.09896448254585266,0.008496149443089962,3.5420298001575374,True,EleutherAI/pythia-6.9b,Pythia 6.9B,,,38000,
4,4_tb_1_s_s_im,True Belief,Implicit,Start,Start,passage_hr,passage,1,"At the start of the story, Paula put the football in the",shed,garage,0.5590779781341553,0.2682667076587677,1.0593814940141317,True,EleutherAI/pythia-6.9b,Pythia 6.9B,,,38000,
4,4_tb_1_s_s_im,True Belief,Implicit,Start,Start,passage_hr,passage,2,"At the end of the story, the football was in the",garage,shed,0.6297385692596436,0.21393635869026184,1.5575713392725667,True,EleutherAI/pythia-6.9b,Pythia 6.9B,,,38000,
4,4_tb_1_s_s_im,True Belief,Implicit,Start,Start,passage_hr,passage,3,The person who put the football in the shed was,Paula,Tim,0.009229143150150776,0.11265529692173004,-3.6095746270460705,False,EleutherAI/pythia-6.9b,Pythia 6.9B,,,38000,
4,4_tb_1_s_s_im,True Belief,Implicit,Start,Start,passage_hr,passage,4,The person who moved the football to the garage was,Tim,Paula,0.09896448254585266,0.008496149443089962,3.5420298001575374,True,EleutherAI/pythia-6.9b,Pythia 6.9B,,,38000,
4,4_fb_1_e_e_ex,False Belief,Explicit,End,End,passage_hr,passage,1,"At the start of the story, Paula put the football in the",shed,garage,0.6386240720748901,0.18062862753868103,1.8219403730400825,True,EleutherAI/pythia-6.9b,Pythia 6.9B,,,38000,
4,4_fb_1_e_e_ex,False Belief,Explicit,End,End,passage_hr,passage,2,"At the end of the story, the football was in the",garage,shed,0.3322215676307678,0.35495367646217346,-0.09548502147003034,False,EleutherAI/pythia-6.9b,Pythia 6.9B,,,38000,
4,4_fb_1_e_e_ex,False Belief,Explicit,End,End,passage_hr,passage,3,The person who put the football in the shed was,Paula,Tim,0.015195691958069801,0.09838956594467163,-2.6948429566002803,False,EleutherAI/pythia-6.9b,Pythia 6.9B,,,38000,
4,4_fb_1_e_e_ex,False Belief,Explicit,End,End,passage_hr,passage,4,The person who moved the football to the garage was,Tim,Paula,0.10420116782188416,0.019085774198174477,2.448801831987171,True,EleutherAI/pythia-6.9b,Pythia 6.9B,,,38000,
4,4_fb_1_e_e_im,False Belief,Implicit,End,End,passage_hr,passage,1,"At the start of the story, Paula put the football in the",shed,garage,0.6386240720748901,0.18062862753868103,1.8219403730400825,True,EleutherAI/pythia-6.9b,Pythia 6.9B,,,38000,
4,4_fb_1_e_e_im,False Belief,Implicit,End,End,passage_hr,passage,2,"At the end of the story, the football was in the",garage,shed,0.3322215676307678,0.35495367646217346,-0.09548502147003034,False,EleutherAI/pythia-6.9b,Pythia 6.9B,,,38000,
4,4_fb_1_e_e_im,False Belief,Implicit,End,End,passage_hr,passage,3,The person who put the football in the shed was,Paula,Tim,0.015195691958069801,0.09838956594467163,-2.6948429566002803,False,EleutherAI/pythia-6.9b,Pythia 6.9B,,,38000,
4,4_fb_1_e_e_im,False Belief,Implicit,End,End,passage_hr,passage,4,The person who moved the football to the garage was,Tim,Paula,0.10420116782188416,0.019085774198174477,2.448801831987171,True,EleutherAI/pythia-6.9b,Pythia 6.9B,,,38000,
4,4_tb_1_e_e_ex,True Belief,Explicit,End,End,passage_hr,passage,1,"At the start of the story, Paula put the football in the",shed,garage,0.7209123373031616,0.14183981716632843,2.3455612572068096,True,EleutherAI/pythia-6.9b,Pythia 6.9B,,,38000,
4,4_tb_1_e_e_ex,True Belief,Explicit,End,End,passage_hr,passage,2,"At the end of the story, the football was in the",garage,shed,0.3290312588214874,0.4319646656513214,-0.39268865573070466,False,EleutherAI/pythia-6.9b,Pythia 6.9B,,,38000,
4,4_tb_1_e_e_ex,True Belief,Explicit,End,End,passage_hr,passage,3,The person who put the football in the shed was,Paula,Tim,0.014942566864192486,0.11052658408880234,-2.886893507845446,False,EleutherAI/pythia-6.9b,Pythia 6.9B,,,38000,
4,4_tb_1_e_e_ex,True Belief,Explicit,End,End,passage_hr,passage,4,The person who moved the football to the garage was,Tim,Paula,0.10292083770036697,0.013624586164951324,2.917250789664257,True,EleutherAI/pythia-6.9b,Pythia 6.9B,,,38000,
4,4_tb_1_e_e_im,True Belief,Implicit,End,End,passage_hr,passage,1,"At the start of the story, Paula put the football in the",shed,garage,0.7209123373031616,0.14183981716632843,2.3455612572068096,True,EleutherAI/pythia-6.9b,Pythia 6.9B,,,38000,
4,4_tb_1_e_e_im,True Belief,Implicit,End,End,passage_hr,passage,2,"At the end of the story, the football was in the",garage,shed,0.3290312588214874,0.4319646656513214,-0.39268865573070466,False,EleutherAI/pythia-6.9b,Pythia 6.9B,,,38000,
4,4_tb_1_e_e_im,True Belief,Implicit,End,End,passage_hr,passage,3,The person who put the football in the shed was,Paula,Tim,0.014942566864192486,0.11052658408880234,-2.886893507845446,False,EleutherAI/pythia-6.9b,Pythia 6.9B,,,38000,
4,4_tb_1_e_e_im,True Belief,Implicit,End,End,passage_hr,passage,4,The person who moved the football to the garage was,Tim,Paula,0.10292083770036697,0.013624586164951324,2.917250789664257,True,EleutherAI/pythia-6.9b,Pythia 6.9B,,,38000,
4,4_fb_1_e_s_ex,False Belief,Explicit,End,Start,passage_hr,passage,1,"At the start of the story, Paula put the football in the",shed,garage,0.6107667684555054,0.22216129302978516,1.4590140887729106,True,EleutherAI/pythia-6.9b,Pythia 6.9B,,,38000,
4,4_fb_1_e_s_ex,False Belief,Explicit,End,Start,passage_hr,passage,2,"At the end of the story, the football was in the",garage,shed,0.46547067165374756,0.3455164134502411,0.4299360232234708,True,EleutherAI/pythia-6.9b,Pythia 6.9B,,,38000,
4,4_fb_1_e_s_ex,False Belief,Explicit,End,Start,passage_hr,passage,3,The person who put the football in the shed was,Paula,Tim,0.01115315780043602,0.09341541677713394,-3.0662084250842736,False,EleutherAI/pythia-6.9b,Pythia 6.9B,,,38000,
4,4_fb_1_e_s_ex,False Belief,Explicit,End,Start,passage_hr,passage,4,The person who moved the football to the garage was,Tim,Paula,0.09442690014839172,0.014871754683554173,2.6666230326000386,True,EleutherAI/pythia-6.9b,Pythia 6.9B,,,38000,
4,4_fb_1_e_s_im,False Belief,Implicit,End,Start,passage_hr,passage,1,"At the start of the story, Paula put the football in the",shed,garage,0.6107667684555054,0.22216129302978516,1.4590140887729106,True,EleutherAI/pythia-6.9b,Pythia 6.9B,,,38000,
4,4_fb_1_e_s_im,False Belief,Implicit,End,Start,passage_hr,passage,2,"At the end of the story, the football was in the",garage,shed,0.46547067165374756,0.3455164134502411,0.4299360232234708,True,EleutherAI/pythia-6.9b,Pythia 6.9B,,,38000,
4,4_fb_1_e_s_im,False Belief,Implicit,End,Start,passage_hr,passage,3,The person who put the football in the shed was,Paula,Tim,0.01115315780043602,0.09341541677713394,-3.0662084250842736,False,EleutherAI/pythia-6.9b,Pythia 6.9B,,,38000,
4,4_fb_1_e_s_im,False Belief,Implicit,End,Start,passage_hr,passage,4,The person who moved the football to the garage was,Tim,Paula,0.09442690014839172,0.014871754683554173,2.6666230326000386,True,EleutherAI/pythia-6.9b,Pythia 6.9B,,,38000,
4,4_tb_1_e_s_ex,True Belief,Explicit,End,Start,passage_hr,passage,1,"At the start of the story, Paula put the football in the",shed,garage,0.6571398377418518,0.19909194111824036,1.722765580620753,True,EleutherAI/pythia-6.9b,Pythia 6.9B,,,38000,
4,4_tb_1_e_s_ex,True Belief,Explicit,End,Start,passage_hr,passage,2,"At the end of the story, the football was in the",garage,shed,0.5357246994972229,0.30521267652511597,0.8116769293329335,True,EleutherAI/pythia-6.9b,Pythia 6.9B,,,38000,
4,4_tb_1_e_s_ex,True Belief,Explicit,End,Start,passage_hr,passage,3,The person who put the football in the shed was,Paula,Tim,0.011236254125833511,0.09518129378557205,-3.0825169061783555,False,EleutherAI/pythia-6.9b,Pythia 6.9B,,,38000,
4,4_tb_1_e_s_ex,True Belief,Explicit,End,Start,passage_hr,passage,4,The person who moved the football to the garage was,Tim,Paula,0.0825645849108696,0.009711303748190403,3.0877861911697027,True,EleutherAI/pythia-6.9b,Pythia 6.9B,,,38000,
4,4_tb_1_e_s_im,True Belief,Implicit,End,Start,passage_hr,passage,1,"At the start of the story, Paula put the football in the",shed,garage,0.6571398377418518,0.19909194111824036,1.722765580620753,True,EleutherAI/pythia-6.9b,Pythia 6.9B,,,38000,
4,4_tb_1_e_s_im,True Belief,Implicit,End,Start,passage_hr,passage,2,"At the end of the story, the football was in the",garage,shed,0.5357246994972229,0.30521267652511597,0.8116769293329335,True,EleutherAI/pythia-6.9b,Pythia 6.9B,,,38000,
4,4_tb_1_e_s_im,True Belief,Implicit,End,Start,passage_hr,passage,3,The person who put the football in the shed was,Paula,Tim,0.011236254125833511,0.09518129378557205,-3.0825169061783555,False,EleutherAI/pythia-6.9b,Pythia 6.9B,,,38000,
4,4_tb_1_e_s_im,True Belief,Implicit,End,Start,passage_hr,passage,4,The person who moved the football to the garage was,Tim,Paula,0.0825645849108696,0.009711303748190403,3.0877861911697027,True,EleutherAI/pythia-6.9b,Pythia 6.9B,,,38000,
5,5_fb_1_s_e_ex,False Belief,Explicit,Start,End,passage_hr,passage,1,"At the start of the story, Ed put the keys in the",hall,study,0.4835485517978668,0.11788257211446762,2.0363103095640827,True,EleutherAI/pythia-6.9b,Pythia 6.9B,,,38000,
5,5_fb_1_s_e_ex,False Belief,Explicit,Start,End,passage_hr,passage,2,"At the end of the story, the keys were in the",study,hall,0.29620397090911865,0.24731500446796417,0.2602412116064298,True,EleutherAI/pythia-6.9b,Pythia 6.9B,,,38000,
5,5_fb_1_s_e_ex,False Belief,Explicit,Start,End,passage_hr,passage,3,The person who put the keys in the hall was,Ed,Seana,0.07054286450147629,0.1612291783094406,-1.192540793049844,False,EleutherAI/pythia-6.9b,Pythia 6.9B,,,38000,
5,5_fb_1_s_e_ex,False Belief,Explicit,Start,End,passage_hr,passage,4,The person who moved the keys to the study was,Seana,Ed,0.2964862585067749,0.05964994803071022,2.3133724544402567,True,EleutherAI/pythia-6.9b,Pythia 6.9B,,,38000,
5,5_fb_1_s_e_im,False Belief,Implicit,Start,End,passage_hr,passage,1,"At the start of the story, Ed put the keys in the",hall,study,0.4835485517978668,0.11788257211446762,2.0363103095640827,True,EleutherAI/pythia-6.9b,Pythia 6.9B,,,38000,
5,5_fb_1_s_e_im,False Belief,Implicit,Start,End,passage_hr,passage,2,"At the end of the story, the keys were in the",study,hall,0.29620397090911865,0.24731500446796417,0.2602412116064298,True,EleutherAI/pythia-6.9b,Pythia 6.9B,,,38000,
5,5_fb_1_s_e_im,False Belief,Implicit,Start,End,passage_hr,passage,3,The person who put the keys in the hall was,Ed,Seana,0.07054286450147629,0.1612291783094406,-1.192540793049844,False,EleutherAI/pythia-6.9b,Pythia 6.9B,,,38000,
5,5_fb_1_s_e_im,False Belief,Implicit,Start,End,passage_hr,passage,4,The person who moved the keys to the study was,Seana,Ed,0.2964862585067749,0.05964994803071022,2.3133724544402567,True,EleutherAI/pythia-6.9b,Pythia 6.9B,,,38000,
5,5_tb_1_s_e_ex,True Belief,Explicit,Start,End,passage_hr,passage,1,"At the start of the story, Ed put the keys in the",hall,study,0.47488752007484436,0.059190697968006134,3.004143468986543,True,EleutherAI/pythia-6.9b,Pythia 6.9B,,,38000,
5,5_tb_1_s_e_ex,True Belief,Explicit,Start,End,passage_hr,passage,2,"At the end of the story, the keys were in the",study,hall,0.18036913871765137,0.3221723139286041,-0.836880006900378,False,EleutherAI/pythia-6.9b,Pythia 6.9B,,,38000,
5,5_tb_1_s_e_ex,True Belief,Explicit,Start,End,passage_hr,passage,3,The person who put the keys in the hall was,Ed,Seana,0.06767117977142334,0.16844052076339722,-1.3156257953154005,False,EleutherAI/pythia-6.9b,Pythia 6.9B,,,38000,
5,5_tb_1_s_e_ex,True Belief,Explicit,Start,End,passage_hr,passage,4,The person who moved the keys to the study was,Seana,Ed,0.29614681005477905,0.06200999766588211,2.2557398059349905,True,EleutherAI/pythia-6.9b,Pythia 6.9B,,,38000,
5,5_tb_1_s_e_im,True Belief,Implicit,Start,End,passage_hr,passage,1,"At the start of the story, Ed put the keys in the",hall,study,0.47488752007484436,0.059190697968006134,3.004143468986543,True,EleutherAI/pythia-6.9b,Pythia 6.9B,,,38000,
5,5_tb_1_s_e_im,True Belief,Implicit,Start,End,passage_hr,passage,2,"At the end of the story, the keys were in the",study,hall,0.18036913871765137,0.3221723139286041,-0.836880006900378,False,EleutherAI/pythia-6.9b,Pythia 6.9B,,,38000,
5,5_tb_1_s_e_im,True Belief,Implicit,Start,End,passage_hr,passage,3,The person who put the keys in the hall was,Ed,Seana,0.06767117977142334,0.16844052076339722,-1.3156257953154005,False,EleutherAI/pythia-6.9b,Pythia 6.9B,,,38000,
5,5_tb_1_s_e_im,True Belief,Implicit,Start,End,passage_hr,passage,4,The person who moved the keys to the study was,Seana,Ed,0.29614681005477905,0.06200999766588211,2.2557398059349905,True,EleutherAI/pythia-6.9b,Pythia 6.9B,,,38000,
5,5_fb_1_s_s_ex,False Belief,Explicit,Start,Start,passage_hr,passage,1,"At the start of the story, Ed put the keys in the",hall,study,0.43730178475379944,0.19266660511493683,1.1825227053795735,True,EleutherAI/pythia-6.9b,Pythia 6.9B,,,38000,
5,5_fb_1_s_s_ex,False Belief,Explicit,Start,Start,passage_hr,passage,2,"At the end of the story, the keys were in the",study,hall,0.445344477891922,0.20114389061927795,1.1466937858828605,True,EleutherAI/pythia-6.9b,Pythia 6.9B,,,38000,
5,5_fb_1_s_s_ex,False Belief,Explicit,Start,Start,passage_hr,passage,3,The person who put the keys in the hall was,Ed,Seana,0.06912238150835037,0.17709437012672424,-1.357293519819326,False,EleutherAI/pythia-6.9b,Pythia 6.9B,,,38000,
5,5_fb_1_s_s_ex,False Belief,Explicit,Start,Start,passage_hr,passage,4,The person who moved the keys to the study was,Seana,Ed,0.2997305691242218,0.05653059855103493,2.4065623523428648,True,EleutherAI/pythia-6.9b,Pythia 6.9B,,,38000,
5,5_fb_1_s_s_im,False Belief,Implicit,Start,Start,passage_hr,passage,1,"At the start of the story, Ed put the keys in the",hall,study,0.43730178475379944,0.19266660511493683,1.1825227053795735,True,EleutherAI/pythia-6.9b,Pythia 6.9B,,,38000,
5,5_fb_1_s_s_im,False Belief,Implicit,Start,Start,passage_hr,passage,2,"At the end of the story, the keys were in the",study,hall,0.445344477891922,0.20114389061927795,1.1466937858828605,True,EleutherAI/pythia-6.9b,Pythia 6.9B,,,38000,
5,5_fb_1_s_s_im,False Belief,Implicit,Start,Start,passage_hr,passage,3,The person who put the keys in the hall was,Ed,Seana,0.06912238150835037,0.17709437012672424,-1.357293519819326,False,EleutherAI/pythia-6.9b,Pythia 6.9B,,,38000,
5,5_fb_1_s_s_im,False Belief,Implicit,Start,Start,passage_hr,passage,4,The person who moved the keys to the study was,Seana,Ed,0.2997305691242218,0.05653059855103493,2.4065623523428648,True,EleutherAI/pythia-6.9b,Pythia 6.9B,,,38000,
5,5_tb_1_s_s_ex,True Belief,Explicit,Start,Start,passage_hr,passage,1,"At the start of the story, Ed put the keys in the",hall,study,0.4184340536594391,0.11251576989889145,1.8948730482860223,True,EleutherAI/pythia-6.9b,Pythia 6.9B,,,38000,
5,5_tb_1_s_s_ex,True Belief,Explicit,Start,Start,passage_hr,passage,2,"At the end of the story, the keys were in the",study,hall,0.3050234019756317,0.24568714201450348,0.31209757669896815,True,EleutherAI/pythia-6.9b,Pythia 6.9B,,,38000,
5,5_tb_1_s_s_ex,True Belief,Explicit,Start,Start,passage_hr,passage,3,The person who put the keys in the hall was,Ed,Seana,0.06799396127462387,0.17075446248054504,-1.3284447546965001,False,EleutherAI/pythia-6.9b,Pythia 6.9B,,,38000,
5,5_tb_1_s_s_ex,True Belief,Explicit,Start,Start,passage_hr,passage,4,The person who moved the keys to the study was,Seana,Ed,0.2930997610092163,0.06111466884613037,2.2618011868449885,True,EleutherAI/pythia-6.9b,Pythia 6.9B,,,38000,
5,5_tb_1_s_s_im,True Belief,Implicit,Start,Start,passage_hr,passage,1,"At the start of the story, Ed put the keys in the",hall,study,0.4184340536594391,0.11251576989889145,1.8948730482860223,True,EleutherAI/pythia-6.9b,Pythia 6.9B,,,38000,
5,5_tb_1_s_s_im,True Belief,Implicit,Start,Start,passage_hr,passage,2,"At the end of the story, the keys were in the",study,hall,0.3050234019756317,0.24568714201450348,0.31209757669896815,True,EleutherAI/pythia-6.9b,Pythia 6.9B,,,38000,
5,5_tb_1_s_s_im,True Belief,Implicit,Start,Start,passage_hr,passage,3,The person who put the keys in the hall was,Ed,Seana,0.06799396127462387,0.17075446248054504,-1.3284447546965001,False,EleutherAI/pythia-6.9b,Pythia 6.9B,,,38000,
5,5_tb_1_s_s_im,True Belief,Implicit,Start,Start,passage_hr,passage,4,The person who moved the keys to the study was,Seana,Ed,0.2930997610092163,0.06111466884613037,2.2618011868449885,True,EleutherAI/pythia-6.9b,Pythia 6.9B,,,38000,
5,5_fb_1_e_e_ex,False Belief,Explicit,End,End,passage_hr,passage,1,"At the start of the story, Ed put the keys in the",hall,study,0.393475741147995,0.22369150817394257,0.8147642028614266,True,EleutherAI/pythia-6.9b,Pythia 6.9B,,,38000,
5,5_fb_1_e_e_ex,False Belief,Explicit,End,End,passage_hr,passage,2,"At the end of the story, the keys were in the",study,hall,0.390644907951355,0.2464640736579895,0.664480444288909,True,EleutherAI/pythia-6.9b,Pythia 6.9B,,,38000,
5,5_fb_1_e_e_ex,False Belief,Explicit,End,End,passage_hr,passage,3,The person who put the keys in the hall was,Ed,Seana,0.057953931391239166,0.17567117512226105,-1.5998990501623866,False,EleutherAI/pythia-6.9b,Pythia 6.9B,,,38000,
5,5_fb_1_e_e_ex,False Belief,Explicit,End,End,passage_hr,passage,4,The person who moved the keys to the study was,Seana,Ed,0.3043014407157898,0.05489383637905121,2.4707850903794464,True,EleutherAI/pythia-6.9b,Pythia 6.9B,,,38000,
5,5_fb_1_e_e_im,False Belief,Implicit,End,End,passage_hr,passage,1,"At the start of the story, Ed put the keys in the",hall,study,0.393475741147995,0.22369150817394257,0.8147642028614266,True,EleutherAI/pythia-6.9b,Pythia 6.9B,,,38000,
5,5_fb_1_e_e_im,False Belief,Implicit,End,End,passage_hr,passage,2,"At the end of the story, the keys were in the",study,hall,0.390644907951355,0.2464640736579895,0.664480444288909,True,EleutherAI/pythia-6.9b,Pythia 6.9B,,,38000,
5,5_fb_1_e_e_im,False Belief,Implicit,End,End,passage_hr,passage,3,The person who put the keys in the hall was,Ed,Seana,0.057953931391239166,0.17567117512226105,-1.5998990501623866,False,EleutherAI/pythia-6.9b,Pythia 6.9B,,,38000,
5,5_fb_1_e_e_im,False Belief,Implicit,End,End,passage_hr,passage,4,The person who moved the keys to the study was,Seana,Ed,0.3043014407157898,0.05489383637905121,2.4707850903794464,True,EleutherAI/pythia-6.9b,Pythia 6.9B,,,38000,
5,5_tb_1_e_e_ex,True Belief,Explicit,End,End,passage_hr,passage,1,"At the start of the story, Ed put the keys in the",hall,study,0.3840774595737457,0.14297348260879517,1.4256497044751701,True,EleutherAI/pythia-6.9b,Pythia 6.9B,,,38000,
5,5_tb_1_e_e_ex,True Belief,Explicit,End,End,passage_hr,passage,2,"At the end of the story, the keys were in the",study,hall,0.26397940516471863,0.3158874213695526,-0.2589851106561789,False,EleutherAI/pythia-6.9b,Pythia 6.9B,,,38000,
5,5_tb_1_e_e_ex,True Belief,Explicit,End,End,passage_hr,passage,3,The person who put the keys in the hall was,Ed,Seana,0.059110529720783234,0.16042444109916687,-1.4404069025302881,False,EleutherAI/pythia-6.9b,Pythia 6.9B,,,38000,
5,5_tb_1_e_e_ex,True Belief,Explicit,End,End,passage_hr,passage,4,The person who moved the keys to the study was,Seana,Ed,0.27861955761909485,0.05681177228689194,2.2940347162792314,True,EleutherAI/pythia-6.9b,Pythia 6.9B,,,38000,
5,5_tb_1_e_e_im,True Belief,Implicit,End,End,passage_hr,passage,1,"At the start of the story, Ed put the keys in the",hall,study,0.3840774595737457,0.14297348260879517,1.4256497044751701,True,EleutherAI/pythia-6.9b,Pythia 6.9B,,,38000,
5,5_tb_1_e_e_im,True Belief,Implicit,End,End,passage_hr,passage,2,"At the end of the story, the keys were in the",study,hall,0.26397940516471863,0.3158874213695526,-0.2589851106561789,False,EleutherAI/pythia-6.9b,Pythia 6.9B,,,38000,
5,5_tb_1_e_e_im,True Belief,Implicit,End,End,passage_hr,passage,3,The person who put the keys in the hall was,Ed,Seana,0.059110529720783234,0.16042444109916687,-1.4404069025302881,False,EleutherAI/pythia-6.9b,Pythia 6.9B,,,38000,
5,5_tb_1_e_e_im,True Belief,Implicit,End,End,passage_hr,passage,4,The person who moved the keys to the study was,Seana,Ed,0.27861955761909485,0.05681177228689194,2.2940347162792314,True,EleutherAI/pythia-6.9b,Pythia 6.9B,,,38000,
5,5_fb_1_e_s_ex,False Belief,Explicit,End,Start,passage_hr,passage,1,"At the start of the story, Ed put the keys in the",hall,study,0.3401532769203186,0.28986483812332153,0.23080464883287724,True,EleutherAI/pythia-6.9b,Pythia 6.9B,,,38000,
5,5_fb_1_e_s_ex,False Belief,Explicit,End,Start,passage_hr,passage,2,"At the end of the story, the keys were in the",study,hall,0.5110533237457275,0.18382608890533447,1.4751323002193628,True,EleutherAI/pythia-6.9b,Pythia 6.9B,,,38000,
5,5_fb_1_e_s_ex,False Belief,Explicit,End,Start,passage_hr,passage,3,The person who put the keys in the hall was,Ed,Seana,0.061276234686374664,0.20106595754623413,-1.71426928568809,False,EleutherAI/pythia-6.9b,Pythia 6.9B,,,38000,
5,5_fb_1_e_s_ex,False Belief,Explicit,End,Start,passage_hr,passage,4,The person who moved the keys to the study was,Seana,Ed,0.30969563126564026,0.054535817354917526,2.5055750701498964,True,EleutherAI/pythia-6.9b,Pythia 6.9B,,,38000,
5,5_fb_1_e_s_im,False Belief,Implicit,End,Start,passage_hr,passage,1,"At the start of the story, Ed put the keys in the",hall,study,0.3401532769203186,0.28986483812332153,0.23080464883287724,True,EleutherAI/pythia-6.9b,Pythia 6.9B,,,38000,
5,5_fb_1_e_s_im,False Belief,Implicit,End,Start,passage_hr,passage,2,"At the end of the story, the keys were in the",study,hall,0.5110533237457275,0.18382608890533447,1.4751323002193628,True,EleutherAI/pythia-6.9b,Pythia 6.9B,,,38000,
5,5_fb_1_e_s_im,False Belief,Implicit,End,Start,passage_hr,passage,3,The person who put the keys in the hall was,Ed,Seana,0.061276234686374664,0.20106595754623413,-1.71426928568809,False,EleutherAI/pythia-6.9b,Pythia 6.9B,,,38000,
5,5_fb_1_e_s_im,False Belief,Implicit,End,Start,passage_hr,passage,4,The person who moved the keys to the study was,Seana,Ed,0.30969563126564026,0.054535817354917526,2.5055750701498964,True,EleutherAI/pythia-6.9b,Pythia 6.9B,,,38000,
5,5_tb_1_e_s_ex,True Belief,Explicit,End,Start,passage_hr,passage,1,"At the start of the story, Ed put the keys in the",hall,study,0.3166327476501465,0.2101219892501831,0.591583325670414,True,EleutherAI/pythia-6.9b,Pythia 6.9B,,,38000,
5,5_tb_1_e_s_ex,True Belief,Explicit,End,Start,passage_hr,passage,2,"At the end of the story, the keys were in the",study,hall,0.37330949306488037,0.25048333406448364,0.5756575793424054,True,EleutherAI/pythia-6.9b,Pythia 6.9B,,,38000,
5,5_tb_1_e_s_ex,True Belief,Explicit,End,Start,passage_hr,passage,3,The person who put the keys in the hall was,Ed,Seana,0.0630851686000824,0.17536814510822296,-1.4750139412217564,False,EleutherAI/pythia-6.9b,Pythia 6.9B,,,38000,
5,5_tb_1_e_s_ex,True Belief,Explicit,End,Start,passage_hr,passage,4,The person who moved the keys to the study was,Seana,Ed,0.28502658009529114,0.0578344389796257,2.3010957208024068,True,EleutherAI/pythia-6.9b,Pythia 6.9B,,,38000,
5,5_tb_1_e_s_im,True Belief,Implicit,End,Start,passage_hr,passage,1,"At the start of the story, Ed put the keys in the",hall,study,0.3166327476501465,0.2101219892501831,0.591583325670414,True,EleutherAI/pythia-6.9b,Pythia 6.9B,,,38000,
5,5_tb_1_e_s_im,True Belief,Implicit,End,Start,passage_hr,passage,2,"At the end of the story, the keys were in the",study,hall,0.37330949306488037,0.25048333406448364,0.5756575793424054,True,EleutherAI/pythia-6.9b,Pythia 6.9B,,,38000,
5,5_tb_1_e_s_im,True Belief,Implicit,End,Start,passage_hr,passage,3,The person who put the keys in the hall was,Ed,Seana,0.0630851686000824,0.17536814510822296,-1.4750139412217564,False,EleutherAI/pythia-6.9b,Pythia 6.9B,,,38000,
5,5_tb_1_e_s_im,True Belief,Implicit,End,Start,passage_hr,passage,4,The person who moved the keys to the study was,Seana,Ed,0.28502658009529114,0.0578344389796257,2.3010957208024068,True,EleutherAI/pythia-6.9b,Pythia 6.9B,,,38000,
6,6_fb_1_s_e_ex,False Belief,Explicit,Start,End,passage_hr,passage,1,"At the start of the story, Laura put the stapler in the",drawer,cabinet,0.8128477334976196,0.12052027881145477,2.7537092095371367,True,EleutherAI/pythia-6.9b,Pythia 6.9B,,,38000,
6,6_fb_1_s_e_ex,False Belief,Explicit,Start,End,passage_hr,passage,2,"At the end of the story, the stapler was in the",cabinet,drawer,0.336010605096817,0.5744049549102783,-0.773561426372618,False,EleutherAI/pythia-6.9b,Pythia 6.9B,,,38000,
6,6_fb_1_s_e_ex,False Belief,Explicit,Start,End,passage_hr,passage,3,The person who put the stapler in the drawer was,Laura,Ross,0.04368545114994049,0.2505093514919281,-2.5196396653933073,False,EleutherAI/pythia-6.9b,Pythia 6.9B,,,38000,
6,6_fb_1_s_e_ex,False Belief,Explicit,Start,End,passage_hr,passage,4,The person who moved the stapler to the cabinet was,Ross,Laura,0.25294315814971924,0.039661746472120285,2.6729931043092305,True,EleutherAI/pythia-6.9b,Pythia 6.9B,,,38000,
6,6_fb_1_s_e_im,False Belief,Implicit,Start,End,passage_hr,passage,1,"At the start of the story, Laura put the stapler in the",drawer,cabinet,0.8128477334976196,0.12052027881145477,2.7537092095371367,True,EleutherAI/pythia-6.9b,Pythia 6.9B,,,38000,
6,6_fb_1_s_e_im,False Belief,Implicit,Start,End,passage_hr,passage,2,"At the end of the story, the stapler was in the",cabinet,drawer,0.336010605096817,0.5744049549102783,-0.773561426372618,False,EleutherAI/pythia-6.9b,Pythia 6.9B,,,38000,
6,6_fb_1_s_e_im,False Belief,Implicit,Start,End,passage_hr,passage,3,The person who put the stapler in the drawer was,Laura,Ross,0.04368545114994049,0.2505093514919281,-2.5196396653933073,False,EleutherAI/pythia-6.9b,Pythia 6.9B,,,38000,
6,6_fb_1_s_e_im,False Belief,Implicit,Start,End,passage_hr,passage,4,The person who moved the stapler to the cabinet was,Ross,Laura,0.25294315814971924,0.039661746472120285,2.6729931043092305,True,EleutherAI/pythia-6.9b,Pythia 6.9B,,,38000,
6,6_tb_1_s_e_ex,True Belief,Explicit,Start,End,passage_hr,passage,1,"At the start of the story, Laura put the stapler in the",drawer,cabinet,0.7769575119018555,0.12667500972747803,2.616703767037639,True,EleutherAI/pythia-6.9b,Pythia 6.9B,,,38000,
6,6_tb_1_s_e_ex,True Belief,Explicit,Start,End,passage_hr,passage,2,"At the end of the story, the stapler was in the",cabinet,drawer,0.31389132142066956,0.5693591833114624,-0.8590739303569397,False,EleutherAI/pythia-6.9b,Pythia 6.9B,,,38000,
6,6_tb_1_s_e_ex,True Belief,Explicit,Start,End,passage_hr,passage,3,The person who put the stapler in the drawer was,Laura,Ross,0.035252347588539124,0.07657486200332642,-1.1191515266383973,False,EleutherAI/pythia-6.9b,Pythia 6.9B,,,38000,
6,6_tb_1_s_e_ex,True Belief,Explicit,Start,End,passage_hr,passage,4,The person who moved the stapler to the cabinet was,Ross,Laura,0.05840310826897621,0.029261531308293343,0.9970398824859736,True,EleutherAI/pythia-6.9b,Pythia 6.9B,,,38000,
6,6_tb_1_s_e_im,True Belief,Implicit,Start,End,passage_hr,passage,1,"At the start of the story, Laura put the stapler in the",drawer,cabinet,0.7769575119018555,0.12667500972747803,2.616703767037639,True,EleutherAI/pythia-6.9b,Pythia 6.9B,,,38000,
6,6_tb_1_s_e_im,True Belief,Implicit,Start,End,passage_hr,passage,2,"At the end of the story, the stapler was in the",cabinet,drawer,0.31389132142066956,0.5693591833114624,-0.8590739303569397,False,EleutherAI/pythia-6.9b,Pythia 6.9B,,,38000,
6,6_tb_1_s_e_im,True Belief,Implicit,Start,End,passage_hr,passage,3,The person who put the stapler in the drawer was,Laura,Ross,0.035252347588539124,0.07657486200332642,-1.1191515266383973,False,EleutherAI/pythia-6.9b,Pythia 6.9B,,,38000,
6,6_tb_1_s_e_im,True Belief,Implicit,Start,End,passage_hr,passage,4,The person who moved the stapler to the cabinet was,Ross,Laura,0.05840310826897621,0.029261531308293343,0.9970398824859736,True,EleutherAI/pythia-6.9b,Pythia 6.9B,,,38000,
6,6_fb_1_s_s_ex,False Belief,Explicit,Start,Start,passage_hr,passage,1,"At the start of the story, Laura put the stapler in the",drawer,cabinet,0.7860627770423889,0.1460925191640854,2.4277622293387107,True,EleutherAI/pythia-6.9b,Pythia 6.9B,,,38000,
6,6_fb_1_s_s_ex,False Belief,Explicit,Start,Start,passage_hr,passage,2,"At the end of the story, the stapler was in the",cabinet,drawer,0.19996260106563568,0.6909794807434082,-1.7889126706362188,False,EleutherAI/pythia-6.9b,Pythia 6.9B,,,38000,
6,6_fb_1_s_s_ex,False Belief,Explicit,Start,Start,passage_hr,passage,3,The person who put the stapler in the drawer was,Laura,Ross,0.04178141430020332,0.24805065989494324,-2.569701561722702,False,EleutherAI/pythia-6.9b,Pythia 6.9B,,,38000,
6,6_fb_1_s_s_ex,False Belief,Explicit,Start,Start,passage_hr,passage,4,The person who moved the stapler to the cabinet was,Ross,Laura,0.2415754497051239,0.038952138274908066,2.6326994148785583,True,EleutherAI/pythia-6.9b,Pythia 6.9B,,,38000,
6,6_fb_1_s_s_im,False Belief,Implicit,Start,Start,passage_hr,passage,1,"At the start of the story, Laura put the stapler in the",drawer,cabinet,0.7860627770423889,0.1460925191640854,2.4277622293387107,True,EleutherAI/pythia-6.9b,Pythia 6.9B,,,38000,
6,6_fb_1_s_s_im,False Belief,Implicit,Start,Start,passage_hr,passage,2,"At the end of the story, the stapler was in the",cabinet,drawer,0.19996260106563568,0.6909794807434082,-1.7889126706362188,False,EleutherAI/pythia-6.9b,Pythia 6.9B,,,38000,
6,6_fb_1_s_s_im,False Belief,Implicit,Start,Start,passage_hr,passage,3,The person who put the stapler in the drawer was,Laura,Ross,0.04178141430020332,0.24805065989494324,-2.569701561722702,False,EleutherAI/pythia-6.9b,Pythia 6.9B,,,38000,
6,6_fb_1_s_s_im,False Belief,Implicit,Start,Start,passage_hr,passage,4,The person who moved the stapler to the cabinet was,Ross,Laura,0.2415754497051239,0.038952138274908066,2.6326994148785583,True,EleutherAI/pythia-6.9b,Pythia 6.9B,,,38000,
6,6_tb_1_s_s_ex,True Belief,Explicit,Start,Start,passage_hr,passage,1,"At the start of the story, Laura put the stapler in the",drawer,cabinet,0.7780035734176636,0.1421264111995697,2.4526021076366114,True,EleutherAI/pythia-6.9b,Pythia 6.9B,,,38000,
6,6_tb_1_s_s_ex,True Belief,Explicit,Start,Start,passage_hr,passage,2,"At the end of the story, the stapler was in the",cabinet,drawer,0.20871877670288086,0.6526715159416199,-1.6447966845250632,False,EleutherAI/pythia-6.9b,Pythia 6.9B,,,38000,
6,6_tb_1_s_s_ex,True Belief,Explicit,Start,Start,passage_hr,passage,3,The person who put the stapler in the drawer was,Laura,Ross,0.035187117755413055,0.08634243905544281,-1.2950225025327908,False,EleutherAI/pythia-6.9b,Pythia 6.9B,,,38000,
6,6_tb_1_s_s_ex,True Belief,Explicit,Start,Start,passage_hr,passage,4,The person who moved the stapler to the cabinet was,Ross,Laura,0.06769181042909622,0.031035492196679115,1.125062276490326,True,EleutherAI/pythia-6.9b,Pythia 6.9B,,,38000,
6,6_tb_1_s_s_im,True Belief,Implicit,Start,Start,passage_hr,passage,1,"At the start of the story, Laura put the stapler in the",drawer,cabinet,0.7780035734176636,0.1421264111995697,2.4526021076366114,True,EleutherAI/pythia-6.9b,Pythia 6.9B,,,38000,
6,6_tb_1_s_s_im,True Belief,Implicit,Start,Start,passage_hr,passage,2,"At the end of the story, the stapler was in the",cabinet,drawer,0.20871877670288086,0.6526715159416199,-1.6447966845250632,False,EleutherAI/pythia-6.9b,Pythia 6.9B,,,38000,
6,6_tb_1_s_s_im,True Belief,Implicit,Start,Start,passage_hr,passage,3,The person who put the stapler in the drawer was,Laura,Ross,0.035187117755413055,0.08634243905544281,-1.2950225025327908,False,EleutherAI/pythia-6.9b,Pythia 6.9B,,,38000,
6,6_tb_1_s_s_im,True Belief,Implicit,Start,Start,passage_hr,passage,4,The person who moved the stapler to the cabinet was,Ross,Laura,0.06769181042909622,0.031035492196679115,1.125062276490326,True,EleutherAI/pythia-6.9b,Pythia 6.9B,,,38000,
6,6_fb_1_e_e_ex,False Belief,Explicit,End,End,passage_hr,passage,1,"At the start of the story, Laura put the stapler in the",drawer,cabinet,0.7271741032600403,0.1917354017496109,1.923184083225133,True,EleutherAI/pythia-6.9b,Pythia 6.9B,,,38000,
6,6_fb_1_e_e_ex,False Belief,Explicit,End,End,passage_hr,passage,2,"At the end of the story, the stapler was in the",cabinet,drawer,0.3404417335987091,0.5670838356018066,-0.7361541307349191,False,EleutherAI/pythia-6.9b,Pythia 6.9B,,,38000,
6,6_fb_1_e_e_ex,False Belief,Explicit,End,End,passage_hr,passage,3,The person who put the stapler in the drawer was,Laura,Ross,0.04503677412867546,0.2609167993068695,-2.5344144364551044,False,EleutherAI/pythia-6.9b,Pythia 6.9B,,,38000,
6,6_fb_1_e_e_ex,False Belief,Explicit,End,End,passage_hr,passage,4,The person who moved the stapler to the cabinet was,Ross,Laura,0.264972984790802,0.040786225348711014,2.6996913767848425,True,EleutherAI/pythia-6.9b,Pythia 6.9B,,,38000,
6,6_fb_1_e_e_im,False Belief,Implicit,End,End,passage_hr,passage,1,"At the start of the story, Laura put the stapler in the",drawer,cabinet,0.7271741032600403,0.1917354017496109,1.923184083225133,True,EleutherAI/pythia-6.9b,Pythia 6.9B,,,38000,
6,6_fb_1_e_e_im,False Belief,Implicit,End,End,passage_hr,passage,2,"At the end of the story, the stapler was in the",cabinet,drawer,0.3404417335987091,0.5670838356018066,-0.7361541307349191,False,EleutherAI/pythia-6.9b,Pythia 6.9B,,,38000,
6,6_fb_1_e_e_im,False Belief,Implicit,End,End,passage_hr,passage,3,The person who put the stapler in the drawer was,Laura,Ross,0.04503677412867546,0.2609167993068695,-2.5344144364551044,False,EleutherAI/pythia-6.9b,Pythia 6.9B,,,38000,
6,6_fb_1_e_e_im,False Belief,Implicit,End,End,passage_hr,passage,4,The person who moved the stapler to the cabinet was,Ross,Laura,0.264972984790802,0.040786225348711014,2.6996913767848425,True,EleutherAI/pythia-6.9b,Pythia 6.9B,,,38000,
6,6_tb_1_e_e_ex,True Belief,Explicit,End,End,passage_hr,passage,1,"At the start of the story, Laura put the stapler in the",drawer,cabinet,0.6861605048179626,0.19757935404777527,1.7961138860865424,True,EleutherAI/pythia-6.9b,Pythia 6.9B,,,38000,
6,6_tb_1_e_e_ex,True Belief,Explicit,End,End,passage_hr,passage,2,"At the end of the story, the stapler was in the",cabinet,drawer,0.33087608218193054,0.5491822361946106,-0.7309939526515042,False,EleutherAI/pythia-6.9b,Pythia 6.9B,,,38000,
6,6_tb_1_e_e_ex,True Belief,Explicit,End,End,passage_hr,passage,3,The person who put the stapler in the drawer was,Laura,Ross,0.03560358285903931,0.07785537838935852,-1.1287742769556464,False,EleutherAI/pythia-6.9b,Pythia 6.9B,,,38000,
6,6_tb_1_e_e_ex,True Belief,Explicit,End,End,passage_hr,passage,4,The person who moved the stapler to the cabinet was,Ross,Laura,0.06301890313625336,0.030838899314403534,1.0310333697473828,True,EleutherAI/pythia-6.9b,Pythia 6.9B,,,38000,
6,6_tb_1_e_e_im,True Belief,Implicit,End,End,passage_hr,passage,1,"At the start of the story, Laura put the stapler in the",drawer,cabinet,0.6861605048179626,0.19757935404777527,1.7961138860865424,True,EleutherAI/pythia-6.9b,Pythia 6.9B,,,38000,
6,6_tb_1_e_e_im,True Belief,Implicit,End,End,passage_hr,passage,2,"At the end of the story, the stapler was in the",cabinet,drawer,0.33087608218193054,0.5491822361946106,-0.7309939526515042,False,EleutherAI/pythia-6.9b,Pythia 6.9B,,,38000,
6,6_tb_1_e_e_im,True Belief,Implicit,End,End,passage_hr,passage,3,The person who put the stapler in the drawer was,Laura,Ross,0.03560358285903931,0.07785537838935852,-1.1287742769556464,False,EleutherAI/pythia-6.9b,Pythia 6.9B,,,38000,
6,6_tb_1_e_e_im,True Belief,Implicit,End,End,passage_hr,passage,4,The person who moved the stapler to the cabinet was,Ross,Laura,0.06301890313625336,0.030838899314403534,1.0310333697473828,True,EleutherAI/pythia-6.9b,Pythia 6.9B,,,38000,
6,6_fb_1_e_s_ex,False Belief,Explicit,End,Start,passage_hr,passage,1,"At the start of the story, Laura put the stapler in the",drawer,cabinet,0.7327734231948853,0.1943269968032837,1.9148808388805918,True,EleutherAI/pythia-6.9b,Pythia 6.9B,,,38000,
6,6_fb_1_e_s_ex,False Belief,Explicit,End,Start,passage_hr,passage,2,"At the end of the story, the stapler was in the",cabinet,drawer,0.20284569263458252,0.6894914507865906,-1.765149995749848,False,EleutherAI/pythia-6.9b,Pythia 6.9B,,,38000,
6,6_fb_1_e_s_ex,False Belief,Explicit,End,Start,passage_hr,passage,3,The person who put the stapler in the drawer was,Laura,Ross,0.04296030104160309,0.26470497250556946,-2.623309288171718,False,EleutherAI/pythia-6.9b,Pythia 6.9B,,,38000,
6,6_fb_1_e_s_ex,False Belief,Explicit,End,Start,passage_hr,passage,4,The person who moved the stapler to the cabinet was,Ross,Laura,0.2570478618144989,0.041362907737493515,2.6356274982776053,True,EleutherAI/pythia-6.9b,Pythia 6.9B,,,38000,
6,6_fb_1_e_s_im,False Belief,Implicit,End,Start,passage_hr,passage,1,"At the start of the story, Laura put the stapler in the",drawer,cabinet,0.7327734231948853,0.1943269968032837,1.9148808388805918,True,EleutherAI/pythia-6.9b,Pythia 6.9B,,,38000,
6,6_fb_1_e_s_im,False Belief,Implicit,End,Start,passage_hr,passage,2,"At the end of the story, the stapler was in the",cabinet,drawer,0.20284569263458252,0.6894914507865906,-1.765149995749848,False,EleutherAI/pythia-6.9b,Pythia 6.9B,,,38000,
6,6_fb_1_e_s_im,False Belief,Implicit,End,Start,passage_hr,passage,3,The person who put the stapler in the drawer was,Laura,Ross,0.04296030104160309,0.26470497250556946,-2.623309288171718,False,EleutherAI/pythia-6.9b,Pythia 6.9B,,,38000,
6,6_fb_1_e_s_im,False Belief,Implicit,End,Start,passage_hr,passage,4,The person who moved the stapler to the cabinet was,Ross,Laura,0.2570478618144989,0.041362907737493515,2.6356274982776053,True,EleutherAI/pythia-6.9b,Pythia 6.9B,,,38000,
6,6_tb_1_e_s_ex,True Belief,Explicit,End,Start,passage_hr,passage,1,"At the start of the story, Laura put the stapler in the",drawer,cabinet,0.7386696338653564,0.17778423428535461,2.0548018776024737,True,EleutherAI/pythia-6.9b,Pythia 6.9B,,,38000,
6,6_tb_1_e_s_ex,True Belief,Explicit,End,Start,passage_hr,passage,2,"At the end of the story, the stapler was in the",cabinet,drawer,0.2059871405363083,0.6595249176025391,-1.6788728922043488,False,EleutherAI/pythia-6.9b,Pythia 6.9B,,,38000,
6,6_tb_1_e_s_ex,True Belief,Explicit,End,Start,passage_hr,passage,3,The person who put the stapler in the drawer was,Laura,Ross,0.036257125437259674,0.09090154618024826,-1.3260402851367463,False,EleutherAI/pythia-6.9b,Pythia 6.9B,,,38000,
6,6_tb_1_e_s_ex,True Belief,Explicit,End,Start,passage_hr,passage,4,The person who moved the stapler to the cabinet was,Ross,Laura,0.07576949149370193,0.03303835541009903,1.1974751918881223,True,EleutherAI/pythia-6.9b,Pythia 6.9B,,,38000,
6,6_tb_1_e_s_im,True Belief,Implicit,End,Start,passage_hr,passage,1,"At the start of the story, Laura put the stapler in the",drawer,cabinet,0.7386696338653564,0.17778423428535461,2.0548018776024737,True,EleutherAI/pythia-6.9b,Pythia 6.9B,,,38000,
6,6_tb_1_e_s_im,True Belief,Implicit,End,Start,passage_hr,passage,2,"At the end of the story, the stapler was in the",cabinet,drawer,0.2059871405363083,0.6595249176025391,-1.6788728922043488,False,EleutherAI/pythia-6.9b,Pythia 6.9B,,,38000,
6,6_tb_1_e_s_im,True Belief,Implicit,End,Start,passage_hr,passage,3,The person who put the stapler in the drawer was,Laura,Ross,0.036257125437259674,0.09090154618024826,-1.3260402851367463,False,EleutherAI/pythia-6.9b,Pythia 6.9B,,,38000,
6,6_tb_1_e_s_im,True Belief,Implicit,End,Start,passage_hr,passage,4,The person who moved the stapler to the cabinet was,Ross,Laura,0.07576949149370193,0.03303835541009903,1.1974751918881223,True,EleutherAI/pythia-6.9b,Pythia 6.9B,,,38000,
