item,item_id,condition,knowledge_cue,first_mention,recent_mention,passage_hr,passage,question_id,question,correct_answer,distractor_answer,prob_correct,prob_distractor,log_odds,is_correct,model_path,model_shorthand,stage,ingredient,step,tokens_seen
7,7_fb_1_s_e_ex,False Belief,Explicit,Start,End,passage_hr,passage,1,"At the start of the story, David put the wine in the",garage,fridge,0.17367205023765564,0.5451771020889282,-1.650359375131858,False,EleutherAI/pythia-12b,Pythia 12B,,,33000,
7,7_fb_1_s_e_ex,False Belief,Explicit,Start,End,passage_hr,passage,2,"At the end of the story, the wine was in the",fridge,garage,0.8548033833503723,0.03482192009687424,4.617524957090408,True,EleutherAI/pythia-12b,Pythia 12B,,,33000,
7,7_fb_1_s_e_ex,False Belief,Explicit,Start,End,passage_hr,passage,3,The person who put the wine in the garage was,David,Marta,0.049754247069358826,0.33155557513237,-2.7363591283907565,False,EleutherAI/pythia-12b,Pythia 12B,,,33000,
7,7_fb_1_s_e_ex,False Belief,Explicit,Start,End,passage_hr,passage,4,The person who moved the wine to the fridge was,Marta,David,0.5073787569999695,0.05265995115041733,3.268285029529283,True,EleutherAI/pythia-12b,Pythia 12B,,,33000,
7,7_fb_1_s_e_im,False Belief,Implicit,Start,End,passage_hr,passage,1,"At the start of the story, David put the wine in the",garage,fridge,0.17367205023765564,0.5451771020889282,-1.650359375131858,False,EleutherAI/pythia-12b,Pythia 12B,,,33000,
7,7_fb_1_s_e_im,False Belief,Implicit,Start,End,passage_hr,passage,2,"At the end of the story, the wine was in the",fridge,garage,0.8548033833503723,0.03482192009687424,4.617524957090408,True,EleutherAI/pythia-12b,Pythia 12B,,,33000,
7,7_fb_1_s_e_im,False Belief,Implicit,Start,End,passage_hr,passage,3,The person who put the wine in the garage was,David,Marta,0.049754247069358826,0.33155557513237,-2.7363591283907565,False,EleutherAI/pythia-12b,Pythia 12B,,,33000,
7,7_fb_1_s_e_im,False Belief,Implicit,Start,End,passage_hr,passage,4,The person who moved the wine to the fridge was,Marta,David,0.5073787569999695,0.05265995115041733,3.268285029529283,True,EleutherAI/pythia-12b,Pythia 12B,,,33000,
7,7_tb_1_s_e_ex,True Belief,Explicit,Start,End,passage_hr,passage,1,"At the start of the story, David put the wine in the",garage,fridge,0.1429905891418457,0.5757730603218079,-2.009580088807258,False,EleutherAI/pythia-12b,Pythia 12B,,,33000,
7,7_tb_1_s_e_ex,True Belief,Explicit,Start,End,passage_hr,passage,2,"At the end of the story, the wine was in the",fridge,garage,0.8349518179893494,0.043364156037569046,4.267118010458915,True,EleutherAI/pythia-12b,Pythia 12B,,,33000,
7,7_tb_1_s_e_ex,True Belief,Explicit,Start,End,passage_hr,passage,3,The person who put the wine in the garage was,David,Marta,0.03555785119533539,0.316692590713501,-3.154843066631338,False,EleutherAI/pythia-12b,Pythia 12B,,,33000,
7,7_tb_1_s_e_ex,True Belief,Explicit,Start,End,passage_hr,passage,4,The person who moved the wine to the fridge was,Marta,David,0.4112818241119385,0.06193452700972557,2.731311509223535,True,EleutherAI/pythia-12b,Pythia 12B,,,33000,
7,7_tb_1_s_e_im,True Belief,Implicit,Start,End,passage_hr,passage,1,"At the start of the story, David put the wine in the",garage,fridge,0.1429905891418457,0.5757730603218079,-2.009580088807258,False,EleutherAI/pythia-12b,Pythia 12B,,,33000,
7,7_tb_1_s_e_im,True Belief,Implicit,Start,End,passage_hr,passage,2,"At the end of the story, the wine was in the",fridge,garage,0.8349518179893494,0.043364156037569046,4.267118010458915,True,EleutherAI/pythia-12b,Pythia 12B,,,33000,
7,7_tb_1_s_e_im,True Belief,Implicit,Start,End,passage_hr,passage,3,The person who put the wine in the garage was,David,Marta,0.03555785119533539,0.316692590713501,-3.154843066631338,False,EleutherAI/pythia-12b,Pythia 12B,,,33000,
7,7_tb_1_s_e_im,True Belief,Implicit,Start,End,passage_hr,passage,4,The person who moved the wine to the fridge was,Marta,David,0.4112818241119385,0.06193452700972557,2.731311509223535,True,EleutherAI/pythia-12b,Pythia 12B,,,33000,
7,7_fb_1_s_s_ex,False Belief,Explicit,Start,Start,passage_hr,passage,1,"At the start of the story, David put the wine in the",garage,fridge,0.16049820184707642,0.5965211391448975,-1.8940161300529446,False,EleutherAI/pythia-12b,Pythia 12B,,,33000,
7,7_fb_1_s_s_ex,False Belief,Explicit,Start,Start,passage_hr,passage,2,"At the end of the story, the wine was in the",fridge,garage,0.8365237712860107,0.04628019407391548,4.175939718101353,True,EleutherAI/pythia-12b,Pythia 12B,,,33000,
7,7_fb_1_s_s_ex,False Belief,Explicit,Start,Start,passage_hr,passage,3,The person who put the wine in the garage was,David,Marta,0.05908109247684479,0.3590860068798065,-2.6035610255861266,False,EleutherAI/pythia-12b,Pythia 12B,,,33000,
7,7_fb_1_s_s_ex,False Belief,Explicit,Start,Start,passage_hr,passage,4,The person who moved the wine to the fridge was,Marta,David,0.5044459104537964,0.0633029043674469,2.9943559858738213,True,EleutherAI/pythia-12b,Pythia 12B,,,33000,
7,7_fb_1_s_s_im,False Belief,Implicit,Start,Start,passage_hr,passage,1,"At the start of the story, David put the wine in the",garage,fridge,0.16049820184707642,0.5965211391448975,-1.8940161300529446,False,EleutherAI/pythia-12b,Pythia 12B,,,33000,
7,7_fb_1_s_s_im,False Belief,Implicit,Start,Start,passage_hr,passage,2,"At the end of the story, the wine was in the",fridge,garage,0.8365237712860107,0.04628019407391548,4.175939718101353,True,EleutherAI/pythia-12b,Pythia 12B,,,33000,
7,7_fb_1_s_s_im,False Belief,Implicit,Start,Start,passage_hr,passage,3,The person who put the wine in the garage was,David,Marta,0.05908109247684479,0.3590860068798065,-2.6035610255861266,False,EleutherAI/pythia-12b,Pythia 12B,,,33000,
7,7_fb_1_s_s_im,False Belief,Implicit,Start,Start,passage_hr,passage,4,The person who moved the wine to the fridge was,Marta,David,0.5044459104537964,0.0633029043674469,2.9943559858738213,True,EleutherAI/pythia-12b,Pythia 12B,,,33000,
7,7_tb_1_s_s_ex,True Belief,Explicit,Start,Start,passage_hr,passage,1,"At the start of the story, David put the wine in the",garage,fridge,0.13446082174777985,0.6204481720924377,-2.206124831082197,False,EleutherAI/pythia-12b,Pythia 12B,,,33000,
7,7_tb_1_s_s_ex,True Belief,Explicit,Start,Start,passage_hr,passage,2,"At the end of the story, the wine was in the",fridge,garage,0.8169794678688049,0.05420612543821335,3.913772027032057,True,EleutherAI/pythia-12b,Pythia 12B,,,33000,
7,7_tb_1_s_s_ex,True Belief,Explicit,Start,Start,passage_hr,passage,3,The person who put the wine in the garage was,David,Marta,0.03695977106690407,0.31788337230682373,-3.10446982896487,False,EleutherAI/pythia-12b,Pythia 12B,,,33000,
7,7_tb_1_s_s_ex,True Belief,Explicit,Start,Start,passage_hr,passage,4,The person who moved the wine to the fridge was,Marta,David,0.4270825684070587,0.06398467719554901,2.738716654321124,True,EleutherAI/pythia-12b,Pythia 12B,,,33000,
7,7_tb_1_s_s_im,True Belief,Implicit,Start,Start,passage_hr,passage,1,"At the start of the story, David put the wine in the",garage,fridge,0.13446082174777985,0.6204481720924377,-2.206124831082197,False,EleutherAI/pythia-12b,Pythia 12B,,,33000,
7,7_tb_1_s_s_im,True Belief,Implicit,Start,Start,passage_hr,passage,2,"At the end of the story, the wine was in the",fridge,garage,0.8169794678688049,0.05420612543821335,3.913772027032057,True,EleutherAI/pythia-12b,Pythia 12B,,,33000,
7,7_tb_1_s_s_im,True Belief,Implicit,Start,Start,passage_hr,passage,3,The person who put the wine in the garage was,David,Marta,0.03695977106690407,0.31788337230682373,-3.10446982896487,False,EleutherAI/pythia-12b,Pythia 12B,,,33000,
7,7_tb_1_s_s_im,True Belief,Implicit,Start,Start,passage_hr,passage,4,The person who moved the wine to the fridge was,Marta,David,0.4270825684070587,0.06398467719554901,2.738716654321124,True,EleutherAI/pythia-12b,Pythia 12B,,,33000,
7,7_fb_1_e_e_ex,False Belief,Explicit,End,End,passage_hr,passage,1,"At the start of the story, David put the wine in the",garage,fridge,0.1869998574256897,0.5567291378974915,-1.5739384222956447,False,EleutherAI/pythia-12b,Pythia 12B,,,33000,
7,7_fb_1_e_e_ex,False Belief,Explicit,End,End,passage_hr,passage,2,"At the end of the story, the wine was in the",fridge,garage,0.8085426688194275,0.07130000740289688,3.5033497787613905,True,EleutherAI/pythia-12b,Pythia 12B,,,33000,
7,7_fb_1_e_e_ex,False Belief,Explicit,End,End,passage_hr,passage,3,The person who put the wine in the garage was,David,Marta,0.056570157408714294,0.37097829580307007,-2.7132216935508966,False,EleutherAI/pythia-12b,Pythia 12B,,,33000,
7,7_fb_1_e_e_ex,False Belief,Explicit,End,End,passage_hr,passage,4,The person who moved the wine to the fridge was,Marta,David,0.5300508141517639,0.05982803925871849,3.1472369850169755,True,EleutherAI/pythia-12b,Pythia 12B,,,33000,
7,7_fb_1_e_e_im,False Belief,Implicit,End,End,passage_hr,passage,1,"At the start of the story, David put the wine in the",garage,fridge,0.1869998574256897,0.5567291378974915,-1.5739384222956447,False,EleutherAI/pythia-12b,Pythia 12B,,,33000,
7,7_fb_1_e_e_im,False Belief,Implicit,End,End,passage_hr,passage,2,"At the end of the story, the wine was in the",fridge,garage,0.8085426688194275,0.07130000740289688,3.5033497787613905,True,EleutherAI/pythia-12b,Pythia 12B,,,33000,
7,7_fb_1_e_e_im,False Belief,Implicit,End,End,passage_hr,passage,3,The person who put the wine in the garage was,David,Marta,0.056570157408714294,0.37097829580307007,-2.7132216935508966,False,EleutherAI/pythia-12b,Pythia 12B,,,33000,
7,7_fb_1_e_e_im,False Belief,Implicit,End,End,passage_hr,passage,4,The person who moved the wine to the fridge was,Marta,David,0.5300508141517639,0.05982803925871849,3.1472369850169755,True,EleutherAI/pythia-12b,Pythia 12B,,,33000,
7,7_tb_1_e_e_ex,True Belief,Explicit,End,End,passage_hr,passage,1,"At the start of the story, David put the wine in the",garage,fridge,0.16095206141471863,0.5997045636177063,-1.8976208969917048,False,EleutherAI/pythia-12b,Pythia 12B,,,33000,
7,7_tb_1_e_e_ex,True Belief,Explicit,End,End,passage_hr,passage,2,"At the end of the story, the wine was in the",fridge,garage,0.7836021184921265,0.08689013123512268,3.1728570642363074,True,EleutherAI/pythia-12b,Pythia 12B,,,33000,
7,7_tb_1_e_e_ex,True Belief,Explicit,End,End,passage_hr,passage,3,The person who put the wine in the garage was,David,Marta,0.03976650536060333,0.36291739344596863,-3.1900155118611515,False,EleutherAI/pythia-12b,Pythia 12B,,,33000,
7,7_tb_1_e_e_ex,True Belief,Explicit,End,End,passage_hr,passage,4,The person who moved the wine to the fridge was,Marta,David,0.4363238513469696,0.07113569229841232,2.6167538216724044,True,EleutherAI/pythia-12b,Pythia 12B,,,33000,
7,7_tb_1_e_e_im,True Belief,Implicit,End,End,passage_hr,passage,1,"At the start of the story, David put the wine in the",garage,fridge,0.16095206141471863,0.5997045636177063,-1.8976208969917048,False,EleutherAI/pythia-12b,Pythia 12B,,,33000,
7,7_tb_1_e_e_im,True Belief,Implicit,End,End,passage_hr,passage,2,"At the end of the story, the wine was in the",fridge,garage,0.7836021184921265,0.08689013123512268,3.1728570642363074,True,EleutherAI/pythia-12b,Pythia 12B,,,33000,
7,7_tb_1_e_e_im,True Belief,Implicit,End,End,passage_hr,passage,3,The person who put the wine in the garage was,David,Marta,0.03976650536060333,0.36291739344596863,-3.1900155118611515,False,EleutherAI/pythia-12b,Pythia 12B,,,33000,
7,7_tb_1_e_e_im,True Belief,Implicit,End,End,passage_hr,passage,4,The person who moved the wine to the fridge was,Marta,David,0.4363238513469696,0.07113569229841232,2.6167538216724044,True,EleutherAI/pythia-12b,Pythia 12B,,,33000,
7,7_fb_1_e_s_ex,False Belief,Explicit,End,Start,passage_hr,passage,1,"At the start of the story, David put the wine in the",garage,fridge,0.15789474546909332,0.609297513961792,-1.948183692934069,False,EleutherAI/pythia-12b,Pythia 12B,,,33000,
7,7_fb_1_e_s_ex,False Belief,Explicit,End,Start,passage_hr,passage,2,"At the end of the story, the wine was in the",fridge,garage,0.7739531993865967,0.09509891271591187,3.024745578181513,True,EleutherAI/pythia-12b,Pythia 12B,,,33000,
7,7_fb_1_e_s_ex,False Belief,Explicit,End,Start,passage_hr,passage,3,The person who put the wine in the garage was,David,Marta,0.06276875734329224,0.39136648178100586,-2.640401650238261,False,EleutherAI/pythia-12b,Pythia 12B,,,33000,
7,7_fb_1_e_s_ex,False Belief,Explicit,End,Start,passage_hr,passage,4,The person who moved the wine to the fridge was,Marta,David,0.5225935578346252,0.06679478287696838,2.967882012239353,True,EleutherAI/pythia-12b,Pythia 12B,,,33000,
7,7_fb_1_e_s_im,False Belief,Implicit,End,Start,passage_hr,passage,1,"At the start of the story, David put the wine in the",garage,fridge,0.15789474546909332,0.609297513961792,-1.948183692934069,False,EleutherAI/pythia-12b,Pythia 12B,,,33000,
7,7_fb_1_e_s_im,False Belief,Implicit,End,Start,passage_hr,passage,2,"At the end of the story, the wine was in the",fridge,garage,0.7739531993865967,0.09509891271591187,3.024745578181513,True,EleutherAI/pythia-12b,Pythia 12B,,,33000,
7,7_fb_1_e_s_im,False Belief,Implicit,End,Start,passage_hr,passage,3,The person who put the wine in the garage was,David,Marta,0.06276875734329224,0.39136648178100586,-2.640401650238261,False,EleutherAI/pythia-12b,Pythia 12B,,,33000,
7,7_fb_1_e_s_im,False Belief,Implicit,End,Start,passage_hr,passage,4,The person who moved the wine to the fridge was,Marta,David,0.5225935578346252,0.06679478287696838,2.967882012239353,True,EleutherAI/pythia-12b,Pythia 12B,,,33000,
7,7_tb_1_e_s_ex,True Belief,Explicit,End,Start,passage_hr,passage,1,"At the start of the story, David put the wine in the",garage,fridge,0.14197015762329102,0.6516044735908508,-2.1984088041566916,False,EleutherAI/pythia-12b,Pythia 12B,,,33000,
7,7_tb_1_e_s_ex,True Belief,Explicit,End,Start,passage_hr,passage,2,"At the end of the story, the wine was in the",fridge,garage,0.736410915851593,0.12419066578149796,2.567954267863205,True,EleutherAI/pythia-12b,Pythia 12B,,,33000,
7,7_tb_1_e_s_ex,True Belief,Explicit,End,Start,passage_hr,passage,3,The person who put the wine in the garage was,David,Marta,0.04067687317728996,0.3626442551612854,-3.156274305691125,False,EleutherAI/pythia-12b,Pythia 12B,,,33000,
7,7_tb_1_e_s_ex,True Belief,Explicit,End,Start,passage_hr,passage,4,The person who moved the wine to the fridge was,Marta,David,0.44661927223205566,0.07145571708679199,2.643924157403541,True,EleutherAI/pythia-12b,Pythia 12B,,,33000,
7,7_tb_1_e_s_im,True Belief,Implicit,End,Start,passage_hr,passage,1,"At the start of the story, David put the wine in the",garage,fridge,0.14197015762329102,0.6516044735908508,-2.1984088041566916,False,EleutherAI/pythia-12b,Pythia 12B,,,33000,
7,7_tb_1_e_s_im,True Belief,Implicit,End,Start,passage_hr,passage,2,"At the end of the story, the wine was in the",fridge,garage,0.736410915851593,0.12419066578149796,2.567954267863205,True,EleutherAI/pythia-12b,Pythia 12B,,,33000,
7,7_tb_1_e_s_im,True Belief,Implicit,End,Start,passage_hr,passage,3,The person who put the wine in the garage was,David,Marta,0.04067687317728996,0.3626442551612854,-3.156274305691125,False,EleutherAI/pythia-12b,Pythia 12B,,,33000,
7,7_tb_1_e_s_im,True Belief,Implicit,End,Start,passage_hr,passage,4,The person who moved the wine to the fridge was,Marta,David,0.44661927223205566,0.07145571708679199,2.643924157403541,True,EleutherAI/pythia-12b,Pythia 12B,,,33000,
8,8_fb_1_s_e_ex,False Belief,Explicit,Start,End,passage_hr,passage,1,"At the start of the story, Sarah put the painting in the",hall,bedroom,0.5289046764373779,0.1414959877729416,1.9022465864546192,True,EleutherAI/pythia-12b,Pythia 12B,,,33000,
8,8_fb_1_s_e_ex,False Belief,Explicit,Start,End,passage_hr,passage,2,"At the end of the story, the painting was in the",bedroom,hall,0.4744063913822174,0.13236604630947113,1.8415903478395017,True,EleutherAI/pythia-12b,Pythia 12B,,,33000,
8,8_fb_1_s_e_ex,False Belief,Explicit,Start,End,passage_hr,passage,3,The person who put the painting in the hall was,Sarah,James,0.07745301723480225,0.07590208202600479,0.029181981358345013,True,EleutherAI/pythia-12b,Pythia 12B,,,33000,
8,8_fb_1_s_e_ex,False Belief,Explicit,Start,End,passage_hr,passage,4,The person who moved the painting to the bedroom was,James,Sarah,0.2550537586212158,0.0887754037976265,1.5225694387724866,True,EleutherAI/pythia-12b,Pythia 12B,,,33000,
8,8_fb_1_s_e_im,False Belief,Implicit,Start,End,passage_hr,passage,1,"At the start of the story, Sarah put the painting in the",hall,bedroom,0.5289046764373779,0.1414959877729416,1.9022465864546192,True,EleutherAI/pythia-12b,Pythia 12B,,,33000,
8,8_fb_1_s_e_im,False Belief,Implicit,Start,End,passage_hr,passage,2,"At the end of the story, the painting was in the",bedroom,hall,0.4744063913822174,0.13236604630947113,1.8415903478395017,True,EleutherAI/pythia-12b,Pythia 12B,,,33000,
8,8_fb_1_s_e_im,False Belief,Implicit,Start,End,passage_hr,passage,3,The person who put the painting in the hall was,Sarah,James,0.07745301723480225,0.07590208202600479,0.029181981358345013,True,EleutherAI/pythia-12b,Pythia 12B,,,33000,
8,8_fb_1_s_e_im,False Belief,Implicit,Start,End,passage_hr,passage,4,The person who moved the painting to the bedroom was,James,Sarah,0.2550537586212158,0.0887754037976265,1.5225694387724866,True,EleutherAI/pythia-12b,Pythia 12B,,,33000,
8,8_tb_1_s_e_ex,True Belief,Explicit,Start,End,passage_hr,passage,1,"At the start of the story, Sarah put the painting in the",hall,bedroom,0.46731793880462646,0.17731130123138428,1.3981199268609967,True,EleutherAI/pythia-12b,Pythia 12B,,,33000,
8,8_tb_1_s_e_ex,True Belief,Explicit,Start,End,passage_hr,passage,2,"At the end of the story, the painting was in the",bedroom,hall,0.5515058040618896,0.1236063688993454,2.1576229878908624,True,EleutherAI/pythia-12b,Pythia 12B,,,33000,
8,8_tb_1_s_e_ex,True Belief,Explicit,Start,End,passage_hr,passage,3,The person who put the painting in the hall was,Sarah,James,0.07601120322942734,0.09721536934375763,-0.3549723440445551,False,EleutherAI/pythia-12b,Pythia 12B,,,33000,
8,8_tb_1_s_e_ex,True Belief,Explicit,Start,End,passage_hr,passage,4,The person who moved the painting to the bedroom was,James,Sarah,0.24241825938224792,0.10478892922401428,1.2100120627103486,True,EleutherAI/pythia-12b,Pythia 12B,,,33000,
8,8_tb_1_s_e_im,True Belief,Implicit,Start,End,passage_hr,passage,1,"At the start of the story, Sarah put the painting in the",hall,bedroom,0.46731793880462646,0.17731130123138428,1.3981199268609967,True,EleutherAI/pythia-12b,Pythia 12B,,,33000,
8,8_tb_1_s_e_im,True Belief,Implicit,Start,End,passage_hr,passage,2,"At the end of the story, the painting was in the",bedroom,hall,0.5515058040618896,0.1236063688993454,2.1576229878908624,True,EleutherAI/pythia-12b,Pythia 12B,,,33000,
8,8_tb_1_s_e_im,True Belief,Implicit,Start,End,passage_hr,passage,3,The person who put the painting in the hall was,Sarah,James,0.07601120322942734,0.09721536934375763,-0.3549723440445551,False,EleutherAI/pythia-12b,Pythia 12B,,,33000,
8,8_tb_1_s_e_im,True Belief,Implicit,Start,End,passage_hr,passage,4,The person who moved the painting to the bedroom was,James,Sarah,0.24241825938224792,0.10478892922401428,1.2100120627103486,True,EleutherAI/pythia-12b,Pythia 12B,,,33000,
8,8_fb_1_s_s_ex,False Belief,Explicit,Start,Start,passage_hr,passage,1,"At the start of the story, Sarah put the painting in the",hall,bedroom,0.48354071378707886,0.17279170453548431,1.484603411131992,True,EleutherAI/pythia-12b,Pythia 12B,,,33000,
8,8_fb_1_s_s_ex,False Belief,Explicit,Start,Start,passage_hr,passage,2,"At the end of the story, the painting was in the",bedroom,hall,0.48897308111190796,0.14537543058395386,1.7499715794990762,True,EleutherAI/pythia-12b,Pythia 12B,,,33000,
8,8_fb_1_s_s_ex,False Belief,Explicit,Start,Start,passage_hr,passage,3,The person who put the painting in the hall was,Sarah,James,0.088858462870121,0.08244895935058594,0.10800790045823892,True,EleutherAI/pythia-12b,Pythia 12B,,,33000,
8,8_fb_1_s_s_ex,False Belief,Explicit,Start,Start,passage_hr,passage,4,The person who moved the painting to the bedroom was,James,Sarah,0.2508007884025574,0.09846654534339905,1.3488363355186264,True,EleutherAI/pythia-12b,Pythia 12B,,,33000,
8,8_fb_1_s_s_im,False Belief,Implicit,Start,Start,passage_hr,passage,1,"At the start of the story, Sarah put the painting in the",hall,bedroom,0.48354071378707886,0.17279170453548431,1.484603411131992,True,EleutherAI/pythia-12b,Pythia 12B,,,33000,
8,8_fb_1_s_s_im,False Belief,Implicit,Start,Start,passage_hr,passage,2,"At the end of the story, the painting was in the",bedroom,hall,0.48897308111190796,0.14537543058395386,1.7499715794990762,True,EleutherAI/pythia-12b,Pythia 12B,,,33000,
8,8_fb_1_s_s_im,False Belief,Implicit,Start,Start,passage_hr,passage,3,The person who put the painting in the hall was,Sarah,James,0.088858462870121,0.08244895935058594,0.10800790045823892,True,EleutherAI/pythia-12b,Pythia 12B,,,33000,
8,8_fb_1_s_s_im,False Belief,Implicit,Start,Start,passage_hr,passage,4,The person who moved the painting to the bedroom was,James,Sarah,0.2508007884025574,0.09846654534339905,1.3488363355186264,True,EleutherAI/pythia-12b,Pythia 12B,,,33000,
8,8_tb_1_s_s_ex,True Belief,Explicit,Start,Start,passage_hr,passage,1,"At the start of the story, Sarah put the painting in the",hall,bedroom,0.463302880525589,0.17351171374320984,1.416922590005873,True,EleutherAI/pythia-12b,Pythia 12B,,,33000,
8,8_tb_1_s_s_ex,True Belief,Explicit,Start,Start,passage_hr,passage,2,"At the end of the story, the painting was in the",bedroom,hall,0.5090879797935486,0.14784987270832062,1.7837820007951595,True,EleutherAI/pythia-12b,Pythia 12B,,,33000,
8,8_tb_1_s_s_ex,True Belief,Explicit,Start,Start,passage_hr,passage,3,The person who put the painting in the hall was,Sarah,James,0.08585714548826218,0.12255524098873138,-0.513422068272567,False,EleutherAI/pythia-12b,Pythia 12B,,,33000,
8,8_tb_1_s_s_ex,True Belief,Explicit,Start,Start,passage_hr,passage,4,The person who moved the painting to the bedroom was,James,Sarah,0.24527062475681305,0.11360851675271988,1.1103034658006348,True,EleutherAI/pythia-12b,Pythia 12B,,,33000,
8,8_tb_1_s_s_im,True Belief,Implicit,Start,Start,passage_hr,passage,1,"At the start of the story, Sarah put the painting in the",hall,bedroom,0.463302880525589,0.17351171374320984,1.416922590005873,True,EleutherAI/pythia-12b,Pythia 12B,,,33000,
8,8_tb_1_s_s_im,True Belief,Implicit,Start,Start,passage_hr,passage,2,"At the end of the story, the painting was in the",bedroom,hall,0.5090879797935486,0.14784987270832062,1.7837820007951595,True,EleutherAI/pythia-12b,Pythia 12B,,,33000,
8,8_tb_1_s_s_im,True Belief,Implicit,Start,Start,passage_hr,passage,3,The person who put the painting in the hall was,Sarah,James,0.08585714548826218,0.12255524098873138,-0.513422068272567,False,EleutherAI/pythia-12b,Pythia 12B,,,33000,
8,8_tb_1_s_s_im,True Belief,Implicit,Start,Start,passage_hr,passage,4,The person who moved the painting to the bedroom was,James,Sarah,0.24527062475681305,0.11360851675271988,1.1103034658006348,True,EleutherAI/pythia-12b,Pythia 12B,,,33000,
8,8_fb_1_e_e_ex,False Belief,Explicit,End,End,passage_hr,passage,1,"At the start of the story, Sarah put the painting in the",hall,bedroom,0.3718087077140808,0.24107635021209717,0.6250704300790232,True,EleutherAI/pythia-12b,Pythia 12B,,,33000,
8,8_fb_1_e_e_ex,False Belief,Explicit,End,End,passage_hr,passage,2,"At the end of the story, the painting was in the",bedroom,hall,0.5162996053695679,0.10769306868314743,2.261283096925366,True,EleutherAI/pythia-12b,Pythia 12B,,,33000,
8,8_fb_1_e_e_ex,False Belief,Explicit,End,End,passage_hr,passage,3,The person who put the painting in the hall was,Sarah,James,0.07069002836942673,0.09518299996852875,-0.429197205054753,False,EleutherAI/pythia-12b,Pythia 12B,,,33000,
8,8_fb_1_e_e_ex,False Belief,Explicit,End,End,passage_hr,passage,4,The person who moved the painting to the bedroom was,James,Sarah,0.2659416198730469,0.07898131757974625,1.751526236295285,True,EleutherAI/pythia-12b,Pythia 12B,,,33000,
8,8_fb_1_e_e_im,False Belief,Implicit,End,End,passage_hr,passage,1,"At the start of the story, Sarah put the painting in the",hall,bedroom,0.3718087077140808,0.24107635021209717,0.6250704300790232,True,EleutherAI/pythia-12b,Pythia 12B,,,33000,
8,8_fb_1_e_e_im,False Belief,Implicit,End,End,passage_hr,passage,2,"At the end of the story, the painting was in the",bedroom,hall,0.5162996053695679,0.10769306868314743,2.261283096925366,True,EleutherAI/pythia-12b,Pythia 12B,,,33000,
8,8_fb_1_e_e_im,False Belief,Implicit,End,End,passage_hr,passage,3,The person who put the painting in the hall was,Sarah,James,0.07069002836942673,0.09518299996852875,-0.429197205054753,False,EleutherAI/pythia-12b,Pythia 12B,,,33000,
8,8_fb_1_e_e_im,False Belief,Implicit,End,End,passage_hr,passage,4,The person who moved the painting to the bedroom was,James,Sarah,0.2659416198730469,0.07898131757974625,1.751526236295285,True,EleutherAI/pythia-12b,Pythia 12B,,,33000,
8,8_tb_1_e_e_ex,True Belief,Explicit,End,End,passage_hr,passage,1,"At the start of the story, Sarah put the painting in the",hall,bedroom,0.34729301929473877,0.26742658019065857,0.37701054676715107,True,EleutherAI/pythia-12b,Pythia 12B,,,33000,
8,8_tb_1_e_e_ex,True Belief,Explicit,End,End,passage_hr,passage,2,"At the end of the story, the painting was in the",bedroom,hall,0.5621902346611023,0.1076086238026619,2.3852646933347676,True,EleutherAI/pythia-12b,Pythia 12B,,,33000,
8,8_tb_1_e_e_ex,True Belief,Explicit,End,End,passage_hr,passage,3,The person who put the painting in the hall was,Sarah,James,0.06621421128511429,0.12149840593338013,-0.8757245905977642,False,EleutherAI/pythia-12b,Pythia 12B,,,33000,
8,8_tb_1_e_e_ex,True Belief,Explicit,End,End,passage_hr,passage,4,The person who moved the painting to the bedroom was,James,Sarah,0.2511046826839447,0.0959918275475502,1.3873054432153091,True,EleutherAI/pythia-12b,Pythia 12B,,,33000,
8,8_tb_1_e_e_im,True Belief,Implicit,End,End,passage_hr,passage,1,"At the start of the story, Sarah put the painting in the",hall,bedroom,0.34729301929473877,0.26742658019065857,0.37701054676715107,True,EleutherAI/pythia-12b,Pythia 12B,,,33000,
8,8_tb_1_e_e_im,True Belief,Implicit,End,End,passage_hr,passage,2,"At the end of the story, the painting was in the",bedroom,hall,0.5621902346611023,0.1076086238026619,2.3852646933347676,True,EleutherAI/pythia-12b,Pythia 12B,,,33000,
8,8_tb_1_e_e_im,True Belief,Implicit,End,End,passage_hr,passage,3,The person who put the painting in the hall was,Sarah,James,0.06621421128511429,0.12149840593338013,-0.8757245905977642,False,EleutherAI/pythia-12b,Pythia 12B,,,33000,
8,8_tb_1_e_e_im,True Belief,Implicit,End,End,passage_hr,passage,4,The person who moved the painting to the bedroom was,James,Sarah,0.2511046826839447,0.0959918275475502,1.3873054432153091,True,EleutherAI/pythia-12b,Pythia 12B,,,33000,
8,8_fb_1_e_s_ex,False Belief,Explicit,End,Start,passage_hr,passage,1,"At the start of the story, Sarah put the painting in the",hall,bedroom,0.3172394931316376,0.29439690709114075,0.10780986862604407,True,EleutherAI/pythia-12b,Pythia 12B,,,33000,
8,8_fb_1_e_s_ex,False Belief,Explicit,End,Start,passage_hr,passage,2,"At the end of the story, the painting was in the",bedroom,hall,0.5586079955101013,0.10109563171863556,2.4661155628533495,True,EleutherAI/pythia-12b,Pythia 12B,,,33000,
8,8_fb_1_e_s_ex,False Belief,Explicit,End,Start,passage_hr,passage,3,The person who put the painting in the hall was,Sarah,James,0.0809129923582077,0.10362241417169571,-0.3568928179299052,False,EleutherAI/pythia-12b,Pythia 12B,,,33000,
8,8_fb_1_e_s_ex,False Belief,Explicit,End,Start,passage_hr,passage,4,The person who moved the painting to the bedroom was,James,Sarah,0.26449719071388245,0.08692944794893265,1.6053355113944034,True,EleutherAI/pythia-12b,Pythia 12B,,,33000,
8,8_fb_1_e_s_im,False Belief,Implicit,End,Start,passage_hr,passage,1,"At the start of the story, Sarah put the painting in the",hall,bedroom,0.3172394931316376,0.29439690709114075,0.10780986862604407,True,EleutherAI/pythia-12b,Pythia 12B,,,33000,
8,8_fb_1_e_s_im,False Belief,Implicit,End,Start,passage_hr,passage,2,"At the end of the story, the painting was in the",bedroom,hall,0.5586079955101013,0.10109563171863556,2.4661155628533495,True,EleutherAI/pythia-12b,Pythia 12B,,,33000,
8,8_fb_1_e_s_im,False Belief,Implicit,End,Start,passage_hr,passage,3,The person who put the painting in the hall was,Sarah,James,0.0809129923582077,0.10362241417169571,-0.3568928179299052,False,EleutherAI/pythia-12b,Pythia 12B,,,33000,
8,8_fb_1_e_s_im,False Belief,Implicit,End,Start,passage_hr,passage,4,The person who moved the painting to the bedroom was,James,Sarah,0.26449719071388245,0.08692944794893265,1.6053355113944034,True,EleutherAI/pythia-12b,Pythia 12B,,,33000,
8,8_tb_1_e_s_ex,True Belief,Explicit,End,Start,passage_hr,passage,1,"At the start of the story, Sarah put the painting in the",hall,bedroom,0.2755991518497467,0.32625553011894226,-0.2434309077713855,False,EleutherAI/pythia-12b,Pythia 12B,,,33000,
8,8_tb_1_e_s_ex,True Belief,Explicit,End,Start,passage_hr,passage,2,"At the end of the story, the painting was in the",bedroom,hall,0.5792061686515808,0.08547919988632202,2.760431658399655,True,EleutherAI/pythia-12b,Pythia 12B,,,33000,
8,8_tb_1_e_s_ex,True Belief,Explicit,End,Start,passage_hr,passage,3,The person who put the painting in the hall was,Sarah,James,0.07476657629013062,0.14750754833221436,-0.9803234068975248,False,EleutherAI/pythia-12b,Pythia 12B,,,33000,
8,8_tb_1_e_s_ex,True Belief,Explicit,End,Start,passage_hr,passage,4,The person who moved the painting to the bedroom was,James,Sarah,0.2591902017593384,0.10003601014614105,1.3734917575681334,True,EleutherAI/pythia-12b,Pythia 12B,,,33000,
8,8_tb_1_e_s_im,True Belief,Implicit,End,Start,passage_hr,passage,1,"At the start of the story, Sarah put the painting in the",hall,bedroom,0.2755991518497467,0.32625553011894226,-0.2434309077713855,False,EleutherAI/pythia-12b,Pythia 12B,,,33000,
8,8_tb_1_e_s_im,True Belief,Implicit,End,Start,passage_hr,passage,2,"At the end of the story, the painting was in the",bedroom,hall,0.5792061686515808,0.08547919988632202,2.760431658399655,True,EleutherAI/pythia-12b,Pythia 12B,,,33000,
8,8_tb_1_e_s_im,True Belief,Implicit,End,Start,passage_hr,passage,3,The person who put the painting in the hall was,Sarah,James,0.07476657629013062,0.14750754833221436,-0.9803234068975248,False,EleutherAI/pythia-12b,Pythia 12B,,,33000,
8,8_tb_1_e_s_im,True Belief,Implicit,End,Start,passage_hr,passage,4,The person who moved the painting to the bedroom was,James,Sarah,0.2591902017593384,0.10003601014614105,1.3734917575681334,True,EleutherAI/pythia-12b,Pythia 12B,,,33000,
9,9_fb_1_s_e_ex,False Belief,Explicit,Start,End,passage_hr,passage,1,"At the start of the story, Lisa put the grater in the",cupboard,drawer,0.4783360958099365,0.32706692814826965,0.5484387763409896,True,EleutherAI/pythia-12b,Pythia 12B,,,33000,
9,9_fb_1_s_e_ex,False Belief,Explicit,Start,End,passage_hr,passage,2,"At the end of the story, the grater was in the",drawer,cupboard,0.3871289789676666,0.3087024688720703,0.3265972851392619,True,EleutherAI/pythia-12b,Pythia 12B,,,33000,
9,9_fb_1_s_e_ex,False Belief,Explicit,Start,End,passage_hr,passage,3,The person who put the grater in the cupboard was,Lisa,Robert,0.01824183203279972,0.13050439953804016,-2.8387759112617124,False,EleutherAI/pythia-12b,Pythia 12B,,,33000,
9,9_fb_1_s_e_ex,False Belief,Explicit,Start,End,passage_hr,passage,4,The person who moved the grater to the drawer was,Robert,Lisa,0.38505980372428894,0.01982831582427025,4.279448480118934,True,EleutherAI/pythia-12b,Pythia 12B,,,33000,
9,9_fb_1_s_e_im,False Belief,Implicit,Start,End,passage_hr,passage,1,"At the start of the story, Lisa put the grater in the",cupboard,drawer,0.4783360958099365,0.32706692814826965,0.5484387763409896,True,EleutherAI/pythia-12b,Pythia 12B,,,33000,
9,9_fb_1_s_e_im,False Belief,Implicit,Start,End,passage_hr,passage,2,"At the end of the story, the grater was in the",drawer,cupboard,0.3871289789676666,0.3087024688720703,0.3265972851392619,True,EleutherAI/pythia-12b,Pythia 12B,,,33000,
9,9_fb_1_s_e_im,False Belief,Implicit,Start,End,passage_hr,passage,3,The person who put the grater in the cupboard was,Lisa,Robert,0.01824183203279972,0.13050439953804016,-2.8387759112617124,False,EleutherAI/pythia-12b,Pythia 12B,,,33000,
9,9_fb_1_s_e_im,False Belief,Implicit,Start,End,passage_hr,passage,4,The person who moved the grater to the drawer was,Robert,Lisa,0.38505980372428894,0.01982831582427025,4.279448480118934,True,EleutherAI/pythia-12b,Pythia 12B,,,33000,
9,9_tb_1_s_e_ex,True Belief,Explicit,Start,End,passage_hr,passage,1,"At the start of the story, Lisa put the grater in the",cupboard,drawer,0.46289703249931335,0.3306627869606018,0.48533062127685916,True,EleutherAI/pythia-12b,Pythia 12B,,,33000,
9,9_tb_1_s_e_ex,True Belief,Explicit,Start,End,passage_hr,passage,2,"At the end of the story, the grater was in the",drawer,cupboard,0.3277435600757599,0.3654867112636566,-0.1572515193525543,False,EleutherAI/pythia-12b,Pythia 12B,,,33000,
9,9_tb_1_s_e_ex,True Belief,Explicit,Start,End,passage_hr,passage,3,The person who put the grater in the cupboard was,Lisa,Robert,0.027848059311509132,0.043234340846538544,-0.6346009021833031,False,EleutherAI/pythia-12b,Pythia 12B,,,33000,
9,9_tb_1_s_e_ex,True Belief,Explicit,Start,End,passage_hr,passage,4,The person who moved the grater to the drawer was,Robert,Lisa,0.19049030542373657,0.04570275917649269,2.0593644051523388,True,EleutherAI/pythia-12b,Pythia 12B,,,33000,
9,9_tb_1_s_e_im,True Belief,Implicit,Start,End,passage_hr,passage,1,"At the start of the story, Lisa put the grater in the",cupboard,drawer,0.46289703249931335,0.3306627869606018,0.48533062127685916,True,EleutherAI/pythia-12b,Pythia 12B,,,33000,
9,9_tb_1_s_e_im,True Belief,Implicit,Start,End,passage_hr,passage,2,"At the end of the story, the grater was in the",drawer,cupboard,0.3277435600757599,0.3654867112636566,-0.1572515193525543,False,EleutherAI/pythia-12b,Pythia 12B,,,33000,
9,9_tb_1_s_e_im,True Belief,Implicit,Start,End,passage_hr,passage,3,The person who put the grater in the cupboard was,Lisa,Robert,0.027848059311509132,0.043234340846538544,-0.6346009021833031,False,EleutherAI/pythia-12b,Pythia 12B,,,33000,
9,9_tb_1_s_e_im,True Belief,Implicit,Start,End,passage_hr,passage,4,The person who moved the grater to the drawer was,Robert,Lisa,0.19049030542373657,0.04570275917649269,2.0593644051523388,True,EleutherAI/pythia-12b,Pythia 12B,,,33000,
9,9_fb_1_s_s_ex,False Belief,Explicit,Start,Start,passage_hr,passage,1,"At the start of the story, Lisa put the grater in the",cupboard,drawer,0.5033583641052246,0.28599146008491516,0.8156138194588928,True,EleutherAI/pythia-12b,Pythia 12B,,,33000,
9,9_fb_1_s_s_ex,False Belief,Explicit,Start,Start,passage_hr,passage,2,"At the end of the story, the grater was in the",drawer,cupboard,0.25308316946029663,0.4420757591724396,-0.8046820590556182,False,EleutherAI/pythia-12b,Pythia 12B,,,33000,
9,9_fb_1_s_s_ex,False Belief,Explicit,Start,Start,passage_hr,passage,3,The person who put the grater in the cupboard was,Lisa,Robert,0.01886754296720028,0.15815193951129913,-3.067332783806385,False,EleutherAI/pythia-12b,Pythia 12B,,,33000,
9,9_fb_1_s_s_ex,False Belief,Explicit,Start,Start,passage_hr,passage,4,The person who moved the grater to the drawer was,Robert,Lisa,0.4023498296737671,0.02008683793246746,4.3241280437756355,True,EleutherAI/pythia-12b,Pythia 12B,,,33000,
9,9_fb_1_s_s_im,False Belief,Implicit,Start,Start,passage_hr,passage,1,"At the start of the story, Lisa put the grater in the",cupboard,drawer,0.5033583641052246,0.28599146008491516,0.8156138194588928,True,EleutherAI/pythia-12b,Pythia 12B,,,33000,
9,9_fb_1_s_s_im,False Belief,Implicit,Start,Start,passage_hr,passage,2,"At the end of the story, the grater was in the",drawer,cupboard,0.25308316946029663,0.4420757591724396,-0.8046820590556182,False,EleutherAI/pythia-12b,Pythia 12B,,,33000,
9,9_fb_1_s_s_im,False Belief,Implicit,Start,Start,passage_hr,passage,3,The person who put the grater in the cupboard was,Lisa,Robert,0.01886754296720028,0.15815193951129913,-3.067332783806385,False,EleutherAI/pythia-12b,Pythia 12B,,,33000,
9,9_fb_1_s_s_im,False Belief,Implicit,Start,Start,passage_hr,passage,4,The person who moved the grater to the drawer was,Robert,Lisa,0.4023498296737671,0.02008683793246746,4.3241280437756355,True,EleutherAI/pythia-12b,Pythia 12B,,,33000,
9,9_tb_1_s_s_ex,True Belief,Explicit,Start,Start,passage_hr,passage,1,"At the start of the story, Lisa put the grater in the",cupboard,drawer,0.47968602180480957,0.32130682468414307,0.5781387750352776,True,EleutherAI/pythia-12b,Pythia 12B,,,33000,
9,9_tb_1_s_s_ex,True Belief,Explicit,Start,Start,passage_hr,passage,2,"At the end of the story, the grater was in the",drawer,cupboard,0.24909915030002594,0.4561276137828827,-0.8727174125964929,False,EleutherAI/pythia-12b,Pythia 12B,,,33000,
9,9_tb_1_s_s_ex,True Belief,Explicit,Start,Start,passage_hr,passage,3,The person who put the grater in the cupboard was,Lisa,Robert,0.028429735451936722,0.0616619810461998,-1.1169805660709264,False,EleutherAI/pythia-12b,Pythia 12B,,,33000,
9,9_tb_1_s_s_ex,True Belief,Explicit,Start,Start,passage_hr,passage,4,The person who moved the grater to the drawer was,Robert,Lisa,0.22720247507095337,0.05062302201986313,2.1661130121342214,True,EleutherAI/pythia-12b,Pythia 12B,,,33000,
9,9_tb_1_s_s_im,True Belief,Implicit,Start,Start,passage_hr,passage,1,"At the start of the story, Lisa put the grater in the",cupboard,drawer,0.47968602180480957,0.32130682468414307,0.5781387750352776,True,EleutherAI/pythia-12b,Pythia 12B,,,33000,
9,9_tb_1_s_s_im,True Belief,Implicit,Start,Start,passage_hr,passage,2,"At the end of the story, the grater was in the",drawer,cupboard,0.24909915030002594,0.4561276137828827,-0.8727174125964929,False,EleutherAI/pythia-12b,Pythia 12B,,,33000,
9,9_tb_1_s_s_im,True Belief,Implicit,Start,Start,passage_hr,passage,3,The person who put the grater in the cupboard was,Lisa,Robert,0.028429735451936722,0.0616619810461998,-1.1169805660709264,False,EleutherAI/pythia-12b,Pythia 12B,,,33000,
9,9_tb_1_s_s_im,True Belief,Implicit,Start,Start,passage_hr,passage,4,The person who moved the grater to the drawer was,Robert,Lisa,0.22720247507095337,0.05062302201986313,2.1661130121342214,True,EleutherAI/pythia-12b,Pythia 12B,,,33000,
9,9_fb_1_e_e_ex,False Belief,Explicit,End,End,passage_hr,passage,1,"At the start of the story, Lisa put the grater in the",cupboard,drawer,0.4250301718711853,0.38909590244293213,0.12743947092851227,True,EleutherAI/pythia-12b,Pythia 12B,,,33000,
9,9_fb_1_e_e_ex,False Belief,Explicit,End,End,passage_hr,passage,2,"At the end of the story, the grater was in the",drawer,cupboard,0.34017691016197205,0.3476339876651764,-0.03128391922836047,False,EleutherAI/pythia-12b,Pythia 12B,,,33000,
9,9_fb_1_e_e_ex,False Belief,Explicit,End,End,passage_hr,passage,3,The person who put the grater in the cupboard was,Lisa,Robert,0.0182808768004179,0.1584695279598236,-3.115798279064925,False,EleutherAI/pythia-12b,Pythia 12B,,,33000,
9,9_fb_1_e_e_ex,False Belief,Explicit,End,End,passage_hr,passage,4,The person who moved the grater to the drawer was,Robert,Lisa,0.374860018491745,0.02046319656074047,4.195248528531917,True,EleutherAI/pythia-12b,Pythia 12B,,,33000,
9,9_fb_1_e_e_im,False Belief,Implicit,End,End,passage_hr,passage,1,"At the start of the story, Lisa put the grater in the",cupboard,drawer,0.4250301718711853,0.38909590244293213,0.12743947092851227,True,EleutherAI/pythia-12b,Pythia 12B,,,33000,
9,9_fb_1_e_e_im,False Belief,Implicit,End,End,passage_hr,passage,2,"At the end of the story, the grater was in the",drawer,cupboard,0.34017691016197205,0.3476339876651764,-0.03128391922836047,False,EleutherAI/pythia-12b,Pythia 12B,,,33000,
9,9_fb_1_e_e_im,False Belief,Implicit,End,End,passage_hr,passage,3,The person who put the grater in the cupboard was,Lisa,Robert,0.0182808768004179,0.1584695279598236,-3.115798279064925,False,EleutherAI/pythia-12b,Pythia 12B,,,33000,
9,9_fb_1_e_e_im,False Belief,Implicit,End,End,passage_hr,passage,4,The person who moved the grater to the drawer was,Robert,Lisa,0.374860018491745,0.02046319656074047,4.195248528531917,True,EleutherAI/pythia-12b,Pythia 12B,,,33000,
9,9_tb_1_e_e_ex,True Belief,Explicit,End,End,passage_hr,passage,1,"At the start of the story, Lisa put the grater in the",cupboard,drawer,0.42791444063186646,0.3881566822528839,0.14068324147894895,True,EleutherAI/pythia-12b,Pythia 12B,,,33000,
9,9_tb_1_e_e_ex,True Belief,Explicit,End,End,passage_hr,passage,2,"At the end of the story, the grater was in the",drawer,cupboard,0.3074348270893097,0.40122029185295105,-0.3841139657153199,False,EleutherAI/pythia-12b,Pythia 12B,,,33000,
9,9_tb_1_e_e_ex,True Belief,Explicit,End,End,passage_hr,passage,3,The person who put the grater in the cupboard was,Lisa,Robert,0.02833331748843193,0.05710833892226219,-1.0112018886273202,False,EleutherAI/pythia-12b,Pythia 12B,,,33000,
9,9_tb_1_e_e_ex,True Belief,Explicit,End,End,passage_hr,passage,4,The person who moved the grater to the drawer was,Robert,Lisa,0.1830366998910904,0.044884342700242996,2.0278487729487287,True,EleutherAI/pythia-12b,Pythia 12B,,,33000,
9,9_tb_1_e_e_im,True Belief,Implicit,End,End,passage_hr,passage,1,"At the start of the story, Lisa put the grater in the",cupboard,drawer,0.42791444063186646,0.3881566822528839,0.14068324147894895,True,EleutherAI/pythia-12b,Pythia 12B,,,33000,
9,9_tb_1_e_e_im,True Belief,Implicit,End,End,passage_hr,passage,2,"At the end of the story, the grater was in the",drawer,cupboard,0.3074348270893097,0.40122029185295105,-0.3841139657153199,False,EleutherAI/pythia-12b,Pythia 12B,,,33000,
9,9_tb_1_e_e_im,True Belief,Implicit,End,End,passage_hr,passage,3,The person who put the grater in the cupboard was,Lisa,Robert,0.02833331748843193,0.05710833892226219,-1.0112018886273202,False,EleutherAI/pythia-12b,Pythia 12B,,,33000,
9,9_tb_1_e_e_im,True Belief,Implicit,End,End,passage_hr,passage,4,The person who moved the grater to the drawer was,Robert,Lisa,0.1830366998910904,0.044884342700242996,2.0278487729487287,True,EleutherAI/pythia-12b,Pythia 12B,,,33000,
9,9_fb_1_e_s_ex,False Belief,Explicit,End,Start,passage_hr,passage,1,"At the start of the story, Lisa put the grater in the",cupboard,drawer,0.5201231837272644,0.2774437665939331,0.9066579554571237,True,EleutherAI/pythia-12b,Pythia 12B,,,33000,
9,9_fb_1_e_s_ex,False Belief,Explicit,End,Start,passage_hr,passage,2,"At the end of the story, the grater was in the",drawer,cupboard,0.22037114202976227,0.4741487205028534,-1.105404329890143,False,EleutherAI/pythia-12b,Pythia 12B,,,33000,
9,9_fb_1_e_s_ex,False Belief,Explicit,End,Start,passage_hr,passage,3,The person who put the grater in the cupboard was,Lisa,Robert,0.01826280727982521,0.18811175227165222,-3.3646095316431897,False,EleutherAI/pythia-12b,Pythia 12B,,,33000,
9,9_fb_1_e_s_ex,False Belief,Explicit,End,Start,passage_hr,passage,4,The person who moved the grater to the drawer was,Robert,Lisa,0.3903121054172516,0.020237725228071213,4.269509166584926,True,EleutherAI/pythia-12b,Pythia 12B,,,33000,
9,9_fb_1_e_s_im,False Belief,Implicit,End,Start,passage_hr,passage,1,"At the start of the story, Lisa put the grater in the",cupboard,drawer,0.5201231837272644,0.2774437665939331,0.9066579554571237,True,EleutherAI/pythia-12b,Pythia 12B,,,33000,
9,9_fb_1_e_s_im,False Belief,Implicit,End,Start,passage_hr,passage,2,"At the end of the story, the grater was in the",drawer,cupboard,0.22037114202976227,0.4741487205028534,-1.105404329890143,False,EleutherAI/pythia-12b,Pythia 12B,,,33000,
9,9_fb_1_e_s_im,False Belief,Implicit,End,Start,passage_hr,passage,3,The person who put the grater in the cupboard was,Lisa,Robert,0.01826280727982521,0.18811175227165222,-3.3646095316431897,False,EleutherAI/pythia-12b,Pythia 12B,,,33000,
9,9_fb_1_e_s_im,False Belief,Implicit,End,Start,passage_hr,passage,4,The person who moved the grater to the drawer was,Robert,Lisa,0.3903121054172516,0.020237725228071213,4.269509166584926,True,EleutherAI/pythia-12b,Pythia 12B,,,33000,
9,9_tb_1_e_s_ex,True Belief,Explicit,End,Start,passage_hr,passage,1,"At the start of the story, Lisa put the grater in the",cupboard,drawer,0.44701915979385376,0.3743402659893036,0.2559864280472856,True,EleutherAI/pythia-12b,Pythia 12B,,,33000,
9,9_tb_1_e_s_ex,True Belief,Explicit,End,Start,passage_hr,passage,2,"At the end of the story, the grater was in the",drawer,cupboard,0.27509206533432007,0.4494028091430664,-0.7080946149657829,False,EleutherAI/pythia-12b,Pythia 12B,,,33000,
9,9_tb_1_e_s_ex,True Belief,Explicit,End,Start,passage_hr,passage,3,The person who put the grater in the cupboard was,Lisa,Robert,0.028570935130119324,0.07314953953027725,-1.3563005261297396,False,EleutherAI/pythia-12b,Pythia 12B,,,33000,
9,9_tb_1_e_s_ex,True Belief,Explicit,End,Start,passage_hr,passage,4,The person who moved the grater to the drawer was,Robert,Lisa,0.20463187992572784,0.04842652752995491,2.079161460399732,True,EleutherAI/pythia-12b,Pythia 12B,,,33000,
9,9_tb_1_e_s_im,True Belief,Implicit,End,Start,passage_hr,passage,1,"At the start of the story, Lisa put the grater in the",cupboard,drawer,0.44701915979385376,0.3743402659893036,0.2559864280472856,True,EleutherAI/pythia-12b,Pythia 12B,,,33000,
9,9_tb_1_e_s_im,True Belief,Implicit,End,Start,passage_hr,passage,2,"At the end of the story, the grater was in the",drawer,cupboard,0.27509206533432007,0.4494028091430664,-0.7080946149657829,False,EleutherAI/pythia-12b,Pythia 12B,,,33000,
9,9_tb_1_e_s_im,True Belief,Implicit,End,Start,passage_hr,passage,3,The person who put the grater in the cupboard was,Lisa,Robert,0.028570935130119324,0.07314953953027725,-1.3563005261297396,False,EleutherAI/pythia-12b,Pythia 12B,,,33000,
9,9_tb_1_e_s_im,True Belief,Implicit,End,Start,passage_hr,passage,4,The person who moved the grater to the drawer was,Robert,Lisa,0.20463187992572784,0.04842652752995491,2.079161460399732,True,EleutherAI/pythia-12b,Pythia 12B,,,33000,
10,10_fb_1_s_e_ex,False Belief,Explicit,Start,End,passage_hr,passage,1,"At the start of the story, John put the shovel in the",toolbox,van,0.8625777959823608,0.03197627142071724,4.753580950556508,True,EleutherAI/pythia-12b,Pythia 12B,,,33000,
10,10_fb_1_s_e_ex,False Belief,Explicit,Start,End,passage_hr,passage,2,"At the end of the story, the shovel was in the",van,toolbox,0.1832430511713028,0.6299353241920471,-1.7814452235037321,False,EleutherAI/pythia-12b,Pythia 12B,,,33000,
10,10_fb_1_s_e_ex,False Belief,Explicit,Start,End,passage_hr,passage,3,The person who put the shovel in the toolbox was,John,Karen,0.10223575681447983,0.09751107543706894,0.06826186863395371,True,EleutherAI/pythia-12b,Pythia 12B,,,33000,
10,10_fb_1_s_e_ex,False Belief,Explicit,Start,End,passage_hr,passage,4,The person who moved the shovel to the van was,Karen,John,0.13405323028564453,0.08388354629278183,0.6763462246530803,True,EleutherAI/pythia-12b,Pythia 12B,,,33000,
10,10_fb_1_s_e_im,False Belief,Implicit,Start,End,passage_hr,passage,1,"At the start of the story, John put the shovel in the",toolbox,van,0.8625777959823608,0.03197627142071724,4.753580950556508,True,EleutherAI/pythia-12b,Pythia 12B,,,33000,
10,10_fb_1_s_e_im,False Belief,Implicit,Start,End,passage_hr,passage,2,"At the end of the story, the shovel was in the",van,toolbox,0.1832430511713028,0.6299353241920471,-1.7814452235037321,False,EleutherAI/pythia-12b,Pythia 12B,,,33000,
10,10_fb_1_s_e_im,False Belief,Implicit,Start,End,passage_hr,passage,3,The person who put the shovel in the toolbox was,John,Karen,0.10223575681447983,0.09751107543706894,0.06826186863395371,True,EleutherAI/pythia-12b,Pythia 12B,,,33000,
10,10_fb_1_s_e_im,False Belief,Implicit,Start,End,passage_hr,passage,4,The person who moved the shovel to the van was,Karen,John,0.13405323028564453,0.08388354629278183,0.6763462246530803,True,EleutherAI/pythia-12b,Pythia 12B,,,33000,
10,10_tb_1_s_e_ex,True Belief,Explicit,Start,End,passage_hr,passage,1,"At the start of the story, John put the shovel in the",toolbox,van,0.8021709322929382,0.05517658591270447,3.8617815923009418,True,EleutherAI/pythia-12b,Pythia 12B,,,33000,
10,10_tb_1_s_e_ex,True Belief,Explicit,Start,End,passage_hr,passage,2,"At the end of the story, the shovel was in the",van,toolbox,0.23693689703941345,0.4929310381412506,-1.0568829453152153,False,EleutherAI/pythia-12b,Pythia 12B,,,33000,
10,10_tb_1_s_e_ex,True Belief,Explicit,Start,End,passage_hr,passage,3,The person who put the shovel in the toolbox was,John,Karen,0.09238076955080032,0.06284338980913162,0.5558315616395618,True,EleutherAI/pythia-12b,Pythia 12B,,,33000,
10,10_tb_1_s_e_ex,True Belief,Explicit,Start,End,passage_hr,passage,4,The person who moved the shovel to the van was,Karen,John,0.06229967996478081,0.06888584047555923,-0.14498271449807695,False,EleutherAI/pythia-12b,Pythia 12B,,,33000,
10,10_tb_1_s_e_im,True Belief,Implicit,Start,End,passage_hr,passage,1,"At the start of the story, John put the shovel in the",toolbox,van,0.8086402416229248,0.05311618372797966,3.928274599176242,True,EleutherAI/pythia-12b,Pythia 12B,,,33000,
10,10_tb_1_s_e_im,True Belief,Implicit,Start,End,passage_hr,passage,2,"At the end of the story, the shovel was in the",van,toolbox,0.23109135031700134,0.5039327144622803,-1.1247678555234664,False,EleutherAI/pythia-12b,Pythia 12B,,,33000,
10,10_tb_1_s_e_im,True Belief,Implicit,Start,End,passage_hr,passage,3,The person who put the shovel in the toolbox was,John,Karen,0.09618505835533142,0.065937839448452,0.5447061835572954,True,EleutherAI/pythia-12b,Pythia 12B,,,33000,
10,10_tb_1_s_e_im,True Belief,Implicit,Start,End,passage_hr,passage,4,The person who moved the shovel to the van was,Karen,John,0.06491724401712418,0.0750236064195633,-0.20874286236876471,False,EleutherAI/pythia-12b,Pythia 12B,,,33000,
10,10_fb_1_s_s_ex,False Belief,Explicit,Start,Start,passage_hr,passage,1,"At the start of the story, John put the shovel in the",toolbox,van,0.8745791912078857,0.04081348702311516,4.421471140932829,True,EleutherAI/pythia-12b,Pythia 12B,,,33000,
10,10_fb_1_s_s_ex,False Belief,Explicit,Start,Start,passage_hr,passage,2,"At the end of the story, the shovel was in the",van,toolbox,0.2026703655719757,0.665296196937561,-1.7148616332106528,False,EleutherAI/pythia-12b,Pythia 12B,,,33000,
10,10_fb_1_s_s_ex,False Belief,Explicit,Start,Start,passage_hr,passage,3,The person who put the shovel in the toolbox was,John,Karen,0.0949304848909378,0.10887882113456726,-0.19777999416415654,False,EleutherAI/pythia-12b,Pythia 12B,,,33000,
10,10_fb_1_s_s_ex,False Belief,Explicit,Start,Start,passage_hr,passage,4,The person who moved the shovel to the van was,Karen,John,0.16035105288028717,0.07672140747308731,1.0635327343769565,True,EleutherAI/pythia-12b,Pythia 12B,,,33000,
10,10_fb_1_s_s_im,False Belief,Implicit,Start,Start,passage_hr,passage,1,"At the start of the story, John put the shovel in the",toolbox,van,0.8745791912078857,0.04081348702311516,4.421471140932829,True,EleutherAI/pythia-12b,Pythia 12B,,,33000,
10,10_fb_1_s_s_im,False Belief,Implicit,Start,Start,passage_hr,passage,2,"At the end of the story, the shovel was in the",van,toolbox,0.2026703655719757,0.665296196937561,-1.7148616332106528,False,EleutherAI/pythia-12b,Pythia 12B,,,33000,
10,10_fb_1_s_s_im,False Belief,Implicit,Start,Start,passage_hr,passage,3,The person who put the shovel in the toolbox was,John,Karen,0.0949304848909378,0.10887882113456726,-0.19777999416415654,False,EleutherAI/pythia-12b,Pythia 12B,,,33000,
10,10_fb_1_s_s_im,False Belief,Implicit,Start,Start,passage_hr,passage,4,The person who moved the shovel to the van was,Karen,John,0.16035105288028717,0.07672140747308731,1.0635327343769565,True,EleutherAI/pythia-12b,Pythia 12B,,,33000,
10,10_tb_1_s_s_ex,True Belief,Explicit,Start,Start,passage_hr,passage,1,"At the start of the story, John put the shovel in the",toolbox,van,0.8470867276191711,0.05230662226676941,4.0174441699514025,True,EleutherAI/pythia-12b,Pythia 12B,,,33000,
10,10_tb_1_s_s_ex,True Belief,Explicit,Start,Start,passage_hr,passage,2,"At the end of the story, the shovel was in the",van,toolbox,0.1808474361896515,0.661306619644165,-1.8705461973878537,False,EleutherAI/pythia-12b,Pythia 12B,,,33000,
10,10_tb_1_s_s_ex,True Belief,Explicit,Start,Start,passage_hr,passage,3,The person who put the shovel in the toolbox was,John,Karen,0.09132209420204163,0.06198343634605408,0.5590812040943507,True,EleutherAI/pythia-12b,Pythia 12B,,,33000,
10,10_tb_1_s_s_ex,True Belief,Explicit,Start,Start,passage_hr,passage,4,The person who moved the shovel to the van was,Karen,John,0.0825338214635849,0.08058581501245499,0.03445952823963871,True,EleutherAI/pythia-12b,Pythia 12B,,,33000,
10,10_tb_1_s_s_im,True Belief,Implicit,Start,Start,passage_hr,passage,1,"At the start of the story, John put the shovel in the",toolbox,van,0.8562562465667725,0.04759073629975319,4.169289927327999,True,EleutherAI/pythia-12b,Pythia 12B,,,33000,
10,10_tb_1_s_s_im,True Belief,Implicit,Start,Start,passage_hr,passage,2,"At the end of the story, the shovel was in the",van,toolbox,0.16890586912631989,0.6765820384025574,-2.0020454179664102,False,EleutherAI/pythia-12b,Pythia 12B,,,33000,
10,10_tb_1_s_s_im,True Belief,Implicit,Start,Start,passage_hr,passage,3,The person who put the shovel in the toolbox was,John,Karen,0.09535716474056244,0.06441417336463928,0.5659631742191,True,EleutherAI/pythia-12b,Pythia 12B,,,33000,
10,10_tb_1_s_s_im,True Belief,Implicit,Start,Start,passage_hr,passage,4,The person who moved the shovel to the van was,Karen,John,0.08543574064970016,0.08851709216833115,-0.05111633457185127,False,EleutherAI/pythia-12b,Pythia 12B,,,33000,
10,10_fb_1_e_e_ex,False Belief,Explicit,End,End,passage_hr,passage,1,"At the start of the story, John put the shovel in the",toolbox,van,0.8622217774391174,0.03379122540354729,4.673338427239342,True,EleutherAI/pythia-12b,Pythia 12B,,,33000,
10,10_fb_1_e_e_ex,False Belief,Explicit,End,End,passage_hr,passage,2,"At the end of the story, the shovel was in the",van,toolbox,0.22243857383728027,0.581940233707428,-1.3874640009460724,False,EleutherAI/pythia-12b,Pythia 12B,,,33000,
10,10_fb_1_e_e_ex,False Belief,Explicit,End,End,passage_hr,passage,3,The person who put the shovel in the toolbox was,John,Karen,0.09389414638280869,0.12014307081699371,-0.3556463200032207,False,EleutherAI/pythia-12b,Pythia 12B,,,33000,
10,10_fb_1_e_e_ex,False Belief,Explicit,End,End,passage_hr,passage,4,The person who moved the shovel to the van was,Karen,John,0.15478627383708954,0.08658810704946518,0.8380367533295311,True,EleutherAI/pythia-12b,Pythia 12B,,,33000,
10,10_fb_1_e_e_im,False Belief,Implicit,End,End,passage_hr,passage,1,"At the start of the story, John put the shovel in the",toolbox,van,0.8622217774391174,0.03379122540354729,4.673338427239342,True,EleutherAI/pythia-12b,Pythia 12B,,,33000,
10,10_fb_1_e_e_im,False Belief,Implicit,End,End,passage_hr,passage,2,"At the end of the story, the shovel was in the",van,toolbox,0.22243857383728027,0.581940233707428,-1.3874640009460724,False,EleutherAI/pythia-12b,Pythia 12B,,,33000,
10,10_fb_1_e_e_im,False Belief,Implicit,End,End,passage_hr,passage,3,The person who put the shovel in the toolbox was,John,Karen,0.09389414638280869,0.12014307081699371,-0.3556463200032207,False,EleutherAI/pythia-12b,Pythia 12B,,,33000,
10,10_fb_1_e_e_im,False Belief,Implicit,End,End,passage_hr,passage,4,The person who moved the shovel to the van was,Karen,John,0.15478627383708954,0.08658810704946518,0.8380367533295311,True,EleutherAI/pythia-12b,Pythia 12B,,,33000,
10,10_tb_1_e_e_ex,True Belief,Explicit,End,End,passage_hr,passage,1,"At the start of the story, John put the shovel in the",toolbox,van,0.7823416590690613,0.07092288881540298,3.463475583291498,True,EleutherAI/pythia-12b,Pythia 12B,,,33000,
10,10_tb_1_e_e_ex,True Belief,Explicit,End,End,passage_hr,passage,2,"At the end of the story, the shovel was in the",van,toolbox,0.2901141941547394,0.44040751457214355,-0.6022182027881102,False,EleutherAI/pythia-12b,Pythia 12B,,,33000,
10,10_tb_1_e_e_ex,True Belief,Explicit,End,End,passage_hr,passage,3,The person who put the shovel in the toolbox was,John,Karen,0.08858099579811096,0.07658623903989792,0.20991202257929945,True,EleutherAI/pythia-12b,Pythia 12B,,,33000,
10,10_tb_1_e_e_ex,True Belief,Explicit,End,End,passage_hr,passage,4,The person who moved the shovel to the van was,Karen,John,0.07305988669395447,0.06867007166147232,0.08939804711878208,True,EleutherAI/pythia-12b,Pythia 12B,,,33000,
10,10_tb_1_e_e_im,True Belief,Implicit,End,End,passage_hr,passage,1,"At the start of the story, John put the shovel in the",toolbox,van,0.7811084389686584,0.07212651520967484,3.436921220502746,True,EleutherAI/pythia-12b,Pythia 12B,,,33000,
10,10_tb_1_e_e_im,True Belief,Implicit,End,End,passage_hr,passage,2,"At the end of the story, the shovel was in the",van,toolbox,0.2829560339450836,0.4614839255809784,-0.7057024940087501,False,EleutherAI/pythia-12b,Pythia 12B,,,33000,
10,10_tb_1_e_e_im,True Belief,Implicit,End,End,passage_hr,passage,3,The person who put the shovel in the toolbox was,John,Karen,0.0930757150053978,0.07913363724946976,0.2341137239788625,True,EleutherAI/pythia-12b,Pythia 12B,,,33000,
10,10_tb_1_e_e_im,True Belief,Implicit,End,End,passage_hr,passage,4,The person who moved the shovel to the van was,Karen,John,0.07653973251581192,0.07523948699235916,0.0247188470900989,True,EleutherAI/pythia-12b,Pythia 12B,,,33000,
10,10_fb_1_e_s_ex,False Belief,Explicit,End,Start,passage_hr,passage,1,"At the start of the story, John put the shovel in the",toolbox,van,0.8621395826339722,0.04874217137694359,4.144679037192094,True,EleutherAI/pythia-12b,Pythia 12B,,,33000,
10,10_fb_1_e_s_ex,False Belief,Explicit,End,Start,passage_hr,passage,2,"At the end of the story, the shovel was in the",van,toolbox,0.2398160994052887,0.6233556270599365,-1.3781269483972138,False,EleutherAI/pythia-12b,Pythia 12B,,,33000,
10,10_fb_1_e_s_ex,False Belief,Explicit,End,Start,passage_hr,passage,3,The person who put the shovel in the toolbox was,John,Karen,0.08283261209726334,0.12651970982551575,-0.6110913627758452,False,EleutherAI/pythia-12b,Pythia 12B,,,33000,
10,10_fb_1_e_s_ex,False Belief,Explicit,End,Start,passage_hr,passage,4,The person who moved the shovel to the van was,Karen,John,0.1860709935426712,0.08139064908027649,1.1929182135445073,True,EleutherAI/pythia-12b,Pythia 12B,,,33000,
10,10_fb_1_e_s_im,False Belief,Implicit,End,Start,passage_hr,passage,1,"At the start of the story, John put the shovel in the",toolbox,van,0.8621395826339722,0.04874217137694359,4.144679037192094,True,EleutherAI/pythia-12b,Pythia 12B,,,33000,
10,10_fb_1_e_s_im,False Belief,Implicit,End,Start,passage_hr,passage,2,"At the end of the story, the shovel was in the",van,toolbox,0.2398160994052887,0.6233556270599365,-1.3781269483972138,False,EleutherAI/pythia-12b,Pythia 12B,,,33000,
10,10_fb_1_e_s_im,False Belief,Implicit,End,Start,passage_hr,passage,3,The person who put the shovel in the toolbox was,John,Karen,0.08283261209726334,0.12651970982551575,-0.6110913627758452,False,EleutherAI/pythia-12b,Pythia 12B,,,33000,
10,10_fb_1_e_s_im,False Belief,Implicit,End,Start,passage_hr,passage,4,The person who moved the shovel to the van was,Karen,John,0.1860709935426712,0.08139064908027649,1.1929182135445073,True,EleutherAI/pythia-12b,Pythia 12B,,,33000,
10,10_tb_1_e_s_ex,True Belief,Explicit,End,Start,passage_hr,passage,1,"At the start of the story, John put the shovel in the",toolbox,van,0.8148689866065979,0.07187361270189285,3.5030340141252103,True,EleutherAI/pythia-12b,Pythia 12B,,,33000,
10,10_tb_1_e_s_ex,True Belief,Explicit,End,Start,passage_hr,passage,2,"At the end of the story, the shovel was in the",van,toolbox,0.2157869040966034,0.6211355924606323,-1.5253009281271266,False,EleutherAI/pythia-12b,Pythia 12B,,,33000,
10,10_tb_1_e_s_ex,True Belief,Explicit,End,Start,passage_hr,passage,3,The person who put the shovel in the toolbox was,John,Karen,0.08196958899497986,0.0700480192899704,0.22674450715077693,True,EleutherAI/pythia-12b,Pythia 12B,,,33000,
10,10_tb_1_e_s_ex,True Belief,Explicit,End,Start,passage_hr,passage,4,The person who moved the shovel to the van was,Karen,John,0.09537633508443832,0.07929600775241852,0.26638311339496923,True,EleutherAI/pythia-12b,Pythia 12B,,,33000,
10,10_tb_1_e_s_im,True Belief,Implicit,End,Start,passage_hr,passage,1,"At the start of the story, John put the shovel in the",toolbox,van,0.8219879269599915,0.06688710302114487,3.619317237831578,True,EleutherAI/pythia-12b,Pythia 12B,,,33000,
10,10_tb_1_e_s_im,True Belief,Implicit,End,Start,passage_hr,passage,2,"At the end of the story, the shovel was in the",van,toolbox,0.20136450231075287,0.6435633897781372,-1.6762728789771957,False,EleutherAI/pythia-12b,Pythia 12B,,,33000,
10,10_tb_1_e_s_im,True Belief,Implicit,End,Start,passage_hr,passage,3,The person who put the shovel in the toolbox was,John,Karen,0.08801575750112534,0.0725967139005661,0.2778575872975298,True,EleutherAI/pythia-12b,Pythia 12B,,,33000,
10,10_tb_1_e_s_im,True Belief,Implicit,End,Start,passage_hr,passage,4,The person who moved the shovel to the van was,Karen,John,0.09905806183815002,0.0881398618221283,0.1684797587089848,True,EleutherAI/pythia-12b,Pythia 12B,,,33000,
11,11_fb_1_s_e_ex,False Belief,Explicit,Start,End,passage_hr,passage,1,"At the start of the story, Patrick put the ticket in the",suitcase,backpack,0.5535727739334106,0.049979835748672485,3.469354924097844,True,EleutherAI/pythia-12b,Pythia 12B,,,33000,
11,11_fb_1_s_e_ex,False Belief,Explicit,Start,End,passage_hr,passage,2,"At the end of the story, the ticket was in the",backpack,suitcase,0.17494048178195953,0.4347270429134369,-1.3132456715374674,False,EleutherAI/pythia-12b,Pythia 12B,,,33000,
11,11_fb_1_s_e_ex,False Belief,Explicit,Start,End,passage_hr,passage,3,The person who put the ticket in the suitcase was,Patrick,Nicole,0.01036365982145071,0.12190784513950348,-3.5561854994954847,False,EleutherAI/pythia-12b,Pythia 12B,,,33000,
11,11_fb_1_s_e_ex,False Belief,Explicit,Start,End,passage_hr,passage,4,The person who moved the ticket to the backpack was,Nicole,Patrick,0.24217458069324493,0.0178628358989954,3.761014398129694,True,EleutherAI/pythia-12b,Pythia 12B,,,33000,
11,11_fb_1_s_e_im,False Belief,Implicit,Start,End,passage_hr,passage,1,"At the start of the story, Patrick put the ticket in the",suitcase,backpack,0.5535727739334106,0.049979835748672485,3.469354924097844,True,EleutherAI/pythia-12b,Pythia 12B,,,33000,
11,11_fb_1_s_e_im,False Belief,Implicit,Start,End,passage_hr,passage,2,"At the end of the story, the ticket was in the",backpack,suitcase,0.17494048178195953,0.4347270429134369,-1.3132456715374674,False,EleutherAI/pythia-12b,Pythia 12B,,,33000,
11,11_fb_1_s_e_im,False Belief,Implicit,Start,End,passage_hr,passage,3,The person who put the ticket in the suitcase was,Patrick,Nicole,0.01036365982145071,0.12190784513950348,-3.5561854994954847,False,EleutherAI/pythia-12b,Pythia 12B,,,33000,
11,11_fb_1_s_e_im,False Belief,Implicit,Start,End,passage_hr,passage,4,The person who moved the ticket to the backpack was,Nicole,Patrick,0.24217458069324493,0.0178628358989954,3.761014398129694,True,EleutherAI/pythia-12b,Pythia 12B,,,33000,
11,11_tb_1_s_e_ex,True Belief,Explicit,Start,End,passage_hr,passage,1,"At the start of the story, Patrick put the ticket in the",suitcase,backpack,0.5741291046142578,0.03348381072282791,4.099839560259852,True,EleutherAI/pythia-12b,Pythia 12B,,,33000,
11,11_tb_1_s_e_ex,True Belief,Explicit,Start,End,passage_hr,passage,2,"At the end of the story, the ticket was in the",backpack,suitcase,0.14875859022140503,0.3673379123210907,-1.3041348210849262,False,EleutherAI/pythia-12b,Pythia 12B,,,33000,
11,11_tb_1_s_e_ex,True Belief,Explicit,Start,End,passage_hr,passage,3,The person who put the ticket in the suitcase was,Patrick,Nicole,0.0055193123407661915,0.037361692637205124,-2.7589993806854696,False,EleutherAI/pythia-12b,Pythia 12B,,,33000,
11,11_tb_1_s_e_ex,True Belief,Explicit,Start,End,passage_hr,passage,4,The person who moved the ticket to the backpack was,Nicole,Patrick,0.12355951964855194,0.010182349011301994,3.6010638408041973,True,EleutherAI/pythia-12b,Pythia 12B,,,33000,
11,11_tb_1_s_e_im,True Belief,Implicit,Start,End,passage_hr,passage,1,"At the start of the story, Patrick put the ticket in the",suitcase,backpack,0.5741291046142578,0.03348381072282791,4.099839560259852,True,EleutherAI/pythia-12b,Pythia 12B,,,33000,
11,11_tb_1_s_e_im,True Belief,Implicit,Start,End,passage_hr,passage,2,"At the end of the story, the ticket was in the",backpack,suitcase,0.14875859022140503,0.3673379123210907,-1.3041348210849262,False,EleutherAI/pythia-12b,Pythia 12B,,,33000,
11,11_tb_1_s_e_im,True Belief,Implicit,Start,End,passage_hr,passage,3,The person who put the ticket in the suitcase was,Patrick,Nicole,0.0055193123407661915,0.037361692637205124,-2.7589993806854696,False,EleutherAI/pythia-12b,Pythia 12B,,,33000,
11,11_tb_1_s_e_im,True Belief,Implicit,Start,End,passage_hr,passage,4,The person who moved the ticket to the backpack was,Nicole,Patrick,0.12355951964855194,0.010182349011301994,3.6010638408041973,True,EleutherAI/pythia-12b,Pythia 12B,,,33000,
11,11_fb_1_s_s_ex,False Belief,Explicit,Start,Start,passage_hr,passage,1,"At the start of the story, Patrick put the ticket in the",suitcase,backpack,0.42504435777664185,0.18733267486095428,1.1820108505860505,True,EleutherAI/pythia-12b,Pythia 12B,,,33000,
11,11_fb_1_s_s_ex,False Belief,Explicit,Start,Start,passage_hr,passage,2,"At the end of the story, the ticket was in the",backpack,suitcase,0.3299175798892975,0.22071053087711334,0.5799501876431131,True,EleutherAI/pythia-12b,Pythia 12B,,,33000,
11,11_fb_1_s_s_ex,False Belief,Explicit,Start,Start,passage_hr,passage,3,The person who put the ticket in the suitcase was,Patrick,Nicole,0.009742922149598598,0.12037529051303864,-3.62704093157605,False,EleutherAI/pythia-12b,Pythia 12B,,,33000,
11,11_fb_1_s_s_ex,False Belief,Explicit,Start,Start,passage_hr,passage,4,The person who moved the ticket to the backpack was,Nicole,Patrick,0.21278944611549377,0.014082087203860283,3.9174935113606963,True,EleutherAI/pythia-12b,Pythia 12B,,,33000,
11,11_fb_1_s_s_im,False Belief,Implicit,Start,Start,passage_hr,passage,1,"At the start of the story, Patrick put the ticket in the",suitcase,backpack,0.42504435777664185,0.18733267486095428,1.1820108505860505,True,EleutherAI/pythia-12b,Pythia 12B,,,33000,
11,11_fb_1_s_s_im,False Belief,Implicit,Start,Start,passage_hr,passage,2,"At the end of the story, the ticket was in the",backpack,suitcase,0.3299175798892975,0.22071053087711334,0.5799501876431131,True,EleutherAI/pythia-12b,Pythia 12B,,,33000,
11,11_fb_1_s_s_im,False Belief,Implicit,Start,Start,passage_hr,passage,3,The person who put the ticket in the suitcase was,Patrick,Nicole,0.009742922149598598,0.12037529051303864,-3.62704093157605,False,EleutherAI/pythia-12b,Pythia 12B,,,33000,
11,11_fb_1_s_s_im,False Belief,Implicit,Start,Start,passage_hr,passage,4,The person who moved the ticket to the backpack was,Nicole,Patrick,0.21278944611549377,0.014082087203860283,3.9174935113606963,True,EleutherAI/pythia-12b,Pythia 12B,,,33000,
11,11_tb_1_s_s_ex,True Belief,Explicit,Start,Start,passage_hr,passage,1,"At the start of the story, Patrick put the ticket in the",suitcase,backpack,0.4539262056350708,0.1513570100069046,1.5845022847281243,True,EleutherAI/pythia-12b,Pythia 12B,,,33000,
11,11_tb_1_s_s_ex,True Belief,Explicit,Start,Start,passage_hr,passage,2,"At the end of the story, the ticket was in the",backpack,suitcase,0.2840157747268677,0.18205112218856812,0.641627427946899,True,EleutherAI/pythia-12b,Pythia 12B,,,33000,
11,11_tb_1_s_s_ex,True Belief,Explicit,Start,Start,passage_hr,passage,3,The person who put the ticket in the suitcase was,Patrick,Nicole,0.005617862101644278,0.05308124050498009,-3.2401089697618364,False,EleutherAI/pythia-12b,Pythia 12B,,,33000,
11,11_tb_1_s_s_ex,True Belief,Explicit,Start,Start,passage_hr,passage,4,The person who moved the ticket to the backpack was,Nicole,Patrick,0.13635623455047607,0.008844840340316296,3.946400754364156,True,EleutherAI/pythia-12b,Pythia 12B,,,33000,
11,11_tb_1_s_s_im,True Belief,Implicit,Start,Start,passage_hr,passage,1,"At the start of the story, Patrick put the ticket in the",suitcase,backpack,0.4539262056350708,0.1513570100069046,1.5845022847281243,True,EleutherAI/pythia-12b,Pythia 12B,,,33000,
11,11_tb_1_s_s_im,True Belief,Implicit,Start,Start,passage_hr,passage,2,"At the end of the story, the ticket was in the",backpack,suitcase,0.2840157747268677,0.18205112218856812,0.641627427946899,True,EleutherAI/pythia-12b,Pythia 12B,,,33000,
11,11_tb_1_s_s_im,True Belief,Implicit,Start,Start,passage_hr,passage,3,The person who put the ticket in the suitcase was,Patrick,Nicole,0.005617862101644278,0.05308124050498009,-3.2401089697618364,False,EleutherAI/pythia-12b,Pythia 12B,,,33000,
11,11_tb_1_s_s_im,True Belief,Implicit,Start,Start,passage_hr,passage,4,The person who moved the ticket to the backpack was,Nicole,Patrick,0.13635623455047607,0.008844840340316296,3.946400754364156,True,EleutherAI/pythia-12b,Pythia 12B,,,33000,
11,11_fb_1_e_e_ex,False Belief,Explicit,End,End,passage_hr,passage,1,"At the start of the story, Patrick put the ticket in the",suitcase,backpack,0.5366621613502502,0.09393090754747391,2.5143423175328383,True,EleutherAI/pythia-12b,Pythia 12B,,,33000,
11,11_fb_1_e_e_ex,False Belief,Explicit,End,End,passage_hr,passage,2,"At the end of the story, the ticket was in the",backpack,suitcase,0.20746921002864838,0.43484199047088623,-1.0675940150977665,False,EleutherAI/pythia-12b,Pythia 12B,,,33000,
11,11_fb_1_e_e_ex,False Belief,Explicit,End,End,passage_hr,passage,3,The person who put the ticket in the suitcase was,Patrick,Nicole,0.009737924672663212,0.14170525968074799,-3.8631351568647974,False,EleutherAI/pythia-12b,Pythia 12B,,,33000,
11,11_fb_1_e_e_ex,False Belief,Explicit,End,End,passage_hr,passage,4,The person who moved the ticket to the backpack was,Nicole,Patrick,0.23822517693042755,0.0181382168084383,3.7152213583718985,True,EleutherAI/pythia-12b,Pythia 12B,,,33000,
11,11_fb_1_e_e_im,False Belief,Implicit,End,End,passage_hr,passage,1,"At the start of the story, Patrick put the ticket in the",suitcase,backpack,0.5135653614997864,0.0993255078792572,2.3703117297778613,True,EleutherAI/pythia-12b,Pythia 12B,,,33000,
11,11_fb_1_e_e_im,False Belief,Implicit,End,End,passage_hr,passage,2,"At the end of the story, the ticket was in the",backpack,suitcase,0.19588527083396912,0.4293905794620514,-1.1322816184192852,False,EleutherAI/pythia-12b,Pythia 12B,,,33000,
11,11_fb_1_e_e_im,False Belief,Implicit,End,End,passage_hr,passage,3,The person who put the ticket in the suitcase was,Patrick,Nicole,0.008118610829114914,0.11455262452363968,-3.8186338126891632,False,EleutherAI/pythia-12b,Pythia 12B,,,33000,
11,11_fb_1_e_e_im,False Belief,Implicit,End,End,passage_hr,passage,4,The person who moved the ticket to the backpack was,Nicole,Patrick,0.20997458696365356,0.014294473454356194,3.8766853468581215,True,EleutherAI/pythia-12b,Pythia 12B,,,33000,
11,11_tb_1_e_e_ex,True Belief,Explicit,End,End,passage_hr,passage,1,"At the start of the story, Patrick put the ticket in the",suitcase,backpack,0.5329659581184387,0.0761575773358345,2.80698389672854,True,EleutherAI/pythia-12b,Pythia 12B,,,33000,
11,11_tb_1_e_e_ex,True Belief,Explicit,End,End,passage_hr,passage,2,"At the end of the story, the ticket was in the",backpack,suitcase,0.20749880373477936,0.3546930253505707,-0.7734679424299878,False,EleutherAI/pythia-12b,Pythia 12B,,,33000,
11,11_tb_1_e_e_ex,True Belief,Explicit,End,End,passage_hr,passage,3,The person who put the ticket in the suitcase was,Patrick,Nicole,0.005458655767142773,0.04560479894280434,-3.06256801952282,False,EleutherAI/pythia-12b,Pythia 12B,,,33000,
11,11_tb_1_e_e_ex,True Belief,Explicit,End,End,passage_hr,passage,4,The person who moved the ticket to the backpack was,Nicole,Patrick,0.11706769466400146,0.010140098631381989,3.5291994224084946,True,EleutherAI/pythia-12b,Pythia 12B,,,33000,
11,11_tb_1_e_e_im,True Belief,Implicit,End,End,passage_hr,passage,1,"At the start of the story, Patrick put the ticket in the",suitcase,backpack,0.5329659581184387,0.0761575773358345,2.80698389672854,True,EleutherAI/pythia-12b,Pythia 12B,,,33000,
11,11_tb_1_e_e_im,True Belief,Implicit,End,End,passage_hr,passage,2,"At the end of the story, the ticket was in the",backpack,suitcase,0.20749880373477936,0.3546930253505707,-0.7734679424299878,False,EleutherAI/pythia-12b,Pythia 12B,,,33000,
11,11_tb_1_e_e_im,True Belief,Implicit,End,End,passage_hr,passage,3,The person who put the ticket in the suitcase was,Patrick,Nicole,0.005458655767142773,0.04560479894280434,-3.06256801952282,False,EleutherAI/pythia-12b,Pythia 12B,,,33000,
11,11_tb_1_e_e_im,True Belief,Implicit,End,End,passage_hr,passage,4,The person who moved the ticket to the backpack was,Nicole,Patrick,0.11706769466400146,0.010140098631381989,3.5291994224084946,True,EleutherAI/pythia-12b,Pythia 12B,,,33000,
11,11_fb_1_e_s_ex,False Belief,Explicit,End,Start,passage_hr,passage,1,"At the start of the story, Patrick put the ticket in the",suitcase,backpack,0.3612086772918701,0.2944255769252777,0.2949295463848327,True,EleutherAI/pythia-12b,Pythia 12B,,,33000,
11,11_fb_1_e_s_ex,False Belief,Explicit,End,Start,passage_hr,passage,2,"At the end of the story, the ticket was in the",backpack,suitcase,0.370162695646286,0.2391149401664734,0.6304552361822555,True,EleutherAI/pythia-12b,Pythia 12B,,,33000,
11,11_fb_1_e_s_ex,False Belief,Explicit,End,Start,passage_hr,passage,3,The person who put the ticket in the suitcase was,Patrick,Nicole,0.008578765206038952,0.13826650381088257,-4.010537877164187,False,EleutherAI/pythia-12b,Pythia 12B,,,33000,
11,11_fb_1_e_s_ex,False Belief,Explicit,End,Start,passage_hr,passage,4,The person who moved the ticket to the backpack was,Nicole,Patrick,0.21302953362464905,0.013989086262881756,3.9286798172615995,True,EleutherAI/pythia-12b,Pythia 12B,,,33000,
11,11_fb_1_e_s_im,False Belief,Implicit,End,Start,passage_hr,passage,1,"At the start of the story, Patrick put the ticket in the",suitcase,backpack,0.3396216928958893,0.31088200211524963,0.12756151492676882,True,EleutherAI/pythia-12b,Pythia 12B,,,33000,
11,11_fb_1_e_s_im,False Belief,Implicit,End,Start,passage_hr,passage,2,"At the end of the story, the ticket was in the",backpack,suitcase,0.39067497849464417,0.2142229527235031,0.8668557937760007,True,EleutherAI/pythia-12b,Pythia 12B,,,33000,
11,11_fb_1_e_s_im,False Belief,Implicit,End,Start,passage_hr,passage,3,The person who put the ticket in the suitcase was,Patrick,Nicole,0.006683455780148506,0.1093725860118866,-4.032513102472549,False,EleutherAI/pythia-12b,Pythia 12B,,,33000,
11,11_fb_1_e_s_im,False Belief,Implicit,End,Start,passage_hr,passage,4,The person who moved the ticket to the backpack was,Nicole,Patrick,0.18005861341953278,0.010345395654439926,4.121405888516219,True,EleutherAI/pythia-12b,Pythia 12B,,,33000,
11,11_tb_1_e_s_ex,True Belief,Explicit,End,Start,passage_hr,passage,1,"At the start of the story, Patrick put the ticket in the",suitcase,backpack,0.4141082465648651,0.22012007236480713,0.9117172248008711,True,EleutherAI/pythia-12b,Pythia 12B,,,33000,
11,11_tb_1_e_s_ex,True Belief,Explicit,End,Start,passage_hr,passage,2,"At the end of the story, the ticket was in the",backpack,suitcase,0.30138248205184937,0.20716972649097443,0.5407823634715918,True,EleutherAI/pythia-12b,Pythia 12B,,,33000,
11,11_tb_1_e_s_ex,True Belief,Explicit,End,Start,passage_hr,passage,3,The person who put the ticket in the suitcase was,Patrick,Nicole,0.005699686706066132,0.06872422248125076,-3.591864153608123,False,EleutherAI/pythia-12b,Pythia 12B,,,33000,
11,11_tb_1_e_s_ex,True Belief,Explicit,End,Start,passage_hr,passage,4,The person who moved the ticket to the backpack was,Nicole,Patrick,0.13451991975307465,0.009528275579214096,3.819460873323379,True,EleutherAI/pythia-12b,Pythia 12B,,,33000,
11,11_tb_1_e_s_im,True Belief,Implicit,End,Start,passage_hr,passage,1,"At the start of the story, Patrick put the ticket in the",suitcase,backpack,0.4141082465648651,0.22012007236480713,0.9117172248008711,True,EleutherAI/pythia-12b,Pythia 12B,,,33000,
11,11_tb_1_e_s_im,True Belief,Implicit,End,Start,passage_hr,passage,2,"At the end of the story, the ticket was in the",backpack,suitcase,0.30138248205184937,0.20716972649097443,0.5407823634715918,True,EleutherAI/pythia-12b,Pythia 12B,,,33000,
11,11_tb_1_e_s_im,True Belief,Implicit,End,Start,passage_hr,passage,3,The person who put the ticket in the suitcase was,Patrick,Nicole,0.005699686706066132,0.06872422248125076,-3.591864153608123,False,EleutherAI/pythia-12b,Pythia 12B,,,33000,
11,11_tb_1_e_s_im,True Belief,Implicit,End,Start,passage_hr,passage,4,The person who moved the ticket to the backpack was,Nicole,Patrick,0.13451991975307465,0.009528275579214096,3.819460873323379,True,EleutherAI/pythia-12b,Pythia 12B,,,33000,
12,12_fb_1_s_e_ex,False Belief,Explicit,Start,End,passage_hr,passage,1,"At the start of the story, Hannah put the saddle in the",stable,hut,0.49452129006385803,0.2910597324371338,0.7647173738947138,True,EleutherAI/pythia-12b,Pythia 12B,,,33000,
12,12_fb_1_s_e_ex,False Belief,Explicit,Start,End,passage_hr,passage,2,"At the end of the story, the saddle was in the",hut,stable,0.6947205066680908,0.16926591098308563,2.037141229839676,True,EleutherAI/pythia-12b,Pythia 12B,,,33000,
12,12_fb_1_s_e_ex,False Belief,Explicit,Start,End,passage_hr,passage,3,The person who put the saddle in the stable was,Hannah,Martin,0.0278452318161726,0.43832340836524963,-3.976493518600091,False,EleutherAI/pythia-12b,Pythia 12B,,,33000,
12,12_fb_1_s_e_ex,False Belief,Explicit,Start,End,passage_hr,passage,4,The person who moved the saddle to the hut was,Martin,Hannah,0.6565654277801514,0.02184399589896202,4.909630088934742,True,EleutherAI/pythia-12b,Pythia 12B,,,33000,
12,12_fb_1_s_e_im,False Belief,Implicit,Start,End,passage_hr,passage,1,"At the start of the story, Hannah put the saddle in the",stable,hut,0.49452129006385803,0.2910597324371338,0.7647173738947138,True,EleutherAI/pythia-12b,Pythia 12B,,,33000,
12,12_fb_1_s_e_im,False Belief,Implicit,Start,End,passage_hr,passage,2,"At the end of the story, the saddle was in the",hut,stable,0.6947205066680908,0.16926591098308563,2.037141229839676,True,EleutherAI/pythia-12b,Pythia 12B,,,33000,
12,12_fb_1_s_e_im,False Belief,Implicit,Start,End,passage_hr,passage,3,The person who put the saddle in the stable was,Hannah,Martin,0.0278452318161726,0.43832340836524963,-3.976493518600091,False,EleutherAI/pythia-12b,Pythia 12B,,,33000,
12,12_fb_1_s_e_im,False Belief,Implicit,Start,End,passage_hr,passage,4,The person who moved the saddle to the hut was,Martin,Hannah,0.6565654277801514,0.02184399589896202,4.909630088934742,True,EleutherAI/pythia-12b,Pythia 12B,,,33000,
12,12_tb_1_s_e_ex,True Belief,Explicit,Start,End,passage_hr,passage,1,"At the start of the story, Hannah put the saddle in the",stable,hut,0.47844398021698,0.27456024289131165,0.8012272788849718,True,EleutherAI/pythia-12b,Pythia 12B,,,33000,
12,12_tb_1_s_e_ex,True Belief,Explicit,Start,End,passage_hr,passage,2,"At the end of the story, the saddle was in the",hut,stable,0.737055778503418,0.1296185553073883,2.5075015435584613,True,EleutherAI/pythia-12b,Pythia 12B,,,33000,
12,12_tb_1_s_e_ex,True Belief,Explicit,Start,End,passage_hr,passage,3,The person who put the saddle in the stable was,Hannah,Martin,0.014026437886059284,0.36653566360473633,-4.707733000284855,False,EleutherAI/pythia-12b,Pythia 12B,,,33000,
12,12_tb_1_s_e_ex,True Belief,Explicit,Start,End,passage_hr,passage,4,The person who moved the saddle to the hut was,Martin,Hannah,0.5287386178970337,0.011474693194031715,5.52602721677816,True,EleutherAI/pythia-12b,Pythia 12B,,,33000,
12,12_tb_1_s_e_im,True Belief,Implicit,Start,End,passage_hr,passage,1,"At the start of the story, Hannah put the saddle in the",stable,hut,0.47844398021698,0.27456024289131165,0.8012272788849718,True,EleutherAI/pythia-12b,Pythia 12B,,,33000,
12,12_tb_1_s_e_im,True Belief,Implicit,Start,End,passage_hr,passage,2,"At the end of the story, the saddle was in the",hut,stable,0.737055778503418,0.1296185553073883,2.5075015435584613,True,EleutherAI/pythia-12b,Pythia 12B,,,33000,
12,12_tb_1_s_e_im,True Belief,Implicit,Start,End,passage_hr,passage,3,The person who put the saddle in the stable was,Hannah,Martin,0.014026437886059284,0.36653566360473633,-4.707733000284855,False,EleutherAI/pythia-12b,Pythia 12B,,,33000,
12,12_tb_1_s_e_im,True Belief,Implicit,Start,End,passage_hr,passage,4,The person who moved the saddle to the hut was,Martin,Hannah,0.5287386178970337,0.011474693194031715,5.52602721677816,True,EleutherAI/pythia-12b,Pythia 12B,,,33000,
12,12_fb_1_s_s_ex,False Belief,Explicit,Start,Start,passage_hr,passage,1,"At the start of the story, Hannah put the saddle in the",stable,hut,0.7883056402206421,0.09432584792375565,3.063030027831114,True,EleutherAI/pythia-12b,Pythia 12B,,,33000,
12,12_fb_1_s_s_ex,False Belief,Explicit,Start,Start,passage_hr,passage,2,"At the end of the story, the saddle was in the",hut,stable,0.1614876240491867,0.7081094980239868,-2.132548862588216,False,EleutherAI/pythia-12b,Pythia 12B,,,33000,
12,12_fb_1_s_s_ex,False Belief,Explicit,Start,Start,passage_hr,passage,3,The person who put the saddle in the stable was,Hannah,Martin,0.019128939136862755,0.5361629128456116,-4.808842658248466,False,EleutherAI/pythia-12b,Pythia 12B,,,33000,
12,12_fb_1_s_s_ex,False Belief,Explicit,Start,Start,passage_hr,passage,4,The person who moved the saddle to the hut was,Martin,Hannah,0.5875730514526367,0.02007504552602768,4.871293064816949,True,EleutherAI/pythia-12b,Pythia 12B,,,33000,
12,12_fb_1_s_s_im,False Belief,Implicit,Start,Start,passage_hr,passage,1,"At the start of the story, Hannah put the saddle in the",stable,hut,0.7883056402206421,0.09432584792375565,3.063030027831114,True,EleutherAI/pythia-12b,Pythia 12B,,,33000,
12,12_fb_1_s_s_im,False Belief,Implicit,Start,Start,passage_hr,passage,2,"At the end of the story, the saddle was in the",hut,stable,0.1614876240491867,0.7081094980239868,-2.132548862588216,False,EleutherAI/pythia-12b,Pythia 12B,,,33000,
12,12_fb_1_s_s_im,False Belief,Implicit,Start,Start,passage_hr,passage,3,The person who put the saddle in the stable was,Hannah,Martin,0.019128939136862755,0.5361629128456116,-4.808842658248466,False,EleutherAI/pythia-12b,Pythia 12B,,,33000,
12,12_fb_1_s_s_im,False Belief,Implicit,Start,Start,passage_hr,passage,4,The person who moved the saddle to the hut was,Martin,Hannah,0.5875730514526367,0.02007504552602768,4.871293064816949,True,EleutherAI/pythia-12b,Pythia 12B,,,33000,
12,12_tb_1_s_s_ex,True Belief,Explicit,Start,Start,passage_hr,passage,1,"At the start of the story, Hannah put the saddle in the",stable,hut,0.7899371981620789,0.09966139495372772,2.9866312876704826,True,EleutherAI/pythia-12b,Pythia 12B,,,33000,
12,12_tb_1_s_s_ex,True Belief,Explicit,Start,Start,passage_hr,passage,2,"At the end of the story, the saddle was in the",hut,stable,0.14353109896183014,0.7401651740074158,-2.3664838957581056,False,EleutherAI/pythia-12b,Pythia 12B,,,33000,
12,12_tb_1_s_s_ex,True Belief,Explicit,Start,Start,passage_hr,passage,3,The person who put the saddle in the stable was,Hannah,Martin,0.014479974284768105,0.3961831331253052,-4.77403651562972,False,EleutherAI/pythia-12b,Pythia 12B,,,33000,
12,12_tb_1_s_s_ex,True Belief,Explicit,Start,Start,passage_hr,passage,4,The person who moved the saddle to the hut was,Martin,Hannah,0.49989938735961914,0.01184734795242548,5.399001708149475,True,EleutherAI/pythia-12b,Pythia 12B,,,33000,
12,12_tb_1_s_s_im,True Belief,Implicit,Start,Start,passage_hr,passage,1,"At the start of the story, Hannah put the saddle in the",stable,hut,0.7899371981620789,0.09966139495372772,2.9866312876704826,True,EleutherAI/pythia-12b,Pythia 12B,,,33000,
12,12_tb_1_s_s_im,True Belief,Implicit,Start,Start,passage_hr,passage,2,"At the end of the story, the saddle was in the",hut,stable,0.14353109896183014,0.7401651740074158,-2.3664838957581056,False,EleutherAI/pythia-12b,Pythia 12B,,,33000,
12,12_tb_1_s_s_im,True Belief,Implicit,Start,Start,passage_hr,passage,3,The person who put the saddle in the stable was,Hannah,Martin,0.014479974284768105,0.3961831331253052,-4.77403651562972,False,EleutherAI/pythia-12b,Pythia 12B,,,33000,
12,12_tb_1_s_s_im,True Belief,Implicit,Start,Start,passage_hr,passage,4,The person who moved the saddle to the hut was,Martin,Hannah,0.49989938735961914,0.01184734795242548,5.399001708149475,True,EleutherAI/pythia-12b,Pythia 12B,,,33000,
12,12_fb_1_e_e_ex,False Belief,Explicit,End,End,passage_hr,passage,1,"At the start of the story, Hannah put the saddle in the",stable,hut,0.6355323195457458,0.1901601403951645,1.74075062079515,True,EleutherAI/pythia-12b,Pythia 12B,,,33000,
12,12_fb_1_e_e_ex,False Belief,Explicit,End,End,passage_hr,passage,2,"At the end of the story, the saddle was in the",hut,stable,0.4021971821784973,0.4405055344104767,-0.13125717089245476,False,EleutherAI/pythia-12b,Pythia 12B,,,33000,
12,12_fb_1_e_e_ex,False Belief,Explicit,End,End,passage_hr,passage,3,The person who put the saddle in the stable was,Hannah,Martin,0.021208250895142555,0.5137559175491333,-4.598385558437998,False,EleutherAI/pythia-12b,Pythia 12B,,,33000,
12,12_fb_1_e_e_ex,False Belief,Explicit,End,End,passage_hr,passage,4,The person who moved the saddle to the hut was,Martin,Hannah,0.6417352557182312,0.022934939712285995,4.806359224120867,True,EleutherAI/pythia-12b,Pythia 12B,,,33000,
12,12_fb_1_e_e_im,False Belief,Implicit,End,End,passage_hr,passage,1,"At the start of the story, Hannah put the saddle in the",stable,hut,0.6355323195457458,0.1901601403951645,1.74075062079515,True,EleutherAI/pythia-12b,Pythia 12B,,,33000,
12,12_fb_1_e_e_im,False Belief,Implicit,End,End,passage_hr,passage,2,"At the end of the story, the saddle was in the",hut,stable,0.4021971821784973,0.4405055344104767,-0.13125717089245476,False,EleutherAI/pythia-12b,Pythia 12B,,,33000,
12,12_fb_1_e_e_im,False Belief,Implicit,End,End,passage_hr,passage,3,The person who put the saddle in the stable was,Hannah,Martin,0.021208250895142555,0.5137559175491333,-4.598385558437998,False,EleutherAI/pythia-12b,Pythia 12B,,,33000,
12,12_fb_1_e_e_im,False Belief,Implicit,End,End,passage_hr,passage,4,The person who moved the saddle to the hut was,Martin,Hannah,0.6417352557182312,0.022934939712285995,4.806359224120867,True,EleutherAI/pythia-12b,Pythia 12B,,,33000,
12,12_tb_1_e_e_ex,True Belief,Explicit,End,End,passage_hr,passage,1,"At the start of the story, Hannah put the saddle in the",stable,hut,0.5644095540046692,0.2324143350124359,1.280043354233522,True,EleutherAI/pythia-12b,Pythia 12B,,,33000,
12,12_tb_1_e_e_ex,True Belief,Explicit,End,End,passage_hr,passage,2,"At the end of the story, the saddle was in the",hut,stable,0.5768332481384277,0.26833575963974,1.1041149951005198,True,EleutherAI/pythia-12b,Pythia 12B,,,33000,
12,12_tb_1_e_e_ex,True Belief,Explicit,End,End,passage_hr,passage,3,The person who put the saddle in the stable was,Hannah,Martin,0.01129143126308918,0.4393683969974518,-5.282130829066274,False,EleutherAI/pythia-12b,Pythia 12B,,,33000,
12,12_tb_1_e_e_ex,True Belief,Explicit,End,End,passage_hr,passage,4,The person who moved the saddle to the hut was,Martin,Hannah,0.5370626449584961,0.011005829088389874,5.608750644090489,True,EleutherAI/pythia-12b,Pythia 12B,,,33000,
12,12_tb_1_e_e_im,True Belief,Implicit,End,End,passage_hr,passage,1,"At the start of the story, Hannah put the saddle in the",stable,hut,0.5644095540046692,0.2324143350124359,1.280043354233522,True,EleutherAI/pythia-12b,Pythia 12B,,,33000,
12,12_tb_1_e_e_im,True Belief,Implicit,End,End,passage_hr,passage,2,"At the end of the story, the saddle was in the",hut,stable,0.5768332481384277,0.26833575963974,1.1041149951005198,True,EleutherAI/pythia-12b,Pythia 12B,,,33000,
12,12_tb_1_e_e_im,True Belief,Implicit,End,End,passage_hr,passage,3,The person who put the saddle in the stable was,Hannah,Martin,0.01129143126308918,0.4393683969974518,-5.282130829066274,False,EleutherAI/pythia-12b,Pythia 12B,,,33000,
12,12_tb_1_e_e_im,True Belief,Implicit,End,End,passage_hr,passage,4,The person who moved the saddle to the hut was,Martin,Hannah,0.5370626449584961,0.011005829088389874,5.608750644090489,True,EleutherAI/pythia-12b,Pythia 12B,,,33000,
12,12_fb_1_e_s_ex,False Belief,Explicit,End,Start,passage_hr,passage,1,"At the start of the story, Hannah put the saddle in the",stable,hut,0.7455434799194336,0.1468406766653061,2.3440408248611195,True,EleutherAI/pythia-12b,Pythia 12B,,,33000,
12,12_fb_1_e_s_ex,False Belief,Explicit,End,Start,passage_hr,passage,2,"At the end of the story, the saddle was in the",hut,stable,0.143417626619339,0.7382764220237732,-2.363938736477742,False,EleutherAI/pythia-12b,Pythia 12B,,,33000,
12,12_fb_1_e_s_ex,False Belief,Explicit,End,Start,passage_hr,passage,3,The person who put the saddle in the stable was,Hannah,Martin,0.013694833032786846,0.5818067789077759,-5.408836524117574,False,EleutherAI/pythia-12b,Pythia 12B,,,33000,
12,12_fb_1_e_s_ex,False Belief,Explicit,End,Start,passage_hr,passage,4,The person who moved the saddle to the hut was,Martin,Hannah,0.5773410797119141,0.020821543410420418,4.793274963063097,True,EleutherAI/pythia-12b,Pythia 12B,,,33000,
12,12_fb_1_e_s_im,False Belief,Implicit,End,Start,passage_hr,passage,1,"At the start of the story, Hannah put the saddle in the",stable,hut,0.7455434799194336,0.1468406766653061,2.3440408248611195,True,EleutherAI/pythia-12b,Pythia 12B,,,33000,
12,12_fb_1_e_s_im,False Belief,Implicit,End,Start,passage_hr,passage,2,"At the end of the story, the saddle was in the",hut,stable,0.143417626619339,0.7382764220237732,-2.363938736477742,False,EleutherAI/pythia-12b,Pythia 12B,,,33000,
12,12_fb_1_e_s_im,False Belief,Implicit,End,Start,passage_hr,passage,3,The person who put the saddle in the stable was,Hannah,Martin,0.013694833032786846,0.5818067789077759,-5.408836524117574,False,EleutherAI/pythia-12b,Pythia 12B,,,33000,
12,12_fb_1_e_s_im,False Belief,Implicit,End,Start,passage_hr,passage,4,The person who moved the saddle to the hut was,Martin,Hannah,0.5773410797119141,0.020821543410420418,4.793274963063097,True,EleutherAI/pythia-12b,Pythia 12B,,,33000,
12,12_tb_1_e_s_ex,True Belief,Explicit,End,Start,passage_hr,passage,1,"At the start of the story, Hannah put the saddle in the",stable,hut,0.7472741603851318,0.14659205079078674,2.3498307639989,True,EleutherAI/pythia-12b,Pythia 12B,,,33000,
12,12_tb_1_e_s_ex,True Belief,Explicit,End,Start,passage_hr,passage,2,"At the end of the story, the saddle was in the",hut,stable,0.16178393363952637,0.7294735908508301,-2.1727874047454563,False,EleutherAI/pythia-12b,Pythia 12B,,,33000,
12,12_tb_1_e_s_ex,True Belief,Explicit,End,Start,passage_hr,passage,3,The person who put the saddle in the stable was,Hannah,Martin,0.009065775200724602,0.44790294766426086,-5.6266119625090845,False,EleutherAI/pythia-12b,Pythia 12B,,,33000,
12,12_tb_1_e_s_ex,True Belief,Explicit,End,Start,passage_hr,passage,4,The person who moved the saddle to the hut was,Martin,Hannah,0.5217549204826355,0.009096141904592514,5.841973729554729,True,EleutherAI/pythia-12b,Pythia 12B,,,33000,
12,12_tb_1_e_s_im,True Belief,Implicit,End,Start,passage_hr,passage,1,"At the start of the story, Hannah put the saddle in the",stable,hut,0.7515791654586792,0.14694246649742126,2.3546736780897226,True,EleutherAI/pythia-12b,Pythia 12B,,,33000,
12,12_tb_1_e_s_im,True Belief,Implicit,End,Start,passage_hr,passage,2,"At the end of the story, the saddle was in the",hut,stable,0.1554265022277832,0.7414616942405701,-2.2541396385082706,False,EleutherAI/pythia-12b,Pythia 12B,,,33000,
12,12_tb_1_e_s_im,True Belief,Implicit,End,Start,passage_hr,passage,3,The person who put the saddle in the stable was,Hannah,Martin,0.012263623997569084,0.4234972298145294,-5.109895257710043,False,EleutherAI/pythia-12b,Pythia 12B,,,33000,
12,12_tb_1_e_s_im,True Belief,Implicit,End,Start,passage_hr,passage,4,The person who moved the saddle to the hut was,Martin,Hannah,0.4927992522716522,0.011880272068083286,5.374360286478885,True,EleutherAI/pythia-12b,Pythia 12B,,,33000,
1,1_fb_1_s_e_ex,False Belief,Explicit,Start,End,passage_hr,passage,1,"At the start of the story, Sean put the book in the",box,basket,0.5400683283805847,0.4353174865245819,0.31107397200011916,True,EleutherAI/pythia-12b,Pythia 12B,,,33000,
1,1_fb_1_s_e_ex,False Belief,Explicit,Start,End,passage_hr,passage,2,"At the end of the story, the book was in the",basket,box,0.8380035161972046,0.13824136555194855,2.5997669237078234,True,EleutherAI/pythia-12b,Pythia 12B,,,33000,
1,1_fb_1_s_e_ex,False Belief,Explicit,Start,End,passage_hr,passage,3,The person who put the book in the box was,Sean,Anna,0.05610878765583038,0.13388028740882874,-1.2546449073555825,False,EleutherAI/pythia-12b,Pythia 12B,,,33000,
1,1_fb_1_s_e_ex,False Belief,Explicit,Start,End,passage_hr,passage,4,The person who moved the book to the basket was,Anna,Sean,0.3751533031463623,0.04172458127140999,3.168510784370702,True,EleutherAI/pythia-12b,Pythia 12B,,,33000,
1,1_fb_1_s_e_im,False Belief,Implicit,Start,End,passage_hr,passage,1,"At the start of the story, Sean put the book in the",box,basket,0.5400683283805847,0.4353174865245819,0.31107397200011916,True,EleutherAI/pythia-12b,Pythia 12B,,,33000,
1,1_fb_1_s_e_im,False Belief,Implicit,Start,End,passage_hr,passage,2,"At the end of the story, the book was in the",basket,box,0.8380035161972046,0.13824136555194855,2.5997669237078234,True,EleutherAI/pythia-12b,Pythia 12B,,,33000,
1,1_fb_1_s_e_im,False Belief,Implicit,Start,End,passage_hr,passage,3,The person who put the book in the box was,Sean,Anna,0.05610878765583038,0.13388028740882874,-1.2546449073555825,False,EleutherAI/pythia-12b,Pythia 12B,,,33000,
1,1_fb_1_s_e_im,False Belief,Implicit,Start,End,passage_hr,passage,4,The person who moved the book to the basket was,Anna,Sean,0.3751533031463623,0.04172458127140999,3.168510784370702,True,EleutherAI/pythia-12b,Pythia 12B,,,33000,
1,1_tb_1_s_e_ex,True Belief,Explicit,Start,End,passage_hr,passage,1,"At the start of the story, Sean put the book in the",box,basket,0.5104936361312866,0.454567551612854,0.16739827246547326,True,EleutherAI/pythia-12b,Pythia 12B,,,33000,
1,1_tb_1_s_e_ex,True Belief,Explicit,Start,End,passage_hr,passage,2,"At the end of the story, the book was in the",basket,box,0.8261113166809082,0.14608092606067657,2.4995683784856397,True,EleutherAI/pythia-12b,Pythia 12B,,,33000,
1,1_tb_1_s_e_ex,True Belief,Explicit,Start,End,passage_hr,passage,3,The person who put the book in the box was,Sean,Anna,0.061566613614559174,0.1515689343214035,-1.299753965561261,False,EleutherAI/pythia-12b,Pythia 12B,,,33000,
1,1_tb_1_s_e_ex,True Belief,Explicit,Start,End,passage_hr,passage,4,The person who moved the book to the basket was,Anna,Sean,0.34502550959587097,0.06149550527334213,2.488150159691785,True,EleutherAI/pythia-12b,Pythia 12B,,,33000,
1,1_tb_1_s_e_im,True Belief,Implicit,Start,End,passage_hr,passage,1,"At the start of the story, Sean put the book in the",box,basket,0.5104936361312866,0.454567551612854,0.16739827246547326,True,EleutherAI/pythia-12b,Pythia 12B,,,33000,
1,1_tb_1_s_e_im,True Belief,Implicit,Start,End,passage_hr,passage,2,"At the end of the story, the book was in the",basket,box,0.8261113166809082,0.14608092606067657,2.4995683784856397,True,EleutherAI/pythia-12b,Pythia 12B,,,33000,
1,1_tb_1_s_e_im,True Belief,Implicit,Start,End,passage_hr,passage,3,The person who put the book in the box was,Sean,Anna,0.061566613614559174,0.1515689343214035,-1.299753965561261,False,EleutherAI/pythia-12b,Pythia 12B,,,33000,
1,1_tb_1_s_e_im,True Belief,Implicit,Start,End,passage_hr,passage,4,The person who moved the book to the basket was,Anna,Sean,0.34502550959587097,0.06149550527334213,2.488150159691785,True,EleutherAI/pythia-12b,Pythia 12B,,,33000,
1,1_fb_1_s_s_ex,False Belief,Explicit,Start,Start,passage_hr,passage,1,"At the start of the story, Sean put the book in the",box,basket,0.481855183839798,0.49371030926704407,-0.03506514479101415,False,EleutherAI/pythia-12b,Pythia 12B,,,33000,
1,1_fb_1_s_s_ex,False Belief,Explicit,Start,Start,passage_hr,passage,2,"At the end of the story, the book was in the",basket,box,0.7943868041038513,0.17589408159255981,2.1751347173938584,True,EleutherAI/pythia-12b,Pythia 12B,,,33000,
1,1_fb_1_s_s_ex,False Belief,Explicit,Start,Start,passage_hr,passage,3,The person who put the book in the box was,Sean,Anna,0.05534921586513519,0.14632225036621094,-1.402514384791623,False,EleutherAI/pythia-12b,Pythia 12B,,,33000,
1,1_fb_1_s_s_ex,False Belief,Explicit,Start,Start,passage_hr,passage,4,The person who moved the book to the basket was,Anna,Sean,0.36706265807151794,0.04217415675520897,3.121595225837357,True,EleutherAI/pythia-12b,Pythia 12B,,,33000,
1,1_fb_1_s_s_im,False Belief,Implicit,Start,Start,passage_hr,passage,1,"At the start of the story, Sean put the book in the",box,basket,0.481855183839798,0.49371030926704407,-0.03506514479101415,False,EleutherAI/pythia-12b,Pythia 12B,,,33000,
1,1_fb_1_s_s_im,False Belief,Implicit,Start,Start,passage_hr,passage,2,"At the end of the story, the book was in the",basket,box,0.7943868041038513,0.17589408159255981,2.1751347173938584,True,EleutherAI/pythia-12b,Pythia 12B,,,33000,
1,1_fb_1_s_s_im,False Belief,Implicit,Start,Start,passage_hr,passage,3,The person who put the book in the box was,Sean,Anna,0.05534921586513519,0.14632225036621094,-1.402514384791623,False,EleutherAI/pythia-12b,Pythia 12B,,,33000,
1,1_fb_1_s_s_im,False Belief,Implicit,Start,Start,passage_hr,passage,4,The person who moved the book to the basket was,Anna,Sean,0.36706265807151794,0.04217415675520897,3.121595225837357,True,EleutherAI/pythia-12b,Pythia 12B,,,33000,
1,1_tb_1_s_s_ex,True Belief,Explicit,Start,Start,passage_hr,passage,1,"At the start of the story, Sean put the book in the",box,basket,0.49357712268829346,0.4695466458797455,0.07200704133398338,True,EleutherAI/pythia-12b,Pythia 12B,,,33000,
1,1_tb_1_s_s_ex,True Belief,Explicit,Start,Start,passage_hr,passage,2,"At the end of the story, the book was in the",basket,box,0.7578520178794861,0.20441126823425293,1.8904414402940648,True,EleutherAI/pythia-12b,Pythia 12B,,,33000,
1,1_tb_1_s_s_ex,True Belief,Explicit,Start,Start,passage_hr,passage,3,The person who put the book in the box was,Sean,Anna,0.06103028729557991,0.16100159287452698,-1.3994776748405766,False,EleutherAI/pythia-12b,Pythia 12B,,,33000,
1,1_tb_1_s_s_ex,True Belief,Explicit,Start,Start,passage_hr,passage,4,The person who moved the book to the basket was,Anna,Sean,0.32298848032951355,0.06123579666018486,2.399035548780865,True,EleutherAI/pythia-12b,Pythia 12B,,,33000,
1,1_tb_1_s_s_im,True Belief,Implicit,Start,Start,passage_hr,passage,1,"At the start of the story, Sean put the book in the",box,basket,0.49357712268829346,0.4695466458797455,0.07200704133398338,True,EleutherAI/pythia-12b,Pythia 12B,,,33000,
1,1_tb_1_s_s_im,True Belief,Implicit,Start,Start,passage_hr,passage,2,"At the end of the story, the book was in the",basket,box,0.7578520178794861,0.20441126823425293,1.8904414402940648,True,EleutherAI/pythia-12b,Pythia 12B,,,33000,
1,1_tb_1_s_s_im,True Belief,Implicit,Start,Start,passage_hr,passage,3,The person who put the book in the box was,Sean,Anna,0.06103028729557991,0.16100159287452698,-1.3994776748405766,False,EleutherAI/pythia-12b,Pythia 12B,,,33000,
1,1_tb_1_s_s_im,True Belief,Implicit,Start,Start,passage_hr,passage,4,The person who moved the book to the basket was,Anna,Sean,0.32298848032951355,0.06123579666018486,2.399035548780865,True,EleutherAI/pythia-12b,Pythia 12B,,,33000,
1,1_fb_1_e_e_ex,False Belief,Explicit,End,End,passage_hr,passage,1,"At the start of the story, Sean put the book in the",box,basket,0.3174438774585724,0.6582515835762024,-1.0521375340846926,False,EleutherAI/pythia-12b,Pythia 12B,,,33000,
1,1_fb_1_e_e_ex,False Belief,Explicit,End,End,passage_hr,passage,2,"At the end of the story, the book was in the",basket,box,0.8586052656173706,0.11576356738805771,2.890813734529265,True,EleutherAI/pythia-12b,Pythia 12B,,,33000,
1,1_fb_1_e_e_ex,False Belief,Explicit,End,End,passage_hr,passage,3,The person who put the book in the box was,Sean,Anna,0.04817933961749077,0.1480211615562439,-1.6193169185235292,False,EleutherAI/pythia-12b,Pythia 12B,,,33000,
1,1_fb_1_e_e_ex,False Belief,Explicit,End,End,passage_hr,passage,4,The person who moved the book to the basket was,Anna,Sean,0.35853561758995056,0.03939623385667801,3.185986821290714,True,EleutherAI/pythia-12b,Pythia 12B,,,33000,
1,1_fb_1_e_e_im,False Belief,Implicit,End,End,passage_hr,passage,1,"At the start of the story, Sean put the book in the",box,basket,0.3174438774585724,0.6582515835762024,-1.0521375340846926,False,EleutherAI/pythia-12b,Pythia 12B,,,33000,
1,1_fb_1_e_e_im,False Belief,Implicit,End,End,passage_hr,passage,2,"At the end of the story, the book was in the",basket,box,0.8586052656173706,0.11576356738805771,2.890813734529265,True,EleutherAI/pythia-12b,Pythia 12B,,,33000,
1,1_fb_1_e_e_im,False Belief,Implicit,End,End,passage_hr,passage,3,The person who put the book in the box was,Sean,Anna,0.04817933961749077,0.1480211615562439,-1.6193169185235292,False,EleutherAI/pythia-12b,Pythia 12B,,,33000,
1,1_fb_1_e_e_im,False Belief,Implicit,End,End,passage_hr,passage,4,The person who moved the book to the basket was,Anna,Sean,0.35853561758995056,0.03939623385667801,3.185986821290714,True,EleutherAI/pythia-12b,Pythia 12B,,,33000,
1,1_tb_1_e_e_ex,True Belief,Explicit,End,End,passage_hr,passage,1,"At the start of the story, Sean put the book in the",box,basket,0.2987337112426758,0.6730835437774658,-1.1719255338133125,False,EleutherAI/pythia-12b,Pythia 12B,,,33000,
1,1_tb_1_e_e_ex,True Belief,Explicit,End,End,passage_hr,passage,2,"At the end of the story, the book was in the",basket,box,0.8241443634033203,0.14547067880630493,2.502168681398845,True,EleutherAI/pythia-12b,Pythia 12B,,,33000,
1,1_tb_1_e_e_ex,True Belief,Explicit,End,End,passage_hr,passage,3,The person who put the book in the box was,Sean,Anna,0.05473797395825386,0.17490479350090027,-1.6759558871274423,False,EleutherAI/pythia-12b,Pythia 12B,,,33000,
1,1_tb_1_e_e_ex,True Belief,Explicit,End,End,passage_hr,passage,4,The person who moved the book to the basket was,Anna,Sean,0.33115971088409424,0.061622779816389084,2.4259914950216883,True,EleutherAI/pythia-12b,Pythia 12B,,,33000,
1,1_tb_1_e_e_im,True Belief,Implicit,End,End,passage_hr,passage,1,"At the start of the story, Sean put the book in the",box,basket,0.2987337112426758,0.6730835437774658,-1.1719255338133125,False,EleutherAI/pythia-12b,Pythia 12B,,,33000,
1,1_tb_1_e_e_im,True Belief,Implicit,End,End,passage_hr,passage,2,"At the end of the story, the book was in the",basket,box,0.8241443634033203,0.14547067880630493,2.502168681398845,True,EleutherAI/pythia-12b,Pythia 12B,,,33000,
1,1_tb_1_e_e_im,True Belief,Implicit,End,End,passage_hr,passage,3,The person who put the book in the box was,Sean,Anna,0.05473797395825386,0.17490479350090027,-1.6759558871274423,False,EleutherAI/pythia-12b,Pythia 12B,,,33000,
1,1_tb_1_e_e_im,True Belief,Implicit,End,End,passage_hr,passage,4,The person who moved the book to the basket was,Anna,Sean,0.33115971088409424,0.061622779816389084,2.4259914950216883,True,EleutherAI/pythia-12b,Pythia 12B,,,33000,
1,1_fb_1_e_s_ex,False Belief,Explicit,End,Start,passage_hr,passage,1,"At the start of the story, Sean put the book in the",box,basket,0.33988213539123535,0.6332768797874451,-0.8978018751191008,False,EleutherAI/pythia-12b,Pythia 12B,,,33000,
1,1_fb_1_e_s_ex,False Belief,Explicit,End,Start,passage_hr,passage,2,"At the end of the story, the book was in the",basket,box,0.8279371857643127,0.1395343542098999,2.5689009508561185,True,EleutherAI/pythia-12b,Pythia 12B,,,33000,
1,1_fb_1_e_s_ex,False Belief,Explicit,End,Start,passage_hr,passage,3,The person who put the book in the box was,Sean,Anna,0.048933759331703186,0.15625281631946564,-1.674980166257889,False,EleutherAI/pythia-12b,Pythia 12B,,,33000,
1,1_fb_1_e_s_ex,False Belief,Explicit,End,Start,passage_hr,passage,4,The person who moved the book to the basket was,Anna,Sean,0.3501393795013428,0.039306700229644775,3.155082167317755,True,EleutherAI/pythia-12b,Pythia 12B,,,33000,
1,1_fb_1_e_s_im,False Belief,Implicit,End,Start,passage_hr,passage,1,"At the start of the story, Sean put the book in the",box,basket,0.33988213539123535,0.6332768797874451,-0.8978018751191008,False,EleutherAI/pythia-12b,Pythia 12B,,,33000,
1,1_fb_1_e_s_im,False Belief,Implicit,End,Start,passage_hr,passage,2,"At the end of the story, the book was in the",basket,box,0.8279371857643127,0.1395343542098999,2.5689009508561185,True,EleutherAI/pythia-12b,Pythia 12B,,,33000,
1,1_fb_1_e_s_im,False Belief,Implicit,End,Start,passage_hr,passage,3,The person who put the book in the box was,Sean,Anna,0.048933759331703186,0.15625281631946564,-1.674980166257889,False,EleutherAI/pythia-12b,Pythia 12B,,,33000,
1,1_fb_1_e_s_im,False Belief,Implicit,End,Start,passage_hr,passage,4,The person who moved the book to the basket was,Anna,Sean,0.3501393795013428,0.039306700229644775,3.155082167317755,True,EleutherAI/pythia-12b,Pythia 12B,,,33000,
1,1_tb_1_e_s_ex,True Belief,Explicit,End,Start,passage_hr,passage,1,"At the start of the story, Sean put the book in the",box,basket,0.336031973361969,0.6292600631713867,-0.9050578716282022,False,EleutherAI/pythia-12b,Pythia 12B,,,33000,
1,1_tb_1_e_s_ex,True Belief,Explicit,End,Start,passage_hr,passage,2,"At the end of the story, the book was in the",basket,box,0.7718117833137512,0.18849992752075195,2.0336851010207804,True,EleutherAI/pythia-12b,Pythia 12B,,,33000,
1,1_tb_1_e_s_ex,True Belief,Explicit,End,Start,passage_hr,passage,3,The person who put the book in the box was,Sean,Anna,0.05512264743447304,0.18037378787994385,-1.7102726150928294,False,EleutherAI/pythia-12b,Pythia 12B,,,33000,
1,1_tb_1_e_s_ex,True Belief,Explicit,End,Start,passage_hr,passage,4,The person who moved the book to the basket was,Anna,Sean,0.3090081810951233,0.060607947409152985,2.3500661452958993,True,EleutherAI/pythia-12b,Pythia 12B,,,33000,
1,1_tb_1_e_s_im,True Belief,Implicit,End,Start,passage_hr,passage,1,"At the start of the story, Sean put the book in the",box,basket,0.336031973361969,0.6292600631713867,-0.9050578716282022,False,EleutherAI/pythia-12b,Pythia 12B,,,33000,
1,1_tb_1_e_s_im,True Belief,Implicit,End,Start,passage_hr,passage,2,"At the end of the story, the book was in the",basket,box,0.7718117833137512,0.18849992752075195,2.0336851010207804,True,EleutherAI/pythia-12b,Pythia 12B,,,33000,
1,1_tb_1_e_s_im,True Belief,Implicit,End,Start,passage_hr,passage,3,The person who put the book in the box was,Sean,Anna,0.05512264743447304,0.18037378787994385,-1.7102726150928294,False,EleutherAI/pythia-12b,Pythia 12B,,,33000,
1,1_tb_1_e_s_im,True Belief,Implicit,End,Start,passage_hr,passage,4,The person who moved the book to the basket was,Anna,Sean,0.3090081810951233,0.060607947409152985,2.3500661452958993,True,EleutherAI/pythia-12b,Pythia 12B,,,33000,
2,2_fb_1_s_e_ex,False Belief,Explicit,Start,End,passage_hr,passage,1,"At the start of the story, Mary put the jam in the",cupboard,fridge,0.7868190407752991,0.13766728341579437,2.5148461266000965,True,EleutherAI/pythia-12b,Pythia 12B,,,33000,
2,2_fb_1_s_e_ex,False Belief,Explicit,Start,End,passage_hr,passage,2,"At the end of the story, the jam was in the",fridge,cupboard,0.5077036023139954,0.3956981599330902,0.35958613993376276,True,EleutherAI/pythia-12b,Pythia 12B,,,33000,
2,2_fb_1_s_e_ex,False Belief,Explicit,Start,End,passage_hr,passage,3,The person who put the jam in the cupboard was,Mary,James,0.07161376625299454,0.14407533407211304,-1.00851451765809,False,EleutherAI/pythia-12b,Pythia 12B,,,33000,
2,2_fb_1_s_e_ex,False Belief,Explicit,Start,End,passage_hr,passage,4,The person who moved the jam to the fridge was,James,Mary,0.3157026469707489,0.04920363053679466,2.68172968157027,True,EleutherAI/pythia-12b,Pythia 12B,,,33000,
2,2_fb_1_s_e_im,False Belief,Implicit,Start,End,passage_hr,passage,1,"At the start of the story, Mary put the jam in the",cupboard,fridge,0.7868190407752991,0.13766728341579437,2.5148461266000965,True,EleutherAI/pythia-12b,Pythia 12B,,,33000,
2,2_fb_1_s_e_im,False Belief,Implicit,Start,End,passage_hr,passage,2,"At the end of the story, the jam was in the",fridge,cupboard,0.5077036023139954,0.3956981599330902,0.35958613993376276,True,EleutherAI/pythia-12b,Pythia 12B,,,33000,
2,2_fb_1_s_e_im,False Belief,Implicit,Start,End,passage_hr,passage,3,The person who put the jam in the cupboard was,Mary,James,0.07161376625299454,0.14407533407211304,-1.00851451765809,False,EleutherAI/pythia-12b,Pythia 12B,,,33000,
2,2_fb_1_s_e_im,False Belief,Implicit,Start,End,passage_hr,passage,4,The person who moved the jam to the fridge was,James,Mary,0.3157026469707489,0.04920363053679466,2.68172968157027,True,EleutherAI/pythia-12b,Pythia 12B,,,33000,
2,2_tb_1_s_e_ex,True Belief,Explicit,Start,End,passage_hr,passage,1,"At the start of the story, Mary put the jam in the",cupboard,fridge,0.7482414245605469,0.1589612364768982,2.2348288396708185,True,EleutherAI/pythia-12b,Pythia 12B,,,33000,
2,2_tb_1_s_e_ex,True Belief,Explicit,Start,End,passage_hr,passage,2,"At the end of the story, the jam was in the",fridge,cupboard,0.6666272282600403,0.23458988964557648,1.5067394078118648,True,EleutherAI/pythia-12b,Pythia 12B,,,33000,
2,2_tb_1_s_e_ex,True Belief,Explicit,Start,End,passage_hr,passage,3,The person who put the jam in the cupboard was,Mary,James,0.07816886156797409,0.17024026811122894,-1.1229063960700254,False,EleutherAI/pythia-12b,Pythia 12B,,,33000,
2,2_tb_1_s_e_ex,True Belief,Explicit,Start,End,passage_hr,passage,4,The person who moved the jam to the fridge was,James,Mary,0.2826569676399231,0.07420728355646133,1.9294195590119596,True,EleutherAI/pythia-12b,Pythia 12B,,,33000,
2,2_tb_1_s_e_im,True Belief,Implicit,Start,End,passage_hr,passage,1,"At the start of the story, Mary put the jam in the",cupboard,fridge,0.7482414245605469,0.1589612364768982,2.2348288396708185,True,EleutherAI/pythia-12b,Pythia 12B,,,33000,
2,2_tb_1_s_e_im,True Belief,Implicit,Start,End,passage_hr,passage,2,"At the end of the story, the jam was in the",fridge,cupboard,0.6666272282600403,0.23458988964557648,1.5067394078118648,True,EleutherAI/pythia-12b,Pythia 12B,,,33000,
2,2_tb_1_s_e_im,True Belief,Implicit,Start,End,passage_hr,passage,3,The person who put the jam in the cupboard was,Mary,James,0.07816886156797409,0.17024026811122894,-1.1229063960700254,False,EleutherAI/pythia-12b,Pythia 12B,,,33000,
2,2_tb_1_s_e_im,True Belief,Implicit,Start,End,passage_hr,passage,4,The person who moved the jam to the fridge was,James,Mary,0.2826569676399231,0.07420728355646133,1.9294195590119596,True,EleutherAI/pythia-12b,Pythia 12B,,,33000,
2,2_fb_1_s_s_ex,False Belief,Explicit,Start,Start,passage_hr,passage,1,"At the start of the story, Mary put the jam in the",cupboard,fridge,0.7767431735992432,0.1500978171825409,2.371534660763023,True,EleutherAI/pythia-12b,Pythia 12B,,,33000,
2,2_fb_1_s_s_ex,False Belief,Explicit,Start,Start,passage_hr,passage,2,"At the end of the story, the jam was in the",fridge,cupboard,0.6463742852210999,0.2654429078102112,1.2839682087546147,True,EleutherAI/pythia-12b,Pythia 12B,,,33000,
2,2_fb_1_s_s_ex,False Belief,Explicit,Start,Start,passage_hr,passage,3,The person who put the jam in the cupboard was,Mary,James,0.06453081220388412,0.15580907464027405,-1.2717191724711816,False,EleutherAI/pythia-12b,Pythia 12B,,,33000,
2,2_fb_1_s_s_ex,False Belief,Explicit,Start,Start,passage_hr,passage,4,The person who moved the jam to the fridge was,James,Mary,0.2889506220817566,0.050658244639635086,2.5119539837351073,True,EleutherAI/pythia-12b,Pythia 12B,,,33000,
2,2_fb_1_s_s_im,False Belief,Implicit,Start,Start,passage_hr,passage,1,"At the start of the story, Mary put the jam in the",cupboard,fridge,0.7767431735992432,0.1500978171825409,2.371534660763023,True,EleutherAI/pythia-12b,Pythia 12B,,,33000,
2,2_fb_1_s_s_im,False Belief,Implicit,Start,Start,passage_hr,passage,2,"At the end of the story, the jam was in the",fridge,cupboard,0.6463742852210999,0.2654429078102112,1.2839682087546147,True,EleutherAI/pythia-12b,Pythia 12B,,,33000,
2,2_fb_1_s_s_im,False Belief,Implicit,Start,Start,passage_hr,passage,3,The person who put the jam in the cupboard was,Mary,James,0.06453081220388412,0.15580907464027405,-1.2717191724711816,False,EleutherAI/pythia-12b,Pythia 12B,,,33000,
2,2_fb_1_s_s_im,False Belief,Implicit,Start,Start,passage_hr,passage,4,The person who moved the jam to the fridge was,James,Mary,0.2889506220817566,0.050658244639635086,2.5119539837351073,True,EleutherAI/pythia-12b,Pythia 12B,,,33000,
2,2_tb_1_s_s_ex,True Belief,Explicit,Start,Start,passage_hr,passage,1,"At the start of the story, Mary put the jam in the",cupboard,fridge,0.6963844299316406,0.21171355247497559,1.7177703230251906,True,EleutherAI/pythia-12b,Pythia 12B,,,33000,
2,2_tb_1_s_s_ex,True Belief,Explicit,Start,Start,passage_hr,passage,2,"At the end of the story, the jam was in the",fridge,cupboard,0.6390767693519592,0.263780802488327,1.2766496743455684,True,EleutherAI/pythia-12b,Pythia 12B,,,33000,
2,2_tb_1_s_s_ex,True Belief,Explicit,Start,Start,passage_hr,passage,3,The person who put the jam in the cupboard was,Mary,James,0.07045290619134903,0.17160403728485107,-1.2843523709295481,False,EleutherAI/pythia-12b,Pythia 12B,,,33000,
2,2_tb_1_s_s_ex,True Belief,Explicit,Start,Start,passage_hr,passage,4,The person who moved the jam to the fridge was,James,Mary,0.2509619891643524,0.06796940416097641,1.8845114884582113,True,EleutherAI/pythia-12b,Pythia 12B,,,33000,
2,2_tb_1_s_s_im,True Belief,Implicit,Start,Start,passage_hr,passage,1,"At the start of the story, Mary put the jam in the",cupboard,fridge,0.6963844299316406,0.21171355247497559,1.7177703230251906,True,EleutherAI/pythia-12b,Pythia 12B,,,33000,
2,2_tb_1_s_s_im,True Belief,Implicit,Start,Start,passage_hr,passage,2,"At the end of the story, the jam was in the",fridge,cupboard,0.6390767693519592,0.263780802488327,1.2766496743455684,True,EleutherAI/pythia-12b,Pythia 12B,,,33000,
2,2_tb_1_s_s_im,True Belief,Implicit,Start,Start,passage_hr,passage,3,The person who put the jam in the cupboard was,Mary,James,0.07045290619134903,0.17160403728485107,-1.2843523709295481,False,EleutherAI/pythia-12b,Pythia 12B,,,33000,
2,2_tb_1_s_s_im,True Belief,Implicit,Start,Start,passage_hr,passage,4,The person who moved the jam to the fridge was,James,Mary,0.2509619891643524,0.06796940416097641,1.8845114884582113,True,EleutherAI/pythia-12b,Pythia 12B,,,33000,
2,2_fb_1_e_e_ex,False Belief,Explicit,End,End,passage_hr,passage,1,"At the start of the story, Mary put the jam in the",cupboard,fridge,0.7347994446754456,0.17521671950817108,2.068210089957499,True,EleutherAI/pythia-12b,Pythia 12B,,,33000,
2,2_fb_1_e_e_ex,False Belief,Explicit,End,End,passage_hr,passage,2,"At the end of the story, the jam was in the",fridge,cupboard,0.4624711871147156,0.42547908425331116,0.12027527212954368,True,EleutherAI/pythia-12b,Pythia 12B,,,33000,
2,2_fb_1_e_e_ex,False Belief,Explicit,End,End,passage_hr,passage,3,The person who put the jam in the cupboard was,Mary,James,0.0657445564866066,0.1610163301229477,-1.2922636602230149,False,EleutherAI/pythia-12b,Pythia 12B,,,33000,
2,2_fb_1_e_e_ex,False Belief,Explicit,End,End,passage_hr,passage,4,The person who moved the jam to the fridge was,James,Mary,0.2989087998867035,0.04620148614048958,2.6936942066769545,True,EleutherAI/pythia-12b,Pythia 12B,,,33000,
2,2_fb_1_e_e_im,False Belief,Implicit,End,End,passage_hr,passage,1,"At the start of the story, Mary put the jam in the",cupboard,fridge,0.7347994446754456,0.17521671950817108,2.068210089957499,True,EleutherAI/pythia-12b,Pythia 12B,,,33000,
2,2_fb_1_e_e_im,False Belief,Implicit,End,End,passage_hr,passage,2,"At the end of the story, the jam was in the",fridge,cupboard,0.4624711871147156,0.42547908425331116,0.12027527212954368,True,EleutherAI/pythia-12b,Pythia 12B,,,33000,
2,2_fb_1_e_e_im,False Belief,Implicit,End,End,passage_hr,passage,3,The person who put the jam in the cupboard was,Mary,James,0.0657445564866066,0.1610163301229477,-1.2922636602230149,False,EleutherAI/pythia-12b,Pythia 12B,,,33000,
2,2_fb_1_e_e_im,False Belief,Implicit,End,End,passage_hr,passage,4,The person who moved the jam to the fridge was,James,Mary,0.2989087998867035,0.04620148614048958,2.6936942066769545,True,EleutherAI/pythia-12b,Pythia 12B,,,33000,
2,2_tb_1_e_e_ex,True Belief,Explicit,End,End,passage_hr,passage,1,"At the start of the story, Mary put the jam in the",cupboard,fridge,0.6474199891090393,0.24106571078300476,1.4252754530721006,True,EleutherAI/pythia-12b,Pythia 12B,,,33000,
2,2_tb_1_e_e_ex,True Belief,Explicit,End,End,passage_hr,passage,2,"At the end of the story, the jam was in the",fridge,cupboard,0.5676323175430298,0.3150829076766968,0.8492252355414794,True,EleutherAI/pythia-12b,Pythia 12B,,,33000,
2,2_tb_1_e_e_ex,True Belief,Explicit,End,End,passage_hr,passage,3,The person who put the jam in the cupboard was,Mary,James,0.07231690734624863,0.18665358424186707,-1.367958325554251,False,EleutherAI/pythia-12b,Pythia 12B,,,33000,
2,2_tb_1_e_e_ex,True Belief,Explicit,End,End,passage_hr,passage,4,The person who moved the jam to the fridge was,James,Mary,0.27843597531318665,0.06936202198266983,2.0051277661021127,True,EleutherAI/pythia-12b,Pythia 12B,,,33000,
2,2_tb_1_e_e_im,True Belief,Implicit,End,End,passage_hr,passage,1,"At the start of the story, Mary put the jam in the",cupboard,fridge,0.6474199891090393,0.24106571078300476,1.4252754530721006,True,EleutherAI/pythia-12b,Pythia 12B,,,33000,
2,2_tb_1_e_e_im,True Belief,Implicit,End,End,passage_hr,passage,2,"At the end of the story, the jam was in the",fridge,cupboard,0.5676323175430298,0.3150829076766968,0.8492252355414794,True,EleutherAI/pythia-12b,Pythia 12B,,,33000,
2,2_tb_1_e_e_im,True Belief,Implicit,End,End,passage_hr,passage,3,The person who put the jam in the cupboard was,Mary,James,0.07231690734624863,0.18665358424186707,-1.367958325554251,False,EleutherAI/pythia-12b,Pythia 12B,,,33000,
2,2_tb_1_e_e_im,True Belief,Implicit,End,End,passage_hr,passage,4,The person who moved the jam to the fridge was,James,Mary,0.27843597531318665,0.06936202198266983,2.0051277661021127,True,EleutherAI/pythia-12b,Pythia 12B,,,33000,
2,2_fb_1_e_s_ex,False Belief,Explicit,End,Start,passage_hr,passage,1,"At the start of the story, Mary put the jam in the",cupboard,fridge,0.7618505954742432,0.15875600278377533,2.262696959100514,True,EleutherAI/pythia-12b,Pythia 12B,,,33000,
2,2_fb_1_e_s_ex,False Belief,Explicit,End,Start,passage_hr,passage,2,"At the end of the story, the jam was in the",fridge,cupboard,0.44931119680404663,0.45021793246269226,-0.0029085072147786383,False,EleutherAI/pythia-12b,Pythia 12B,,,33000,
2,2_fb_1_e_s_ex,False Belief,Explicit,End,Start,passage_hr,passage,3,The person who put the jam in the cupboard was,Mary,James,0.05947466939687729,0.17335909605026245,-1.5434162836453515,False,EleutherAI/pythia-12b,Pythia 12B,,,33000,
2,2_fb_1_e_s_ex,False Belief,Explicit,End,Start,passage_hr,passage,4,The person who moved the jam to the fridge was,James,Mary,0.27435773611068726,0.0483173206448555,2.5054458965083493,True,EleutherAI/pythia-12b,Pythia 12B,,,33000,
2,2_fb_1_e_s_im,False Belief,Implicit,End,Start,passage_hr,passage,1,"At the start of the story, Mary put the jam in the",cupboard,fridge,0.7618505954742432,0.15875600278377533,2.262696959100514,True,EleutherAI/pythia-12b,Pythia 12B,,,33000,
2,2_fb_1_e_s_im,False Belief,Implicit,End,Start,passage_hr,passage,2,"At the end of the story, the jam was in the",fridge,cupboard,0.44931119680404663,0.45021793246269226,-0.0029085072147786383,False,EleutherAI/pythia-12b,Pythia 12B,,,33000,
2,2_fb_1_e_s_im,False Belief,Implicit,End,Start,passage_hr,passage,3,The person who put the jam in the cupboard was,Mary,James,0.05947466939687729,0.17335909605026245,-1.5434162836453515,False,EleutherAI/pythia-12b,Pythia 12B,,,33000,
2,2_fb_1_e_s_im,False Belief,Implicit,End,Start,passage_hr,passage,4,The person who moved the jam to the fridge was,James,Mary,0.27435773611068726,0.0483173206448555,2.5054458965083493,True,EleutherAI/pythia-12b,Pythia 12B,,,33000,
2,2_tb_1_e_s_ex,True Belief,Explicit,End,Start,passage_hr,passage,1,"At the start of the story, Mary put the jam in the",cupboard,fridge,0.6337336301803589,0.2631038427352905,1.2682442569045087,True,EleutherAI/pythia-12b,Pythia 12B,,,33000,
2,2_tb_1_e_s_ex,True Belief,Explicit,End,Start,passage_hr,passage,2,"At the end of the story, the jam was in the",fridge,cupboard,0.44881629943847656,0.4404591917991638,0.027116709770727616,True,EleutherAI/pythia-12b,Pythia 12B,,,33000,
2,2_tb_1_e_s_ex,True Belief,Explicit,End,Start,passage_hr,passage,3,The person who put the jam in the cupboard was,Mary,James,0.06626217067241669,0.1916525661945343,-1.5322359453693788,False,EleutherAI/pythia-12b,Pythia 12B,,,33000,
2,2_tb_1_e_s_ex,True Belief,Explicit,End,Start,passage_hr,passage,4,The person who moved the jam to the fridge was,James,Mary,0.2515113949775696,0.06435709446668625,1.9664526650550682,True,EleutherAI/pythia-12b,Pythia 12B,,,33000,
2,2_tb_1_e_s_im,True Belief,Implicit,End,Start,passage_hr,passage,1,"At the start of the story, Mary put the jam in the",cupboard,fridge,0.6337336301803589,0.2631038427352905,1.2682442569045087,True,EleutherAI/pythia-12b,Pythia 12B,,,33000,
2,2_tb_1_e_s_im,True Belief,Implicit,End,Start,passage_hr,passage,2,"At the end of the story, the jam was in the",fridge,cupboard,0.44881629943847656,0.4404591917991638,0.027116709770727616,True,EleutherAI/pythia-12b,Pythia 12B,,,33000,
2,2_tb_1_e_s_im,True Belief,Implicit,End,Start,passage_hr,passage,3,The person who put the jam in the cupboard was,Mary,James,0.06626217067241669,0.1916525661945343,-1.5322359453693788,False,EleutherAI/pythia-12b,Pythia 12B,,,33000,
2,2_tb_1_e_s_im,True Belief,Implicit,End,Start,passage_hr,passage,4,The person who moved the jam to the fridge was,James,Mary,0.2515113949775696,0.06435709446668625,1.9664526650550682,True,EleutherAI/pythia-12b,Pythia 12B,,,33000,
3,3_fb_1_s_e_ex,False Belief,Explicit,Start,End,passage_hr,passage,1,"At the start of the story, Cameron put the shirt in the",sink,basket,0.8390915393829346,0.08483800292015076,3.3060456423622084,True,EleutherAI/pythia-12b,Pythia 12B,,,33000,
3,3_fb_1_s_e_ex,False Belief,Explicit,Start,End,passage_hr,passage,2,"At the end of the story, the shirt was in the",basket,sink,0.8312071561813354,0.06646376848220825,3.644568074032497,True,EleutherAI/pythia-12b,Pythia 12B,,,33000,
3,3_fb_1_s_e_ex,False Belief,Explicit,Start,End,passage_hr,passage,3,The person who put the shirt in the sink was,Cameron,Helen,0.08909854292869568,0.4491846263408661,-2.3338348073658253,False,EleutherAI/pythia-12b,Pythia 12B,,,33000,
3,3_fb_1_s_e_ex,False Belief,Explicit,Start,End,passage_hr,passage,4,The person who moved the shirt to the basket was,Helen,Cameron,0.5650525093078613,0.07889071851968765,2.840457458302537,True,EleutherAI/pythia-12b,Pythia 12B,,,33000,
3,3_fb_1_s_e_im,False Belief,Implicit,Start,End,passage_hr,passage,1,"At the start of the story, Cameron put the shirt in the",sink,basket,0.8390915393829346,0.08483800292015076,3.3060456423622084,True,EleutherAI/pythia-12b,Pythia 12B,,,33000,
3,3_fb_1_s_e_im,False Belief,Implicit,Start,End,passage_hr,passage,2,"At the end of the story, the shirt was in the",basket,sink,0.8312071561813354,0.06646376848220825,3.644568074032497,True,EleutherAI/pythia-12b,Pythia 12B,,,33000,
3,3_fb_1_s_e_im,False Belief,Implicit,Start,End,passage_hr,passage,3,The person who put the shirt in the sink was,Cameron,Helen,0.08909854292869568,0.4491846263408661,-2.3338348073658253,False,EleutherAI/pythia-12b,Pythia 12B,,,33000,
3,3_fb_1_s_e_im,False Belief,Implicit,Start,End,passage_hr,passage,4,The person who moved the shirt to the basket was,Helen,Cameron,0.5650525093078613,0.07889071851968765,2.840457458302537,True,EleutherAI/pythia-12b,Pythia 12B,,,33000,
3,3_tb_1_s_e_ex,True Belief,Explicit,Start,End,passage_hr,passage,1,"At the start of the story, Cameron put the shirt in the",sink,basket,0.8617784380912781,0.03199981153011322,4.751181689132285,True,EleutherAI/pythia-12b,Pythia 12B,,,33000,
3,3_tb_1_s_e_ex,True Belief,Explicit,Start,End,passage_hr,passage,2,"At the end of the story, the shirt was in the",basket,sink,0.6529669761657715,0.1548895686864853,2.07577004271473,True,EleutherAI/pythia-12b,Pythia 12B,,,33000,
3,3_tb_1_s_e_ex,True Belief,Explicit,Start,End,passage_hr,passage,3,The person who put the shirt in the sink was,Cameron,Helen,0.06908325850963593,0.20561526715755463,-1.5735393517615424,False,EleutherAI/pythia-12b,Pythia 12B,,,33000,
3,3_tb_1_s_e_ex,True Belief,Explicit,Start,End,passage_hr,passage,4,The person who moved the shirt to the basket was,Helen,Cameron,0.2849993407726288,0.08215034753084183,1.7946199986933198,True,EleutherAI/pythia-12b,Pythia 12B,,,33000,
3,3_tb_1_s_e_im,True Belief,Implicit,Start,End,passage_hr,passage,1,"At the start of the story, Cameron put the shirt in the",sink,basket,0.8617784380912781,0.03199981153011322,4.751181689132285,True,EleutherAI/pythia-12b,Pythia 12B,,,33000,
3,3_tb_1_s_e_im,True Belief,Implicit,Start,End,passage_hr,passage,2,"At the end of the story, the shirt was in the",basket,sink,0.6529669761657715,0.1548895686864853,2.07577004271473,True,EleutherAI/pythia-12b,Pythia 12B,,,33000,
3,3_tb_1_s_e_im,True Belief,Implicit,Start,End,passage_hr,passage,3,The person who put the shirt in the sink was,Cameron,Helen,0.06908325850963593,0.20561526715755463,-1.5735393517615424,False,EleutherAI/pythia-12b,Pythia 12B,,,33000,
3,3_tb_1_s_e_im,True Belief,Implicit,Start,End,passage_hr,passage,4,The person who moved the shirt to the basket was,Helen,Cameron,0.2849993407726288,0.08215034753084183,1.7946199986933198,True,EleutherAI/pythia-12b,Pythia 12B,,,33000,
3,3_fb_1_s_s_ex,False Belief,Explicit,Start,Start,passage_hr,passage,1,"At the start of the story, Cameron put the shirt in the",sink,basket,0.7324304580688477,0.17907024919986725,2.0321661194307383,True,EleutherAI/pythia-12b,Pythia 12B,,,33000,
3,3_fb_1_s_s_ex,False Belief,Explicit,Start,Start,passage_hr,passage,2,"At the end of the story, the shirt was in the",basket,sink,0.884254515171051,0.04081866890192032,4.437160638699577,True,EleutherAI/pythia-12b,Pythia 12B,,,33000,
3,3_fb_1_s_s_ex,False Belief,Explicit,Start,Start,passage_hr,passage,3,The person who put the shirt in the sink was,Cameron,Helen,0.08726438879966736,0.4469410479068756,-2.3566196123373486,False,EleutherAI/pythia-12b,Pythia 12B,,,33000,
3,3_fb_1_s_s_ex,False Belief,Explicit,Start,Start,passage_hr,passage,4,The person who moved the shirt to the basket was,Helen,Cameron,0.5406302809715271,0.08922991156578064,2.5990430050141273,True,EleutherAI/pythia-12b,Pythia 12B,,,33000,
3,3_fb_1_s_s_im,False Belief,Implicit,Start,Start,passage_hr,passage,1,"At the start of the story, Cameron put the shirt in the",sink,basket,0.7324304580688477,0.17907024919986725,2.0321661194307383,True,EleutherAI/pythia-12b,Pythia 12B,,,33000,
3,3_fb_1_s_s_im,False Belief,Implicit,Start,Start,passage_hr,passage,2,"At the end of the story, the shirt was in the",basket,sink,0.884254515171051,0.04081866890192032,4.437160638699577,True,EleutherAI/pythia-12b,Pythia 12B,,,33000,
3,3_fb_1_s_s_im,False Belief,Implicit,Start,Start,passage_hr,passage,3,The person who put the shirt in the sink was,Cameron,Helen,0.08726438879966736,0.4469410479068756,-2.3566196123373486,False,EleutherAI/pythia-12b,Pythia 12B,,,33000,
3,3_fb_1_s_s_im,False Belief,Implicit,Start,Start,passage_hr,passage,4,The person who moved the shirt to the basket was,Helen,Cameron,0.5406302809715271,0.08922991156578064,2.5990430050141273,True,EleutherAI/pythia-12b,Pythia 12B,,,33000,
3,3_tb_1_s_s_ex,True Belief,Explicit,Start,Start,passage_hr,passage,1,"At the start of the story, Cameron put the shirt in the",sink,basket,0.84028160572052,0.049862656742334366,4.074841244483116,True,EleutherAI/pythia-12b,Pythia 12B,,,33000,
3,3_tb_1_s_s_ex,True Belief,Explicit,Start,Start,passage_hr,passage,2,"At the end of the story, the shirt was in the",basket,sink,0.6684333682060242,0.15866146981716156,2.0748319354774565,True,EleutherAI/pythia-12b,Pythia 12B,,,33000,
3,3_tb_1_s_s_ex,True Belief,Explicit,Start,Start,passage_hr,passage,3,The person who put the shirt in the sink was,Cameron,Helen,0.07155222445726395,0.22165603935718536,-1.6312541473613875,False,EleutherAI/pythia-12b,Pythia 12B,,,33000,
3,3_tb_1_s_s_ex,True Belief,Explicit,Start,Start,passage_hr,passage,4,The person who moved the shirt to the basket was,Helen,Cameron,0.29614537954330444,0.08820031583309174,1.747449850402176,True,EleutherAI/pythia-12b,Pythia 12B,,,33000,
3,3_tb_1_s_s_im,True Belief,Implicit,Start,Start,passage_hr,passage,1,"At the start of the story, Cameron put the shirt in the",sink,basket,0.84028160572052,0.049862656742334366,4.074841244483116,True,EleutherAI/pythia-12b,Pythia 12B,,,33000,
3,3_tb_1_s_s_im,True Belief,Implicit,Start,Start,passage_hr,passage,2,"At the end of the story, the shirt was in the",basket,sink,0.6684333682060242,0.15866146981716156,2.0748319354774565,True,EleutherAI/pythia-12b,Pythia 12B,,,33000,
3,3_tb_1_s_s_im,True Belief,Implicit,Start,Start,passage_hr,passage,3,The person who put the shirt in the sink was,Cameron,Helen,0.07155222445726395,0.22165603935718536,-1.6312541473613875,False,EleutherAI/pythia-12b,Pythia 12B,,,33000,
3,3_tb_1_s_s_im,True Belief,Implicit,Start,Start,passage_hr,passage,4,The person who moved the shirt to the basket was,Helen,Cameron,0.29614537954330444,0.08820031583309174,1.747449850402176,True,EleutherAI/pythia-12b,Pythia 12B,,,33000,
3,3_fb_1_e_e_ex,False Belief,Explicit,End,End,passage_hr,passage,1,"At the start of the story, Cameron put the shirt in the",sink,basket,0.8247867226600647,0.08987567573785782,3.1980184907925424,True,EleutherAI/pythia-12b,Pythia 12B,,,33000,
3,3_fb_1_e_e_ex,False Belief,Explicit,End,End,passage_hr,passage,2,"At the end of the story, the shirt was in the",basket,sink,0.8523136973381042,0.05746452882885933,3.8906409151576313,True,EleutherAI/pythia-12b,Pythia 12B,,,33000,
3,3_fb_1_e_e_ex,False Belief,Explicit,End,End,passage_hr,passage,3,The person who put the shirt in the sink was,Cameron,Helen,0.07328303158283234,0.48351436853408813,-2.7220076713266623,False,EleutherAI/pythia-12b,Pythia 12B,,,33000,
3,3_fb_1_e_e_ex,False Belief,Explicit,End,End,passage_hr,passage,4,The person who moved the shirt to the basket was,Helen,Cameron,0.5734652876853943,0.06948807090520859,3.0448689262589053,True,EleutherAI/pythia-12b,Pythia 12B,,,33000,
3,3_fb_1_e_e_im,False Belief,Implicit,End,End,passage_hr,passage,1,"At the start of the story, Cameron put the shirt in the",sink,basket,0.8247867226600647,0.08987567573785782,3.1980184907925424,True,EleutherAI/pythia-12b,Pythia 12B,,,33000,
3,3_fb_1_e_e_im,False Belief,Implicit,End,End,passage_hr,passage,2,"At the end of the story, the shirt was in the",basket,sink,0.8523136973381042,0.05746452882885933,3.8906409151576313,True,EleutherAI/pythia-12b,Pythia 12B,,,33000,
3,3_fb_1_e_e_im,False Belief,Implicit,End,End,passage_hr,passage,3,The person who put the shirt in the sink was,Cameron,Helen,0.07328303158283234,0.48351436853408813,-2.7220076713266623,False,EleutherAI/pythia-12b,Pythia 12B,,,33000,
3,3_fb_1_e_e_im,False Belief,Implicit,End,End,passage_hr,passage,4,The person who moved the shirt to the basket was,Helen,Cameron,0.5734652876853943,0.06948807090520859,3.0448689262589053,True,EleutherAI/pythia-12b,Pythia 12B,,,33000,
3,3_tb_1_e_e_ex,True Belief,Explicit,End,End,passage_hr,passage,1,"At the start of the story, Cameron put the shirt in the",sink,basket,0.8364989161491394,0.04282165691256523,4.287951146372723,True,EleutherAI/pythia-12b,Pythia 12B,,,33000,
3,3_tb_1_e_e_ex,True Belief,Explicit,End,End,passage_hr,passage,2,"At the end of the story, the shirt was in the",basket,sink,0.7219799160957336,0.11612328141927719,2.6363014596218304,True,EleutherAI/pythia-12b,Pythia 12B,,,33000,
3,3_tb_1_e_e_ex,True Belief,Explicit,End,End,passage_hr,passage,3,The person who put the shirt in the sink was,Cameron,Helen,0.06378152221441269,0.2159290462732315,-1.7593468898190912,False,EleutherAI/pythia-12b,Pythia 12B,,,33000,
3,3_tb_1_e_e_ex,True Belief,Explicit,End,End,passage_hr,passage,4,The person who moved the shirt to the basket was,Helen,Cameron,0.27595826983451843,0.07041691988706589,1.9704560917909328,True,EleutherAI/pythia-12b,Pythia 12B,,,33000,
3,3_tb_1_e_e_im,True Belief,Implicit,End,End,passage_hr,passage,1,"At the start of the story, Cameron put the shirt in the",sink,basket,0.8364989161491394,0.04282165691256523,4.287951146372723,True,EleutherAI/pythia-12b,Pythia 12B,,,33000,
3,3_tb_1_e_e_im,True Belief,Implicit,End,End,passage_hr,passage,2,"At the end of the story, the shirt was in the",basket,sink,0.7219799160957336,0.11612328141927719,2.6363014596218304,True,EleutherAI/pythia-12b,Pythia 12B,,,33000,
3,3_tb_1_e_e_im,True Belief,Implicit,End,End,passage_hr,passage,3,The person who put the shirt in the sink was,Cameron,Helen,0.06378152221441269,0.2159290462732315,-1.7593468898190912,False,EleutherAI/pythia-12b,Pythia 12B,,,33000,
3,3_tb_1_e_e_im,True Belief,Implicit,End,End,passage_hr,passage,4,The person who moved the shirt to the basket was,Helen,Cameron,0.27595826983451843,0.07041691988706589,1.9704560917909328,True,EleutherAI/pythia-12b,Pythia 12B,,,33000,
3,3_fb_1_e_s_ex,False Belief,Explicit,End,Start,passage_hr,passage,1,"At the start of the story, Cameron put the shirt in the",sink,basket,0.6764559149742126,0.23619042336940765,1.5180454459098132,True,EleutherAI/pythia-12b,Pythia 12B,,,33000,
3,3_fb_1_e_s_ex,False Belief,Explicit,End,Start,passage_hr,passage,2,"At the end of the story, the shirt was in the",basket,sink,0.902856707572937,0.032105378806591034,4.813610109622889,True,EleutherAI/pythia-12b,Pythia 12B,,,33000,
3,3_fb_1_e_s_ex,False Belief,Explicit,End,Start,passage_hr,passage,3,The person who put the shirt in the sink was,Cameron,Helen,0.06873225420713425,0.4766257405281067,-2.793797686227492,False,EleutherAI/pythia-12b,Pythia 12B,,,33000,
3,3_fb_1_e_s_ex,False Belief,Explicit,End,Start,passage_hr,passage,4,The person who moved the shirt to the basket was,Helen,Cameron,0.5526453852653503,0.07575216889381409,2.8669949456934996,True,EleutherAI/pythia-12b,Pythia 12B,,,33000,
3,3_fb_1_e_s_im,False Belief,Implicit,End,Start,passage_hr,passage,1,"At the start of the story, Cameron put the shirt in the",sink,basket,0.6764559149742126,0.23619042336940765,1.5180454459098132,True,EleutherAI/pythia-12b,Pythia 12B,,,33000,
3,3_fb_1_e_s_im,False Belief,Implicit,End,Start,passage_hr,passage,2,"At the end of the story, the shirt was in the",basket,sink,0.902856707572937,0.032105378806591034,4.813610109622889,True,EleutherAI/pythia-12b,Pythia 12B,,,33000,
3,3_fb_1_e_s_im,False Belief,Implicit,End,Start,passage_hr,passage,3,The person who put the shirt in the sink was,Cameron,Helen,0.06873225420713425,0.4766257405281067,-2.793797686227492,False,EleutherAI/pythia-12b,Pythia 12B,,,33000,
3,3_fb_1_e_s_im,False Belief,Implicit,End,Start,passage_hr,passage,4,The person who moved the shirt to the basket was,Helen,Cameron,0.5526453852653503,0.07575216889381409,2.8669949456934996,True,EleutherAI/pythia-12b,Pythia 12B,,,33000,
3,3_tb_1_e_s_ex,True Belief,Explicit,End,Start,passage_hr,passage,1,"At the start of the story, Cameron put the shirt in the",sink,basket,0.8142495155334473,0.07049238681793213,3.5299315963539613,True,EleutherAI/pythia-12b,Pythia 12B,,,33000,
3,3_tb_1_e_s_ex,True Belief,Explicit,End,Start,passage_hr,passage,2,"At the end of the story, the shirt was in the",basket,sink,0.7634254097938538,0.10762014240026474,2.82653908506135,True,EleutherAI/pythia-12b,Pythia 12B,,,33000,
3,3_tb_1_e_s_ex,True Belief,Explicit,End,Start,passage_hr,passage,3,The person who put the shirt in the sink was,Cameron,Helen,0.06394506990909576,0.23581930994987488,-1.8827768191499008,False,EleutherAI/pythia-12b,Pythia 12B,,,33000,
3,3_tb_1_e_s_ex,True Belief,Explicit,End,Start,passage_hr,passage,4,The person who moved the shirt to the basket was,Helen,Cameron,0.2958390712738037,0.07540620863437653,1.9720573817948743,True,EleutherAI/pythia-12b,Pythia 12B,,,33000,
3,3_tb_1_e_s_im,True Belief,Implicit,End,Start,passage_hr,passage,1,"At the start of the story, Cameron put the shirt in the",sink,basket,0.8142495155334473,0.07049238681793213,3.5299315963539613,True,EleutherAI/pythia-12b,Pythia 12B,,,33000,
3,3_tb_1_e_s_im,True Belief,Implicit,End,Start,passage_hr,passage,2,"At the end of the story, the shirt was in the",basket,sink,0.7634254097938538,0.10762014240026474,2.82653908506135,True,EleutherAI/pythia-12b,Pythia 12B,,,33000,
3,3_tb_1_e_s_im,True Belief,Implicit,End,Start,passage_hr,passage,3,The person who put the shirt in the sink was,Cameron,Helen,0.06394506990909576,0.23581930994987488,-1.8827768191499008,False,EleutherAI/pythia-12b,Pythia 12B,,,33000,
3,3_tb_1_e_s_im,True Belief,Implicit,End,Start,passage_hr,passage,4,The person who moved the shirt to the basket was,Helen,Cameron,0.2958390712738037,0.07540620863437653,1.9720573817948743,True,EleutherAI/pythia-12b,Pythia 12B,,,33000,
4,4_fb_1_s_e_ex,False Belief,Explicit,Start,End,passage_hr,passage,1,"At the start of the story, Paula put the football in the",shed,garage,0.8395963311195374,0.09569357335567474,3.13320191860411,True,EleutherAI/pythia-12b,Pythia 12B,,,33000,
4,4_fb_1_s_e_ex,False Belief,Explicit,Start,End,passage_hr,passage,2,"At the end of the story, the football was in the",garage,shed,0.4073035717010498,0.46906471252441406,-0.20368250618823214,False,EleutherAI/pythia-12b,Pythia 12B,,,33000,
4,4_fb_1_s_e_ex,False Belief,Explicit,Start,End,passage_hr,passage,3,The person who put the football in the shed was,Paula,Tim,0.09394513070583344,0.08297146111726761,0.17920319482084232,True,EleutherAI/pythia-12b,Pythia 12B,,,33000,
4,4_fb_1_s_e_ex,False Belief,Explicit,Start,End,passage_hr,passage,4,The person who moved the football to the garage was,Tim,Paula,0.15066543221473694,0.12416280806064606,0.279115360553374,True,EleutherAI/pythia-12b,Pythia 12B,,,33000,
4,4_fb_1_s_e_im,False Belief,Implicit,Start,End,passage_hr,passage,1,"At the start of the story, Paula put the football in the",shed,garage,0.8395963311195374,0.09569357335567474,3.13320191860411,True,EleutherAI/pythia-12b,Pythia 12B,,,33000,
4,4_fb_1_s_e_im,False Belief,Implicit,Start,End,passage_hr,passage,2,"At the end of the story, the football was in the",garage,shed,0.4073035717010498,0.46906471252441406,-0.20368250618823214,False,EleutherAI/pythia-12b,Pythia 12B,,,33000,
4,4_fb_1_s_e_im,False Belief,Implicit,Start,End,passage_hr,passage,3,The person who put the football in the shed was,Paula,Tim,0.09394513070583344,0.08297146111726761,0.17920319482084232,True,EleutherAI/pythia-12b,Pythia 12B,,,33000,
4,4_fb_1_s_e_im,False Belief,Implicit,Start,End,passage_hr,passage,4,The person who moved the football to the garage was,Tim,Paula,0.15066543221473694,0.12416280806064606,0.279115360553374,True,EleutherAI/pythia-12b,Pythia 12B,,,33000,
4,4_tb_1_s_e_ex,True Belief,Explicit,Start,End,passage_hr,passage,1,"At the start of the story, Paula put the football in the",shed,garage,0.8068945407867432,0.11227106302976608,2.8453939964646398,True,EleutherAI/pythia-12b,Pythia 12B,,,33000,
4,4_tb_1_s_e_ex,True Belief,Explicit,Start,End,passage_hr,passage,2,"At the end of the story, the football was in the",garage,shed,0.5092340111732483,0.3614614009857178,0.49448718267403435,True,EleutherAI/pythia-12b,Pythia 12B,,,33000,
4,4_tb_1_s_e_ex,True Belief,Explicit,Start,End,passage_hr,passage,3,The person who put the football in the shed was,Paula,Tim,0.09476470202207565,0.09886972606182098,-0.06117905117205455,False,EleutherAI/pythia-12b,Pythia 12B,,,33000,
4,4_tb_1_s_e_ex,True Belief,Explicit,Start,End,passage_hr,passage,4,The person who moved the football to the garage was,Tim,Paula,0.17319439351558685,0.12418106943368912,0.4799469680733964,True,EleutherAI/pythia-12b,Pythia 12B,,,33000,
4,4_tb_1_s_e_im,True Belief,Implicit,Start,End,passage_hr,passage,1,"At the start of the story, Paula put the football in the",shed,garage,0.8068945407867432,0.11227106302976608,2.8453939964646398,True,EleutherAI/pythia-12b,Pythia 12B,,,33000,
4,4_tb_1_s_e_im,True Belief,Implicit,Start,End,passage_hr,passage,2,"At the end of the story, the football was in the",garage,shed,0.5092340111732483,0.3614614009857178,0.49448718267403435,True,EleutherAI/pythia-12b,Pythia 12B,,,33000,
4,4_tb_1_s_e_im,True Belief,Implicit,Start,End,passage_hr,passage,3,The person who put the football in the shed was,Paula,Tim,0.09476470202207565,0.09886972606182098,-0.06117905117205455,False,EleutherAI/pythia-12b,Pythia 12B,,,33000,
4,4_tb_1_s_e_im,True Belief,Implicit,Start,End,passage_hr,passage,4,The person who moved the football to the garage was,Tim,Paula,0.17319439351558685,0.12418106943368912,0.4799469680733964,True,EleutherAI/pythia-12b,Pythia 12B,,,33000,
4,4_fb_1_s_s_ex,False Belief,Explicit,Start,Start,passage_hr,passage,1,"At the start of the story, Paula put the football in the",shed,garage,0.7664496302604675,0.14733903110027313,2.379051322962122,True,EleutherAI/pythia-12b,Pythia 12B,,,33000,
4,4_fb_1_s_s_ex,False Belief,Explicit,Start,Start,passage_hr,passage,2,"At the end of the story, the football was in the",garage,shed,0.4948485195636749,0.37544485926628113,0.3983859245717328,True,EleutherAI/pythia-12b,Pythia 12B,,,33000,
4,4_fb_1_s_s_ex,False Belief,Explicit,Start,Start,passage_hr,passage,3,The person who put the football in the shed was,Paula,Tim,0.07465168088674545,0.07537765055894852,-0.01396208341868458,False,EleutherAI/pythia-12b,Pythia 12B,,,33000,
4,4_fb_1_s_s_ex,False Belief,Explicit,Start,Start,passage_hr,passage,4,The person who moved the football to the garage was,Tim,Paula,0.13750427961349487,0.09755739569664001,0.4951533701569086,True,EleutherAI/pythia-12b,Pythia 12B,,,33000,
4,4_fb_1_s_s_im,False Belief,Implicit,Start,Start,passage_hr,passage,1,"At the start of the story, Paula put the football in the",shed,garage,0.7664496302604675,0.14733903110027313,2.379051322962122,True,EleutherAI/pythia-12b,Pythia 12B,,,33000,
4,4_fb_1_s_s_im,False Belief,Implicit,Start,Start,passage_hr,passage,2,"At the end of the story, the football was in the",garage,shed,0.4948485195636749,0.37544485926628113,0.3983859245717328,True,EleutherAI/pythia-12b,Pythia 12B,,,33000,
4,4_fb_1_s_s_im,False Belief,Implicit,Start,Start,passage_hr,passage,3,The person who put the football in the shed was,Paula,Tim,0.07465168088674545,0.07537765055894852,-0.01396208341868458,False,EleutherAI/pythia-12b,Pythia 12B,,,33000,
4,4_fb_1_s_s_im,False Belief,Implicit,Start,Start,passage_hr,passage,4,The person who moved the football to the garage was,Tim,Paula,0.13750427961349487,0.09755739569664001,0.4951533701569086,True,EleutherAI/pythia-12b,Pythia 12B,,,33000,
4,4_tb_1_s_s_ex,True Belief,Explicit,Start,Start,passage_hr,passage,1,"At the start of the story, Paula put the football in the",shed,garage,0.7783326506614685,0.13292331993579865,2.5497926469105527,True,EleutherAI/pythia-12b,Pythia 12B,,,33000,
4,4_tb_1_s_s_ex,True Belief,Explicit,Start,Start,passage_hr,passage,2,"At the end of the story, the football was in the",garage,shed,0.5284556746482849,0.3508690595626831,0.5908497343497562,True,EleutherAI/pythia-12b,Pythia 12B,,,33000,
4,4_tb_1_s_s_ex,True Belief,Explicit,Start,Start,passage_hr,passage,3,The person who put the football in the shed was,Paula,Tim,0.08365655690431595,0.10453291237354279,-0.3214067223522825,False,EleutherAI/pythia-12b,Pythia 12B,,,33000,
4,4_tb_1_s_s_ex,True Belief,Explicit,Start,Start,passage_hr,passage,4,The person who moved the football to the garage was,Tim,Paula,0.18043869733810425,0.10773561894893646,0.7440134712647579,True,EleutherAI/pythia-12b,Pythia 12B,,,33000,
4,4_tb_1_s_s_im,True Belief,Implicit,Start,Start,passage_hr,passage,1,"At the start of the story, Paula put the football in the",shed,garage,0.7783326506614685,0.13292331993579865,2.5497926469105527,True,EleutherAI/pythia-12b,Pythia 12B,,,33000,
4,4_tb_1_s_s_im,True Belief,Implicit,Start,Start,passage_hr,passage,2,"At the end of the story, the football was in the",garage,shed,0.5284556746482849,0.3508690595626831,0.5908497343497562,True,EleutherAI/pythia-12b,Pythia 12B,,,33000,
4,4_tb_1_s_s_im,True Belief,Implicit,Start,Start,passage_hr,passage,3,The person who put the football in the shed was,Paula,Tim,0.08365655690431595,0.10453291237354279,-0.3214067223522825,False,EleutherAI/pythia-12b,Pythia 12B,,,33000,
4,4_tb_1_s_s_im,True Belief,Implicit,Start,Start,passage_hr,passage,4,The person who moved the football to the garage was,Tim,Paula,0.18043869733810425,0.10773561894893646,0.7440134712647579,True,EleutherAI/pythia-12b,Pythia 12B,,,33000,
4,4_fb_1_e_e_ex,False Belief,Explicit,End,End,passage_hr,passage,1,"At the start of the story, Paula put the football in the",shed,garage,0.852179765701294,0.08756691217422485,3.2827000517531246,True,EleutherAI/pythia-12b,Pythia 12B,,,33000,
4,4_fb_1_e_e_ex,False Belief,Explicit,End,End,passage_hr,passage,2,"At the end of the story, the football was in the",garage,shed,0.49269184470176697,0.39675986766815186,0.3124194873475805,True,EleutherAI/pythia-12b,Pythia 12B,,,33000,
4,4_fb_1_e_e_ex,False Belief,Explicit,End,End,passage_hr,passage,3,The person who put the football in the shed was,Paula,Tim,0.09201332926750183,0.09021832048892975,0.028422439521404882,True,EleutherAI/pythia-12b,Pythia 12B,,,33000,
4,4_fb_1_e_e_ex,False Belief,Explicit,End,End,passage_hr,passage,4,The person who moved the football to the garage was,Tim,Paula,0.15777039527893066,0.13050419092178345,0.27373037993920946,True,EleutherAI/pythia-12b,Pythia 12B,,,33000,
4,4_fb_1_e_e_im,False Belief,Implicit,End,End,passage_hr,passage,1,"At the start of the story, Paula put the football in the",shed,garage,0.852179765701294,0.08756691217422485,3.2827000517531246,True,EleutherAI/pythia-12b,Pythia 12B,,,33000,
4,4_fb_1_e_e_im,False Belief,Implicit,End,End,passage_hr,passage,2,"At the end of the story, the football was in the",garage,shed,0.49269184470176697,0.39675986766815186,0.3124194873475805,True,EleutherAI/pythia-12b,Pythia 12B,,,33000,
4,4_fb_1_e_e_im,False Belief,Implicit,End,End,passage_hr,passage,3,The person who put the football in the shed was,Paula,Tim,0.09201332926750183,0.09021832048892975,0.028422439521404882,True,EleutherAI/pythia-12b,Pythia 12B,,,33000,
4,4_fb_1_e_e_im,False Belief,Implicit,End,End,passage_hr,passage,4,The person who moved the football to the garage was,Tim,Paula,0.15777039527893066,0.13050419092178345,0.27373037993920946,True,EleutherAI/pythia-12b,Pythia 12B,,,33000,
4,4_tb_1_e_e_ex,True Belief,Explicit,End,End,passage_hr,passage,1,"At the start of the story, Paula put the football in the",shed,garage,0.8233610391616821,0.1036156713962555,2.9902829624552383,True,EleutherAI/pythia-12b,Pythia 12B,,,33000,
4,4_tb_1_e_e_ex,True Belief,Explicit,End,End,passage_hr,passage,2,"At the end of the story, the football was in the",garage,shed,0.5707769989967346,0.31444379687309265,0.8601250232930259,True,EleutherAI/pythia-12b,Pythia 12B,,,33000,
4,4_tb_1_e_e_ex,True Belief,Explicit,End,End,passage_hr,passage,3,The person who put the football in the shed was,Paula,Tim,0.09695084393024445,0.09787388145923615,-0.01367045817066353,False,EleutherAI/pythia-12b,Pythia 12B,,,33000,
4,4_tb_1_e_e_ex,True Belief,Explicit,End,End,passage_hr,passage,4,The person who moved the football to the garage was,Tim,Paula,0.16743457317352295,0.13589584827423096,0.3010960760716987,True,EleutherAI/pythia-12b,Pythia 12B,,,33000,
4,4_tb_1_e_e_im,True Belief,Implicit,End,End,passage_hr,passage,1,"At the start of the story, Paula put the football in the",shed,garage,0.8233610391616821,0.1036156713962555,2.9902829624552383,True,EleutherAI/pythia-12b,Pythia 12B,,,33000,
4,4_tb_1_e_e_im,True Belief,Implicit,End,End,passage_hr,passage,2,"At the end of the story, the football was in the",garage,shed,0.5707769989967346,0.31444379687309265,0.8601250232930259,True,EleutherAI/pythia-12b,Pythia 12B,,,33000,
4,4_tb_1_e_e_im,True Belief,Implicit,End,End,passage_hr,passage,3,The person who put the football in the shed was,Paula,Tim,0.09695084393024445,0.09787388145923615,-0.01367045817066353,False,EleutherAI/pythia-12b,Pythia 12B,,,33000,
4,4_tb_1_e_e_im,True Belief,Implicit,End,End,passage_hr,passage,4,The person who moved the football to the garage was,Tim,Paula,0.16743457317352295,0.13589584827423096,0.3010960760716987,True,EleutherAI/pythia-12b,Pythia 12B,,,33000,
4,4_fb_1_e_s_ex,False Belief,Explicit,End,Start,passage_hr,passage,1,"At the start of the story, Paula put the football in the",shed,garage,0.8066134452819824,0.11154265701770782,2.8542819115234033,True,EleutherAI/pythia-12b,Pythia 12B,,,33000,
4,4_fb_1_e_s_ex,False Belief,Explicit,End,Start,passage_hr,passage,2,"At the end of the story, the football was in the",garage,shed,0.569408655166626,0.31286177039146423,0.8639390409070072,True,EleutherAI/pythia-12b,Pythia 12B,,,33000,
4,4_fb_1_e_s_ex,False Belief,Explicit,End,Start,passage_hr,passage,3,The person who put the football in the shed was,Paula,Tim,0.06895233690738678,0.07925957441329956,-0.2009857728711216,False,EleutherAI/pythia-12b,Pythia 12B,,,33000,
4,4_fb_1_e_s_ex,False Belief,Explicit,End,Start,passage_hr,passage,4,The person who moved the football to the garage was,Tim,Paula,0.14100995659828186,0.10133810341358185,0.47662030017907997,True,EleutherAI/pythia-12b,Pythia 12B,,,33000,
4,4_fb_1_e_s_im,False Belief,Implicit,End,Start,passage_hr,passage,1,"At the start of the story, Paula put the football in the",shed,garage,0.8066134452819824,0.11154265701770782,2.8542819115234033,True,EleutherAI/pythia-12b,Pythia 12B,,,33000,
4,4_fb_1_e_s_im,False Belief,Implicit,End,Start,passage_hr,passage,2,"At the end of the story, the football was in the",garage,shed,0.569408655166626,0.31286177039146423,0.8639390409070072,True,EleutherAI/pythia-12b,Pythia 12B,,,33000,
4,4_fb_1_e_s_im,False Belief,Implicit,End,Start,passage_hr,passage,3,The person who put the football in the shed was,Paula,Tim,0.06895233690738678,0.07925957441329956,-0.2009857728711216,False,EleutherAI/pythia-12b,Pythia 12B,,,33000,
4,4_fb_1_e_s_im,False Belief,Implicit,End,Start,passage_hr,passage,4,The person who moved the football to the garage was,Tim,Paula,0.14100995659828186,0.10133810341358185,0.47662030017907997,True,EleutherAI/pythia-12b,Pythia 12B,,,33000,
4,4_tb_1_e_s_ex,True Belief,Explicit,End,Start,passage_hr,passage,1,"At the start of the story, Paula put the football in the",shed,garage,0.8115782737731934,0.10373254120349884,2.9678617013397246,True,EleutherAI/pythia-12b,Pythia 12B,,,33000,
4,4_tb_1_e_s_ex,True Belief,Explicit,End,Start,passage_hr,passage,2,"At the end of the story, the football was in the",garage,shed,0.5849102139472961,0.3089770972728729,0.9207152789862267,True,EleutherAI/pythia-12b,Pythia 12B,,,33000,
4,4_tb_1_e_s_ex,True Belief,Explicit,End,Start,passage_hr,passage,3,The person who put the football in the shed was,Paula,Tim,0.08278970420360565,0.09986136108636856,-0.27047520626301635,False,EleutherAI/pythia-12b,Pythia 12B,,,33000,
4,4_tb_1_e_s_ex,True Belief,Explicit,End,Start,passage_hr,passage,4,The person who moved the football to the garage was,Tim,Paula,0.17871436476707458,0.12074879556894302,0.5656468017916486,True,EleutherAI/pythia-12b,Pythia 12B,,,33000,
4,4_tb_1_e_s_im,True Belief,Implicit,End,Start,passage_hr,passage,1,"At the start of the story, Paula put the football in the",shed,garage,0.8115782737731934,0.10373254120349884,2.9678617013397246,True,EleutherAI/pythia-12b,Pythia 12B,,,33000,
4,4_tb_1_e_s_im,True Belief,Implicit,End,Start,passage_hr,passage,2,"At the end of the story, the football was in the",garage,shed,0.5849102139472961,0.3089770972728729,0.9207152789862267,True,EleutherAI/pythia-12b,Pythia 12B,,,33000,
4,4_tb_1_e_s_im,True Belief,Implicit,End,Start,passage_hr,passage,3,The person who put the football in the shed was,Paula,Tim,0.08278970420360565,0.09986136108636856,-0.27047520626301635,False,EleutherAI/pythia-12b,Pythia 12B,,,33000,
4,4_tb_1_e_s_im,True Belief,Implicit,End,Start,passage_hr,passage,4,The person who moved the football to the garage was,Tim,Paula,0.17871436476707458,0.12074879556894302,0.5656468017916486,True,EleutherAI/pythia-12b,Pythia 12B,,,33000,
5,5_fb_1_s_e_ex,False Belief,Explicit,Start,End,passage_hr,passage,1,"At the start of the story, Ed put the keys in the",hall,study,0.49860307574272156,0.16850057244300842,1.5651382897892983,True,EleutherAI/pythia-12b,Pythia 12B,,,33000,
5,5_fb_1_s_e_ex,False Belief,Explicit,Start,End,passage_hr,passage,2,"At the end of the story, the keys were in the",study,hall,0.5908552408218384,0.14876405894756317,1.9897786975182543,True,EleutherAI/pythia-12b,Pythia 12B,,,33000,
5,5_fb_1_s_e_ex,False Belief,Explicit,Start,End,passage_hr,passage,3,The person who put the keys in the hall was,Ed,Seana,0.014128785580396652,0.3355520963668823,-4.569827399085857,False,EleutherAI/pythia-12b,Pythia 12B,,,33000,
5,5_fb_1_s_e_ex,False Belief,Explicit,Start,End,passage_hr,passage,4,The person who moved the keys to the study was,Seana,Ed,0.4251154959201813,0.020387837663292885,4.382074171574417,True,EleutherAI/pythia-12b,Pythia 12B,,,33000,
5,5_fb_1_s_e_im,False Belief,Implicit,Start,End,passage_hr,passage,1,"At the start of the story, Ed put the keys in the",hall,study,0.49860307574272156,0.16850057244300842,1.5651382897892983,True,EleutherAI/pythia-12b,Pythia 12B,,,33000,
5,5_fb_1_s_e_im,False Belief,Implicit,Start,End,passage_hr,passage,2,"At the end of the story, the keys were in the",study,hall,0.5908552408218384,0.14876405894756317,1.9897786975182543,True,EleutherAI/pythia-12b,Pythia 12B,,,33000,
5,5_fb_1_s_e_im,False Belief,Implicit,Start,End,passage_hr,passage,3,The person who put the keys in the hall was,Ed,Seana,0.014128785580396652,0.3355520963668823,-4.569827399085857,False,EleutherAI/pythia-12b,Pythia 12B,,,33000,
5,5_fb_1_s_e_im,False Belief,Implicit,Start,End,passage_hr,passage,4,The person who moved the keys to the study was,Seana,Ed,0.4251154959201813,0.020387837663292885,4.382074171574417,True,EleutherAI/pythia-12b,Pythia 12B,,,33000,
5,5_tb_1_s_e_ex,True Belief,Explicit,Start,End,passage_hr,passage,1,"At the start of the story, Ed put the keys in the",hall,study,0.4734312891960144,0.10661977529525757,2.150680010635283,True,EleutherAI/pythia-12b,Pythia 12B,,,33000,
5,5_tb_1_s_e_ex,True Belief,Explicit,Start,End,passage_hr,passage,2,"At the end of the story, the keys were in the",study,hall,0.3075442910194397,0.18479520082473755,0.7348669051661413,True,EleutherAI/pythia-12b,Pythia 12B,,,33000,
5,5_tb_1_s_e_ex,True Belief,Explicit,Start,End,passage_hr,passage,3,The person who put the keys in the hall was,Ed,Seana,0.012766271829605103,0.238749161362648,-4.225086488148759,False,EleutherAI/pythia-12b,Pythia 12B,,,33000,
5,5_tb_1_s_e_ex,True Belief,Explicit,Start,End,passage_hr,passage,4,The person who moved the keys to the study was,Seana,Ed,0.31841182708740234,0.01861037313938141,4.096715037390814,True,EleutherAI/pythia-12b,Pythia 12B,,,33000,
5,5_tb_1_s_e_im,True Belief,Implicit,Start,End,passage_hr,passage,1,"At the start of the story, Ed put the keys in the",hall,study,0.4734312891960144,0.10661977529525757,2.150680010635283,True,EleutherAI/pythia-12b,Pythia 12B,,,33000,
5,5_tb_1_s_e_im,True Belief,Implicit,Start,End,passage_hr,passage,2,"At the end of the story, the keys were in the",study,hall,0.3075442910194397,0.18479520082473755,0.7348669051661413,True,EleutherAI/pythia-12b,Pythia 12B,,,33000,
5,5_tb_1_s_e_im,True Belief,Implicit,Start,End,passage_hr,passage,3,The person who put the keys in the hall was,Ed,Seana,0.012766271829605103,0.238749161362648,-4.225086488148759,False,EleutherAI/pythia-12b,Pythia 12B,,,33000,
5,5_tb_1_s_e_im,True Belief,Implicit,Start,End,passage_hr,passage,4,The person who moved the keys to the study was,Seana,Ed,0.31841182708740234,0.01861037313938141,4.096715037390814,True,EleutherAI/pythia-12b,Pythia 12B,,,33000,
5,5_fb_1_s_s_ex,False Belief,Explicit,Start,Start,passage_hr,passage,1,"At the start of the story, Ed put the keys in the",hall,study,0.5803134441375732,0.12897029519081116,2.169793533994788,True,EleutherAI/pythia-12b,Pythia 12B,,,33000,
5,5_fb_1_s_s_ex,False Belief,Explicit,Start,Start,passage_hr,passage,2,"At the end of the story, the keys were in the",study,hall,0.5642617344856262,0.19691087305545807,1.5188217398673358,True,EleutherAI/pythia-12b,Pythia 12B,,,33000,
5,5_fb_1_s_s_ex,False Belief,Explicit,Start,Start,passage_hr,passage,3,The person who put the keys in the hall was,Ed,Seana,0.0154799222946167,0.3421173691749573,-4.466021216429372,False,EleutherAI/pythia-12b,Pythia 12B,,,33000,
5,5_fb_1_s_s_ex,False Belief,Explicit,Start,Start,passage_hr,passage,4,The person who moved the keys to the study was,Seana,Ed,0.43236714601516724,0.021041933447122574,4.360917723672873,True,EleutherAI/pythia-12b,Pythia 12B,,,33000,
5,5_fb_1_s_s_im,False Belief,Implicit,Start,Start,passage_hr,passage,1,"At the start of the story, Ed put the keys in the",hall,study,0.5803134441375732,0.12897029519081116,2.169793533994788,True,EleutherAI/pythia-12b,Pythia 12B,,,33000,
5,5_fb_1_s_s_im,False Belief,Implicit,Start,Start,passage_hr,passage,2,"At the end of the story, the keys were in the",study,hall,0.5642617344856262,0.19691087305545807,1.5188217398673358,True,EleutherAI/pythia-12b,Pythia 12B,,,33000,
5,5_fb_1_s_s_im,False Belief,Implicit,Start,Start,passage_hr,passage,3,The person who put the keys in the hall was,Ed,Seana,0.0154799222946167,0.3421173691749573,-4.466021216429372,False,EleutherAI/pythia-12b,Pythia 12B,,,33000,
5,5_fb_1_s_s_im,False Belief,Implicit,Start,Start,passage_hr,passage,4,The person who moved the keys to the study was,Seana,Ed,0.43236714601516724,0.021041933447122574,4.360917723672873,True,EleutherAI/pythia-12b,Pythia 12B,,,33000,
5,5_tb_1_s_s_ex,True Belief,Explicit,Start,Start,passage_hr,passage,1,"At the start of the story, Ed put the keys in the",hall,study,0.4895398020744324,0.12004311382770538,2.0278735160844104,True,EleutherAI/pythia-12b,Pythia 12B,,,33000,
5,5_tb_1_s_s_ex,True Belief,Explicit,Start,Start,passage_hr,passage,2,"At the end of the story, the keys were in the",study,hall,0.3418363928794861,0.19180841743946075,0.8336399647599048,True,EleutherAI/pythia-12b,Pythia 12B,,,33000,
5,5_tb_1_s_s_ex,True Belief,Explicit,Start,Start,passage_hr,passage,3,The person who put the keys in the hall was,Ed,Seana,0.013770096935331821,0.26042312383651733,-4.24124693533887,False,EleutherAI/pythia-12b,Pythia 12B,,,33000,
5,5_tb_1_s_s_ex,True Belief,Explicit,Start,Start,passage_hr,passage,4,The person who moved the keys to the study was,Seana,Ed,0.3263629972934723,0.019434910267591476,4.069755143500854,True,EleutherAI/pythia-12b,Pythia 12B,,,33000,
5,5_tb_1_s_s_im,True Belief,Implicit,Start,Start,passage_hr,passage,1,"At the start of the story, Ed put the keys in the",hall,study,0.4895398020744324,0.12004311382770538,2.0278735160844104,True,EleutherAI/pythia-12b,Pythia 12B,,,33000,
5,5_tb_1_s_s_im,True Belief,Implicit,Start,Start,passage_hr,passage,2,"At the end of the story, the keys were in the",study,hall,0.3418363928794861,0.19180841743946075,0.8336399647599048,True,EleutherAI/pythia-12b,Pythia 12B,,,33000,
5,5_tb_1_s_s_im,True Belief,Implicit,Start,Start,passage_hr,passage,3,The person who put the keys in the hall was,Ed,Seana,0.013770096935331821,0.26042312383651733,-4.24124693533887,False,EleutherAI/pythia-12b,Pythia 12B,,,33000,
5,5_tb_1_s_s_im,True Belief,Implicit,Start,Start,passage_hr,passage,4,The person who moved the keys to the study was,Seana,Ed,0.3263629972934723,0.019434910267591476,4.069755143500854,True,EleutherAI/pythia-12b,Pythia 12B,,,33000,
5,5_fb_1_e_e_ex,False Belief,Explicit,End,End,passage_hr,passage,1,"At the start of the story, Ed put the keys in the",hall,study,0.4468276798725128,0.19437530636787415,1.200873610815555,True,EleutherAI/pythia-12b,Pythia 12B,,,33000,
5,5_fb_1_e_e_ex,False Belief,Explicit,End,End,passage_hr,passage,2,"At the end of the story, the keys were in the",study,hall,0.6024019122123718,0.13933460414409637,2.11217274973954,True,EleutherAI/pythia-12b,Pythia 12B,,,33000,
5,5_fb_1_e_e_ex,False Belief,Explicit,End,End,passage_hr,passage,3,The person who put the keys in the hall was,Ed,Seana,0.015356240794062614,0.3777632713317871,-4.620585447280755,False,EleutherAI/pythia-12b,Pythia 12B,,,33000,
5,5_fb_1_e_e_ex,False Belief,Explicit,End,End,passage_hr,passage,4,The person who moved the keys to the study was,Seana,Ed,0.41571909189224243,0.02327490970492363,4.158761529260832,True,EleutherAI/pythia-12b,Pythia 12B,,,33000,
5,5_fb_1_e_e_im,False Belief,Implicit,End,End,passage_hr,passage,1,"At the start of the story, Ed put the keys in the",hall,study,0.4468276798725128,0.19437530636787415,1.200873610815555,True,EleutherAI/pythia-12b,Pythia 12B,,,33000,
5,5_fb_1_e_e_im,False Belief,Implicit,End,End,passage_hr,passage,2,"At the end of the story, the keys were in the",study,hall,0.6024019122123718,0.13933460414409637,2.11217274973954,True,EleutherAI/pythia-12b,Pythia 12B,,,33000,
5,5_fb_1_e_e_im,False Belief,Implicit,End,End,passage_hr,passage,3,The person who put the keys in the hall was,Ed,Seana,0.015356240794062614,0.3777632713317871,-4.620585447280755,False,EleutherAI/pythia-12b,Pythia 12B,,,33000,
5,5_fb_1_e_e_im,False Belief,Implicit,End,End,passage_hr,passage,4,The person who moved the keys to the study was,Seana,Ed,0.41571909189224243,0.02327490970492363,4.158761529260832,True,EleutherAI/pythia-12b,Pythia 12B,,,33000,
5,5_tb_1_e_e_ex,True Belief,Explicit,End,End,passage_hr,passage,1,"At the start of the story, Ed put the keys in the",hall,study,0.44866079092025757,0.13450777530670166,1.7379355393433544,True,EleutherAI/pythia-12b,Pythia 12B,,,33000,
5,5_tb_1_e_e_ex,True Belief,Explicit,End,End,passage_hr,passage,2,"At the end of the story, the keys were in the",study,hall,0.33446982502937317,0.20733743906021118,0.6898954122801478,True,EleutherAI/pythia-12b,Pythia 12B,,,33000,
5,5_tb_1_e_e_ex,True Belief,Explicit,End,End,passage_hr,passage,3,The person who put the keys in the hall was,Ed,Seana,0.012757782824337482,0.2911970019340515,-4.512545972149981,False,EleutherAI/pythia-12b,Pythia 12B,,,33000,
5,5_tb_1_e_e_ex,True Belief,Explicit,End,End,passage_hr,passage,4,The person who moved the keys to the study was,Seana,Ed,0.3397551476955414,0.01786663383245468,4.249155655928254,True,EleutherAI/pythia-12b,Pythia 12B,,,33000,
5,5_tb_1_e_e_im,True Belief,Implicit,End,End,passage_hr,passage,1,"At the start of the story, Ed put the keys in the",hall,study,0.44866079092025757,0.13450777530670166,1.7379355393433544,True,EleutherAI/pythia-12b,Pythia 12B,,,33000,
5,5_tb_1_e_e_im,True Belief,Implicit,End,End,passage_hr,passage,2,"At the end of the story, the keys were in the",study,hall,0.33446982502937317,0.20733743906021118,0.6898954122801478,True,EleutherAI/pythia-12b,Pythia 12B,,,33000,
5,5_tb_1_e_e_im,True Belief,Implicit,End,End,passage_hr,passage,3,The person who put the keys in the hall was,Ed,Seana,0.012757782824337482,0.2911970019340515,-4.512545972149981,False,EleutherAI/pythia-12b,Pythia 12B,,,33000,
5,5_tb_1_e_e_im,True Belief,Implicit,End,End,passage_hr,passage,4,The person who moved the keys to the study was,Seana,Ed,0.3397551476955414,0.01786663383245468,4.249155655928254,True,EleutherAI/pythia-12b,Pythia 12B,,,33000,
5,5_fb_1_e_s_ex,False Belief,Explicit,End,Start,passage_hr,passage,1,"At the start of the story, Ed put the keys in the",hall,study,0.5526583194732666,0.13729703426361084,2.009087348767561,True,EleutherAI/pythia-12b,Pythia 12B,,,33000,
5,5_fb_1_e_s_ex,False Belief,Explicit,End,Start,passage_hr,passage,2,"At the end of the story, the keys were in the",study,hall,0.5524080395698547,0.19038313627243042,1.5368286227804644,True,EleutherAI/pythia-12b,Pythia 12B,,,33000,
5,5_fb_1_e_s_ex,False Belief,Explicit,End,Start,passage_hr,passage,3,The person who put the keys in the hall was,Ed,Seana,0.016664894297719002,0.38258180022239685,-4.520884173103277,False,EleutherAI/pythia-12b,Pythia 12B,,,33000,
5,5_fb_1_e_s_ex,False Belief,Explicit,End,Start,passage_hr,passage,4,The person who moved the keys to the study was,Seana,Ed,0.4298305809497833,0.0237285066395998,4.179074917074407,True,EleutherAI/pythia-12b,Pythia 12B,,,33000,
5,5_fb_1_e_s_im,False Belief,Implicit,End,Start,passage_hr,passage,1,"At the start of the story, Ed put the keys in the",hall,study,0.5526583194732666,0.13729703426361084,2.009087348767561,True,EleutherAI/pythia-12b,Pythia 12B,,,33000,
5,5_fb_1_e_s_im,False Belief,Implicit,End,Start,passage_hr,passage,2,"At the end of the story, the keys were in the",study,hall,0.5524080395698547,0.19038313627243042,1.5368286227804644,True,EleutherAI/pythia-12b,Pythia 12B,,,33000,
5,5_fb_1_e_s_im,False Belief,Implicit,End,Start,passage_hr,passage,3,The person who put the keys in the hall was,Ed,Seana,0.016664894297719002,0.38258180022239685,-4.520884173103277,False,EleutherAI/pythia-12b,Pythia 12B,,,33000,
5,5_fb_1_e_s_im,False Belief,Implicit,End,Start,passage_hr,passage,4,The person who moved the keys to the study was,Seana,Ed,0.4298305809497833,0.0237285066395998,4.179074917074407,True,EleutherAI/pythia-12b,Pythia 12B,,,33000,
5,5_tb_1_e_s_ex,True Belief,Explicit,End,Start,passage_hr,passage,1,"At the start of the story, Ed put the keys in the",hall,study,0.4482868015766144,0.14953532814979553,1.5839356587746058,True,EleutherAI/pythia-12b,Pythia 12B,,,33000,
5,5_tb_1_e_s_ex,True Belief,Explicit,End,Start,passage_hr,passage,2,"At the end of the story, the keys were in the",study,hall,0.34748077392578125,0.1981619894504547,0.8102528981519114,True,EleutherAI/pythia-12b,Pythia 12B,,,33000,
5,5_tb_1_e_s_ex,True Belief,Explicit,End,Start,passage_hr,passage,3,The person who put the keys in the hall was,Ed,Seana,0.01409872341901064,0.3088516592979431,-4.453277637963745,False,EleutherAI/pythia-12b,Pythia 12B,,,33000,
5,5_tb_1_e_s_ex,True Belief,Explicit,End,Start,passage_hr,passage,4,The person who moved the keys to the study was,Seana,Ed,0.3462287187576294,0.019228579476475716,4.1704013056961005,True,EleutherAI/pythia-12b,Pythia 12B,,,33000,
5,5_tb_1_e_s_im,True Belief,Implicit,End,Start,passage_hr,passage,1,"At the start of the story, Ed put the keys in the",hall,study,0.4482868015766144,0.14953532814979553,1.5839356587746058,True,EleutherAI/pythia-12b,Pythia 12B,,,33000,
5,5_tb_1_e_s_im,True Belief,Implicit,End,Start,passage_hr,passage,2,"At the end of the story, the keys were in the",study,hall,0.34748077392578125,0.1981619894504547,0.8102528981519114,True,EleutherAI/pythia-12b,Pythia 12B,,,33000,
5,5_tb_1_e_s_im,True Belief,Implicit,End,Start,passage_hr,passage,3,The person who put the keys in the hall was,Ed,Seana,0.01409872341901064,0.3088516592979431,-4.453277637963745,False,EleutherAI/pythia-12b,Pythia 12B,,,33000,
5,5_tb_1_e_s_im,True Belief,Implicit,End,Start,passage_hr,passage,4,The person who moved the keys to the study was,Seana,Ed,0.3462287187576294,0.019228579476475716,4.1704013056961005,True,EleutherAI/pythia-12b,Pythia 12B,,,33000,
6,6_fb_1_s_e_ex,False Belief,Explicit,Start,End,passage_hr,passage,1,"At the start of the story, Laura put the stapler in the",drawer,cabinet,0.6425493955612183,0.2549278140068054,1.3337185770005526,True,EleutherAI/pythia-12b,Pythia 12B,,,33000,
6,6_fb_1_s_e_ex,False Belief,Explicit,Start,End,passage_hr,passage,2,"At the end of the story, the stapler was in the",cabinet,drawer,0.46629834175109863,0.4094173014163971,0.18768122920571204,True,EleutherAI/pythia-12b,Pythia 12B,,,33000,
6,6_fb_1_s_e_ex,False Belief,Explicit,Start,End,passage_hr,passage,3,The person who put the stapler in the drawer was,Laura,Ross,0.04596263915300369,0.32020559906959534,-2.800464990493153,False,EleutherAI/pythia-12b,Pythia 12B,,,33000,
6,6_fb_1_s_e_ex,False Belief,Explicit,Start,End,passage_hr,passage,4,The person who moved the stapler to the cabinet was,Ross,Laura,0.30673539638519287,0.04424715414643288,2.793338085912136,True,EleutherAI/pythia-12b,Pythia 12B,,,33000,
6,6_fb_1_s_e_im,False Belief,Implicit,Start,End,passage_hr,passage,1,"At the start of the story, Laura put the stapler in the",drawer,cabinet,0.6425493955612183,0.2549278140068054,1.3337185770005526,True,EleutherAI/pythia-12b,Pythia 12B,,,33000,
6,6_fb_1_s_e_im,False Belief,Implicit,Start,End,passage_hr,passage,2,"At the end of the story, the stapler was in the",cabinet,drawer,0.46629834175109863,0.4094173014163971,0.18768122920571204,True,EleutherAI/pythia-12b,Pythia 12B,,,33000,
6,6_fb_1_s_e_im,False Belief,Implicit,Start,End,passage_hr,passage,3,The person who put the stapler in the drawer was,Laura,Ross,0.04596263915300369,0.32020559906959534,-2.800464990493153,False,EleutherAI/pythia-12b,Pythia 12B,,,33000,
6,6_fb_1_s_e_im,False Belief,Implicit,Start,End,passage_hr,passage,4,The person who moved the stapler to the cabinet was,Ross,Laura,0.30673539638519287,0.04424715414643288,2.793338085912136,True,EleutherAI/pythia-12b,Pythia 12B,,,33000,
6,6_tb_1_s_e_ex,True Belief,Explicit,Start,End,passage_hr,passage,1,"At the start of the story, Laura put the stapler in the",drawer,cabinet,0.5810061693191528,0.312166303396225,0.896238667860589,True,EleutherAI/pythia-12b,Pythia 12B,,,33000,
6,6_tb_1_s_e_ex,True Belief,Explicit,Start,End,passage_hr,passage,2,"At the end of the story, the stapler was in the",cabinet,drawer,0.48559439182281494,0.3793017268180847,0.3564058201685587,True,EleutherAI/pythia-12b,Pythia 12B,,,33000,
6,6_tb_1_s_e_ex,True Belief,Explicit,Start,End,passage_hr,passage,3,The person who put the stapler in the drawer was,Laura,Ross,0.05888950079679489,0.13250212371349335,-1.1699331340050503,False,EleutherAI/pythia-12b,Pythia 12B,,,33000,
6,6_tb_1_s_e_ex,True Belief,Explicit,Start,End,passage_hr,passage,4,The person who moved the stapler to the cabinet was,Ross,Laura,0.12350180000066757,0.0601382739841938,1.0381767016633874,True,EleutherAI/pythia-12b,Pythia 12B,,,33000,
6,6_tb_1_s_e_im,True Belief,Implicit,Start,End,passage_hr,passage,1,"At the start of the story, Laura put the stapler in the",drawer,cabinet,0.5810061693191528,0.312166303396225,0.896238667860589,True,EleutherAI/pythia-12b,Pythia 12B,,,33000,
6,6_tb_1_s_e_im,True Belief,Implicit,Start,End,passage_hr,passage,2,"At the end of the story, the stapler was in the",cabinet,drawer,0.48559439182281494,0.3793017268180847,0.3564058201685587,True,EleutherAI/pythia-12b,Pythia 12B,,,33000,
6,6_tb_1_s_e_im,True Belief,Implicit,Start,End,passage_hr,passage,3,The person who put the stapler in the drawer was,Laura,Ross,0.05888950079679489,0.13250212371349335,-1.1699331340050503,False,EleutherAI/pythia-12b,Pythia 12B,,,33000,
6,6_tb_1_s_e_im,True Belief,Implicit,Start,End,passage_hr,passage,4,The person who moved the stapler to the cabinet was,Ross,Laura,0.12350180000066757,0.0601382739841938,1.0381767016633874,True,EleutherAI/pythia-12b,Pythia 12B,,,33000,
6,6_fb_1_s_s_ex,False Belief,Explicit,Start,Start,passage_hr,passage,1,"At the start of the story, Laura put the stapler in the",drawer,cabinet,0.7804832458496094,0.13537359237670898,2.527421326418692,True,EleutherAI/pythia-12b,Pythia 12B,,,33000,
6,6_fb_1_s_s_ex,False Belief,Explicit,Start,Start,passage_hr,passage,2,"At the end of the story, the stapler was in the",cabinet,drawer,0.20314137637615204,0.6793157458305359,-1.741598173210592,False,EleutherAI/pythia-12b,Pythia 12B,,,33000,
6,6_fb_1_s_s_ex,False Belief,Explicit,Start,Start,passage_hr,passage,3,The person who put the stapler in the drawer was,Laura,Ross,0.03751033544540405,0.41538989543914795,-3.469106052527106,False,EleutherAI/pythia-12b,Pythia 12B,,,33000,
6,6_fb_1_s_s_ex,False Belief,Explicit,Start,Start,passage_hr,passage,4,The person who moved the stapler to the cabinet was,Ross,Laura,0.366512268781662,0.03766472637653351,3.282575538817192,True,EleutherAI/pythia-12b,Pythia 12B,,,33000,
6,6_fb_1_s_s_im,False Belief,Implicit,Start,Start,passage_hr,passage,1,"At the start of the story, Laura put the stapler in the",drawer,cabinet,0.7804832458496094,0.13537359237670898,2.527421326418692,True,EleutherAI/pythia-12b,Pythia 12B,,,33000,
6,6_fb_1_s_s_im,False Belief,Implicit,Start,Start,passage_hr,passage,2,"At the end of the story, the stapler was in the",cabinet,drawer,0.20314137637615204,0.6793157458305359,-1.741598173210592,False,EleutherAI/pythia-12b,Pythia 12B,,,33000,
6,6_fb_1_s_s_im,False Belief,Implicit,Start,Start,passage_hr,passage,3,The person who put the stapler in the drawer was,Laura,Ross,0.03751033544540405,0.41538989543914795,-3.469106052527106,False,EleutherAI/pythia-12b,Pythia 12B,,,33000,
6,6_fb_1_s_s_im,False Belief,Implicit,Start,Start,passage_hr,passage,4,The person who moved the stapler to the cabinet was,Ross,Laura,0.366512268781662,0.03766472637653351,3.282575538817192,True,EleutherAI/pythia-12b,Pythia 12B,,,33000,
6,6_tb_1_s_s_ex,True Belief,Explicit,Start,Start,passage_hr,passage,1,"At the start of the story, Laura put the stapler in the",drawer,cabinet,0.7156670689582825,0.19613711535930634,1.867426031337025,True,EleutherAI/pythia-12b,Pythia 12B,,,33000,
6,6_tb_1_s_s_ex,True Belief,Explicit,Start,Start,passage_hr,passage,2,"At the end of the story, the stapler was in the",cabinet,drawer,0.25899291038513184,0.6168614029884338,-1.2520337732425568,False,EleutherAI/pythia-12b,Pythia 12B,,,33000,
6,6_tb_1_s_s_ex,True Belief,Explicit,Start,Start,passage_hr,passage,3,The person who put the stapler in the drawer was,Laura,Ross,0.056546829640865326,0.18409079313278198,-1.7028994301611868,False,EleutherAI/pythia-12b,Pythia 12B,,,33000,
6,6_tb_1_s_s_ex,True Belief,Explicit,Start,Start,passage_hr,passage,4,The person who moved the stapler to the cabinet was,Ross,Laura,0.1538725048303604,0.05639073625206947,1.4482053780215274,True,EleutherAI/pythia-12b,Pythia 12B,,,33000,
6,6_tb_1_s_s_im,True Belief,Implicit,Start,Start,passage_hr,passage,1,"At the start of the story, Laura put the stapler in the",drawer,cabinet,0.7156670689582825,0.19613711535930634,1.867426031337025,True,EleutherAI/pythia-12b,Pythia 12B,,,33000,
6,6_tb_1_s_s_im,True Belief,Implicit,Start,Start,passage_hr,passage,2,"At the end of the story, the stapler was in the",cabinet,drawer,0.25899291038513184,0.6168614029884338,-1.2520337732425568,False,EleutherAI/pythia-12b,Pythia 12B,,,33000,
6,6_tb_1_s_s_im,True Belief,Implicit,Start,Start,passage_hr,passage,3,The person who put the stapler in the drawer was,Laura,Ross,0.056546829640865326,0.18409079313278198,-1.7028994301611868,False,EleutherAI/pythia-12b,Pythia 12B,,,33000,
6,6_tb_1_s_s_im,True Belief,Implicit,Start,Start,passage_hr,passage,4,The person who moved the stapler to the cabinet was,Ross,Laura,0.1538725048303604,0.05639073625206947,1.4482053780215274,True,EleutherAI/pythia-12b,Pythia 12B,,,33000,
6,6_fb_1_e_e_ex,False Belief,Explicit,End,End,passage_hr,passage,1,"At the start of the story, Laura put the stapler in the",drawer,cabinet,0.5421454310417175,0.34327560663223267,0.6593125656761626,True,EleutherAI/pythia-12b,Pythia 12B,,,33000,
6,6_fb_1_e_e_ex,False Belief,Explicit,End,End,passage_hr,passage,2,"At the end of the story, the stapler was in the",cabinet,drawer,0.42770498991012573,0.4567647874355316,-0.09483539701871828,False,EleutherAI/pythia-12b,Pythia 12B,,,33000,
6,6_fb_1_e_e_ex,False Belief,Explicit,End,End,passage_hr,passage,3,The person who put the stapler in the drawer was,Laura,Ross,0.041249874979257584,0.35212379693984985,-3.093621077585535,False,EleutherAI/pythia-12b,Pythia 12B,,,33000,
6,6_fb_1_e_e_ex,False Belief,Explicit,End,End,passage_hr,passage,4,The person who moved the stapler to the cabinet was,Ross,Laura,0.31759586930274963,0.04388898238539696,2.855261423487411,True,EleutherAI/pythia-12b,Pythia 12B,,,33000,
6,6_fb_1_e_e_im,False Belief,Implicit,End,End,passage_hr,passage,1,"At the start of the story, Laura put the stapler in the",drawer,cabinet,0.5421454310417175,0.34327560663223267,0.6593125656761626,True,EleutherAI/pythia-12b,Pythia 12B,,,33000,
6,6_fb_1_e_e_im,False Belief,Implicit,End,End,passage_hr,passage,2,"At the end of the story, the stapler was in the",cabinet,drawer,0.42770498991012573,0.4567647874355316,-0.09483539701871828,False,EleutherAI/pythia-12b,Pythia 12B,,,33000,
6,6_fb_1_e_e_im,False Belief,Implicit,End,End,passage_hr,passage,3,The person who put the stapler in the drawer was,Laura,Ross,0.041249874979257584,0.35212379693984985,-3.093621077585535,False,EleutherAI/pythia-12b,Pythia 12B,,,33000,
6,6_fb_1_e_e_im,False Belief,Implicit,End,End,passage_hr,passage,4,The person who moved the stapler to the cabinet was,Ross,Laura,0.31759586930274963,0.04388898238539696,2.855261423487411,True,EleutherAI/pythia-12b,Pythia 12B,,,33000,
6,6_tb_1_e_e_ex,True Belief,Explicit,End,End,passage_hr,passage,1,"At the start of the story, Laura put the stapler in the",drawer,cabinet,0.6226099729537964,0.27402955293655396,1.1839971958737394,True,EleutherAI/pythia-12b,Pythia 12B,,,33000,
6,6_tb_1_e_e_ex,True Belief,Explicit,End,End,passage_hr,passage,2,"At the end of the story, the stapler was in the",cabinet,drawer,0.37210509181022644,0.5021376013755798,-0.4323726296813964,False,EleutherAI/pythia-12b,Pythia 12B,,,33000,
6,6_tb_1_e_e_ex,True Belief,Explicit,End,End,passage_hr,passage,3,The person who put the stapler in the drawer was,Laura,Ross,0.05414972081780434,0.13877379894256592,-1.357709402141189,False,EleutherAI/pythia-12b,Pythia 12B,,,33000,
6,6_tb_1_e_e_ex,True Belief,Explicit,End,End,passage_hr,passage,4,The person who moved the stapler to the cabinet was,Ross,Laura,0.12045522034168243,0.0605543777346611,0.9921937516974788,True,EleutherAI/pythia-12b,Pythia 12B,,,33000,
6,6_tb_1_e_e_im,True Belief,Implicit,End,End,passage_hr,passage,1,"At the start of the story, Laura put the stapler in the",drawer,cabinet,0.6226099729537964,0.27402955293655396,1.1839971958737394,True,EleutherAI/pythia-12b,Pythia 12B,,,33000,
6,6_tb_1_e_e_im,True Belief,Implicit,End,End,passage_hr,passage,2,"At the end of the story, the stapler was in the",cabinet,drawer,0.37210509181022644,0.5021376013755798,-0.4323726296813964,False,EleutherAI/pythia-12b,Pythia 12B,,,33000,
6,6_tb_1_e_e_im,True Belief,Implicit,End,End,passage_hr,passage,3,The person who put the stapler in the drawer was,Laura,Ross,0.05414972081780434,0.13877379894256592,-1.357709402141189,False,EleutherAI/pythia-12b,Pythia 12B,,,33000,
6,6_tb_1_e_e_im,True Belief,Implicit,End,End,passage_hr,passage,4,The person who moved the stapler to the cabinet was,Ross,Laura,0.12045522034168243,0.0605543777346611,0.9921937516974788,True,EleutherAI/pythia-12b,Pythia 12B,,,33000,
6,6_fb_1_e_s_ex,False Belief,Explicit,End,Start,passage_hr,passage,1,"At the start of the story, Laura put the stapler in the",drawer,cabinet,0.6704680919647217,0.22151482105255127,1.5977654454677268,True,EleutherAI/pythia-12b,Pythia 12B,,,33000,
6,6_fb_1_e_s_ex,False Belief,Explicit,End,Start,passage_hr,passage,2,"At the end of the story, the stapler was in the",cabinet,drawer,0.2599624991416931,0.6261825561523438,-1.2682797967674195,False,EleutherAI/pythia-12b,Pythia 12B,,,33000,
6,6_fb_1_e_s_ex,False Belief,Explicit,End,Start,passage_hr,passage,3,The person who put the stapler in the drawer was,Laura,Ross,0.033406950533390045,0.44647350907325745,-3.7403543763158487,False,EleutherAI/pythia-12b,Pythia 12B,,,33000,
6,6_fb_1_e_s_ex,False Belief,Explicit,End,Start,passage_hr,passage,4,The person who moved the stapler to the cabinet was,Ross,Laura,0.3672371506690979,0.03849627450108528,3.2539212728915774,True,EleutherAI/pythia-12b,Pythia 12B,,,33000,
6,6_fb_1_e_s_im,False Belief,Implicit,End,Start,passage_hr,passage,1,"At the start of the story, Laura put the stapler in the",drawer,cabinet,0.6704680919647217,0.22151482105255127,1.5977654454677268,True,EleutherAI/pythia-12b,Pythia 12B,,,33000,
6,6_fb_1_e_s_im,False Belief,Implicit,End,Start,passage_hr,passage,2,"At the end of the story, the stapler was in the",cabinet,drawer,0.2599624991416931,0.6261825561523438,-1.2682797967674195,False,EleutherAI/pythia-12b,Pythia 12B,,,33000,
6,6_fb_1_e_s_im,False Belief,Implicit,End,Start,passage_hr,passage,3,The person who put the stapler in the drawer was,Laura,Ross,0.033406950533390045,0.44647350907325745,-3.7403543763158487,False,EleutherAI/pythia-12b,Pythia 12B,,,33000,
6,6_fb_1_e_s_im,False Belief,Implicit,End,Start,passage_hr,passage,4,The person who moved the stapler to the cabinet was,Ross,Laura,0.3672371506690979,0.03849627450108528,3.2539212728915774,True,EleutherAI/pythia-12b,Pythia 12B,,,33000,
6,6_tb_1_e_s_ex,True Belief,Explicit,End,Start,passage_hr,passage,1,"At the start of the story, Laura put the stapler in the",drawer,cabinet,0.6806516647338867,0.22711823880672455,1.583473096140656,True,EleutherAI/pythia-12b,Pythia 12B,,,33000,
6,6_tb_1_e_s_ex,True Belief,Explicit,End,Start,passage_hr,passage,2,"At the end of the story, the stapler was in the",cabinet,drawer,0.24189792573451996,0.6504900455474854,-1.4271285812263905,False,EleutherAI/pythia-12b,Pythia 12B,,,33000,
6,6_tb_1_e_s_ex,True Belief,Explicit,End,Start,passage_hr,passage,3,The person who put the stapler in the drawer was,Laura,Ross,0.051312483847141266,0.2036612331867218,-1.9887896223102826,False,EleutherAI/pythia-12b,Pythia 12B,,,33000,
6,6_tb_1_e_s_ex,True Belief,Explicit,End,Start,passage_hr,passage,4,The person who moved the stapler to the cabinet was,Ross,Laura,0.15227963030338287,0.058232493698596954,1.3868266665675673,True,EleutherAI/pythia-12b,Pythia 12B,,,33000,
6,6_tb_1_e_s_im,True Belief,Implicit,End,Start,passage_hr,passage,1,"At the start of the story, Laura put the stapler in the",drawer,cabinet,0.6806516647338867,0.22711823880672455,1.583473096140656,True,EleutherAI/pythia-12b,Pythia 12B,,,33000,
6,6_tb_1_e_s_im,True Belief,Implicit,End,Start,passage_hr,passage,2,"At the end of the story, the stapler was in the",cabinet,drawer,0.24189792573451996,0.6504900455474854,-1.4271285812263905,False,EleutherAI/pythia-12b,Pythia 12B,,,33000,
6,6_tb_1_e_s_im,True Belief,Implicit,End,Start,passage_hr,passage,3,The person who put the stapler in the drawer was,Laura,Ross,0.051312483847141266,0.2036612331867218,-1.9887896223102826,False,EleutherAI/pythia-12b,Pythia 12B,,,33000,
6,6_tb_1_e_s_im,True Belief,Implicit,End,Start,passage_hr,passage,4,The person who moved the stapler to the cabinet was,Ross,Laura,0.15227963030338287,0.058232493698596954,1.3868266665675673,True,EleutherAI/pythia-12b,Pythia 12B,,,33000,
