item,item_id,condition,question_id,question,correct_answer,distractor_answer,prob_correct,prob_distractor,log_odds,is_correct,model_path,model_shorthand
7,,,1,"At the start of the story, David put the wine in the",garage,fridge,0.5543047189712524,0.21061362326145172,1.3960805316086693,True,allenai/OLMo-2-1124-13B,OLMO 2 13B
7,,,2,"At the end of the story, the wine was in the",fridge,garage,0.5670629739761353,0.18257206678390503,1.6350429071875154,True,allenai/OLMo-2-1124-13B,OLMO 2 13B
7,,,3,The person who put the wine in the garage was,David,Marta,0.03803514316678047,0.13546636700630188,-1.8325297694866203,False,allenai/OLMo-2-1124-13B,OLMO 2 13B
7,,,4,The person who moved the wine to the fridge was,Marta,David,0.0759851485490799,0.026660040020942688,1.511038522304151,True,allenai/OLMo-2-1124-13B,OLMO 2 13B
7,,,1,"At the start of the story, David put the wine in the",garage,fridge,0.5543047189712524,0.21061362326145172,1.3960805316086693,True,allenai/OLMo-2-1124-13B,OLMO 2 13B
7,,,2,"At the end of the story, the wine was in the",fridge,garage,0.5670629739761353,0.18257206678390503,1.6350429071875154,True,allenai/OLMo-2-1124-13B,OLMO 2 13B
7,,,3,The person who put the wine in the garage was,David,Marta,0.03803514316678047,0.13546636700630188,-1.8325297694866203,False,allenai/OLMo-2-1124-13B,OLMO 2 13B
7,,,4,The person who moved the wine to the fridge was,Marta,David,0.0759851485490799,0.026660040020942688,1.511038522304151,True,allenai/OLMo-2-1124-13B,OLMO 2 13B
7,,,1,"At the start of the story, David put the wine in the",garage,fridge,0.461307168006897,0.28063148260116577,0.7170508432834733,True,allenai/OLMo-2-1124-13B,OLMO 2 13B
7,,,2,"At the end of the story, the wine was in the",fridge,garage,0.5634645223617554,0.19843704998493195,1.5056433612465236,True,allenai/OLMo-2-1124-13B,OLMO 2 13B
7,,,3,The person who put the wine in the garage was,David,Marta,0.04471947252750397,0.3478267192840576,-2.9593936849611118,False,allenai/OLMo-2-1124-13B,OLMO 2 13B
7,,,4,The person who moved the wine to the fridge was,Marta,David,0.2195611596107483,0.04616238921880722,2.249833063682604,True,allenai/OLMo-2-1124-13B,OLMO 2 13B
7,,,1,"At the start of the story, David put the wine in the",garage,fridge,0.461307168006897,0.28063148260116577,0.7170508432834733,True,allenai/OLMo-2-1124-13B,OLMO 2 13B
7,,,2,"At the end of the story, the wine was in the",fridge,garage,0.5634645223617554,0.19843704998493195,1.5056433612465236,True,allenai/OLMo-2-1124-13B,OLMO 2 13B
7,,,3,The person who put the wine in the garage was,David,Marta,0.04471947252750397,0.3478267192840576,-2.9593936849611118,False,allenai/OLMo-2-1124-13B,OLMO 2 13B
7,,,4,The person who moved the wine to the fridge was,Marta,David,0.2195611596107483,0.04616238921880722,2.249833063682604,True,allenai/OLMo-2-1124-13B,OLMO 2 13B
7,,,1,"At the start of the story, David put the wine in the",garage,fridge,0.5893677473068237,0.1785738468170166,1.7226473074401736,True,allenai/OLMo-2-1124-13B,OLMO 2 13B
7,,,2,"At the end of the story, the wine was in the",fridge,garage,0.4568318724632263,0.27299532294273376,0.7427870742759758,True,allenai/OLMo-2-1124-13B,OLMO 2 13B
7,,,3,The person who put the wine in the garage was,David,Marta,0.04977579042315483,0.17698915302753448,-1.830144815122773,False,allenai/OLMo-2-1124-13B,OLMO 2 13B
7,,,4,The person who moved the wine to the fridge was,Marta,David,0.08570173382759094,0.02999597229063511,1.514555595885737,True,allenai/OLMo-2-1124-13B,OLMO 2 13B
7,,,1,"At the start of the story, David put the wine in the",garage,fridge,0.5893677473068237,0.1785738468170166,1.7226473074401736,True,allenai/OLMo-2-1124-13B,OLMO 2 13B
7,,,2,"At the end of the story, the wine was in the",fridge,garage,0.4568318724632263,0.27299532294273376,0.7427870742759758,True,allenai/OLMo-2-1124-13B,OLMO 2 13B
7,,,3,The person who put the wine in the garage was,David,Marta,0.04977579042315483,0.17698915302753448,-1.830144815122773,False,allenai/OLMo-2-1124-13B,OLMO 2 13B
7,,,4,The person who moved the wine to the fridge was,Marta,David,0.08570173382759094,0.02999597229063511,1.514555595885737,True,allenai/OLMo-2-1124-13B,OLMO 2 13B
7,,,1,"At the start of the story, David put the wine in the",garage,fridge,0.5151391625404358,0.258699893951416,0.9936827599398297,True,allenai/OLMo-2-1124-13B,OLMO 2 13B
7,,,2,"At the end of the story, the wine was in the",fridge,garage,0.5750501751899719,0.18072324991226196,1.6699057220741715,True,allenai/OLMo-2-1124-13B,OLMO 2 13B
7,,,3,The person who put the wine in the garage was,David,Marta,0.0515623539686203,0.38250795006752014,-2.891099699712874,False,allenai/OLMo-2-1124-13B,OLMO 2 13B
7,,,4,The person who moved the wine to the fridge was,Marta,David,0.23044534027576447,0.047095950692892075,2.290749668480841,True,allenai/OLMo-2-1124-13B,OLMO 2 13B
7,,,1,"At the start of the story, David put the wine in the",garage,fridge,0.5151391625404358,0.258699893951416,0.9936827599398297,True,allenai/OLMo-2-1124-13B,OLMO 2 13B
7,,,2,"At the end of the story, the wine was in the",fridge,garage,0.5750501751899719,0.18072324991226196,1.6699057220741715,True,allenai/OLMo-2-1124-13B,OLMO 2 13B
7,,,3,The person who put the wine in the garage was,David,Marta,0.0515623539686203,0.38250795006752014,-2.891099699712874,False,allenai/OLMo-2-1124-13B,OLMO 2 13B
7,,,4,The person who moved the wine to the fridge was,Marta,David,0.23044534027576447,0.047095950692892075,2.290749668480841,True,allenai/OLMo-2-1124-13B,OLMO 2 13B
7,,,1,"At the start of the story, David put the wine in the",garage,fridge,0.565176784992218,0.2553107440471649,1.1464479563854646,True,allenai/OLMo-2-1124-13B,OLMO 2 13B
7,,,2,"At the end of the story, the wine was in the",fridge,garage,0.589647114276886,0.17186656594276428,1.778562886500419,True,allenai/OLMo-2-1124-13B,OLMO 2 13B
7,,,3,The person who put the wine in the garage was,David,Marta,0.03686694800853729,0.12398398667573929,-1.7497539048612842,False,allenai/OLMo-2-1124-13B,OLMO 2 13B
7,,,4,The person who moved the wine to the fridge was,Marta,David,0.07609683275222778,0.024760287255048752,1.61980835616774,True,allenai/OLMo-2-1124-13B,OLMO 2 13B
7,,,1,"At the start of the story, David put the wine in the",garage,fridge,0.565176784992218,0.2553107440471649,1.1464479563854646,True,allenai/OLMo-2-1124-13B,OLMO 2 13B
7,,,2,"At the end of the story, the wine was in the",fridge,garage,0.589647114276886,0.17186656594276428,1.778562886500419,True,allenai/OLMo-2-1124-13B,OLMO 2 13B
7,,,3,The person who put the wine in the garage was,David,Marta,0.03686694800853729,0.12398398667573929,-1.7497539048612842,False,allenai/OLMo-2-1124-13B,OLMO 2 13B
7,,,4,The person who moved the wine to the fridge was,Marta,David,0.07609683275222778,0.024760287255048752,1.61980835616774,True,allenai/OLMo-2-1124-13B,OLMO 2 13B
7,,,1,"At the start of the story, David put the wine in the",garage,fridge,0.5058131814002991,0.3042702376842499,0.7332514109058755,True,allenai/OLMo-2-1124-13B,OLMO 2 13B
7,,,2,"At the end of the story, the wine was in the",fridge,garage,0.6093897819519043,0.18067465722560883,1.7539711523580712,True,allenai/OLMo-2-1124-13B,OLMO 2 13B
7,,,3,The person who put the wine in the garage was,David,Marta,0.04443904757499695,0.3208601772785187,-2.8520449423169536,False,allenai/OLMo-2-1124-13B,OLMO 2 13B
7,,,4,The person who moved the wine to the fridge was,Marta,David,0.24128314852714539,0.05272611975669861,2.194137425406759,True,allenai/OLMo-2-1124-13B,OLMO 2 13B
7,,,1,"At the start of the story, David put the wine in the",garage,fridge,0.5058131814002991,0.3042702376842499,0.7332514109058755,True,allenai/OLMo-2-1124-13B,OLMO 2 13B
7,,,2,"At the end of the story, the wine was in the",fridge,garage,0.6093897819519043,0.18067465722560883,1.7539711523580712,True,allenai/OLMo-2-1124-13B,OLMO 2 13B
7,,,3,The person who put the wine in the garage was,David,Marta,0.04443904757499695,0.3208601772785187,-2.8520449423169536,False,allenai/OLMo-2-1124-13B,OLMO 2 13B
7,,,4,The person who moved the wine to the fridge was,Marta,David,0.24128314852714539,0.05272611975669861,2.194137425406759,True,allenai/OLMo-2-1124-13B,OLMO 2 13B
7,,,1,"At the start of the story, David put the wine in the",garage,fridge,0.589282751083374,0.24584731459617615,1.2611974410222475,True,allenai/OLMo-2-1124-13B,OLMO 2 13B
7,,,2,"At the end of the story, the wine was in the",fridge,garage,0.47580522298812866,0.27051761746406555,0.8146485558896648,True,allenai/OLMo-2-1124-13B,OLMO 2 13B
7,,,3,The person who put the wine in the garage was,David,Marta,0.044482436031103134,0.14568425714969635,-1.7115372831988498,False,allenai/OLMo-2-1124-13B,OLMO 2 13B
7,,,4,The person who moved the wine to the fridge was,Marta,David,0.07511212676763535,0.02664649859070778,1.4950998759259655,True,allenai/OLMo-2-1124-13B,OLMO 2 13B
7,,,1,"At the start of the story, David put the wine in the",garage,fridge,0.589282751083374,0.24584731459617615,1.2611974410222475,True,allenai/OLMo-2-1124-13B,OLMO 2 13B
7,,,2,"At the end of the story, the wine was in the",fridge,garage,0.47580522298812866,0.27051761746406555,0.8146485558896648,True,allenai/OLMo-2-1124-13B,OLMO 2 13B
7,,,3,The person who put the wine in the garage was,David,Marta,0.044482436031103134,0.14568425714969635,-1.7115372831988498,False,allenai/OLMo-2-1124-13B,OLMO 2 13B
7,,,4,The person who moved the wine to the fridge was,Marta,David,0.07511212676763535,0.02664649859070778,1.4950998759259655,True,allenai/OLMo-2-1124-13B,OLMO 2 13B
7,,,1,"At the start of the story, David put the wine in the",garage,fridge,0.523395836353302,0.30889999866485596,0.7607625829722241,True,allenai/OLMo-2-1124-13B,OLMO 2 13B
7,,,2,"At the end of the story, the wine was in the",fridge,garage,0.6161946654319763,0.14982928335666656,2.0400665739993538,True,allenai/OLMo-2-1124-13B,OLMO 2 13B
7,,,3,The person who put the wine in the garage was,David,Marta,0.05122310668230057,0.3419007360935211,-2.7387108686373263,False,allenai/OLMo-2-1124-13B,OLMO 2 13B
7,,,4,The person who moved the wine to the fridge was,Marta,David,0.24680563807487488,0.05352761968970299,2.205019947823171,True,allenai/OLMo-2-1124-13B,OLMO 2 13B
7,,,1,"At the start of the story, David put the wine in the",garage,fridge,0.523395836353302,0.30889999866485596,0.7607625829722241,True,allenai/OLMo-2-1124-13B,OLMO 2 13B
7,,,2,"At the end of the story, the wine was in the",fridge,garage,0.6161946654319763,0.14982928335666656,2.0400665739993538,True,allenai/OLMo-2-1124-13B,OLMO 2 13B
7,,,3,The person who put the wine in the garage was,David,Marta,0.05122310668230057,0.3419007360935211,-2.7387108686373263,False,allenai/OLMo-2-1124-13B,OLMO 2 13B
7,,,4,The person who moved the wine to the fridge was,Marta,David,0.24680563807487488,0.05352761968970299,2.205019947823171,True,allenai/OLMo-2-1124-13B,OLMO 2 13B
8,,,1,"At the start of the story, Sarah put the painting in the",hall,bedroom,0.6836560368537903,0.08389826118946075,3.0265578385371503,True,allenai/OLMo-2-1124-13B,OLMO 2 13B
8,,,2,"At the end of the story, the painting was in the",bedroom,hall,0.5576778054237366,0.11726967990398407,2.2496018029198024,True,allenai/OLMo-2-1124-13B,OLMO 2 13B
8,,,3,The person who put the painting in the hall was,Sarah,James,0.030428005382418633,0.0951838567852974,-1.6453171473463641,False,allenai/OLMo-2-1124-13B,OLMO 2 13B
8,,,4,The person who moved the painting to the bedroom was,James,Sarah,0.13874229788780212,0.014020365662872791,3.306811802555332,True,allenai/OLMo-2-1124-13B,OLMO 2 13B
8,,,1,"At the start of the story, Sarah put the painting in the",hall,bedroom,0.6836560368537903,0.08389826118946075,3.0265578385371503,True,allenai/OLMo-2-1124-13B,OLMO 2 13B
8,,,2,"At the end of the story, the painting was in the",bedroom,hall,0.5576778054237366,0.11726967990398407,2.2496018029198024,True,allenai/OLMo-2-1124-13B,OLMO 2 13B
8,,,3,The person who put the painting in the hall was,Sarah,James,0.030428005382418633,0.0951838567852974,-1.6453171473463641,False,allenai/OLMo-2-1124-13B,OLMO 2 13B
8,,,4,The person who moved the painting to the bedroom was,James,Sarah,0.13874229788780212,0.014020365662872791,3.306811802555332,True,allenai/OLMo-2-1124-13B,OLMO 2 13B
8,,,1,"At the start of the story, Sarah put the painting in the",hall,bedroom,0.7529520988464355,0.05114319175481796,3.879943982226384,True,allenai/OLMo-2-1124-13B,OLMO 2 13B
8,,,2,"At the end of the story, the painting was in the",bedroom,hall,0.47244390845298767,0.07764972746372223,2.6050902874261825,True,allenai/OLMo-2-1124-13B,OLMO 2 13B
8,,,3,The person who put the painting in the hall was,Sarah,James,0.09692780673503876,0.1045875996351242,-0.10972929770523644,False,allenai/OLMo-2-1124-13B,OLMO 2 13B
8,,,4,The person who moved the painting to the bedroom was,James,Sarah,0.20879390835762024,0.05230099335312843,1.9971693683785325,True,allenai/OLMo-2-1124-13B,OLMO 2 13B
8,,,1,"At the start of the story, Sarah put the painting in the",hall,bedroom,0.7529520988464355,0.05114319175481796,3.879943982226384,True,allenai/OLMo-2-1124-13B,OLMO 2 13B
8,,,2,"At the end of the story, the painting was in the",bedroom,hall,0.47244390845298767,0.07764972746372223,2.6050902874261825,True,allenai/OLMo-2-1124-13B,OLMO 2 13B
8,,,3,The person who put the painting in the hall was,Sarah,James,0.09692780673503876,0.1045875996351242,-0.10972929770523644,False,allenai/OLMo-2-1124-13B,OLMO 2 13B
8,,,4,The person who moved the painting to the bedroom was,James,Sarah,0.20879390835762024,0.05230099335312843,1.9971693683785325,True,allenai/OLMo-2-1124-13B,OLMO 2 13B
8,,,1,"At the start of the story, Sarah put the painting in the",hall,bedroom,0.7552359700202942,0.038510680198669434,4.293596968115346,True,allenai/OLMo-2-1124-13B,OLMO 2 13B
8,,,2,"At the end of the story, the painting was in the",bedroom,hall,0.4806778132915497,0.18223148584365845,1.3992979657142026,True,allenai/OLMo-2-1124-13B,OLMO 2 13B
8,,,3,The person who put the painting in the hall was,Sarah,James,0.025140421465039253,0.09665083885192871,-1.9427734179963194,False,allenai/OLMo-2-1124-13B,OLMO 2 13B
8,,,4,The person who moved the painting to the bedroom was,James,Sarah,0.13894972205162048,0.013379467651247978,3.37647032905966,True,allenai/OLMo-2-1124-13B,OLMO 2 13B
8,,,1,"At the start of the story, Sarah put the painting in the",hall,bedroom,0.7552359700202942,0.038510680198669434,4.293596968115346,True,allenai/OLMo-2-1124-13B,OLMO 2 13B
8,,,2,"At the end of the story, the painting was in the",bedroom,hall,0.4806778132915497,0.18223148584365845,1.3992979657142026,True,allenai/OLMo-2-1124-13B,OLMO 2 13B
8,,,3,The person who put the painting in the hall was,Sarah,James,0.025140421465039253,0.09665083885192871,-1.9427734179963194,False,allenai/OLMo-2-1124-13B,OLMO 2 13B
8,,,4,The person who moved the painting to the bedroom was,James,Sarah,0.13894972205162048,0.013379467651247978,3.37647032905966,True,allenai/OLMo-2-1124-13B,OLMO 2 13B
8,,,1,"At the start of the story, Sarah put the painting in the",hall,bedroom,0.7797278165817261,0.04658826068043709,4.064932228018893,True,allenai/OLMo-2-1124-13B,OLMO 2 13B
8,,,2,"At the end of the story, the painting was in the",bedroom,hall,0.4048885107040405,0.1426742672920227,1.5047995510110967,True,allenai/OLMo-2-1124-13B,OLMO 2 13B
8,,,3,The person who put the painting in the hall was,Sarah,James,0.08531316369771957,0.14172117412090302,-0.7322150533602985,False,allenai/OLMo-2-1124-13B,OLMO 2 13B
8,,,4,The person who moved the painting to the bedroom was,James,Sarah,0.2674666941165924,0.057752467691898346,2.2114047557490735,True,allenai/OLMo-2-1124-13B,OLMO 2 13B
8,,,1,"At the start of the story, Sarah put the painting in the",hall,bedroom,0.7797278165817261,0.04658826068043709,4.064932228018893,True,allenai/OLMo-2-1124-13B,OLMO 2 13B
8,,,2,"At the end of the story, the painting was in the",bedroom,hall,0.4048885107040405,0.1426742672920227,1.5047995510110967,True,allenai/OLMo-2-1124-13B,OLMO 2 13B
8,,,3,The person who put the painting in the hall was,Sarah,James,0.08531316369771957,0.14172117412090302,-0.7322150533602985,False,allenai/OLMo-2-1124-13B,OLMO 2 13B
8,,,4,The person who moved the painting to the bedroom was,James,Sarah,0.2674666941165924,0.057752467691898346,2.2114047557490735,True,allenai/OLMo-2-1124-13B,OLMO 2 13B
8,,,1,"At the start of the story, Sarah put the painting in the",hall,bedroom,0.5806800127029419,0.13605616986751556,2.0935409952845014,True,allenai/OLMo-2-1124-13B,OLMO 2 13B
8,,,2,"At the end of the story, the painting was in the",bedroom,hall,0.5438525676727295,0.0856645256280899,2.6664458045945367,True,allenai/OLMo-2-1124-13B,OLMO 2 13B
8,,,3,The person who put the painting in the hall was,Sarah,James,0.026427092030644417,0.05720142647624016,-1.1140334418001039,False,allenai/OLMo-2-1124-13B,OLMO 2 13B
8,,,4,The person who moved the painting to the bedroom was,James,Sarah,0.13180600106716156,0.01693815551698208,2.960067371248706,True,allenai/OLMo-2-1124-13B,OLMO 2 13B
8,,,1,"At the start of the story, Sarah put the painting in the",hall,bedroom,0.5806800127029419,0.13605616986751556,2.0935409952845014,True,allenai/OLMo-2-1124-13B,OLMO 2 13B
8,,,2,"At the end of the story, the painting was in the",bedroom,hall,0.5438525676727295,0.0856645256280899,2.6664458045945367,True,allenai/OLMo-2-1124-13B,OLMO 2 13B
8,,,3,The person who put the painting in the hall was,Sarah,James,0.026427092030644417,0.05720142647624016,-1.1140334418001039,False,allenai/OLMo-2-1124-13B,OLMO 2 13B
8,,,4,The person who moved the painting to the bedroom was,James,Sarah,0.13180600106716156,0.01693815551698208,2.960067371248706,True,allenai/OLMo-2-1124-13B,OLMO 2 13B
8,,,1,"At the start of the story, Sarah put the painting in the",hall,bedroom,0.6670746803283691,0.10111550986766815,2.721843977234611,True,allenai/OLMo-2-1124-13B,OLMO 2 13B
8,,,2,"At the end of the story, the painting was in the",bedroom,hall,0.49290359020233154,0.04664291813969612,3.4015755329374304,True,allenai/OLMo-2-1124-13B,OLMO 2 13B
8,,,3,The person who put the painting in the hall was,Sarah,James,0.11122585088014603,0.07918918132781982,0.4901168845190553,True,allenai/OLMo-2-1124-13B,OLMO 2 13B
8,,,4,The person who moved the painting to the bedroom was,James,Sarah,0.18865376710891724,0.05104920268058777,1.8857805752604142,True,allenai/OLMo-2-1124-13B,OLMO 2 13B
8,,,1,"At the start of the story, Sarah put the painting in the",hall,bedroom,0.6670746803283691,0.10111550986766815,2.721843977234611,True,allenai/OLMo-2-1124-13B,OLMO 2 13B
8,,,2,"At the end of the story, the painting was in the",bedroom,hall,0.49290359020233154,0.04664291813969612,3.4015755329374304,True,allenai/OLMo-2-1124-13B,OLMO 2 13B
8,,,3,The person who put the painting in the hall was,Sarah,James,0.11122585088014603,0.07918918132781982,0.4901168845190553,True,allenai/OLMo-2-1124-13B,OLMO 2 13B
8,,,4,The person who moved the painting to the bedroom was,James,Sarah,0.18865376710891724,0.05104920268058777,1.8857805752604142,True,allenai/OLMo-2-1124-13B,OLMO 2 13B
8,,,1,"At the start of the story, Sarah put the painting in the",hall,bedroom,0.7002807259559631,0.0662982165813446,3.4008914127309984,True,allenai/OLMo-2-1124-13B,OLMO 2 13B
8,,,2,"At the end of the story, the painting was in the",bedroom,hall,0.5037919878959656,0.14766661822795868,1.770484453400513,True,allenai/OLMo-2-1124-13B,OLMO 2 13B
8,,,3,The person who put the painting in the hall was,Sarah,James,0.02201121672987938,0.05769151449203491,-1.3901202405595259,False,allenai/OLMo-2-1124-13B,OLMO 2 13B
8,,,4,The person who moved the painting to the bedroom was,James,Sarah,0.13822782039642334,0.01690426841378212,3.0315885232394595,True,allenai/OLMo-2-1124-13B,OLMO 2 13B
8,,,1,"At the start of the story, Sarah put the painting in the",hall,bedroom,0.7002807259559631,0.0662982165813446,3.4008914127309984,True,allenai/OLMo-2-1124-13B,OLMO 2 13B
8,,,2,"At the end of the story, the painting was in the",bedroom,hall,0.5037919878959656,0.14766661822795868,1.770484453400513,True,allenai/OLMo-2-1124-13B,OLMO 2 13B
8,,,3,The person who put the painting in the hall was,Sarah,James,0.02201121672987938,0.05769151449203491,-1.3901202405595259,False,allenai/OLMo-2-1124-13B,OLMO 2 13B
8,,,4,The person who moved the painting to the bedroom was,James,Sarah,0.13822782039642334,0.01690426841378212,3.0315885232394595,True,allenai/OLMo-2-1124-13B,OLMO 2 13B
8,,,1,"At the start of the story, Sarah put the painting in the",hall,bedroom,0.6750396490097046,0.1043316051363945,2.6937959833664196,True,allenai/OLMo-2-1124-13B,OLMO 2 13B
8,,,2,"At the end of the story, the painting was in the",bedroom,hall,0.4836946427822113,0.08942758291959763,2.435304771114013,True,allenai/OLMo-2-1124-13B,OLMO 2 13B
8,,,3,The person who put the painting in the hall was,Sarah,James,0.09888052195310593,0.13333138823509216,-0.4312581889285958,False,allenai/OLMo-2-1124-13B,OLMO 2 13B
8,,,4,The person who moved the painting to the bedroom was,James,Sarah,0.2706696093082428,0.05837177112698555,2.2131901628226265,True,allenai/OLMo-2-1124-13B,OLMO 2 13B
8,,,1,"At the start of the story, Sarah put the painting in the",hall,bedroom,0.6750396490097046,0.1043316051363945,2.6937959833664196,True,allenai/OLMo-2-1124-13B,OLMO 2 13B
8,,,2,"At the end of the story, the painting was in the",bedroom,hall,0.4836946427822113,0.08942758291959763,2.435304771114013,True,allenai/OLMo-2-1124-13B,OLMO 2 13B
8,,,3,The person who put the painting in the hall was,Sarah,James,0.09888052195310593,0.13333138823509216,-0.4312581889285958,False,allenai/OLMo-2-1124-13B,OLMO 2 13B
8,,,4,The person who moved the painting to the bedroom was,James,Sarah,0.2706696093082428,0.05837177112698555,2.2131901628226265,True,allenai/OLMo-2-1124-13B,OLMO 2 13B
9,,,1,"At the start of the story, Lisa put the grater in the",cupboard,drawer,0.5257092714309692,0.23261518776416779,1.1763198831436914,True,allenai/OLMo-2-1124-13B,OLMO 2 13B
9,,,2,"At the end of the story, the grater was in the",drawer,cupboard,0.6784013509750366,0.13325349986553192,2.347965617441103,True,allenai/OLMo-2-1124-13B,OLMO 2 13B
9,,,3,The person who put the grater in the cupboard was,Lisa,Robert,0.06364500522613525,0.24559664726257324,-1.9481716631115562,False,allenai/OLMo-2-1124-13B,OLMO 2 13B
9,,,4,The person who moved the grater to the drawer was,Robert,Lisa,0.17622363567352295,0.07013217359781265,1.3292590889891576,True,allenai/OLMo-2-1124-13B,OLMO 2 13B
9,,,1,"At the start of the story, Lisa put the grater in the",cupboard,drawer,0.5257092714309692,0.23261518776416779,1.1763198831436914,True,allenai/OLMo-2-1124-13B,OLMO 2 13B
9,,,2,"At the end of the story, the grater was in the",drawer,cupboard,0.6784013509750366,0.13325349986553192,2.347965617441103,True,allenai/OLMo-2-1124-13B,OLMO 2 13B
9,,,3,The person who put the grater in the cupboard was,Lisa,Robert,0.06364500522613525,0.24559664726257324,-1.9481716631115562,False,allenai/OLMo-2-1124-13B,OLMO 2 13B
9,,,4,The person who moved the grater to the drawer was,Robert,Lisa,0.17622363567352295,0.07013217359781265,1.3292590889891576,True,allenai/OLMo-2-1124-13B,OLMO 2 13B
9,,,1,"At the start of the story, Lisa put the grater in the",cupboard,drawer,0.484153151512146,0.2597218155860901,0.8984962857917819,True,allenai/OLMo-2-1124-13B,OLMO 2 13B
9,,,2,"At the end of the story, the grater was in the",drawer,cupboard,0.5664675831794739,0.21507449448108673,1.3971569515589246,True,allenai/OLMo-2-1124-13B,OLMO 2 13B
9,,,3,The person who put the grater in the cupboard was,Lisa,Robert,0.04337766021490097,0.3776795566082001,-3.1221385528998336,False,allenai/OLMo-2-1124-13B,OLMO 2 13B
9,,,4,The person who moved the grater to the drawer was,Robert,Lisa,0.3839574158191681,0.05461006984114647,2.813707405529106,True,allenai/OLMo-2-1124-13B,OLMO 2 13B
9,,,1,"At the start of the story, Lisa put the grater in the",cupboard,drawer,0.484153151512146,0.2597218155860901,0.8984962857917819,True,allenai/OLMo-2-1124-13B,OLMO 2 13B
9,,,2,"At the end of the story, the grater was in the",drawer,cupboard,0.5664675831794739,0.21507449448108673,1.3971569515589246,True,allenai/OLMo-2-1124-13B,OLMO 2 13B
9,,,3,The person who put the grater in the cupboard was,Lisa,Robert,0.04337766021490097,0.3776795566082001,-3.1221385528998336,False,allenai/OLMo-2-1124-13B,OLMO 2 13B
9,,,4,The person who moved the grater to the drawer was,Robert,Lisa,0.3839574158191681,0.05461006984114647,2.813707405529106,True,allenai/OLMo-2-1124-13B,OLMO 2 13B
9,,,1,"At the start of the story, Lisa put the grater in the",cupboard,drawer,0.5926814675331116,0.1476614624261856,2.004963594772552,True,allenai/OLMo-2-1124-13B,OLMO 2 13B
9,,,2,"At the end of the story, the grater was in the",drawer,cupboard,0.501284122467041,0.25191953778266907,0.9926655237669942,True,allenai/OLMo-2-1124-13B,OLMO 2 13B
9,,,3,The person who put the grater in the cupboard was,Lisa,Robert,0.054588306695222855,0.2232614904642105,-2.0320705764328104,False,allenai/OLMo-2-1124-13B,OLMO 2 13B
9,,,4,The person who moved the grater to the drawer was,Robert,Lisa,0.21395905315876007,0.07423775643110275,1.5271097084231786,True,allenai/OLMo-2-1124-13B,OLMO 2 13B
9,,,1,"At the start of the story, Lisa put the grater in the",cupboard,drawer,0.5926814675331116,0.1476614624261856,2.004963594772552,True,allenai/OLMo-2-1124-13B,OLMO 2 13B
9,,,2,"At the end of the story, the grater was in the",drawer,cupboard,0.501284122467041,0.25191953778266907,0.9926655237669942,True,allenai/OLMo-2-1124-13B,OLMO 2 13B
9,,,3,The person who put the grater in the cupboard was,Lisa,Robert,0.054588306695222855,0.2232614904642105,-2.0320705764328104,False,allenai/OLMo-2-1124-13B,OLMO 2 13B
9,,,4,The person who moved the grater to the drawer was,Robert,Lisa,0.21395905315876007,0.07423775643110275,1.5271097084231786,True,allenai/OLMo-2-1124-13B,OLMO 2 13B
9,,,1,"At the start of the story, Lisa put the grater in the",cupboard,drawer,0.6205829977989197,0.20377755165100098,1.6066290402290153,True,allenai/OLMo-2-1124-13B,OLMO 2 13B
9,,,2,"At the end of the story, the grater was in the",drawer,cupboard,0.4536391794681549,0.3196392357349396,0.5051007369089139,True,allenai/OLMo-2-1124-13B,OLMO 2 13B
9,,,3,The person who put the grater in the cupboard was,Lisa,Robert,0.04741622880101204,0.352361798286438,-2.8936046919882488,False,allenai/OLMo-2-1124-13B,OLMO 2 13B
9,,,4,The person who moved the grater to the drawer was,Robert,Lisa,0.3713429868221283,0.06678374856710434,2.4751833526940117,True,allenai/OLMo-2-1124-13B,OLMO 2 13B
9,,,1,"At the start of the story, Lisa put the grater in the",cupboard,drawer,0.6205829977989197,0.20377755165100098,1.6066290402290153,True,allenai/OLMo-2-1124-13B,OLMO 2 13B
9,,,2,"At the end of the story, the grater was in the",drawer,cupboard,0.4536391794681549,0.3196392357349396,0.5051007369089139,True,allenai/OLMo-2-1124-13B,OLMO 2 13B
9,,,3,The person who put the grater in the cupboard was,Lisa,Robert,0.04741622880101204,0.352361798286438,-2.8936046919882488,False,allenai/OLMo-2-1124-13B,OLMO 2 13B
9,,,4,The person who moved the grater to the drawer was,Robert,Lisa,0.3713429868221283,0.06678374856710434,2.4751833526940117,True,allenai/OLMo-2-1124-13B,OLMO 2 13B
9,,,1,"At the start of the story, Lisa put the grater in the",cupboard,drawer,0.36249789595603943,0.43720415234565735,-0.27033448174115965,False,allenai/OLMo-2-1124-13B,OLMO 2 13B
9,,,2,"At the end of the story, the grater was in the",drawer,cupboard,0.6817033886909485,0.14092963933944702,2.274169093454694,True,allenai/OLMo-2-1124-13B,OLMO 2 13B
9,,,3,The person who put the grater in the cupboard was,Lisa,Robert,0.0570979118347168,0.2220989465713501,-1.9596926601954288,False,allenai/OLMo-2-1124-13B,OLMO 2 13B
9,,,4,The person who moved the grater to the drawer was,Robert,Lisa,0.19881850481033325,0.06707797944545746,1.5675409032506875,True,allenai/OLMo-2-1124-13B,OLMO 2 13B
9,,,1,"At the start of the story, Lisa put the grater in the",cupboard,drawer,0.36249789595603943,0.43720415234565735,-0.27033448174115965,False,allenai/OLMo-2-1124-13B,OLMO 2 13B
9,,,2,"At the end of the story, the grater was in the",drawer,cupboard,0.6817033886909485,0.14092963933944702,2.274169093454694,True,allenai/OLMo-2-1124-13B,OLMO 2 13B
9,,,3,The person who put the grater in the cupboard was,Lisa,Robert,0.0570979118347168,0.2220989465713501,-1.9596926601954288,False,allenai/OLMo-2-1124-13B,OLMO 2 13B
9,,,4,The person who moved the grater to the drawer was,Robert,Lisa,0.19881850481033325,0.06707797944545746,1.5675409032506875,True,allenai/OLMo-2-1124-13B,OLMO 2 13B
9,,,1,"At the start of the story, Lisa put the grater in the",cupboard,drawer,0.3723127841949463,0.4421814978122711,-0.24812350455814727,False,allenai/OLMo-2-1124-13B,OLMO 2 13B
9,,,2,"At the end of the story, the grater was in the",drawer,cupboard,0.5652328729629517,0.21013350784778595,1.4275391405295834,True,allenai/OLMo-2-1124-13B,OLMO 2 13B
9,,,3,The person who put the grater in the cupboard was,Lisa,Robert,0.04314803332090378,0.4256137013435364,-3.3021778865305107,False,allenai/OLMo-2-1124-13B,OLMO 2 13B
9,,,4,The person who moved the grater to the drawer was,Robert,Lisa,0.4385216236114502,0.055739812552928925,2.9758679281467213,True,allenai/OLMo-2-1124-13B,OLMO 2 13B
9,,,1,"At the start of the story, Lisa put the grater in the",cupboard,drawer,0.3723127841949463,0.4421814978122711,-0.24812350455814727,False,allenai/OLMo-2-1124-13B,OLMO 2 13B
9,,,2,"At the end of the story, the grater was in the",drawer,cupboard,0.5652328729629517,0.21013350784778595,1.4275391405295834,True,allenai/OLMo-2-1124-13B,OLMO 2 13B
9,,,3,The person who put the grater in the cupboard was,Lisa,Robert,0.04314803332090378,0.4256137013435364,-3.3021778865305107,False,allenai/OLMo-2-1124-13B,OLMO 2 13B
9,,,4,The person who moved the grater to the drawer was,Robert,Lisa,0.4385216236114502,0.055739812552928925,2.9758679281467213,True,allenai/OLMo-2-1124-13B,OLMO 2 13B
9,,,1,"At the start of the story, Lisa put the grater in the",cupboard,drawer,0.3613834083080292,0.36556074023246765,-0.016580867734545996,False,allenai/OLMo-2-1124-13B,OLMO 2 13B
9,,,2,"At the end of the story, the grater was in the",drawer,cupboard,0.4409647285938263,0.27781134843826294,0.6665577298700334,True,allenai/OLMo-2-1124-13B,OLMO 2 13B
9,,,3,The person who put the grater in the cupboard was,Lisa,Robert,0.05209412798285484,0.19729727506637573,-1.9211783635833732,False,allenai/OLMo-2-1124-13B,OLMO 2 13B
9,,,4,The person who moved the grater to the drawer was,Robert,Lisa,0.23560437560081482,0.07487097382545471,1.6538879084754725,True,allenai/OLMo-2-1124-13B,OLMO 2 13B
9,,,1,"At the start of the story, Lisa put the grater in the",cupboard,drawer,0.3613834083080292,0.36556074023246765,-0.016580867734545996,False,allenai/OLMo-2-1124-13B,OLMO 2 13B
9,,,2,"At the end of the story, the grater was in the",drawer,cupboard,0.4409647285938263,0.27781134843826294,0.6665577298700334,True,allenai/OLMo-2-1124-13B,OLMO 2 13B
9,,,3,The person who put the grater in the cupboard was,Lisa,Robert,0.05209412798285484,0.19729727506637573,-1.9211783635833732,False,allenai/OLMo-2-1124-13B,OLMO 2 13B
9,,,4,The person who moved the grater to the drawer was,Robert,Lisa,0.23560437560081482,0.07487097382545471,1.6538879084754725,True,allenai/OLMo-2-1124-13B,OLMO 2 13B
9,,,1,"At the start of the story, Lisa put the grater in the",cupboard,drawer,0.37711188197135925,0.4547281563282013,-0.270011729767615,False,allenai/OLMo-2-1124-13B,OLMO 2 13B
9,,,2,"At the end of the story, the grater was in the",drawer,cupboard,0.47773900628089905,0.2612840235233307,0.870603762016333,True,allenai/OLMo-2-1124-13B,OLMO 2 13B
9,,,3,The person who put the grater in the cupboard was,Lisa,Robert,0.05134362727403641,0.38293007016181946,-2.898823827716941,False,allenai/OLMo-2-1124-13B,OLMO 2 13B
9,,,4,The person who moved the grater to the drawer was,Robert,Lisa,0.40986451506614685,0.07336679846048355,2.4819478547180496,True,allenai/OLMo-2-1124-13B,OLMO 2 13B
9,,,1,"At the start of the story, Lisa put the grater in the",cupboard,drawer,0.37711188197135925,0.4547281563282013,-0.270011729767615,False,allenai/OLMo-2-1124-13B,OLMO 2 13B
9,,,2,"At the end of the story, the grater was in the",drawer,cupboard,0.47773900628089905,0.2612840235233307,0.870603762016333,True,allenai/OLMo-2-1124-13B,OLMO 2 13B
9,,,3,The person who put the grater in the cupboard was,Lisa,Robert,0.05134362727403641,0.38293007016181946,-2.898823827716941,False,allenai/OLMo-2-1124-13B,OLMO 2 13B
9,,,4,The person who moved the grater to the drawer was,Robert,Lisa,0.40986451506614685,0.07336679846048355,2.4819478547180496,True,allenai/OLMo-2-1124-13B,OLMO 2 13B
10,,,1,"At the start of the story, John put the shovel in the",toolbox,van,0.7474179267883301,0.08814335614442825,3.0839914323176,True,allenai/OLMo-2-1124-13B,OLMO 2 13B
10,,,2,"At the end of the story, the shovel was in the",van,toolbox,0.5697541236877441,0.19266030192375183,1.564280129477344,True,allenai/OLMo-2-1124-13B,OLMO 2 13B
10,,,3,The person who put the shovel in the toolbox was,John,Karen,0.07633046805858612,0.03951195254921913,0.9499698966999253,True,allenai/OLMo-2-1124-13B,OLMO 2 13B
10,,,4,The person who moved the shovel to the van was,Karen,John,0.07463085651397705,0.08414006978273392,-0.17302077106770036,False,allenai/OLMo-2-1124-13B,OLMO 2 13B
10,,,1,"At the start of the story, John put the shovel in the",toolbox,van,0.7474179267883301,0.08814335614442825,3.0839914323176,True,allenai/OLMo-2-1124-13B,OLMO 2 13B
10,,,2,"At the end of the story, the shovel was in the",van,toolbox,0.5697541236877441,0.19266030192375183,1.564280129477344,True,allenai/OLMo-2-1124-13B,OLMO 2 13B
10,,,3,The person who put the shovel in the toolbox was,John,Karen,0.07633046805858612,0.03951195254921913,0.9499698966999253,True,allenai/OLMo-2-1124-13B,OLMO 2 13B
10,,,4,The person who moved the shovel to the van was,Karen,John,0.07463085651397705,0.08414006978273392,-0.17302077106770036,False,allenai/OLMo-2-1124-13B,OLMO 2 13B
10,,,1,"At the start of the story, John put the shovel in the",toolbox,van,0.45866015553474426,0.17717169225215912,1.372277469317044,True,allenai/OLMo-2-1124-13B,OLMO 2 13B
10,,,2,"At the end of the story, the shovel was in the",van,toolbox,0.46296003460884094,0.28482580184936523,0.7008078137363651,True,allenai/OLMo-2-1124-13B,OLMO 2 13B
10,,,3,The person who put the shovel in the toolbox was,John,Karen,0.09810438007116318,0.05289115756750107,0.8912909996400612,True,allenai/OLMo-2-1124-13B,OLMO 2 13B
10,,,4,The person who moved the shovel to the van was,Karen,John,0.06403488665819168,0.11709804832935333,-0.8707870158223131,False,allenai/OLMo-2-1124-13B,OLMO 2 13B
10,,,1,"At the start of the story, John put the shovel in the",toolbox,van,0.45447224378585815,0.18419630825519562,1.3029480400833393,True,allenai/OLMo-2-1124-13B,OLMO 2 13B
10,,,2,"At the end of the story, the shovel was in the",van,toolbox,0.4726228415966034,0.2647550404071808,0.8360312051269017,True,allenai/OLMo-2-1124-13B,OLMO 2 13B
10,,,3,The person who put the shovel in the toolbox was,John,Karen,0.10767969489097595,0.04884146898984909,1.1405677296231351,True,allenai/OLMo-2-1124-13B,OLMO 2 13B
10,,,4,The person who moved the shovel to the van was,Karen,John,0.06319895386695862,0.12392807751893997,-0.9715305030859243,False,allenai/OLMo-2-1124-13B,OLMO 2 13B
10,,,1,"At the start of the story, John put the shovel in the",toolbox,van,0.7606058716773987,0.0609792023897171,3.6407598911601946,True,allenai/OLMo-2-1124-13B,OLMO 2 13B
10,,,2,"At the end of the story, the shovel was in the",van,toolbox,0.48408082127571106,0.10705123096704483,2.176946552249914,True,allenai/OLMo-2-1124-13B,OLMO 2 13B
10,,,3,The person who put the shovel in the toolbox was,John,Karen,0.07476802170276642,0.02915310300886631,1.3587719113714825,True,allenai/OLMo-2-1124-13B,OLMO 2 13B
10,,,4,The person who moved the shovel to the van was,Karen,John,0.03723502531647682,0.049659568816423416,-0.4154113964982188,False,allenai/OLMo-2-1124-13B,OLMO 2 13B
10,,,1,"At the start of the story, John put the shovel in the",toolbox,van,0.7606058716773987,0.0609792023897171,3.6407598911601946,True,allenai/OLMo-2-1124-13B,OLMO 2 13B
10,,,2,"At the end of the story, the shovel was in the",van,toolbox,0.48408082127571106,0.10705123096704483,2.176946552249914,True,allenai/OLMo-2-1124-13B,OLMO 2 13B
10,,,3,The person who put the shovel in the toolbox was,John,Karen,0.07476802170276642,0.02915310300886631,1.3587719113714825,True,allenai/OLMo-2-1124-13B,OLMO 2 13B
10,,,4,The person who moved the shovel to the van was,Karen,John,0.03723502531647682,0.049659568816423416,-0.4154113964982188,False,allenai/OLMo-2-1124-13B,OLMO 2 13B
10,,,1,"At the start of the story, John put the shovel in the",toolbox,van,0.4242062568664551,0.22291304171085358,0.9282848750523707,True,allenai/OLMo-2-1124-13B,OLMO 2 13B
10,,,2,"At the end of the story, the shovel was in the",van,toolbox,0.22653289139270782,0.5319061279296875,-1.2314511206416903,False,allenai/OLMo-2-1124-13B,OLMO 2 13B
10,,,3,The person who put the shovel in the toolbox was,John,Karen,0.07694467157125473,0.03628654405474663,1.0843867626930854,True,allenai/OLMo-2-1124-13B,OLMO 2 13B
10,,,4,The person who moved the shovel to the van was,Karen,John,0.03451436385512352,0.09345462173223495,-1.437069119426498,False,allenai/OLMo-2-1124-13B,OLMO 2 13B
10,,,1,"At the start of the story, John put the shovel in the",toolbox,van,0.4145769476890564,0.22216325998306274,0.9000196461877801,True,allenai/OLMo-2-1124-13B,OLMO 2 13B
10,,,2,"At the end of the story, the shovel was in the",van,toolbox,0.23781834542751312,0.5105397701263428,-1.1021633392177115,False,allenai/OLMo-2-1124-13B,OLMO 2 13B
10,,,3,The person who put the shovel in the toolbox was,John,Karen,0.08042912930250168,0.03595751151442528,1.1614249212649264,True,allenai/OLMo-2-1124-13B,OLMO 2 13B
10,,,4,The person who moved the shovel to the van was,Karen,John,0.035553790628910065,0.10404166579246521,-1.5490861147244268,False,allenai/OLMo-2-1124-13B,OLMO 2 13B
10,,,1,"At the start of the story, John put the shovel in the",toolbox,van,0.3198583126068115,0.4509965479373932,-0.49568341361197277,False,allenai/OLMo-2-1124-13B,OLMO 2 13B
10,,,2,"At the end of the story, the shovel was in the",van,toolbox,0.5630323886871338,0.17647717893123627,1.6737362822794724,True,allenai/OLMo-2-1124-13B,OLMO 2 13B
10,,,3,The person who put the shovel in the toolbox was,John,Karen,0.11337736994028091,0.03890598937869072,1.5430685349237192,True,allenai/OLMo-2-1124-13B,OLMO 2 13B
10,,,4,The person who moved the shovel to the van was,Karen,John,0.07192961871623993,0.12194247543811798,-0.7615428763678831,False,allenai/OLMo-2-1124-13B,OLMO 2 13B
10,,,1,"At the start of the story, John put the shovel in the",toolbox,van,0.3198583126068115,0.4509965479373932,-0.49568341361197277,False,allenai/OLMo-2-1124-13B,OLMO 2 13B
10,,,2,"At the end of the story, the shovel was in the",van,toolbox,0.5630323886871338,0.17647717893123627,1.6737362822794724,True,allenai/OLMo-2-1124-13B,OLMO 2 13B
10,,,3,The person who put the shovel in the toolbox was,John,Karen,0.11337736994028091,0.03890598937869072,1.5430685349237192,True,allenai/OLMo-2-1124-13B,OLMO 2 13B
10,,,4,The person who moved the shovel to the van was,Karen,John,0.07192961871623993,0.12194247543811798,-0.7615428763678831,False,allenai/OLMo-2-1124-13B,OLMO 2 13B
10,,,1,"At the start of the story, John put the shovel in the",toolbox,van,0.29081445932388306,0.3096722364425659,-0.09064304250270692,False,allenai/OLMo-2-1124-13B,OLMO 2 13B
10,,,2,"At the end of the story, the shovel was in the",van,toolbox,0.4538765251636505,0.2668587863445282,0.766223359984181,True,allenai/OLMo-2-1124-13B,OLMO 2 13B
10,,,3,The person who put the shovel in the toolbox was,John,Karen,0.11359426379203796,0.05242333933711052,1.115608823857073,True,allenai/OLMo-2-1124-13B,OLMO 2 13B
10,,,4,The person who moved the shovel to the van was,Karen,John,0.06203840300440788,0.12903620302677155,-1.0565424379631014,False,allenai/OLMo-2-1124-13B,OLMO 2 13B
10,,,1,"At the start of the story, John put the shovel in the",toolbox,van,0.2860645055770874,0.31418776512145996,-0.13528649982273622,False,allenai/OLMo-2-1124-13B,OLMO 2 13B
10,,,2,"At the end of the story, the shovel was in the",van,toolbox,0.45317062735557556,0.259111225605011,0.8064828351977976,True,allenai/OLMo-2-1124-13B,OLMO 2 13B
10,,,3,The person who put the shovel in the toolbox was,John,Karen,0.12785300612449646,0.04854883626103401,1.3969774630503604,True,allenai/OLMo-2-1124-13B,OLMO 2 13B
10,,,4,The person who moved the shovel to the van was,Karen,John,0.060820065438747406,0.13986648619174957,-1.2014310418966478,False,allenai/OLMo-2-1124-13B,OLMO 2 13B
10,,,1,"At the start of the story, John put the shovel in the",toolbox,van,0.42463433742523193,0.32003772258758545,0.4079790729197027,True,allenai/OLMo-2-1124-13B,OLMO 2 13B
10,,,2,"At the end of the story, the shovel was in the",van,toolbox,0.48545143008232117,0.13932383060455322,1.800884915329762,True,allenai/OLMo-2-1124-13B,OLMO 2 13B
10,,,3,The person who put the shovel in the toolbox was,John,Karen,0.09419619292020798,0.034554749727249146,1.4467847222790695,True,allenai/OLMo-2-1124-13B,OLMO 2 13B
10,,,4,The person who moved the shovel to the van was,Karen,John,0.04151694104075432,0.07243720442056656,-0.8030307190728554,False,allenai/OLMo-2-1124-13B,OLMO 2 13B
10,,,1,"At the start of the story, John put the shovel in the",toolbox,van,0.42463433742523193,0.32003772258758545,0.4079790729197027,True,allenai/OLMo-2-1124-13B,OLMO 2 13B
10,,,2,"At the end of the story, the shovel was in the",van,toolbox,0.48545143008232117,0.13932383060455322,1.800884915329762,True,allenai/OLMo-2-1124-13B,OLMO 2 13B
10,,,3,The person who put the shovel in the toolbox was,John,Karen,0.09419619292020798,0.034554749727249146,1.4467847222790695,True,allenai/OLMo-2-1124-13B,OLMO 2 13B
10,,,4,The person who moved the shovel to the van was,Karen,John,0.04151694104075432,0.07243720442056656,-0.8030307190728554,False,allenai/OLMo-2-1124-13B,OLMO 2 13B
10,,,1,"At the start of the story, John put the shovel in the",toolbox,van,0.28084060549736023,0.34488070011138916,-0.2963458527179163,False,allenai/OLMo-2-1124-13B,OLMO 2 13B
10,,,2,"At the end of the story, the shovel was in the",van,toolbox,0.22242292761802673,0.5528098940849304,-1.3134779265997967,False,allenai/OLMo-2-1124-13B,OLMO 2 13B
10,,,3,The person who put the shovel in the toolbox was,John,Karen,0.08589526265859604,0.04519693925976753,0.9263534887420515,True,allenai/OLMo-2-1124-13B,OLMO 2 13B
10,,,4,The person who moved the shovel to the van was,Karen,John,0.03853794187307358,0.10604166239500046,-1.4602797609810763,False,allenai/OLMo-2-1124-13B,OLMO 2 13B
10,,,1,"At the start of the story, John put the shovel in the",toolbox,van,0.26878076791763306,0.3433454930782318,-0.35323111362797543,False,allenai/OLMo-2-1124-13B,OLMO 2 13B
10,,,2,"At the end of the story, the shovel was in the",van,toolbox,0.23144452273845673,0.5362326502799988,-1.2121926443398412,False,allenai/OLMo-2-1124-13B,OLMO 2 13B
10,,,3,The person who put the shovel in the toolbox was,John,Karen,0.0873042419552803,0.042087189853191376,1.052670568845387,True,allenai/OLMo-2-1124-13B,OLMO 2 13B
10,,,4,The person who moved the shovel to the van was,Karen,John,0.038361746817827225,0.11730530112981796,-1.6125278908254492,False,allenai/OLMo-2-1124-13B,OLMO 2 13B
11,,,1,"At the start of the story, Patrick put the ticket in the",suitcase,backpack,0.40306204557418823,0.12333330512046814,1.7084394978906663,True,allenai/OLMo-2-1124-13B,OLMO 2 13B
11,,,2,"At the end of the story, the ticket was in the",backpack,suitcase,0.37424489855766296,0.3319772481918335,0.17289827966408056,True,allenai/OLMo-2-1124-13B,OLMO 2 13B
11,,,3,The person who put the ticket in the suitcase was,Patrick,Nicole,0.019880706444382668,0.12235040962696075,-2.6215780036492298,False,allenai/OLMo-2-1124-13B,OLMO 2 13B
11,,,4,The person who moved the ticket to the backpack was,Nicole,Patrick,0.13026665151119232,0.016341201961040497,2.9948817902251603,True,allenai/OLMo-2-1124-13B,OLMO 2 13B
11,,,1,"At the start of the story, Patrick put the ticket in the",suitcase,backpack,0.40306204557418823,0.12333330512046814,1.7084394978906663,True,allenai/OLMo-2-1124-13B,OLMO 2 13B
11,,,2,"At the end of the story, the ticket was in the",backpack,suitcase,0.37424489855766296,0.3319772481918335,0.17289827966408056,True,allenai/OLMo-2-1124-13B,OLMO 2 13B
11,,,3,The person who put the ticket in the suitcase was,Patrick,Nicole,0.019880706444382668,0.12235040962696075,-2.6215780036492298,False,allenai/OLMo-2-1124-13B,OLMO 2 13B
11,,,4,The person who moved the ticket to the backpack was,Nicole,Patrick,0.13026665151119232,0.016341201961040497,2.9948817902251603,True,allenai/OLMo-2-1124-13B,OLMO 2 13B
11,,,1,"At the start of the story, Patrick put the ticket in the",suitcase,backpack,0.634154200553894,0.10403216630220413,2.6078040153830306,True,allenai/OLMo-2-1124-13B,OLMO 2 13B
11,,,2,"At the end of the story, the ticket was in the",backpack,suitcase,0.3693510890007019,0.40282630920410156,-0.12516507972489807,False,allenai/OLMo-2-1124-13B,OLMO 2 13B
11,,,3,The person who put the ticket in the suitcase was,Patrick,Nicole,0.0545608252286911,0.09333144128322601,-0.7744977095866306,False,allenai/OLMo-2-1124-13B,OLMO 2 13B
11,,,4,The person who moved the ticket to the backpack was,Nicole,Patrick,0.16132177412509918,0.10300315171480179,0.6472526948750055,True,allenai/OLMo-2-1124-13B,OLMO 2 13B
11,,,1,"At the start of the story, Patrick put the ticket in the",suitcase,backpack,0.634154200553894,0.10403216630220413,2.6078040153830306,True,allenai/OLMo-2-1124-13B,OLMO 2 13B
11,,,2,"At the end of the story, the ticket was in the",backpack,suitcase,0.3693510890007019,0.40282630920410156,-0.12516507972489807,False,allenai/OLMo-2-1124-13B,OLMO 2 13B
11,,,3,The person who put the ticket in the suitcase was,Patrick,Nicole,0.0545608252286911,0.09333144128322601,-0.7744977095866306,False,allenai/OLMo-2-1124-13B,OLMO 2 13B
11,,,4,The person who moved the ticket to the backpack was,Nicole,Patrick,0.16132177412509918,0.10300315171480179,0.6472526948750055,True,allenai/OLMo-2-1124-13B,OLMO 2 13B
11,,,1,"At the start of the story, Patrick put the ticket in the",suitcase,backpack,0.6819828152656555,0.06147810444235802,3.4715907982652556,True,allenai/OLMo-2-1124-13B,OLMO 2 13B
11,,,2,"At the end of the story, the ticket was in the",backpack,suitcase,0.3380080461502075,0.42329755425453186,-0.32461456330842503,False,allenai/OLMo-2-1124-13B,OLMO 2 13B
11,,,3,The person who put the ticket in the suitcase was,Patrick,Nicole,0.019553568214178085,0.1379784792661667,-2.818939459502252,False,allenai/OLMo-2-1124-13B,OLMO 2 13B
11,,,4,The person who moved the ticket to the backpack was,Nicole,Patrick,0.11728911101818085,0.017646832391619682,2.732587933560792,True,allenai/OLMo-2-1124-13B,OLMO 2 13B
11,,,1,"At the start of the story, Patrick put the ticket in the",suitcase,backpack,0.6819828152656555,0.06147810444235802,3.4715907982652556,True,allenai/OLMo-2-1124-13B,OLMO 2 13B
11,,,2,"At the end of the story, the ticket was in the",backpack,suitcase,0.3380080461502075,0.42329755425453186,-0.32461456330842503,False,allenai/OLMo-2-1124-13B,OLMO 2 13B
11,,,3,The person who put the ticket in the suitcase was,Patrick,Nicole,0.019553568214178085,0.1379784792661667,-2.818939459502252,False,allenai/OLMo-2-1124-13B,OLMO 2 13B
11,,,4,The person who moved the ticket to the backpack was,Nicole,Patrick,0.11728911101818085,0.017646832391619682,2.732587933560792,True,allenai/OLMo-2-1124-13B,OLMO 2 13B
11,,,1,"At the start of the story, Patrick put the ticket in the",suitcase,backpack,0.8345093131065369,0.04698707163333893,4.15059238728978,True,allenai/OLMo-2-1124-13B,OLMO 2 13B
11,,,2,"At the end of the story, the ticket was in the",backpack,suitcase,0.16468650102615356,0.716098964214325,-2.1204366748726597,False,allenai/OLMo-2-1124-13B,OLMO 2 13B
11,,,3,The person who put the ticket in the suitcase was,Patrick,Nicole,0.06546483933925629,0.15490853786468506,-1.2426245018220092,False,allenai/OLMo-2-1124-13B,OLMO 2 13B
11,,,4,The person who moved the ticket to the backpack was,Nicole,Patrick,0.18853969871997833,0.12247022241353989,0.6224373149116085,True,allenai/OLMo-2-1124-13B,OLMO 2 13B
11,,,1,"At the start of the story, Patrick put the ticket in the",suitcase,backpack,0.8345093131065369,0.04698707163333893,4.15059238728978,True,allenai/OLMo-2-1124-13B,OLMO 2 13B
11,,,2,"At the end of the story, the ticket was in the",backpack,suitcase,0.16468650102615356,0.716098964214325,-2.1204366748726597,False,allenai/OLMo-2-1124-13B,OLMO 2 13B
11,,,3,The person who put the ticket in the suitcase was,Patrick,Nicole,0.06546483933925629,0.15490853786468506,-1.2426245018220092,False,allenai/OLMo-2-1124-13B,OLMO 2 13B
11,,,4,The person who moved the ticket to the backpack was,Nicole,Patrick,0.18853969871997833,0.12247022241353989,0.6224373149116085,True,allenai/OLMo-2-1124-13B,OLMO 2 13B
11,,,1,"At the start of the story, Patrick put the ticket in the",suitcase,backpack,0.4100101888179779,0.24796490371227264,0.7255238215030143,True,allenai/OLMo-2-1124-13B,OLMO 2 13B
11,,,2,"At the end of the story, the ticket was in the",backpack,suitcase,0.4773939847946167,0.28590962290763855,0.739621210639614,True,allenai/OLMo-2-1124-13B,OLMO 2 13B
11,,,3,The person who put the ticket in the suitcase was,Patrick,Nicole,0.02269814908504486,0.12433557212352753,-2.453592543990398,False,allenai/OLMo-2-1124-13B,OLMO 2 13B
11,,,4,The person who moved the ticket to the backpack was,Nicole,Patrick,0.15811137855052948,0.01806122250854969,3.1299737427532484,True,allenai/OLMo-2-1124-13B,OLMO 2 13B
11,,,1,"At the start of the story, Patrick put the ticket in the",suitcase,backpack,0.44230473041534424,0.21846400201320648,1.0176450964342083,True,allenai/OLMo-2-1124-13B,OLMO 2 13B
11,,,2,"At the end of the story, the ticket was in the",backpack,suitcase,0.47130903601646423,0.29646697640419006,0.6688019299690202,True,allenai/OLMo-2-1124-13B,OLMO 2 13B
11,,,3,The person who put the ticket in the suitcase was,Patrick,Nicole,0.02457403391599655,0.1657719612121582,-2.753993403169935,False,allenai/OLMo-2-1124-13B,OLMO 2 13B
11,,,4,The person who moved the ticket to the backpack was,Nicole,Patrick,0.19279202818870544,0.01633295975625515,3.5611872425761724,True,allenai/OLMo-2-1124-13B,OLMO 2 13B
11,,,1,"At the start of the story, Patrick put the ticket in the",suitcase,backpack,0.5705966353416443,0.19283811748027802,1.5650809886792802,True,allenai/OLMo-2-1124-13B,OLMO 2 13B
11,,,2,"At the end of the story, the ticket was in the",backpack,suitcase,0.38401496410369873,0.38101089000701904,0.01133029702053634,True,allenai/OLMo-2-1124-13B,OLMO 2 13B
11,,,3,The person who put the ticket in the suitcase was,Patrick,Nicole,0.05544291064143181,0.11342163383960724,-1.0326209404316309,False,allenai/OLMo-2-1124-13B,OLMO 2 13B
11,,,4,The person who moved the ticket to the backpack was,Nicole,Patrick,0.19033971428871155,0.1002034991979599,0.925643720992865,True,allenai/OLMo-2-1124-13B,OLMO 2 13B
11,,,1,"At the start of the story, Patrick put the ticket in the",suitcase,backpack,0.5705966353416443,0.19283811748027802,1.5650809886792802,True,allenai/OLMo-2-1124-13B,OLMO 2 13B
11,,,2,"At the end of the story, the ticket was in the",backpack,suitcase,0.38401496410369873,0.38101089000701904,0.01133029702053634,True,allenai/OLMo-2-1124-13B,OLMO 2 13B
11,,,3,The person who put the ticket in the suitcase was,Patrick,Nicole,0.05544291064143181,0.11342163383960724,-1.0326209404316309,False,allenai/OLMo-2-1124-13B,OLMO 2 13B
11,,,4,The person who moved the ticket to the backpack was,Nicole,Patrick,0.19033971428871155,0.1002034991979599,0.925643720992865,True,allenai/OLMo-2-1124-13B,OLMO 2 13B
11,,,1,"At the start of the story, Patrick put the ticket in the",suitcase,backpack,0.6074657440185547,0.11379523575305939,2.4163628972658433,True,allenai/OLMo-2-1124-13B,OLMO 2 13B
11,,,2,"At the end of the story, the ticket was in the",backpack,suitcase,0.3343602120876312,0.41211235523223877,-0.30163453559351894,False,allenai/OLMo-2-1124-13B,OLMO 2 13B
11,,,3,The person who put the ticket in the suitcase was,Patrick,Nicole,0.024161040782928467,0.13538402318954468,-2.486302987048751,False,allenai/OLMo-2-1124-13B,OLMO 2 13B
11,,,4,The person who moved the ticket to the backpack was,Nicole,Patrick,0.1379970759153366,0.02201171964406967,2.648293933502415,True,allenai/OLMo-2-1124-13B,OLMO 2 13B
11,,,1,"At the start of the story, Patrick put the ticket in the",suitcase,backpack,0.6531091928482056,0.08824934810400009,2.887666688686626,True,allenai/OLMo-2-1124-13B,OLMO 2 13B
11,,,2,"At the end of the story, the ticket was in the",backpack,suitcase,0.31879255175590515,0.4353081285953522,-0.449419037400345,False,allenai/OLMo-2-1124-13B,OLMO 2 13B
11,,,3,The person who put the ticket in the suitcase was,Patrick,Nicole,0.025935476645827293,0.18902818858623505,-2.865602601427779,False,allenai/OLMo-2-1124-13B,OLMO 2 13B
11,,,4,The person who moved the ticket to the backpack was,Nicole,Patrick,0.16981784999370575,0.019757630303502083,3.1035062842436396,True,allenai/OLMo-2-1124-13B,OLMO 2 13B
11,,,1,"At the start of the story, Patrick put the ticket in the",suitcase,backpack,0.7491165399551392,0.11490540951490402,2.70474345725392,True,allenai/OLMo-2-1124-13B,OLMO 2 13B
11,,,2,"At the end of the story, the ticket was in the",backpack,suitcase,0.22682467103004456,0.6429738402366638,-1.503182475494298,False,allenai/OLMo-2-1124-13B,OLMO 2 13B
11,,,3,The person who put the ticket in the suitcase was,Patrick,Nicole,0.06251916289329529,0.18524062633514404,-1.5670301737321461,False,allenai/OLMo-2-1124-13B,OLMO 2 13B
11,,,4,The person who moved the ticket to the backpack was,Nicole,Patrick,0.2390352338552475,0.13741031289100647,0.7987330024262767,True,allenai/OLMo-2-1124-13B,OLMO 2 13B
11,,,1,"At the start of the story, Patrick put the ticket in the",suitcase,backpack,0.7491165399551392,0.11490540951490402,2.70474345725392,True,allenai/OLMo-2-1124-13B,OLMO 2 13B
11,,,2,"At the end of the story, the ticket was in the",backpack,suitcase,0.22682467103004456,0.6429738402366638,-1.503182475494298,False,allenai/OLMo-2-1124-13B,OLMO 2 13B
11,,,3,The person who put the ticket in the suitcase was,Patrick,Nicole,0.06251916289329529,0.18524062633514404,-1.5670301737321461,False,allenai/OLMo-2-1124-13B,OLMO 2 13B
11,,,4,The person who moved the ticket to the backpack was,Nicole,Patrick,0.2390352338552475,0.13741031289100647,0.7987330024262767,True,allenai/OLMo-2-1124-13B,OLMO 2 13B
12,,,1,"At the start of the story, Hannah put the saddle in the",stable,hut,0.38946613669395447,0.515554666519165,-0.40462751670245223,False,allenai/OLMo-2-1124-13B,OLMO 2 13B
12,,,2,"At the end of the story, the saddle was in the",hut,stable,0.608709454536438,0.2584124803543091,1.2360780255962323,True,allenai/OLMo-2-1124-13B,OLMO 2 13B
12,,,3,The person who put the saddle in the stable was,Hannah,Martin,0.0680771917104721,0.18195725977420807,-1.4183561833586569,False,allenai/OLMo-2-1124-13B,OLMO 2 13B
12,,,4,The person who moved the saddle to the hut was,Martin,Hannah,0.2430415004491806,0.03373026102781296,2.8490872935786284,True,allenai/OLMo-2-1124-13B,OLMO 2 13B
12,,,1,"At the start of the story, Hannah put the saddle in the",stable,hut,0.38946613669395447,0.515554666519165,-0.40462751670245223,False,allenai/OLMo-2-1124-13B,OLMO 2 13B
12,,,2,"At the end of the story, the saddle was in the",hut,stable,0.608709454536438,0.2584124803543091,1.2360780255962323,True,allenai/OLMo-2-1124-13B,OLMO 2 13B
12,,,3,The person who put the saddle in the stable was,Hannah,Martin,0.0680771917104721,0.18195725977420807,-1.4183561833586569,False,allenai/OLMo-2-1124-13B,OLMO 2 13B
12,,,4,The person who moved the saddle to the hut was,Martin,Hannah,0.2430415004491806,0.03373026102781296,2.8490872935786284,True,allenai/OLMo-2-1124-13B,OLMO 2 13B
12,,,1,"At the start of the story, Hannah put the saddle in the",stable,hut,0.3839569389820099,0.5105245113372803,-0.41103570869687694,False,allenai/OLMo-2-1124-13B,OLMO 2 13B
12,,,2,"At the end of the story, the saddle was in the",hut,stable,0.5733088254928589,0.2644413709640503,1.116364588701559,True,allenai/OLMo-2-1124-13B,OLMO 2 13B
12,,,3,The person who put the saddle in the stable was,Hannah,Martin,0.03795578330755234,0.13652223348617554,-1.8467442916779786,False,allenai/OLMo-2-1124-13B,OLMO 2 13B
12,,,4,The person who moved the saddle to the hut was,Martin,Hannah,0.20513755083084106,0.041433725506067276,2.3077141532169625,True,allenai/OLMo-2-1124-13B,OLMO 2 13B
12,,,1,"At the start of the story, Hannah put the saddle in the",stable,hut,0.3839569389820099,0.5105245113372803,-0.41103570869687694,False,allenai/OLMo-2-1124-13B,OLMO 2 13B
12,,,2,"At the end of the story, the saddle was in the",hut,stable,0.5733088254928589,0.2644413709640503,1.116364588701559,True,allenai/OLMo-2-1124-13B,OLMO 2 13B
12,,,3,The person who put the saddle in the stable was,Hannah,Martin,0.03795578330755234,0.13652223348617554,-1.8467442916779786,False,allenai/OLMo-2-1124-13B,OLMO 2 13B
12,,,4,The person who moved the saddle to the hut was,Martin,Hannah,0.20513755083084106,0.041433725506067276,2.3077141532169625,True,allenai/OLMo-2-1124-13B,OLMO 2 13B
12,,,1,"At the start of the story, Hannah put the saddle in the",stable,hut,0.5848207473754883,0.28819724917411804,1.0209379287864404,True,allenai/OLMo-2-1124-13B,OLMO 2 13B
12,,,2,"At the end of the story, the saddle was in the",hut,stable,0.40094196796417236,0.3715035915374756,0.11001727901791297,True,allenai/OLMo-2-1124-13B,OLMO 2 13B
12,,,3,The person who put the saddle in the stable was,Hannah,Martin,0.03665037080645561,0.08250940591096878,-1.1707307983921864,False,allenai/OLMo-2-1124-13B,OLMO 2 13B
12,,,4,The person who moved the saddle to the hut was,Martin,Hannah,0.12722156941890717,0.021229088306427002,2.5832289685414933,True,allenai/OLMo-2-1124-13B,OLMO 2 13B
12,,,1,"At the start of the story, Hannah put the saddle in the",stable,hut,0.5848207473754883,0.28819724917411804,1.0209379287864404,True,allenai/OLMo-2-1124-13B,OLMO 2 13B
12,,,2,"At the end of the story, the saddle was in the",hut,stable,0.40094196796417236,0.3715035915374756,0.11001727901791297,True,allenai/OLMo-2-1124-13B,OLMO 2 13B
12,,,3,The person who put the saddle in the stable was,Hannah,Martin,0.03665037080645561,0.08250940591096878,-1.1707307983921864,False,allenai/OLMo-2-1124-13B,OLMO 2 13B
12,,,4,The person who moved the saddle to the hut was,Martin,Hannah,0.12722156941890717,0.021229088306427002,2.5832289685414933,True,allenai/OLMo-2-1124-13B,OLMO 2 13B
12,,,1,"At the start of the story, Hannah put the saddle in the",stable,hut,0.6823586225509644,0.23315303027629852,1.5492529855030939,True,allenai/OLMo-2-1124-13B,OLMO 2 13B
12,,,2,"At the end of the story, the saddle was in the",hut,stable,0.3036363124847412,0.5766819715499878,-0.9254315851137094,False,allenai/OLMo-2-1124-13B,OLMO 2 13B
12,,,3,The person who put the saddle in the stable was,Hannah,Martin,0.018354784697294235,0.12309788167476654,-2.7455778387214913,False,allenai/OLMo-2-1124-13B,OLMO 2 13B
12,,,4,The person who moved the saddle to the hut was,Martin,Hannah,0.18436864018440247,0.01308406237512827,3.816710836938438,True,allenai/OLMo-2-1124-13B,OLMO 2 13B
12,,,1,"At the start of the story, Hannah put the saddle in the",stable,hut,0.6823586225509644,0.23315303027629852,1.5492529855030939,True,allenai/OLMo-2-1124-13B,OLMO 2 13B
12,,,2,"At the end of the story, the saddle was in the",hut,stable,0.3036363124847412,0.5766819715499878,-0.9254315851137094,False,allenai/OLMo-2-1124-13B,OLMO 2 13B
12,,,3,The person who put the saddle in the stable was,Hannah,Martin,0.018354784697294235,0.12309788167476654,-2.7455778387214913,False,allenai/OLMo-2-1124-13B,OLMO 2 13B
12,,,4,The person who moved the saddle to the hut was,Martin,Hannah,0.18436864018440247,0.01308406237512827,3.816710836938438,True,allenai/OLMo-2-1124-13B,OLMO 2 13B
12,,,1,"At the start of the story, Hannah put the saddle in the",stable,hut,0.2827506363391876,0.6027527451515198,-1.092036045342575,False,allenai/OLMo-2-1124-13B,OLMO 2 13B
12,,,2,"At the end of the story, the saddle was in the",hut,stable,0.585636556148529,0.27995210886001587,1.0648255634032806,True,allenai/OLMo-2-1124-13B,OLMO 2 13B
12,,,3,The person who put the saddle in the stable was,Hannah,Martin,0.05499283969402313,0.1598995476961136,-1.539850167074918,False,allenai/OLMo-2-1124-13B,OLMO 2 13B
12,,,4,The person who moved the saddle to the hut was,Martin,Hannah,0.19981783628463745,0.026603220030665398,2.909012583805659,True,allenai/OLMo-2-1124-13B,OLMO 2 13B
12,,,1,"At the start of the story, Hannah put the saddle in the",stable,hut,0.2827506363391876,0.6027527451515198,-1.092036045342575,False,allenai/OLMo-2-1124-13B,OLMO 2 13B
12,,,2,"At the end of the story, the saddle was in the",hut,stable,0.585636556148529,0.27995210886001587,1.0648255634032806,True,allenai/OLMo-2-1124-13B,OLMO 2 13B
12,,,3,The person who put the saddle in the stable was,Hannah,Martin,0.05499283969402313,0.1598995476961136,-1.539850167074918,False,allenai/OLMo-2-1124-13B,OLMO 2 13B
12,,,4,The person who moved the saddle to the hut was,Martin,Hannah,0.19981783628463745,0.026603220030665398,2.909012583805659,True,allenai/OLMo-2-1124-13B,OLMO 2 13B
12,,,1,"At the start of the story, Hannah put the saddle in the",stable,hut,0.34022143483161926,0.533257007598877,-0.6483569819423243,False,allenai/OLMo-2-1124-13B,OLMO 2 13B
12,,,2,"At the end of the story, the saddle was in the",hut,stable,0.6238549947738647,0.21447831392288208,1.5403789533817591,True,allenai/OLMo-2-1124-13B,OLMO 2 13B
12,,,3,The person who put the saddle in the stable was,Hannah,Martin,0.03633128106594086,0.11613928526639938,-1.6765719184991332,False,allenai/OLMo-2-1124-13B,OLMO 2 13B
12,,,4,The person who moved the saddle to the hut was,Martin,Hannah,0.17677415907382965,0.035898350179195404,2.2999179492035267,True,allenai/OLMo-2-1124-13B,OLMO 2 13B
12,,,1,"At the start of the story, Hannah put the saddle in the",stable,hut,0.34022143483161926,0.533257007598877,-0.6483569819423243,False,allenai/OLMo-2-1124-13B,OLMO 2 13B
12,,,2,"At the end of the story, the saddle was in the",hut,stable,0.6238549947738647,0.21447831392288208,1.5403789533817591,True,allenai/OLMo-2-1124-13B,OLMO 2 13B
12,,,3,The person who put the saddle in the stable was,Hannah,Martin,0.03633128106594086,0.11613928526639938,-1.6765719184991332,False,allenai/OLMo-2-1124-13B,OLMO 2 13B
12,,,4,The person who moved the saddle to the hut was,Martin,Hannah,0.17677415907382965,0.035898350179195404,2.2999179492035267,True,allenai/OLMo-2-1124-13B,OLMO 2 13B
12,,,1,"At the start of the story, Hannah put the saddle in the",stable,hut,0.5322971940040588,0.3272882103919983,0.7016703267236968,True,allenai/OLMo-2-1124-13B,OLMO 2 13B
12,,,2,"At the end of the story, the saddle was in the",hut,stable,0.34792429208755493,0.41782307624816895,-0.2641187627389831,False,allenai/OLMo-2-1124-13B,OLMO 2 13B
12,,,3,The person who put the saddle in the stable was,Hannah,Martin,0.025049526244401932,0.07702729105949402,-1.6205863703321592,False,allenai/OLMo-2-1124-13B,OLMO 2 13B
12,,,4,The person who moved the saddle to the hut was,Martin,Hannah,0.1220903992652893,0.01718311570584774,2.8288861965270793,True,allenai/OLMo-2-1124-13B,OLMO 2 13B
12,,,1,"At the start of the story, Hannah put the saddle in the",stable,hut,0.5322971940040588,0.3272882103919983,0.7016703267236968,True,allenai/OLMo-2-1124-13B,OLMO 2 13B
12,,,2,"At the end of the story, the saddle was in the",hut,stable,0.34792429208755493,0.41782307624816895,-0.2641187627389831,False,allenai/OLMo-2-1124-13B,OLMO 2 13B
12,,,3,The person who put the saddle in the stable was,Hannah,Martin,0.025049526244401932,0.07702729105949402,-1.6205863703321592,False,allenai/OLMo-2-1124-13B,OLMO 2 13B
12,,,4,The person who moved the saddle to the hut was,Martin,Hannah,0.1220903992652893,0.01718311570584774,2.8288861965270793,True,allenai/OLMo-2-1124-13B,OLMO 2 13B
12,,,1,"At the start of the story, Hannah put the saddle in the",stable,hut,0.6181278228759766,0.2661372125148773,1.2157349557661046,True,allenai/OLMo-2-1124-13B,OLMO 2 13B
12,,,2,"At the end of the story, the saddle was in the",hut,stable,0.29799625277519226,0.5675492286682129,-0.9294513465066918,False,allenai/OLMo-2-1124-13B,OLMO 2 13B
12,,,3,The person who put the saddle in the stable was,Hannah,Martin,0.01935413107275963,0.12568403780460358,-2.6990879927700466,False,allenai/OLMo-2-1124-13B,OLMO 2 13B
12,,,4,The person who moved the saddle to the hut was,Martin,Hannah,0.18358555436134338,0.013513332232832909,3.763997167407641,True,allenai/OLMo-2-1124-13B,OLMO 2 13B
12,,,1,"At the start of the story, Hannah put the saddle in the",stable,hut,0.6285185217857361,0.28201496601104736,1.1561835341864426,True,allenai/OLMo-2-1124-13B,OLMO 2 13B
12,,,2,"At the end of the story, the saddle was in the",hut,stable,0.30851051211357117,0.5706048011779785,-0.8871722378240565,False,allenai/OLMo-2-1124-13B,OLMO 2 13B
12,,,3,The person who put the saddle in the stable was,Hannah,Martin,0.01637808419764042,0.11271225661039352,-2.78280589145233,False,allenai/OLMo-2-1124-13B,OLMO 2 13B
12,,,4,The person who moved the saddle to the hut was,Martin,Hannah,0.16287846863269806,0.012751561589539051,3.6750500632947243,True,allenai/OLMo-2-1124-13B,OLMO 2 13B
1,,,1,"At the start of the story, Sean put the book in the",box,basket,0.6056853532791138,0.32633471488952637,0.8922160576205863,True,allenai/OLMo-2-1124-13B,OLMO 2 13B
1,,,2,"At the end of the story, the book was in the",basket,box,0.6279751658439636,0.2550944685935974,1.2996758906210444,True,allenai/OLMo-2-1124-13B,OLMO 2 13B
1,,,3,The person who put the book in the box was,Sean,Anna,0.08361141383647919,0.08535011112689972,-0.029693132880008997,False,allenai/OLMo-2-1124-13B,OLMO 2 13B
1,,,4,The person who moved the book to the basket was,Anna,Sean,0.11968837678432465,0.05752215534448624,1.0570934162065622,True,allenai/OLMo-2-1124-13B,OLMO 2 13B
1,,,1,"At the start of the story, Sean put the book in the",box,basket,0.6056853532791138,0.32633471488952637,0.8922160576205863,True,allenai/OLMo-2-1124-13B,OLMO 2 13B
1,,,2,"At the end of the story, the book was in the",basket,box,0.6279751658439636,0.2550944685935974,1.2996758906210444,True,allenai/OLMo-2-1124-13B,OLMO 2 13B
1,,,3,The person who put the book in the box was,Sean,Anna,0.08361141383647919,0.08535011112689972,-0.029693132880008997,False,allenai/OLMo-2-1124-13B,OLMO 2 13B
1,,,4,The person who moved the book to the basket was,Anna,Sean,0.11968837678432465,0.05752215534448624,1.0570934162065622,True,allenai/OLMo-2-1124-13B,OLMO 2 13B
1,,,1,"At the start of the story, Sean put the book in the",box,basket,0.5929168462753296,0.3511473536491394,0.7557532253115089,True,allenai/OLMo-2-1124-13B,OLMO 2 13B
1,,,2,"At the end of the story, the book was in the",basket,box,0.5861513614654541,0.3189477026462555,0.8779533719688443,True,allenai/OLMo-2-1124-13B,OLMO 2 13B
1,,,3,The person who put the book in the box was,Sean,Anna,0.04229656234383583,0.20175431668758392,-2.2539872233159852,False,allenai/OLMo-2-1124-13B,OLMO 2 13B
1,,,4,The person who moved the book to the basket was,Anna,Sean,0.18749193847179413,0.04014062508940697,2.2236935775261495,True,allenai/OLMo-2-1124-13B,OLMO 2 13B
1,,,1,"At the start of the story, Sean put the book in the",box,basket,0.5929168462753296,0.3511473536491394,0.7557532253115089,True,allenai/OLMo-2-1124-13B,OLMO 2 13B
1,,,2,"At the end of the story, the book was in the",basket,box,0.5861513614654541,0.3189477026462555,0.8779533719688443,True,allenai/OLMo-2-1124-13B,OLMO 2 13B
1,,,3,The person who put the book in the box was,Sean,Anna,0.04229656234383583,0.20175431668758392,-2.2539872233159852,False,allenai/OLMo-2-1124-13B,OLMO 2 13B
1,,,4,The person who moved the book to the basket was,Anna,Sean,0.18749193847179413,0.04014062508940697,2.2236935775261495,True,allenai/OLMo-2-1124-13B,OLMO 2 13B
1,,,1,"At the start of the story, Sean put the book in the",box,basket,0.7181478142738342,0.20993046462535858,1.774369277929391,True,allenai/OLMo-2-1124-13B,OLMO 2 13B
1,,,2,"At the end of the story, the book was in the",basket,box,0.49457237124443054,0.4058350920677185,0.285288028789354,True,allenai/OLMo-2-1124-13B,OLMO 2 13B
1,,,3,The person who put the book in the box was,Sean,Anna,0.08644037693738937,0.1056365817785263,-0.28933225576538213,False,allenai/OLMo-2-1124-13B,OLMO 2 13B
1,,,4,The person who moved the book to the basket was,Anna,Sean,0.14166513085365295,0.04942575469613075,1.5191497999770291,True,allenai/OLMo-2-1124-13B,OLMO 2 13B
1,,,1,"At the start of the story, Sean put the book in the",box,basket,0.7181478142738342,0.20993046462535858,1.774369277929391,True,allenai/OLMo-2-1124-13B,OLMO 2 13B
1,,,2,"At the end of the story, the book was in the",basket,box,0.49457237124443054,0.4058350920677185,0.285288028789354,True,allenai/OLMo-2-1124-13B,OLMO 2 13B
1,,,3,The person who put the book in the box was,Sean,Anna,0.08644037693738937,0.1056365817785263,-0.28933225576538213,False,allenai/OLMo-2-1124-13B,OLMO 2 13B
1,,,4,The person who moved the book to the basket was,Anna,Sean,0.14166513085365295,0.04942575469613075,1.5191497999770291,True,allenai/OLMo-2-1124-13B,OLMO 2 13B
1,,,1,"At the start of the story, Sean put the book in the",box,basket,0.5978525280952454,0.34869134426116943,0.7778391078125071,True,allenai/OLMo-2-1124-13B,OLMO 2 13B
1,,,2,"At the end of the story, the book was in the",basket,box,0.4067687392234802,0.5030595064163208,-0.3065202548908042,False,allenai/OLMo-2-1124-13B,OLMO 2 13B
1,,,3,The person who put the book in the box was,Sean,Anna,0.042423684149980545,0.23079541325569153,-2.4436727349846685,False,allenai/OLMo-2-1124-13B,OLMO 2 13B
1,,,4,The person who moved the book to the basket was,Anna,Sean,0.22109068930149078,0.044865772128105164,2.300951125922634,True,allenai/OLMo-2-1124-13B,OLMO 2 13B
1,,,1,"At the start of the story, Sean put the book in the",box,basket,0.5978525280952454,0.34869134426116943,0.7778391078125071,True,allenai/OLMo-2-1124-13B,OLMO 2 13B
1,,,2,"At the end of the story, the book was in the",basket,box,0.4067687392234802,0.5030595064163208,-0.3065202548908042,False,allenai/OLMo-2-1124-13B,OLMO 2 13B
1,,,3,The person who put the book in the box was,Sean,Anna,0.042423684149980545,0.23079541325569153,-2.4436727349846685,False,allenai/OLMo-2-1124-13B,OLMO 2 13B
1,,,4,The person who moved the book to the basket was,Anna,Sean,0.22109068930149078,0.044865772128105164,2.300951125922634,True,allenai/OLMo-2-1124-13B,OLMO 2 13B
1,,,1,"At the start of the story, Sean put the book in the",box,basket,0.5609474778175354,0.3787916302680969,0.5664612423459264,True,allenai/OLMo-2-1124-13B,OLMO 2 13B
1,,,2,"At the end of the story, the book was in the",basket,box,0.595687210559845,0.2881019115447998,1.0479757519107602,True,allenai/OLMo-2-1124-13B,OLMO 2 13B
1,,,3,The person who put the book in the box was,Sean,Anna,0.07853321731090546,0.08883829414844513,-0.1778786889224131,False,allenai/OLMo-2-1124-13B,OLMO 2 13B
1,,,4,The person who moved the book to the basket was,Anna,Sean,0.11302610486745834,0.058279551565647125,0.9555943388629717,True,allenai/OLMo-2-1124-13B,OLMO 2 13B
1,,,1,"At the start of the story, Sean put the book in the",box,basket,0.5609474778175354,0.3787916302680969,0.5664612423459264,True,allenai/OLMo-2-1124-13B,OLMO 2 13B
1,,,2,"At the end of the story, the book was in the",basket,box,0.595687210559845,0.2881019115447998,1.0479757519107602,True,allenai/OLMo-2-1124-13B,OLMO 2 13B
1,,,3,The person who put the book in the box was,Sean,Anna,0.07853321731090546,0.08883829414844513,-0.1778786889224131,False,allenai/OLMo-2-1124-13B,OLMO 2 13B
1,,,4,The person who moved the book to the basket was,Anna,Sean,0.11302610486745834,0.058279551565647125,0.9555943388629717,True,allenai/OLMo-2-1124-13B,OLMO 2 13B
1,,,1,"At the start of the story, Sean put the book in the",box,basket,0.4788060784339905,0.47403714060783386,0.014441369290420175,True,allenai/OLMo-2-1124-13B,OLMO 2 13B
1,,,2,"At the end of the story, the book was in the",basket,box,0.5574672222137451,0.35406264662742615,0.65488233199304,True,allenai/OLMo-2-1124-13B,OLMO 2 13B
1,,,3,The person who put the book in the box was,Sean,Anna,0.04232049733400345,0.2008054554462433,-2.246369978044206,False,allenai/OLMo-2-1124-13B,OLMO 2 13B
1,,,4,The person who moved the book to the basket was,Anna,Sean,0.16659395396709442,0.03760136291384697,2.147479182863322,True,allenai/OLMo-2-1124-13B,OLMO 2 13B
1,,,1,"At the start of the story, Sean put the book in the",box,basket,0.4788060784339905,0.47403714060783386,0.014441369290420175,True,allenai/OLMo-2-1124-13B,OLMO 2 13B
1,,,2,"At the end of the story, the book was in the",basket,box,0.5574672222137451,0.35406264662742615,0.65488233199304,True,allenai/OLMo-2-1124-13B,OLMO 2 13B
1,,,3,The person who put the book in the box was,Sean,Anna,0.04232049733400345,0.2008054554462433,-2.246369978044206,False,allenai/OLMo-2-1124-13B,OLMO 2 13B
1,,,4,The person who moved the book to the basket was,Anna,Sean,0.16659395396709442,0.03760136291384697,2.147479182863322,True,allenai/OLMo-2-1124-13B,OLMO 2 13B
1,,,1,"At the start of the story, Sean put the book in the",box,basket,0.6797791719436646,0.23948487639427185,1.505131607353606,True,allenai/OLMo-2-1124-13B,OLMO 2 13B
1,,,2,"At the end of the story, the book was in the",basket,box,0.37444594502449036,0.5046640038490295,-0.4305657208319502,False,allenai/OLMo-2-1124-13B,OLMO 2 13B
1,,,3,The person who put the book in the box was,Sean,Anna,0.08482377976179123,0.1063290536403656,-0.325995180448843,False,allenai/OLMo-2-1124-13B,OLMO 2 13B
1,,,4,The person who moved the book to the basket was,Anna,Sean,0.1313842236995697,0.05494685098528862,1.257683343199254,True,allenai/OLMo-2-1124-13B,OLMO 2 13B
1,,,1,"At the start of the story, Sean put the book in the",box,basket,0.6797791719436646,0.23948487639427185,1.505131607353606,True,allenai/OLMo-2-1124-13B,OLMO 2 13B
1,,,2,"At the end of the story, the book was in the",basket,box,0.37444594502449036,0.5046640038490295,-0.4305657208319502,False,allenai/OLMo-2-1124-13B,OLMO 2 13B
1,,,3,The person who put the book in the box was,Sean,Anna,0.08482377976179123,0.1063290536403656,-0.325995180448843,False,allenai/OLMo-2-1124-13B,OLMO 2 13B
1,,,4,The person who moved the book to the basket was,Anna,Sean,0.1313842236995697,0.05494685098528862,1.257683343199254,True,allenai/OLMo-2-1124-13B,OLMO 2 13B
1,,,1,"At the start of the story, Sean put the book in the",box,basket,0.5842483639717102,0.36433956027030945,0.6812981366140429,True,allenai/OLMo-2-1124-13B,OLMO 2 13B
1,,,2,"At the end of the story, the book was in the",basket,box,0.35692545771598816,0.5485763549804688,-0.6200696344326062,False,allenai/OLMo-2-1124-13B,OLMO 2 13B
1,,,3,The person who put the book in the box was,Sean,Anna,0.04331803694367409,0.20931179821491241,-2.2726138633399735,False,allenai/OLMo-2-1124-13B,OLMO 2 13B
1,,,4,The person who moved the book to the basket was,Anna,Sean,0.1799522489309311,0.038012996315956116,2.2430494792660314,True,allenai/OLMo-2-1124-13B,OLMO 2 13B
1,,,1,"At the start of the story, Sean put the book in the",box,basket,0.5842483639717102,0.36433956027030945,0.6812981366140429,True,allenai/OLMo-2-1124-13B,OLMO 2 13B
1,,,2,"At the end of the story, the book was in the",basket,box,0.35692545771598816,0.5485763549804688,-0.6200696344326062,False,allenai/OLMo-2-1124-13B,OLMO 2 13B
1,,,3,The person who put the book in the box was,Sean,Anna,0.04331803694367409,0.20931179821491241,-2.2726138633399735,False,allenai/OLMo-2-1124-13B,OLMO 2 13B
1,,,4,The person who moved the book to the basket was,Anna,Sean,0.1799522489309311,0.038012996315956116,2.2430494792660314,True,allenai/OLMo-2-1124-13B,OLMO 2 13B
2,,,1,"At the start of the story, Mary put the jam in the",cupboard,fridge,0.889205276966095,0.04805076867341995,4.20988509478016,True,allenai/OLMo-2-1124-13B,OLMO 2 13B
2,,,2,"At the end of the story, the jam was in the",fridge,cupboard,0.7926652431488037,0.01500797737389803,5.722910255304113,True,allenai/OLMo-2-1124-13B,OLMO 2 13B
2,,,3,The person who put the jam in the cupboard was,Mary,James,0.10282977670431137,0.07644055783748627,0.4278478784742371,True,allenai/OLMo-2-1124-13B,OLMO 2 13B
2,,,4,The person who moved the jam to the fridge was,James,Mary,0.21058279275894165,0.07661553472280502,1.4586787042723817,True,allenai/OLMo-2-1124-13B,OLMO 2 13B
2,,,1,"At the start of the story, Mary put the jam in the",cupboard,fridge,0.889205276966095,0.04805076867341995,4.20988509478016,True,allenai/OLMo-2-1124-13B,OLMO 2 13B
2,,,2,"At the end of the story, the jam was in the",fridge,cupboard,0.7926652431488037,0.01500797737389803,5.722910255304113,True,allenai/OLMo-2-1124-13B,OLMO 2 13B
2,,,3,The person who put the jam in the cupboard was,Mary,James,0.10282977670431137,0.07644055783748627,0.4278478784742371,True,allenai/OLMo-2-1124-13B,OLMO 2 13B
2,,,4,The person who moved the jam to the fridge was,James,Mary,0.21058279275894165,0.07661553472280502,1.4586787042723817,True,allenai/OLMo-2-1124-13B,OLMO 2 13B
2,,,1,"At the start of the story, Mary put the jam in the",cupboard,fridge,0.7012256979942322,0.19394689798355103,1.8542171665057086,True,allenai/OLMo-2-1124-13B,OLMO 2 13B
2,,,2,"At the end of the story, the jam was in the",fridge,cupboard,0.7780179977416992,0.10183441638946533,2.9335783060525698,True,allenai/OLMo-2-1124-13B,OLMO 2 13B
2,,,3,The person who put the jam in the cupboard was,Mary,James,0.15423943102359772,0.22918686270713806,-0.5713527145761811,False,allenai/OLMo-2-1124-13B,OLMO 2 13B
2,,,4,The person who moved the jam to the fridge was,James,Mary,0.23888851702213287,0.13879115879535675,0.7834218384758114,True,allenai/OLMo-2-1124-13B,OLMO 2 13B
2,,,1,"At the start of the story, Mary put the jam in the",cupboard,fridge,0.7012256979942322,0.19394689798355103,1.8542171665057086,True,allenai/OLMo-2-1124-13B,OLMO 2 13B
2,,,2,"At the end of the story, the jam was in the",fridge,cupboard,0.7780179977416992,0.10183441638946533,2.9335783060525698,True,allenai/OLMo-2-1124-13B,OLMO 2 13B
2,,,3,The person who put the jam in the cupboard was,Mary,James,0.15423943102359772,0.22918686270713806,-0.5713527145761811,False,allenai/OLMo-2-1124-13B,OLMO 2 13B
2,,,4,The person who moved the jam to the fridge was,James,Mary,0.23888851702213287,0.13879115879535675,0.7834218384758114,True,allenai/OLMo-2-1124-13B,OLMO 2 13B
2,,,1,"At the start of the story, Mary put the jam in the",cupboard,fridge,0.897582471370697,0.04237627238035202,4.404715910199947,True,allenai/OLMo-2-1124-13B,OLMO 2 13B
2,,,2,"At the end of the story, the jam was in the",fridge,cupboard,0.8084205389022827,0.02632644586265087,4.940521303465274,True,allenai/OLMo-2-1124-13B,OLMO 2 13B
2,,,3,The person who put the jam in the cupboard was,Mary,James,0.12373631447553635,0.09843823313713074,0.32997830030459024,True,allenai/OLMo-2-1124-13B,OLMO 2 13B
2,,,4,The person who moved the jam to the fridge was,James,Mary,0.1899656504392624,0.10760807991027832,0.8199521654033713,True,allenai/OLMo-2-1124-13B,OLMO 2 13B
2,,,1,"At the start of the story, Mary put the jam in the",cupboard,fridge,0.897582471370697,0.04237627238035202,4.404715910199947,True,allenai/OLMo-2-1124-13B,OLMO 2 13B
2,,,2,"At the end of the story, the jam was in the",fridge,cupboard,0.8084205389022827,0.02632644586265087,4.940521303465274,True,allenai/OLMo-2-1124-13B,OLMO 2 13B
2,,,3,The person who put the jam in the cupboard was,Mary,James,0.12373631447553635,0.09843823313713074,0.32997830030459024,True,allenai/OLMo-2-1124-13B,OLMO 2 13B
2,,,4,The person who moved the jam to the fridge was,James,Mary,0.1899656504392624,0.10760807991027832,0.8199521654033713,True,allenai/OLMo-2-1124-13B,OLMO 2 13B
2,,,1,"At the start of the story, Mary put the jam in the",cupboard,fridge,0.7663267850875854,0.13059236109256744,2.552889222546761,True,allenai/OLMo-2-1124-13B,OLMO 2 13B
2,,,2,"At the end of the story, the jam was in the",fridge,cupboard,0.7601279616355896,0.1300862431526184,2.546773902897853,True,allenai/OLMo-2-1124-13B,OLMO 2 13B
2,,,3,The person who put the jam in the cupboard was,Mary,James,0.1568867564201355,0.28286197781562805,-0.8503746908368425,False,allenai/OLMo-2-1124-13B,OLMO 2 13B
2,,,4,The person who moved the jam to the fridge was,James,Mary,0.27303799986839294,0.14158658683300018,0.9474171525992986,True,allenai/OLMo-2-1124-13B,OLMO 2 13B
2,,,1,"At the start of the story, Mary put the jam in the",cupboard,fridge,0.7663267850875854,0.13059236109256744,2.552889222546761,True,allenai/OLMo-2-1124-13B,OLMO 2 13B
2,,,2,"At the end of the story, the jam was in the",fridge,cupboard,0.7601279616355896,0.1300862431526184,2.546773902897853,True,allenai/OLMo-2-1124-13B,OLMO 2 13B
2,,,3,The person who put the jam in the cupboard was,Mary,James,0.1568867564201355,0.28286197781562805,-0.8503746908368425,False,allenai/OLMo-2-1124-13B,OLMO 2 13B
2,,,4,The person who moved the jam to the fridge was,James,Mary,0.27303799986839294,0.14158658683300018,0.9474171525992986,True,allenai/OLMo-2-1124-13B,OLMO 2 13B
2,,,1,"At the start of the story, Mary put the jam in the",cupboard,fridge,0.9331687688827515,0.026827454566955566,5.120355943358554,True,allenai/OLMo-2-1124-13B,OLMO 2 13B
2,,,2,"At the end of the story, the jam was in the",fridge,cupboard,0.7550068497657776,0.036540139466524124,4.368935687711425,True,allenai/OLMo-2-1124-13B,OLMO 2 13B
2,,,3,The person who put the jam in the cupboard was,Mary,James,0.10462324321269989,0.08230089396238327,0.3462233913061917,True,allenai/OLMo-2-1124-13B,OLMO 2 13B
2,,,4,The person who moved the jam to the fridge was,James,Mary,0.20574070513248444,0.0839775949716568,1.2927508780090717,True,allenai/OLMo-2-1124-13B,OLMO 2 13B
2,,,1,"At the start of the story, Mary put the jam in the",cupboard,fridge,0.9331687688827515,0.026827454566955566,5.120355943358554,True,allenai/OLMo-2-1124-13B,OLMO 2 13B
2,,,2,"At the end of the story, the jam was in the",fridge,cupboard,0.7550068497657776,0.036540139466524124,4.368935687711425,True,allenai/OLMo-2-1124-13B,OLMO 2 13B
2,,,3,The person who put the jam in the cupboard was,Mary,James,0.10462324321269989,0.08230089396238327,0.3462233913061917,True,allenai/OLMo-2-1124-13B,OLMO 2 13B
2,,,4,The person who moved the jam to the fridge was,James,Mary,0.20574070513248444,0.0839775949716568,1.2927508780090717,True,allenai/OLMo-2-1124-13B,OLMO 2 13B
2,,,1,"At the start of the story, Mary put the jam in the",cupboard,fridge,0.8056086301803589,0.13485823571681976,2.5786355096325573,True,allenai/OLMo-2-1124-13B,OLMO 2 13B
2,,,2,"At the end of the story, the jam was in the",fridge,cupboard,0.7255594730377197,0.15184469521045685,2.2564973667884898,True,allenai/OLMo-2-1124-13B,OLMO 2 13B
2,,,3,The person who put the jam in the cupboard was,Mary,James,0.1515837460756302,0.24965739250183105,-0.7198345609199933,False,allenai/OLMo-2-1124-13B,OLMO 2 13B
2,,,4,The person who moved the jam to the fridge was,James,Mary,0.25212177634239197,0.13778991997241974,0.8716503810098102,True,allenai/OLMo-2-1124-13B,OLMO 2 13B
2,,,1,"At the start of the story, Mary put the jam in the",cupboard,fridge,0.8056086301803589,0.13485823571681976,2.5786355096325573,True,allenai/OLMo-2-1124-13B,OLMO 2 13B
2,,,2,"At the end of the story, the jam was in the",fridge,cupboard,0.7255594730377197,0.15184469521045685,2.2564973667884898,True,allenai/OLMo-2-1124-13B,OLMO 2 13B
2,,,3,The person who put the jam in the cupboard was,Mary,James,0.1515837460756302,0.24965739250183105,-0.7198345609199933,False,allenai/OLMo-2-1124-13B,OLMO 2 13B
2,,,4,The person who moved the jam to the fridge was,James,Mary,0.25212177634239197,0.13778991997241974,0.8716503810098102,True,allenai/OLMo-2-1124-13B,OLMO 2 13B
2,,,1,"At the start of the story, Mary put the jam in the",cupboard,fridge,0.9359694719314575,0.022309191524982452,5.390751337856223,True,allenai/OLMo-2-1124-13B,OLMO 2 13B
2,,,2,"At the end of the story, the jam was in the",fridge,cupboard,0.7868151664733887,0.05550248920917511,3.8254003860664767,True,allenai/OLMo-2-1124-13B,OLMO 2 13B
2,,,3,The person who put the jam in the cupboard was,Mary,James,0.13548149168491364,0.09843218326568604,0.4608937768580536,True,allenai/OLMo-2-1124-13B,OLMO 2 13B
2,,,4,The person who moved the jam to the fridge was,James,Mary,0.17695896327495575,0.1146751418709755,0.6258621463327879,True,allenai/OLMo-2-1124-13B,OLMO 2 13B
2,,,1,"At the start of the story, Mary put the jam in the",cupboard,fridge,0.9359694719314575,0.022309191524982452,5.390751337856223,True,allenai/OLMo-2-1124-13B,OLMO 2 13B
2,,,2,"At the end of the story, the jam was in the",fridge,cupboard,0.7868151664733887,0.05550248920917511,3.8254003860664767,True,allenai/OLMo-2-1124-13B,OLMO 2 13B
2,,,3,The person who put the jam in the cupboard was,Mary,James,0.13548149168491364,0.09843218326568604,0.4608937768580536,True,allenai/OLMo-2-1124-13B,OLMO 2 13B
2,,,4,The person who moved the jam to the fridge was,James,Mary,0.17695896327495575,0.1146751418709755,0.6258621463327879,True,allenai/OLMo-2-1124-13B,OLMO 2 13B
2,,,1,"At the start of the story, Mary put the jam in the",cupboard,fridge,0.8142032027244568,0.10834264010190964,2.9097877443742357,True,allenai/OLMo-2-1124-13B,OLMO 2 13B
2,,,2,"At the end of the story, the jam was in the",fridge,cupboard,0.7140371799468994,0.1720014363527298,2.0535785847417953,True,allenai/OLMo-2-1124-13B,OLMO 2 13B
2,,,3,The person who put the jam in the cupboard was,Mary,James,0.16769815981388092,0.28047797083854675,-0.7420206058443284,False,allenai/OLMo-2-1124-13B,OLMO 2 13B
2,,,4,The person who moved the jam to the fridge was,James,Mary,0.27520594000816345,0.14659060537815094,0.9087189615616214,True,allenai/OLMo-2-1124-13B,OLMO 2 13B
2,,,1,"At the start of the story, Mary put the jam in the",cupboard,fridge,0.8142032027244568,0.10834264010190964,2.9097877443742357,True,allenai/OLMo-2-1124-13B,OLMO 2 13B
2,,,2,"At the end of the story, the jam was in the",fridge,cupboard,0.7140371799468994,0.1720014363527298,2.0535785847417953,True,allenai/OLMo-2-1124-13B,OLMO 2 13B
2,,,3,The person who put the jam in the cupboard was,Mary,James,0.16769815981388092,0.28047797083854675,-0.7420206058443284,False,allenai/OLMo-2-1124-13B,OLMO 2 13B
2,,,4,The person who moved the jam to the fridge was,James,Mary,0.27520594000816345,0.14659060537815094,0.9087189615616214,True,allenai/OLMo-2-1124-13B,OLMO 2 13B
3,,,1,"At the start of the story, Cameron put the shirt in the",sink,basket,0.6898944973945618,0.17574575543403625,1.9728859074744851,True,allenai/OLMo-2-1124-13B,OLMO 2 13B
3,,,2,"At the end of the story, the shirt was in the",basket,sink,0.7006444334983826,0.1293931007385254,2.4369217892928883,True,allenai/OLMo-2-1124-13B,OLMO 2 13B
3,,,3,The person who put the shirt in the sink was,Cameron,Helen,0.046500880271196365,0.10256998240947723,-1.141278649081459,False,allenai/OLMo-2-1124-13B,OLMO 2 13B
3,,,4,The person who moved the shirt to the basket was,Helen,Cameron,0.14685696363449097,0.031427063047885895,2.2243323172885754,True,allenai/OLMo-2-1124-13B,OLMO 2 13B
3,,,1,"At the start of the story, Cameron put the shirt in the",sink,basket,0.6898944973945618,0.17574575543403625,1.9728859074744851,True,allenai/OLMo-2-1124-13B,OLMO 2 13B
3,,,2,"At the end of the story, the shirt was in the",basket,sink,0.7006444334983826,0.1293931007385254,2.4369217892928883,True,allenai/OLMo-2-1124-13B,OLMO 2 13B
3,,,3,The person who put the shirt in the sink was,Cameron,Helen,0.046500880271196365,0.10256998240947723,-1.141278649081459,False,allenai/OLMo-2-1124-13B,OLMO 2 13B
3,,,4,The person who moved the shirt to the basket was,Helen,Cameron,0.14685696363449097,0.031427063047885895,2.2243323172885754,True,allenai/OLMo-2-1124-13B,OLMO 2 13B
3,,,1,"At the start of the story, Cameron put the shirt in the",sink,basket,0.7432267069816589,0.14437983930110931,2.3639330408412125,True,allenai/OLMo-2-1124-13B,OLMO 2 13B
3,,,2,"At the end of the story, the shirt was in the",basket,sink,0.5637556314468384,0.2319404035806656,1.2813157831260744,True,allenai/OLMo-2-1124-13B,OLMO 2 13B
3,,,3,The person who put the shirt in the sink was,Cameron,Helen,0.07086943089962006,0.2242899090051651,-1.662129344829507,False,allenai/OLMo-2-1124-13B,OLMO 2 13B
3,,,4,The person who moved the shirt to the basket was,Helen,Cameron,0.263018399477005,0.05788630619645119,2.1838697226225383,True,allenai/OLMo-2-1124-13B,OLMO 2 13B
3,,,1,"At the start of the story, Cameron put the shirt in the",sink,basket,0.7432267069816589,0.14437983930110931,2.3639330408412125,True,allenai/OLMo-2-1124-13B,OLMO 2 13B
3,,,2,"At the end of the story, the shirt was in the",basket,sink,0.5637556314468384,0.2319404035806656,1.2813157831260744,True,allenai/OLMo-2-1124-13B,OLMO 2 13B
3,,,3,The person who put the shirt in the sink was,Cameron,Helen,0.07086943089962006,0.2242899090051651,-1.662129344829507,False,allenai/OLMo-2-1124-13B,OLMO 2 13B
3,,,4,The person who moved the shirt to the basket was,Helen,Cameron,0.263018399477005,0.05788630619645119,2.1838697226225383,True,allenai/OLMo-2-1124-13B,OLMO 2 13B
3,,,1,"At the start of the story, Cameron put the shirt in the",sink,basket,0.7226884365081787,0.15243729948997498,2.2451578550512354,True,allenai/OLMo-2-1124-13B,OLMO 2 13B
3,,,2,"At the end of the story, the shirt was in the",basket,sink,0.5487232804298401,0.2322690486907959,1.2402818668826159,True,allenai/OLMo-2-1124-13B,OLMO 2 13B
3,,,3,The person who put the shirt in the sink was,Cameron,Helen,0.03932392597198486,0.11496133357286453,-1.547669434606259,False,allenai/OLMo-2-1124-13B,OLMO 2 13B
3,,,4,The person who moved the shirt to the basket was,Helen,Cameron,0.1588340699672699,0.02914918214082718,2.4459930939062113,True,allenai/OLMo-2-1124-13B,OLMO 2 13B
3,,,1,"At the start of the story, Cameron put the shirt in the",sink,basket,0.7226884365081787,0.15243729948997498,2.2451578550512354,True,allenai/OLMo-2-1124-13B,OLMO 2 13B
3,,,2,"At the end of the story, the shirt was in the",basket,sink,0.5487232804298401,0.2322690486907959,1.2402818668826159,True,allenai/OLMo-2-1124-13B,OLMO 2 13B
3,,,3,The person who put the shirt in the sink was,Cameron,Helen,0.03932392597198486,0.11496133357286453,-1.547669434606259,False,allenai/OLMo-2-1124-13B,OLMO 2 13B
3,,,4,The person who moved the shirt to the basket was,Helen,Cameron,0.1588340699672699,0.02914918214082718,2.4459930939062113,True,allenai/OLMo-2-1124-13B,OLMO 2 13B
3,,,1,"At the start of the story, Cameron put the shirt in the",sink,basket,0.6718069911003113,0.184712216258049,1.8627675243520232,True,allenai/OLMo-2-1124-13B,OLMO 2 13B
3,,,2,"At the end of the story, the shirt was in the",basket,sink,0.5043515563011169,0.2620947062969208,0.9443414944900609,True,allenai/OLMo-2-1124-13B,OLMO 2 13B
3,,,3,The person who put the shirt in the sink was,Cameron,Helen,0.060307297855615616,0.228887677192688,-1.9242352934762414,False,allenai/OLMo-2-1124-13B,OLMO 2 13B
3,,,4,The person who moved the shirt to the basket was,Helen,Cameron,0.2827055752277374,0.052065517753362656,2.440900217178,True,allenai/OLMo-2-1124-13B,OLMO 2 13B
3,,,1,"At the start of the story, Cameron put the shirt in the",sink,basket,0.6718069911003113,0.184712216258049,1.8627675243520232,True,allenai/OLMo-2-1124-13B,OLMO 2 13B
3,,,2,"At the end of the story, the shirt was in the",basket,sink,0.5043515563011169,0.2620947062969208,0.9443414944900609,True,allenai/OLMo-2-1124-13B,OLMO 2 13B
3,,,3,The person who put the shirt in the sink was,Cameron,Helen,0.060307297855615616,0.228887677192688,-1.9242352934762414,False,allenai/OLMo-2-1124-13B,OLMO 2 13B
3,,,4,The person who moved the shirt to the basket was,Helen,Cameron,0.2827055752277374,0.052065517753362656,2.440900217178,True,allenai/OLMo-2-1124-13B,OLMO 2 13B
3,,,1,"At the start of the story, Cameron put the shirt in the",sink,basket,0.6942265629768372,0.1602729707956314,2.1148754246399495,True,allenai/OLMo-2-1124-13B,OLMO 2 13B
3,,,2,"At the end of the story, the shirt was in the",basket,sink,0.6277084946632385,0.18207679688930511,1.7855476498139526,True,allenai/OLMo-2-1124-13B,OLMO 2 13B
3,,,3,The person who put the shirt in the sink was,Cameron,Helen,0.05021313577890396,0.09489981830120087,-0.9183405017887677,False,allenai/OLMo-2-1124-13B,OLMO 2 13B
3,,,4,The person who moved the shirt to the basket was,Helen,Cameron,0.1375388354063034,0.034752558916807175,1.984647918847524,True,allenai/OLMo-2-1124-13B,OLMO 2 13B
3,,,1,"At the start of the story, Cameron put the shirt in the",sink,basket,0.6942265629768372,0.1602729707956314,2.1148754246399495,True,allenai/OLMo-2-1124-13B,OLMO 2 13B
3,,,2,"At the end of the story, the shirt was in the",basket,sink,0.6277084946632385,0.18207679688930511,1.7855476498139526,True,allenai/OLMo-2-1124-13B,OLMO 2 13B
3,,,3,The person who put the shirt in the sink was,Cameron,Helen,0.05021313577890396,0.09489981830120087,-0.9183405017887677,False,allenai/OLMo-2-1124-13B,OLMO 2 13B
3,,,4,The person who moved the shirt to the basket was,Helen,Cameron,0.1375388354063034,0.034752558916807175,1.984647918847524,True,allenai/OLMo-2-1124-13B,OLMO 2 13B
3,,,1,"At the start of the story, Cameron put the shirt in the",sink,basket,0.6811994910240173,0.1517460197210312,2.166418681801418,True,allenai/OLMo-2-1124-13B,OLMO 2 13B
3,,,2,"At the end of the story, the shirt was in the",basket,sink,0.5062445402145386,0.2568069398403168,0.9791502539214858,True,allenai/OLMo-2-1124-13B,OLMO 2 13B
3,,,3,The person who put the shirt in the sink was,Cameron,Helen,0.07883261889219284,0.1808425337076187,-1.1978694277928983,False,allenai/OLMo-2-1124-13B,OLMO 2 13B
3,,,4,The person who moved the shirt to the basket was,Helen,Cameron,0.22574903070926666,0.06580806523561478,1.778383481060472,True,allenai/OLMo-2-1124-13B,OLMO 2 13B
3,,,1,"At the start of the story, Cameron put the shirt in the",sink,basket,0.6811994910240173,0.1517460197210312,2.166418681801418,True,allenai/OLMo-2-1124-13B,OLMO 2 13B
3,,,2,"At the end of the story, the shirt was in the",basket,sink,0.5062445402145386,0.2568069398403168,0.9791502539214858,True,allenai/OLMo-2-1124-13B,OLMO 2 13B
3,,,3,The person who put the shirt in the sink was,Cameron,Helen,0.07883261889219284,0.1808425337076187,-1.1978694277928983,False,allenai/OLMo-2-1124-13B,OLMO 2 13B
3,,,4,The person who moved the shirt to the basket was,Helen,Cameron,0.22574903070926666,0.06580806523561478,1.778383481060472,True,allenai/OLMo-2-1124-13B,OLMO 2 13B
3,,,1,"At the start of the story, Cameron put the shirt in the",sink,basket,0.7068762183189392,0.14213062822818756,2.3142401261221597,True,allenai/OLMo-2-1124-13B,OLMO 2 13B
3,,,2,"At the end of the story, the shirt was in the",basket,sink,0.39570510387420654,0.35127633810043335,0.17181927336422262,True,allenai/OLMo-2-1124-13B,OLMO 2 13B
3,,,3,The person who put the shirt in the sink was,Cameron,Helen,0.043916553258895874,0.11322779953479767,-1.3663914745693995,False,allenai/OLMo-2-1124-13B,OLMO 2 13B
3,,,4,The person who moved the shirt to the basket was,Helen,Cameron,0.15170732140541077,0.03267662972211838,2.214959615575145,True,allenai/OLMo-2-1124-13B,OLMO 2 13B
3,,,1,"At the start of the story, Cameron put the shirt in the",sink,basket,0.7068762183189392,0.14213062822818756,2.3142401261221597,True,allenai/OLMo-2-1124-13B,OLMO 2 13B
3,,,2,"At the end of the story, the shirt was in the",basket,sink,0.39570510387420654,0.35127633810043335,0.17181927336422262,True,allenai/OLMo-2-1124-13B,OLMO 2 13B
3,,,3,The person who put the shirt in the sink was,Cameron,Helen,0.043916553258895874,0.11322779953479767,-1.3663914745693995,False,allenai/OLMo-2-1124-13B,OLMO 2 13B
3,,,4,The person who moved the shirt to the basket was,Helen,Cameron,0.15170732140541077,0.03267662972211838,2.214959615575145,True,allenai/OLMo-2-1124-13B,OLMO 2 13B
3,,,1,"At the start of the story, Cameron put the shirt in the",sink,basket,0.6540213823318481,0.1463392674922943,2.1600208609177085,True,allenai/OLMo-2-1124-13B,OLMO 2 13B
3,,,2,"At the end of the story, the shirt was in the",basket,sink,0.4223594665527344,0.29658281803131104,0.510036366846083,True,allenai/OLMo-2-1124-13B,OLMO 2 13B
3,,,3,The person who put the shirt in the sink was,Cameron,Helen,0.0680818036198616,0.19127506017684937,-1.4903076145019907,False,allenai/OLMo-2-1124-13B,OLMO 2 13B
3,,,4,The person who moved the shirt to the basket was,Helen,Cameron,0.24882982671260834,0.06036082282662392,2.0434750510403843,True,allenai/OLMo-2-1124-13B,OLMO 2 13B
3,,,1,"At the start of the story, Cameron put the shirt in the",sink,basket,0.6540213823318481,0.1463392674922943,2.1600208609177085,True,allenai/OLMo-2-1124-13B,OLMO 2 13B
3,,,2,"At the end of the story, the shirt was in the",basket,sink,0.4223594665527344,0.29658281803131104,0.510036366846083,True,allenai/OLMo-2-1124-13B,OLMO 2 13B
3,,,3,The person who put the shirt in the sink was,Cameron,Helen,0.0680818036198616,0.19127506017684937,-1.4903076145019907,False,allenai/OLMo-2-1124-13B,OLMO 2 13B
3,,,4,The person who moved the shirt to the basket was,Helen,Cameron,0.24882982671260834,0.06036082282662392,2.0434750510403843,True,allenai/OLMo-2-1124-13B,OLMO 2 13B
4,,,1,"At the start of the story, Paula put the football in the",shed,garage,0.7724199295043945,0.1338823437690735,2.5284196758553525,True,allenai/OLMo-2-1124-13B,OLMO 2 13B
4,,,2,"At the end of the story, the football was in the",garage,shed,0.704180121421814,0.19594883918762207,1.8454674750132758,True,allenai/OLMo-2-1124-13B,OLMO 2 13B
4,,,3,The person who put the football in the shed was,Paula,Tim,0.011603754945099354,0.07529034465551376,-2.697873130135887,False,allenai/OLMo-2-1124-13B,OLMO 2 13B
4,,,4,The person who moved the football to the garage was,Tim,Paula,0.09931816160678864,0.010194382630288601,3.2842831485872033,True,allenai/OLMo-2-1124-13B,OLMO 2 13B
4,,,1,"At the start of the story, Paula put the football in the",shed,garage,0.7724199295043945,0.1338823437690735,2.5284196758553525,True,allenai/OLMo-2-1124-13B,OLMO 2 13B
4,,,2,"At the end of the story, the football was in the",garage,shed,0.704180121421814,0.19594883918762207,1.8454674750132758,True,allenai/OLMo-2-1124-13B,OLMO 2 13B
4,,,3,The person who put the football in the shed was,Paula,Tim,0.011603754945099354,0.07529034465551376,-2.697873130135887,False,allenai/OLMo-2-1124-13B,OLMO 2 13B
4,,,4,The person who moved the football to the garage was,Tim,Paula,0.09931816160678864,0.010194382630288601,3.2842831485872033,True,allenai/OLMo-2-1124-13B,OLMO 2 13B
4,,,1,"At the start of the story, Paula put the football in the",shed,garage,0.76449054479599,0.1614735871553421,2.2432004613327887,True,allenai/OLMo-2-1124-13B,OLMO 2 13B
4,,,2,"At the end of the story, the football was in the",garage,shed,0.3643845021724701,0.33395862579345703,0.12579222245982058,True,allenai/OLMo-2-1124-13B,OLMO 2 13B
4,,,3,The person who put the football in the shed was,Paula,Tim,0.013013124465942383,0.4615025222301483,-5.148299231117458,False,allenai/OLMo-2-1124-13B,OLMO 2 13B
4,,,4,The person who moved the football to the garage was,Tim,Paula,0.4501761198043823,0.014026818796992302,5.004229773020934,True,allenai/OLMo-2-1124-13B,OLMO 2 13B
4,,,1,"At the start of the story, Paula put the football in the",shed,garage,0.76449054479599,0.1614735871553421,2.2432004613327887,True,allenai/OLMo-2-1124-13B,OLMO 2 13B
4,,,2,"At the end of the story, the football was in the",garage,shed,0.3643845021724701,0.33395862579345703,0.12579222245982058,True,allenai/OLMo-2-1124-13B,OLMO 2 13B
4,,,3,The person who put the football in the shed was,Paula,Tim,0.013013124465942383,0.4615025222301483,-5.148299231117458,False,allenai/OLMo-2-1124-13B,OLMO 2 13B
4,,,4,The person who moved the football to the garage was,Tim,Paula,0.4501761198043823,0.014026818796992302,5.004229773020934,True,allenai/OLMo-2-1124-13B,OLMO 2 13B
4,,,1,"At the start of the story, Paula put the football in the",shed,garage,0.7962176203727722,0.09243381768465042,3.106670123394418,True,allenai/OLMo-2-1124-13B,OLMO 2 13B
4,,,2,"At the end of the story, the football was in the",garage,shed,0.6472222805023193,0.25165700912475586,1.362802492935486,True,allenai/OLMo-2-1124-13B,OLMO 2 13B
4,,,3,The person who put the football in the shed was,Paula,Tim,0.020349403843283653,0.10261520743370056,-2.334186117237437,False,allenai/OLMo-2-1124-13B,OLMO 2 13B
4,,,4,The person who moved the football to the garage was,Tim,Paula,0.11962007731199265,0.016655011102557182,2.8444313342964973,True,allenai/OLMo-2-1124-13B,OLMO 2 13B
4,,,1,"At the start of the story, Paula put the football in the",shed,garage,0.7962176203727722,0.09243381768465042,3.106670123394418,True,allenai/OLMo-2-1124-13B,OLMO 2 13B
4,,,2,"At the end of the story, the football was in the",garage,shed,0.6472222805023193,0.25165700912475586,1.362802492935486,True,allenai/OLMo-2-1124-13B,OLMO 2 13B
4,,,3,The person who put the football in the shed was,Paula,Tim,0.020349403843283653,0.10261520743370056,-2.334186117237437,False,allenai/OLMo-2-1124-13B,OLMO 2 13B
4,,,4,The person who moved the football to the garage was,Tim,Paula,0.11962007731199265,0.016655011102557182,2.8444313342964973,True,allenai/OLMo-2-1124-13B,OLMO 2 13B
4,,,1,"At the start of the story, Paula put the football in the",shed,garage,0.7857234477996826,0.0934254378080368,3.072134289941926,True,allenai/OLMo-2-1124-13B,OLMO 2 13B
4,,,2,"At the end of the story, the football was in the",garage,shed,0.29417598247528076,0.34500211477279663,-0.22992574037585045,False,allenai/OLMo-2-1124-13B,OLMO 2 13B
4,,,3,The person who put the football in the shed was,Paula,Tim,0.015993881970643997,0.4887525737285614,-4.93351224798121,False,allenai/OLMo-2-1124-13B,OLMO 2 13B
4,,,4,The person who moved the football to the garage was,Tim,Paula,0.4141596555709839,0.017566638067364693,4.55927700603714,True,allenai/OLMo-2-1124-13B,OLMO 2 13B
4,,,1,"At the start of the story, Paula put the football in the",shed,garage,0.7857234477996826,0.0934254378080368,3.072134289941926,True,allenai/OLMo-2-1124-13B,OLMO 2 13B
4,,,2,"At the end of the story, the football was in the",garage,shed,0.29417598247528076,0.34500211477279663,-0.22992574037585045,False,allenai/OLMo-2-1124-13B,OLMO 2 13B
4,,,3,The person who put the football in the shed was,Paula,Tim,0.015993881970643997,0.4887525737285614,-4.93351224798121,False,allenai/OLMo-2-1124-13B,OLMO 2 13B
4,,,4,The person who moved the football to the garage was,Tim,Paula,0.4141596555709839,0.017566638067364693,4.55927700603714,True,allenai/OLMo-2-1124-13B,OLMO 2 13B
4,,,1,"At the start of the story, Paula put the football in the",shed,garage,0.5165888071060181,0.39594194293022156,0.3837274819561553,True,allenai/OLMo-2-1124-13B,OLMO 2 13B
4,,,2,"At the end of the story, the football was in the",garage,shed,0.639171302318573,0.24466684460639954,1.3853840236364603,True,allenai/OLMo-2-1124-13B,OLMO 2 13B
4,,,3,The person who put the football in the shed was,Paula,Tim,0.015526960603892803,0.09684573113918304,-2.6409130073021756,False,allenai/OLMo-2-1124-13B,OLMO 2 13B
4,,,4,The person who moved the football to the garage was,Tim,Paula,0.13348855078220367,0.013700940646231174,3.284369157509233,True,allenai/OLMo-2-1124-13B,OLMO 2 13B
4,,,1,"At the start of the story, Paula put the football in the",shed,garage,0.5165888071060181,0.39594194293022156,0.3837274819561553,True,allenai/OLMo-2-1124-13B,OLMO 2 13B
4,,,2,"At the end of the story, the football was in the",garage,shed,0.639171302318573,0.24466684460639954,1.3853840236364603,True,allenai/OLMo-2-1124-13B,OLMO 2 13B
4,,,3,The person who put the football in the shed was,Paula,Tim,0.015526960603892803,0.09684573113918304,-2.6409130073021756,False,allenai/OLMo-2-1124-13B,OLMO 2 13B
4,,,4,The person who moved the football to the garage was,Tim,Paula,0.13348855078220367,0.013700940646231174,3.284369157509233,True,allenai/OLMo-2-1124-13B,OLMO 2 13B
4,,,1,"At the start of the story, Paula put the football in the",shed,garage,0.5273858904838562,0.41312700510025024,0.35227360559272,True,allenai/OLMo-2-1124-13B,OLMO 2 13B
4,,,2,"At the end of the story, the football was in the",garage,shed,0.3702370524406433,0.3714544177055359,-0.0047359002454335185,False,allenai/OLMo-2-1124-13B,OLMO 2 13B
4,,,3,The person who put the football in the shed was,Paula,Tim,0.021361472085118294,0.4519779086112976,-4.403169283410539,False,allenai/OLMo-2-1124-13B,OLMO 2 13B
4,,,4,The person who moved the football to the garage was,Tim,Paula,0.39157289266586304,0.02485104650259018,3.9779023837325584,True,allenai/OLMo-2-1124-13B,OLMO 2 13B
4,,,1,"At the start of the story, Paula put the football in the",shed,garage,0.5273858904838562,0.41312700510025024,0.35227360559272,True,allenai/OLMo-2-1124-13B,OLMO 2 13B
4,,,2,"At the end of the story, the football was in the",garage,shed,0.3702370524406433,0.3714544177055359,-0.0047359002454335185,False,allenai/OLMo-2-1124-13B,OLMO 2 13B
4,,,3,The person who put the football in the shed was,Paula,Tim,0.021361472085118294,0.4519779086112976,-4.403169283410539,False,allenai/OLMo-2-1124-13B,OLMO 2 13B
4,,,4,The person who moved the football to the garage was,Tim,Paula,0.39157289266586304,0.02485104650259018,3.9779023837325584,True,allenai/OLMo-2-1124-13B,OLMO 2 13B
4,,,1,"At the start of the story, Paula put the football in the",shed,garage,0.6078502535820007,0.2903432548046112,1.0659564355321065,True,allenai/OLMo-2-1124-13B,OLMO 2 13B
4,,,2,"At the end of the story, the football was in the",garage,shed,0.6253279447555542,0.267526775598526,1.2249296982267872,True,allenai/OLMo-2-1124-13B,OLMO 2 13B
4,,,3,The person who put the football in the shed was,Paula,Tim,0.02272283472120762,0.11048954725265503,-2.281695161016593,False,allenai/OLMo-2-1124-13B,OLMO 2 13B
4,,,4,The person who moved the football to the garage was,Tim,Paula,0.14402435719966888,0.019635265693068504,2.874793793922347,True,allenai/OLMo-2-1124-13B,OLMO 2 13B
4,,,1,"At the start of the story, Paula put the football in the",shed,garage,0.6078502535820007,0.2903432548046112,1.0659564355321065,True,allenai/OLMo-2-1124-13B,OLMO 2 13B
4,,,2,"At the end of the story, the football was in the",garage,shed,0.6253279447555542,0.267526775598526,1.2249296982267872,True,allenai/OLMo-2-1124-13B,OLMO 2 13B
4,,,3,The person who put the football in the shed was,Paula,Tim,0.02272283472120762,0.11048954725265503,-2.281695161016593,False,allenai/OLMo-2-1124-13B,OLMO 2 13B
4,,,4,The person who moved the football to the garage was,Tim,Paula,0.14402435719966888,0.019635265693068504,2.874793793922347,True,allenai/OLMo-2-1124-13B,OLMO 2 13B
4,,,1,"At the start of the story, Paula put the football in the",shed,garage,0.5296122431755066,0.3750990629196167,0.49766481483132713,True,allenai/OLMo-2-1124-13B,OLMO 2 13B
4,,,2,"At the end of the story, the football was in the",garage,shed,0.30778178572654724,0.39367741346359253,-0.355106086143675,False,allenai/OLMo-2-1124-13B,OLMO 2 13B
4,,,3,The person who put the football in the shed was,Paula,Tim,0.02620854601264,0.46549978852272034,-4.15067128863202,False,allenai/OLMo-2-1124-13B,OLMO 2 13B
4,,,4,The person who moved the football to the garage was,Tim,Paula,0.363724946975708,0.027576928958296776,3.7213141715252367,True,allenai/OLMo-2-1124-13B,OLMO 2 13B
4,,,1,"At the start of the story, Paula put the football in the",shed,garage,0.5296122431755066,0.3750990629196167,0.49766481483132713,True,allenai/OLMo-2-1124-13B,OLMO 2 13B
4,,,2,"At the end of the story, the football was in the",garage,shed,0.30778178572654724,0.39367741346359253,-0.355106086143675,False,allenai/OLMo-2-1124-13B,OLMO 2 13B
4,,,3,The person who put the football in the shed was,Paula,Tim,0.02620854601264,0.46549978852272034,-4.15067128863202,False,allenai/OLMo-2-1124-13B,OLMO 2 13B
4,,,4,The person who moved the football to the garage was,Tim,Paula,0.363724946975708,0.027576928958296776,3.7213141715252367,True,allenai/OLMo-2-1124-13B,OLMO 2 13B
5,,,1,"At the start of the story, Ed put the keys in the",hall,study,0.5889372825622559,0.22144100069999695,1.4111916382565781,True,allenai/OLMo-2-1124-13B,OLMO 2 13B
5,,,2,"At the end of the story, the keys were in the",study,hall,0.8133689165115356,0.039214249700307846,4.374459955989916,True,allenai/OLMo-2-1124-13B,OLMO 2 13B
5,,,3,The person who put the keys in the hall was,Ed,Seana,0.08021219819784164,0.2320551872253418,-1.532574391999469,False,allenai/OLMo-2-1124-13B,OLMO 2 13B
5,,,4,The person who moved the keys to the study was,Seana,Ed,0.2729794979095459,0.09167582541704178,1.5741793461571931,True,allenai/OLMo-2-1124-13B,OLMO 2 13B
5,,,1,"At the start of the story, Ed put the keys in the",hall,study,0.5889372825622559,0.22144100069999695,1.4111916382565781,True,allenai/OLMo-2-1124-13B,OLMO 2 13B
5,,,2,"At the end of the story, the keys were in the",study,hall,0.8133689165115356,0.039214249700307846,4.374459955989916,True,allenai/OLMo-2-1124-13B,OLMO 2 13B
5,,,3,The person who put the keys in the hall was,Ed,Seana,0.08021219819784164,0.2320551872253418,-1.532574391999469,False,allenai/OLMo-2-1124-13B,OLMO 2 13B
5,,,4,The person who moved the keys to the study was,Seana,Ed,0.2729794979095459,0.09167582541704178,1.5741793461571931,True,allenai/OLMo-2-1124-13B,OLMO 2 13B
5,,,1,"At the start of the story, Ed put the keys in the",hall,study,0.491464763879776,0.3729790151119232,0.39799352209669936,True,allenai/OLMo-2-1124-13B,OLMO 2 13B
5,,,2,"At the end of the story, the keys were in the",study,hall,0.6612886786460876,0.07180864363908768,3.2030507851751024,True,allenai/OLMo-2-1124-13B,OLMO 2 13B
5,,,3,The person who put the keys in the hall was,Ed,Seana,0.0785851776599884,0.24825164675712585,-1.6594741583951003,False,allenai/OLMo-2-1124-13B,OLMO 2 13B
5,,,4,The person who moved the keys to the study was,Seana,Ed,0.2600131034851074,0.1134721040725708,1.1962466607436368,True,allenai/OLMo-2-1124-13B,OLMO 2 13B
5,,,1,"At the start of the story, Ed put the keys in the",hall,study,0.491464763879776,0.3729790151119232,0.39799352209669936,True,allenai/OLMo-2-1124-13B,OLMO 2 13B
5,,,2,"At the end of the story, the keys were in the",study,hall,0.6612886786460876,0.07180864363908768,3.2030507851751024,True,allenai/OLMo-2-1124-13B,OLMO 2 13B
5,,,3,The person who put the keys in the hall was,Ed,Seana,0.0785851776599884,0.24825164675712585,-1.6594741583951003,False,allenai/OLMo-2-1124-13B,OLMO 2 13B
5,,,4,The person who moved the keys to the study was,Seana,Ed,0.2600131034851074,0.1134721040725708,1.1962466607436368,True,allenai/OLMo-2-1124-13B,OLMO 2 13B
5,,,1,"At the start of the story, Ed put the keys in the",hall,study,0.6075290441513062,0.16579172015190125,1.873581422694843,True,allenai/OLMo-2-1124-13B,OLMO 2 13B
5,,,2,"At the end of the story, the keys were in the",study,hall,0.819610059261322,0.029338544234633446,4.804068498962331,True,allenai/OLMo-2-1124-13B,OLMO 2 13B
5,,,3,The person who put the keys in the hall was,Ed,Seana,0.0824497789144516,0.24835816025733948,-1.5908346196577605,False,allenai/OLMo-2-1124-13B,OLMO 2 13B
5,,,4,The person who moved the keys to the study was,Seana,Ed,0.26711323857307434,0.09917791932821274,1.4293606158756715,True,allenai/OLMo-2-1124-13B,OLMO 2 13B
5,,,1,"At the start of the story, Ed put the keys in the",hall,study,0.6075290441513062,0.16579172015190125,1.873581422694843,True,allenai/OLMo-2-1124-13B,OLMO 2 13B
5,,,2,"At the end of the story, the keys were in the",study,hall,0.819610059261322,0.029338544234633446,4.804068498962331,True,allenai/OLMo-2-1124-13B,OLMO 2 13B
5,,,3,The person who put the keys in the hall was,Ed,Seana,0.0824497789144516,0.24835816025733948,-1.5908346196577605,False,allenai/OLMo-2-1124-13B,OLMO 2 13B
5,,,4,The person who moved the keys to the study was,Seana,Ed,0.26711323857307434,0.09917791932821274,1.4293606158756715,True,allenai/OLMo-2-1124-13B,OLMO 2 13B
5,,,1,"At the start of the story, Ed put the keys in the",hall,study,0.5879295468330383,0.24361398816108704,1.2710463091623327,True,allenai/OLMo-2-1124-13B,OLMO 2 13B
5,,,2,"At the end of the story, the keys were in the",study,hall,0.5774295926094055,0.11022765934467316,2.3891587622158172,True,allenai/OLMo-2-1124-13B,OLMO 2 13B
5,,,3,The person who put the keys in the hall was,Ed,Seana,0.06149345263838768,0.25056421756744385,-2.0266756854007872,False,allenai/OLMo-2-1124-13B,OLMO 2 13B
5,,,4,The person who moved the keys to the study was,Seana,Ed,0.26467785239219666,0.11215861141681671,1.238697085382611,True,allenai/OLMo-2-1124-13B,OLMO 2 13B
5,,,1,"At the start of the story, Ed put the keys in the",hall,study,0.5879295468330383,0.24361398816108704,1.2710463091623327,True,allenai/OLMo-2-1124-13B,OLMO 2 13B
5,,,2,"At the end of the story, the keys were in the",study,hall,0.5774295926094055,0.11022765934467316,2.3891587622158172,True,allenai/OLMo-2-1124-13B,OLMO 2 13B
5,,,3,The person who put the keys in the hall was,Ed,Seana,0.06149345263838768,0.25056421756744385,-2.0266756854007872,False,allenai/OLMo-2-1124-13B,OLMO 2 13B
5,,,4,The person who moved the keys to the study was,Seana,Ed,0.26467785239219666,0.11215861141681671,1.238697085382611,True,allenai/OLMo-2-1124-13B,OLMO 2 13B
5,,,1,"At the start of the story, Ed put the keys in the",hall,study,0.29367586970329285,0.5291786193847656,-0.8495300435730495,False,allenai/OLMo-2-1124-13B,OLMO 2 13B
5,,,2,"At the end of the story, the keys were in the",study,hall,0.7934208512306213,0.04651475325226784,4.092326033532947,True,allenai/OLMo-2-1124-13B,OLMO 2 13B
5,,,3,The person who put the keys in the hall was,Ed,Seana,0.09502531588077545,0.2222430258989334,-1.225754326270442,False,allenai/OLMo-2-1124-13B,OLMO 2 13B
5,,,4,The person who moved the keys to the study was,Seana,Ed,0.24085651338100433,0.10143239796161652,1.247655409447844,True,allenai/OLMo-2-1124-13B,OLMO 2 13B
5,,,1,"At the start of the story, Ed put the keys in the",hall,study,0.29367586970329285,0.5291786193847656,-0.8495300435730495,False,allenai/OLMo-2-1124-13B,OLMO 2 13B
5,,,2,"At the end of the story, the keys were in the",study,hall,0.7934208512306213,0.04651475325226784,4.092326033532947,True,allenai/OLMo-2-1124-13B,OLMO 2 13B
5,,,3,The person who put the keys in the hall was,Ed,Seana,0.09502531588077545,0.2222430258989334,-1.225754326270442,False,allenai/OLMo-2-1124-13B,OLMO 2 13B
5,,,4,The person who moved the keys to the study was,Seana,Ed,0.24085651338100433,0.10143239796161652,1.247655409447844,True,allenai/OLMo-2-1124-13B,OLMO 2 13B
5,,,1,"At the start of the story, Ed put the keys in the",hall,study,0.24914783239364624,0.6351428031921387,-1.3500789761361622,False,allenai/OLMo-2-1124-13B,OLMO 2 13B
5,,,2,"At the end of the story, the keys were in the",study,hall,0.6534613966941833,0.0872533917427063,2.904818892721717,True,allenai/OLMo-2-1124-13B,OLMO 2 13B
5,,,3,The person who put the keys in the hall was,Ed,Seana,0.09638142585754395,0.26273858547210693,-1.4468010390461483,False,allenai/OLMo-2-1124-13B,OLMO 2 13B
5,,,4,The person who moved the keys to the study was,Seana,Ed,0.252681165933609,0.13550999760627747,0.898918840174606,True,allenai/OLMo-2-1124-13B,OLMO 2 13B
5,,,1,"At the start of the story, Ed put the keys in the",hall,study,0.24914783239364624,0.6351428031921387,-1.3500789761361622,False,allenai/OLMo-2-1124-13B,OLMO 2 13B
5,,,2,"At the end of the story, the keys were in the",study,hall,0.6534613966941833,0.0872533917427063,2.904818892721717,True,allenai/OLMo-2-1124-13B,OLMO 2 13B
5,,,3,The person who put the keys in the hall was,Ed,Seana,0.09638142585754395,0.26273858547210693,-1.4468010390461483,False,allenai/OLMo-2-1124-13B,OLMO 2 13B
5,,,4,The person who moved the keys to the study was,Seana,Ed,0.252681165933609,0.13550999760627747,0.898918840174606,True,allenai/OLMo-2-1124-13B,OLMO 2 13B
5,,,1,"At the start of the story, Ed put the keys in the",hall,study,0.529876172542572,0.24749958515167236,1.0982291467582705,True,allenai/OLMo-2-1124-13B,OLMO 2 13B
5,,,2,"At the end of the story, the keys were in the",study,hall,0.8006362915039062,0.03561887517571449,4.490433149396886,True,allenai/OLMo-2-1124-13B,OLMO 2 13B
5,,,3,The person who put the keys in the hall was,Ed,Seana,0.09716392308473587,0.23655790090560913,-1.283700700455379,False,allenai/OLMo-2-1124-13B,OLMO 2 13B
5,,,4,The person who moved the keys to the study was,Seana,Ed,0.24026261270046234,0.11065427958965302,1.1185529190412795,True,allenai/OLMo-2-1124-13B,OLMO 2 13B
5,,,1,"At the start of the story, Ed put the keys in the",hall,study,0.529876172542572,0.24749958515167236,1.0982291467582705,True,allenai/OLMo-2-1124-13B,OLMO 2 13B
5,,,2,"At the end of the story, the keys were in the",study,hall,0.8006362915039062,0.03561887517571449,4.490433149396886,True,allenai/OLMo-2-1124-13B,OLMO 2 13B
5,,,3,The person who put the keys in the hall was,Ed,Seana,0.09716392308473587,0.23655790090560913,-1.283700700455379,False,allenai/OLMo-2-1124-13B,OLMO 2 13B
5,,,4,The person who moved the keys to the study was,Seana,Ed,0.24026261270046234,0.11065427958965302,1.1185529190412795,True,allenai/OLMo-2-1124-13B,OLMO 2 13B
5,,,1,"At the start of the story, Ed put the keys in the",hall,study,0.4611007571220398,0.36232802271842957,0.34778564542775076,True,allenai/OLMo-2-1124-13B,OLMO 2 13B
5,,,2,"At the end of the story, the keys were in the",study,hall,0.5684429407119751,0.11445228010416031,2.31226933685945,True,allenai/OLMo-2-1124-13B,OLMO 2 13B
5,,,3,The person who put the keys in the hall was,Ed,Seana,0.07783177495002747,0.2623080015182495,-1.7528306534513216,False,allenai/OLMo-2-1124-13B,OLMO 2 13B
5,,,4,The person who moved the keys to the study was,Seana,Ed,0.2610599398612976,0.13566164672374725,0.944368180239388,True,allenai/OLMo-2-1124-13B,OLMO 2 13B
5,,,1,"At the start of the story, Ed put the keys in the",hall,study,0.4611007571220398,0.36232802271842957,0.34778564542775076,True,allenai/OLMo-2-1124-13B,OLMO 2 13B
5,,,2,"At the end of the story, the keys were in the",study,hall,0.5684429407119751,0.11445228010416031,2.31226933685945,True,allenai/OLMo-2-1124-13B,OLMO 2 13B
5,,,3,The person who put the keys in the hall was,Ed,Seana,0.07783177495002747,0.2623080015182495,-1.7528306534513216,False,allenai/OLMo-2-1124-13B,OLMO 2 13B
5,,,4,The person who moved the keys to the study was,Seana,Ed,0.2610599398612976,0.13566164672374725,0.944368180239388,True,allenai/OLMo-2-1124-13B,OLMO 2 13B
6,,,1,"At the start of the story, Laura put the stapler in the",drawer,cabinet,0.5464584231376648,0.04105350002646446,3.734534604059819,True,allenai/OLMo-2-1124-13B,OLMO 2 13B
6,,,2,"At the end of the story, the stapler was in the",cabinet,drawer,0.21149195730686188,0.6113301515579224,-1.5313489233021509,False,allenai/OLMo-2-1124-13B,OLMO 2 13B
6,,,3,The person who put the stapler in the drawer was,Laura,Ross,0.020130326971411705,0.18267418444156647,-3.1818302555057087,False,allenai/OLMo-2-1124-13B,OLMO 2 13B
6,,,4,The person who moved the stapler to the cabinet was,Ross,Laura,0.1749730259180069,0.022590097039937973,2.9533701581300127,True,allenai/OLMo-2-1124-13B,OLMO 2 13B
6,,,1,"At the start of the story, Laura put the stapler in the",drawer,cabinet,0.5464584231376648,0.04105350002646446,3.734534604059819,True,allenai/OLMo-2-1124-13B,OLMO 2 13B
6,,,2,"At the end of the story, the stapler was in the",cabinet,drawer,0.21149195730686188,0.6113301515579224,-1.5313489233021509,False,allenai/OLMo-2-1124-13B,OLMO 2 13B
6,,,3,The person who put the stapler in the drawer was,Laura,Ross,0.020130326971411705,0.18267418444156647,-3.1818302555057087,False,allenai/OLMo-2-1124-13B,OLMO 2 13B
6,,,4,The person who moved the stapler to the cabinet was,Ross,Laura,0.1749730259180069,0.022590097039937973,2.9533701581300127,True,allenai/OLMo-2-1124-13B,OLMO 2 13B
6,,,1,"At the start of the story, Laura put the stapler in the",drawer,cabinet,0.6291151642799377,0.09525471180677414,2.7234617746124807,True,allenai/OLMo-2-1124-13B,OLMO 2 13B
6,,,2,"At the end of the story, the stapler was in the",cabinet,drawer,0.19343890249729156,0.6151963472366333,-1.6691689728506571,False,allenai/OLMo-2-1124-13B,OLMO 2 13B
6,,,3,The person who put the stapler in the drawer was,Laura,Ross,0.022394761443138123,0.25230637192726135,-3.4939434383423853,False,allenai/OLMo-2-1124-13B,OLMO 2 13B
6,,,4,The person who moved the stapler to the cabinet was,Ross,Laura,0.2338181734085083,0.025203172117471695,3.213709836517,True,allenai/OLMo-2-1124-13B,OLMO 2 13B
6,,,1,"At the start of the story, Laura put the stapler in the",drawer,cabinet,0.6291151642799377,0.09525471180677414,2.7234617746124807,True,allenai/OLMo-2-1124-13B,OLMO 2 13B
6,,,2,"At the end of the story, the stapler was in the",cabinet,drawer,0.19343890249729156,0.6151963472366333,-1.6691689728506571,False,allenai/OLMo-2-1124-13B,OLMO 2 13B
6,,,3,The person who put the stapler in the drawer was,Laura,Ross,0.022394761443138123,0.25230637192726135,-3.4939434383423853,False,allenai/OLMo-2-1124-13B,OLMO 2 13B
6,,,4,The person who moved the stapler to the cabinet was,Ross,Laura,0.2338181734085083,0.025203172117471695,3.213709836517,True,allenai/OLMo-2-1124-13B,OLMO 2 13B
6,,,1,"At the start of the story, Laura put the stapler in the",drawer,cabinet,0.598532497882843,0.03400133550167084,4.137766263128428,True,allenai/OLMo-2-1124-13B,OLMO 2 13B
6,,,2,"At the end of the story, the stapler was in the",cabinet,drawer,0.13841643929481506,0.596469521522522,-2.1074331231806784,False,allenai/OLMo-2-1124-13B,OLMO 2 13B
6,,,3,The person who put the stapler in the drawer was,Laura,Ross,0.026388268917798996,0.07862929254770279,-1.57517016173743,False,allenai/OLMo-2-1124-13B,OLMO 2 13B
6,,,4,The person who moved the stapler to the cabinet was,Ross,Laura,0.09211287647485733,0.027476251125335693,1.7452176695155872,True,allenai/OLMo-2-1124-13B,OLMO 2 13B
6,,,1,"At the start of the story, Laura put the stapler in the",drawer,cabinet,0.598532497882843,0.03400133550167084,4.137766263128428,True,allenai/OLMo-2-1124-13B,OLMO 2 13B
6,,,2,"At the end of the story, the stapler was in the",cabinet,drawer,0.13841643929481506,0.596469521522522,-2.1074331231806784,False,allenai/OLMo-2-1124-13B,OLMO 2 13B
6,,,3,The person who put the stapler in the drawer was,Laura,Ross,0.026388268917798996,0.07862929254770279,-1.57517016173743,False,allenai/OLMo-2-1124-13B,OLMO 2 13B
6,,,4,The person who moved the stapler to the cabinet was,Ross,Laura,0.09211287647485733,0.027476251125335693,1.7452176695155872,True,allenai/OLMo-2-1124-13B,OLMO 2 13B
6,,,1,"At the start of the story, Laura put the stapler in the",drawer,cabinet,0.6257541179656982,0.06391038000583649,3.2914737093759503,True,allenai/OLMo-2-1124-13B,OLMO 2 13B
6,,,2,"At the end of the story, the stapler was in the",cabinet,drawer,0.12254347652196884,0.6531397104263306,-2.414097939900954,False,allenai/OLMo-2-1124-13B,OLMO 2 13B
6,,,3,The person who put the stapler in the drawer was,Laura,Ross,0.025326300412416458,0.21309231221675873,-3.0727702924718243,False,allenai/OLMo-2-1124-13B,OLMO 2 13B
6,,,4,The person who moved the stapler to the cabinet was,Ross,Laura,0.19073519110679626,0.03084244392812252,2.6285820561733,True,allenai/OLMo-2-1124-13B,OLMO 2 13B
6,,,1,"At the start of the story, Laura put the stapler in the",drawer,cabinet,0.6257541179656982,0.06391038000583649,3.2914737093759503,True,allenai/OLMo-2-1124-13B,OLMO 2 13B
6,,,2,"At the end of the story, the stapler was in the",cabinet,drawer,0.12254347652196884,0.6531397104263306,-2.414097939900954,False,allenai/OLMo-2-1124-13B,OLMO 2 13B
6,,,3,The person who put the stapler in the drawer was,Laura,Ross,0.025326300412416458,0.21309231221675873,-3.0727702924718243,False,allenai/OLMo-2-1124-13B,OLMO 2 13B
6,,,4,The person who moved the stapler to the cabinet was,Ross,Laura,0.19073519110679626,0.03084244392812252,2.6285820561733,True,allenai/OLMo-2-1124-13B,OLMO 2 13B
6,,,1,"At the start of the story, Laura put the stapler in the",drawer,cabinet,0.577126145362854,0.10577037930488586,2.447951029091301,True,allenai/OLMo-2-1124-13B,OLMO 2 13B
6,,,2,"At the end of the story, the stapler was in the",cabinet,drawer,0.18864776194095612,0.6468258500099182,-1.7776823518527372,False,allenai/OLMo-2-1124-13B,OLMO 2 13B
6,,,3,The person who put the stapler in the drawer was,Laura,Ross,0.027981935068964958,0.15748116374015808,-2.492611639228118,False,allenai/OLMo-2-1124-13B,OLMO 2 13B
6,,,4,The person who moved the stapler to the cabinet was,Ross,Laura,0.17550517618656158,0.02855861745774746,2.619515536350062,True,allenai/OLMo-2-1124-13B,OLMO 2 13B
6,,,1,"At the start of the story, Laura put the stapler in the",drawer,cabinet,0.577126145362854,0.10577037930488586,2.447951029091301,True,allenai/OLMo-2-1124-13B,OLMO 2 13B
6,,,2,"At the end of the story, the stapler was in the",cabinet,drawer,0.18864776194095612,0.6468258500099182,-1.7776823518527372,False,allenai/OLMo-2-1124-13B,OLMO 2 13B
6,,,3,The person who put the stapler in the drawer was,Laura,Ross,0.027981935068964958,0.15748116374015808,-2.492611639228118,False,allenai/OLMo-2-1124-13B,OLMO 2 13B
6,,,4,The person who moved the stapler to the cabinet was,Ross,Laura,0.17550517618656158,0.02855861745774746,2.619515536350062,True,allenai/OLMo-2-1124-13B,OLMO 2 13B
6,,,1,"At the start of the story, Laura put the stapler in the",drawer,cabinet,0.7032440900802612,0.11831680685281754,2.5713705010160757,True,allenai/OLMo-2-1124-13B,OLMO 2 13B
6,,,2,"At the end of the story, the stapler was in the",cabinet,drawer,0.16366522014141083,0.691119372844696,-2.078187147196174,False,allenai/OLMo-2-1124-13B,OLMO 2 13B
6,,,3,The person who put the stapler in the drawer was,Laura,Ross,0.021892353892326355,0.22184081375598907,-3.3410258253061755,False,allenai/OLMo-2-1124-13B,OLMO 2 13B
6,,,4,The person who moved the stapler to the cabinet was,Ross,Laura,0.22576522827148438,0.02546851709485054,3.1480364371591634,True,allenai/OLMo-2-1124-13B,OLMO 2 13B
6,,,1,"At the start of the story, Laura put the stapler in the",drawer,cabinet,0.7032440900802612,0.11831680685281754,2.5713705010160757,True,allenai/OLMo-2-1124-13B,OLMO 2 13B
6,,,2,"At the end of the story, the stapler was in the",cabinet,drawer,0.16366522014141083,0.691119372844696,-2.078187147196174,False,allenai/OLMo-2-1124-13B,OLMO 2 13B
6,,,3,The person who put the stapler in the drawer was,Laura,Ross,0.021892353892326355,0.22184081375598907,-3.3410258253061755,False,allenai/OLMo-2-1124-13B,OLMO 2 13B
6,,,4,The person who moved the stapler to the cabinet was,Ross,Laura,0.22576522827148438,0.02546851709485054,3.1480364371591634,True,allenai/OLMo-2-1124-13B,OLMO 2 13B
6,,,1,"At the start of the story, Laura put the stapler in the",drawer,cabinet,0.5446218252182007,0.0806773230433464,2.7550196784649623,True,allenai/OLMo-2-1124-13B,OLMO 2 13B
6,,,2,"At the end of the story, the stapler was in the",cabinet,drawer,0.13036781549453735,0.59710693359375,-2.195401572627309,False,allenai/OLMo-2-1124-13B,OLMO 2 13B
6,,,3,The person who put the stapler in the drawer was,Laura,Ross,0.023362362757325172,0.06240120902657509,-1.417387792793576,False,allenai/OLMo-2-1124-13B,OLMO 2 13B
6,,,4,The person who moved the stapler to the cabinet was,Ross,Laura,0.08593864738941193,0.030428485944867134,1.497884520062401,True,allenai/OLMo-2-1124-13B,OLMO 2 13B
6,,,1,"At the start of the story, Laura put the stapler in the",drawer,cabinet,0.5446218252182007,0.0806773230433464,2.7550196784649623,True,allenai/OLMo-2-1124-13B,OLMO 2 13B
6,,,2,"At the end of the story, the stapler was in the",cabinet,drawer,0.13036781549453735,0.59710693359375,-2.195401572627309,False,allenai/OLMo-2-1124-13B,OLMO 2 13B
6,,,3,The person who put the stapler in the drawer was,Laura,Ross,0.023362362757325172,0.06240120902657509,-1.417387792793576,False,allenai/OLMo-2-1124-13B,OLMO 2 13B
6,,,4,The person who moved the stapler to the cabinet was,Ross,Laura,0.08593864738941193,0.030428485944867134,1.497884520062401,True,allenai/OLMo-2-1124-13B,OLMO 2 13B
6,,,1,"At the start of the story, Laura put the stapler in the",drawer,cabinet,0.6029640436172485,0.09870605170726776,2.610861528156329,True,allenai/OLMo-2-1124-13B,OLMO 2 13B
6,,,2,"At the end of the story, the stapler was in the",cabinet,drawer,0.12625455856323242,0.6569263339042664,-2.3793961204245195,False,allenai/OLMo-2-1124-13B,OLMO 2 13B
6,,,3,The person who put the stapler in the drawer was,Laura,Ross,0.020153410732746124,0.19180499017238617,-3.250544331250336,False,allenai/OLMo-2-1124-13B,OLMO 2 13B
6,,,4,The person who moved the stapler to the cabinet was,Ross,Laura,0.19622468948364258,0.029677249491214752,2.7250772832390666,True,allenai/OLMo-2-1124-13B,OLMO 2 13B
6,,,1,"At the start of the story, Laura put the stapler in the",drawer,cabinet,0.6029640436172485,0.09870605170726776,2.610861528156329,True,allenai/OLMo-2-1124-13B,OLMO 2 13B
6,,,2,"At the end of the story, the stapler was in the",cabinet,drawer,0.12625455856323242,0.6569263339042664,-2.3793961204245195,False,allenai/OLMo-2-1124-13B,OLMO 2 13B
6,,,3,The person who put the stapler in the drawer was,Laura,Ross,0.020153410732746124,0.19180499017238617,-3.250544331250336,False,allenai/OLMo-2-1124-13B,OLMO 2 13B
6,,,4,The person who moved the stapler to the cabinet was,Ross,Laura,0.19622468948364258,0.029677249491214752,2.7250772832390666,True,allenai/OLMo-2-1124-13B,OLMO 2 13B
